year,week,loc,state,country,loc_type,number,event
1919,45,ALABAMA,AL,US,STATE,4,CASES
1919,48,ALABAMA,AL,US,STATE,1,CASES
1919,49,ALABAMA,AL,US,STATE,9,CASES
1919,52,ALABAMA,AL,US,STATE,1,CASES
1927,47,ALABAMA,AL,US,STATE,67,CASES
1927,48,ALABAMA,AL,US,STATE,70,CASES
1927,49,ALABAMA,AL,US,STATE,67,CASES
1927,51,ALABAMA,AL,US,STATE,49,CASES
1927,52,ALABAMA,AL,US,STATE,163,CASES
1928,1,ALABAMA,AL,US,STATE,183,CASES
1928,2,ALABAMA,AL,US,STATE,224,CASES
1928,3,ALABAMA,AL,US,STATE,351,CASES
1928,4,ALABAMA,AL,US,STATE,275,CASES
1928,5,ALABAMA,AL,US,STATE,235,CASES
1928,6,ALABAMA,AL,US,STATE,287,CASES
1928,7,ALABAMA,AL,US,STATE,137,CASES
1928,8,ALABAMA,AL,US,STATE,244,CASES
1928,9,ALABAMA,AL,US,STATE,247,CASES
1928,10,ALABAMA,AL,US,STATE,282,CASES
1928,12,ALABAMA,AL,US,STATE,254,CASES
1928,13,ALABAMA,AL,US,STATE,311,CASES
1928,14,ALABAMA,AL,US,STATE,332,CASES
1928,15,ALABAMA,AL,US,STATE,286,CASES
1928,16,ALABAMA,AL,US,STATE,278,CASES
1928,17,ALABAMA,AL,US,STATE,181,CASES
1928,18,ALABAMA,AL,US,STATE,165,CASES
1928,19,ALABAMA,AL,US,STATE,405,CASES
1928,20,ALABAMA,AL,US,STATE,352,CASES
1928,21,ALABAMA,AL,US,STATE,219,CASES
1928,22,ALABAMA,AL,US,STATE,108,CASES
1928,23,ALABAMA,AL,US,STATE,110,CASES
1928,24,ALABAMA,AL,US,STATE,87,CASES
1928,25,ALABAMA,AL,US,STATE,75,CASES
1928,26,ALABAMA,AL,US,STATE,60,CASES
1928,27,ALABAMA,AL,US,STATE,31,CASES
1928,28,ALABAMA,AL,US,STATE,48,CASES
1928,29,ALABAMA,AL,US,STATE,21,CASES
1928,30,ALABAMA,AL,US,STATE,29,CASES
1928,31,ALABAMA,AL,US,STATE,37,CASES
1928,32,ALABAMA,AL,US,STATE,44,CASES
1928,33,ALABAMA,AL,US,STATE,37,CASES
1928,34,ALABAMA,AL,US,STATE,23,CASES
1928,35,ALABAMA,AL,US,STATE,81,CASES
1928,36,ALABAMA,AL,US,STATE,39,CASES
1928,37,ALABAMA,AL,US,STATE,43,CASES
1928,38,ALABAMA,AL,US,STATE,38,CASES
1928,39,ALABAMA,AL,US,STATE,46,CASES
1928,40,ALABAMA,AL,US,STATE,71,CASES
1928,41,ALABAMA,AL,US,STATE,39,CASES
1928,42,ALABAMA,AL,US,STATE,61,CASES
1928,43,ALABAMA,AL,US,STATE,60,CASES
1928,44,ALABAMA,AL,US,STATE,62,CASES
1928,45,ALABAMA,AL,US,STATE,91,CASES
1928,46,ALABAMA,AL,US,STATE,152,CASES
1928,47,ALABAMA,AL,US,STATE,191,CASES
1928,48,ALABAMA,AL,US,STATE,158,CASES
1928,49,ALABAMA,AL,US,STATE,214,CASES
1928,50,ALABAMA,AL,US,STATE,622,CASES
1928,51,ALABAMA,AL,US,STATE,1518,CASES
1928,52,ALABAMA,AL,US,STATE,6261,CASES
1929,1,ALABAMA,AL,US,STATE,18673,CASES
1929,2,ALABAMA,AL,US,STATE,19987,CASES
1929,3,ALABAMA,AL,US,STATE,12444,CASES
1929,4,ALABAMA,AL,US,STATE,11508,CASES
1929,5,ALABAMA,AL,US,STATE,1896,CASES
1929,6,ALABAMA,AL,US,STATE,1108,CASES
1929,7,ALABAMA,AL,US,STATE,956,CASES
1929,8,ALABAMA,AL,US,STATE,891,CASES
1929,9,ALABAMA,AL,US,STATE,279,CASES
1929,10,ALABAMA,AL,US,STATE,204,CASES
1929,11,ALABAMA,AL,US,STATE,146,CASES
1929,12,ALABAMA,AL,US,STATE,111,CASES
1929,13,ALABAMA,AL,US,STATE,76,CASES
1929,14,ALABAMA,AL,US,STATE,59,CASES
1929,15,ALABAMA,AL,US,STATE,46,CASES
1929,16,ALABAMA,AL,US,STATE,26,CASES
1929,17,ALABAMA,AL,US,STATE,63,CASES
1929,18,ALABAMA,AL,US,STATE,33,CASES
1929,19,ALABAMA,AL,US,STATE,23,CASES
1929,20,ALABAMA,AL,US,STATE,21,CASES
1929,21,ALABAMA,AL,US,STATE,15,CASES
1929,22,ALABAMA,AL,US,STATE,17,CASES
1929,23,ALABAMA,AL,US,STATE,20,CASES
1929,24,ALABAMA,AL,US,STATE,13,CASES
1929,25,ALABAMA,AL,US,STATE,13,CASES
1929,26,ALABAMA,AL,US,STATE,8,CASES
1929,27,ALABAMA,AL,US,STATE,5,CASES
1929,28,ALABAMA,AL,US,STATE,4,CASES
1929,29,ALABAMA,AL,US,STATE,3,CASES
1929,30,ALABAMA,AL,US,STATE,3,CASES
1929,31,ALABAMA,AL,US,STATE,7,CASES
1929,32,ALABAMA,AL,US,STATE,6,CASES
1929,33,ALABAMA,AL,US,STATE,6,CASES
1929,34,ALABAMA,AL,US,STATE,2,CASES
1929,35,ALABAMA,AL,US,STATE,7,CASES
1929,36,ALABAMA,AL,US,STATE,2,CASES
1929,37,ALABAMA,AL,US,STATE,2,CASES
1929,38,ALABAMA,AL,US,STATE,7,CASES
1929,39,ALABAMA,AL,US,STATE,7,CASES
1929,40,ALABAMA,AL,US,STATE,7,CASES
1929,41,ALABAMA,AL,US,STATE,23,CASES
1929,42,ALABAMA,AL,US,STATE,7,CASES
1929,43,ALABAMA,AL,US,STATE,36,CASES
1929,44,ALABAMA,AL,US,STATE,85,CASES
1929,45,ALABAMA,AL,US,STATE,50,CASES
1929,46,ALABAMA,AL,US,STATE,47,CASES
1929,47,ALABAMA,AL,US,STATE,25,CASES
1929,48,ALABAMA,AL,US,STATE,67,CASES
1929,49,ALABAMA,AL,US,STATE,94,CASES
1929,50,ALABAMA,AL,US,STATE,138,CASES
1929,51,ALABAMA,AL,US,STATE,117,CASES
1929,52,ALABAMA,AL,US,STATE,62,CASES
1930,1,ALABAMA,AL,US,STATE,173,CASES
1930,2,ALABAMA,AL,US,STATE,204,CASES
1930,3,ALABAMA,AL,US,STATE,129,CASES
1930,4,ALABAMA,AL,US,STATE,185,CASES
1930,5,ALABAMA,AL,US,STATE,208,CASES
1930,6,ALABAMA,AL,US,STATE,209,CASES
1930,7,ALABAMA,AL,US,STATE,176,CASES
1930,8,ALABAMA,AL,US,STATE,120,CASES
1930,9,ALABAMA,AL,US,STATE,212,CASES
1930,10,ALABAMA,AL,US,STATE,153,CASES
1930,11,ALABAMA,AL,US,STATE,93,CASES
1930,12,ALABAMA,AL,US,STATE,171,CASES
1930,13,ALABAMA,AL,US,STATE,76,CASES
1930,14,ALABAMA,AL,US,STATE,147,CASES
1930,15,ALABAMA,AL,US,STATE,95,CASES
1930,16,ALABAMA,AL,US,STATE,52,CASES
1930,17,ALABAMA,AL,US,STATE,63,CASES
1930,18,ALABAMA,AL,US,STATE,85,CASES
1930,19,ALABAMA,AL,US,STATE,26,CASES
1930,20,ALABAMA,AL,US,STATE,9,CASES
1930,21,ALABAMA,AL,US,STATE,18,CASES
1930,22,ALABAMA,AL,US,STATE,33,CASES
1930,23,ALABAMA,AL,US,STATE,13,CASES
1930,24,ALABAMA,AL,US,STATE,11,CASES
1930,25,ALABAMA,AL,US,STATE,21,CASES
1930,26,ALABAMA,AL,US,STATE,7,CASES
1930,27,ALABAMA,AL,US,STATE,2,CASES
1930,28,ALABAMA,AL,US,STATE,1,CASES
1930,29,ALABAMA,AL,US,STATE,3,CASES
1930,30,ALABAMA,AL,US,STATE,3,CASES
1930,31,ALABAMA,AL,US,STATE,1,CASES
1930,32,ALABAMA,AL,US,STATE,4,CASES
1930,33,ALABAMA,AL,US,STATE,6,CASES
1930,34,ALABAMA,AL,US,STATE,3,CASES
1930,35,ALABAMA,AL,US,STATE,6,CASES
1930,36,ALABAMA,AL,US,STATE,4,CASES
1930,37,ALABAMA,AL,US,STATE,6,CASES
1930,38,ALABAMA,AL,US,STATE,4,CASES
1930,39,ALABAMA,AL,US,STATE,5,CASES
1930,40,ALABAMA,AL,US,STATE,22,CASES
1930,41,ALABAMA,AL,US,STATE,20,CASES
1930,42,ALABAMA,AL,US,STATE,6,CASES
1930,43,ALABAMA,AL,US,STATE,25,CASES
1930,44,ALABAMA,AL,US,STATE,19,CASES
1930,45,ALABAMA,AL,US,STATE,27,CASES
1930,46,ALABAMA,AL,US,STATE,36,CASES
1930,47,ALABAMA,AL,US,STATE,55,CASES
1930,48,ALABAMA,AL,US,STATE,64,CASES
1930,49,ALABAMA,AL,US,STATE,31,CASES
1930,50,ALABAMA,AL,US,STATE,52,CASES
1930,51,ALABAMA,AL,US,STATE,91,CASES
1930,52,ALABAMA,AL,US,STATE,36,CASES
1930,53,ALABAMA,AL,US,STATE,60,CASES
1931,1,ALABAMA,AL,US,STATE,103,CASES
1931,2,ALABAMA,AL,US,STATE,126,CASES
1931,3,ALABAMA,AL,US,STATE,87,CASES
1931,4,ALABAMA,AL,US,STATE,305,CASES
1931,5,ALABAMA,AL,US,STATE,233,CASES
1931,6,ALABAMA,AL,US,STATE,332,CASES
1931,7,ALABAMA,AL,US,STATE,350,CASES
1931,8,ALABAMA,AL,US,STATE,407,CASES
1931,9,ALABAMA,AL,US,STATE,442,CASES
1931,10,ALABAMA,AL,US,STATE,627,CASES
1931,11,ALABAMA,AL,US,STATE,402,CASES
1931,12,ALABAMA,AL,US,STATE,761,CASES
1931,13,ALABAMA,AL,US,STATE,451,CASES
1931,14,ALABAMA,AL,US,STATE,345,CASES
1931,15,ALABAMA,AL,US,STATE,346,CASES
1931,16,ALABAMA,AL,US,STATE,51,CASES
1931,17,ALABAMA,AL,US,STATE,101,CASES
1931,18,ALABAMA,AL,US,STATE,50,CASES
1931,19,ALABAMA,AL,US,STATE,58,CASES
1931,20,ALABAMA,AL,US,STATE,14,CASES
1931,21,ALABAMA,AL,US,STATE,17,CASES
1931,22,ALABAMA,AL,US,STATE,14,CASES
1931,23,ALABAMA,AL,US,STATE,12,CASES
1931,24,ALABAMA,AL,US,STATE,3,CASES
1931,26,ALABAMA,AL,US,STATE,2,CASES
1931,28,ALABAMA,AL,US,STATE,5,CASES
1931,30,ALABAMA,AL,US,STATE,2,CASES
1931,32,ALABAMA,AL,US,STATE,3,CASES
1931,33,ALABAMA,AL,US,STATE,2,CASES
1931,34,ALABAMA,AL,US,STATE,6,CASES
1931,35,ALABAMA,AL,US,STATE,1,CASES
1931,36,ALABAMA,AL,US,STATE,3,CASES
1931,37,ALABAMA,AL,US,STATE,10,CASES
1931,38,ALABAMA,AL,US,STATE,1,CASES
1931,41,ALABAMA,AL,US,STATE,1,CASES
1931,42,ALABAMA,AL,US,STATE,5,CASES
1931,43,ALABAMA,AL,US,STATE,12,CASES
1931,44,ALABAMA,AL,US,STATE,9,CASES
1931,45,ALABAMA,AL,US,STATE,23,CASES
1931,46,ALABAMA,AL,US,STATE,47,CASES
1931,47,ALABAMA,AL,US,STATE,21,CASES
1931,48,ALABAMA,AL,US,STATE,22,CASES
1931,49,ALABAMA,AL,US,STATE,21,CASES
1931,50,ALABAMA,AL,US,STATE,19,CASES
1931,51,ALABAMA,AL,US,STATE,21,CASES
1931,52,ALABAMA,AL,US,STATE,52,CASES
1932,1,ALABAMA,AL,US,STATE,58,CASES
1932,2,ALABAMA,AL,US,STATE,42,CASES
1932,3,ALABAMA,AL,US,STATE,95,CASES
1932,4,ALABAMA,AL,US,STATE,72,CASES
1932,5,ALABAMA,AL,US,STATE,70,CASES
1932,6,ALABAMA,AL,US,STATE,54,CASES
1932,7,ALABAMA,AL,US,STATE,92,CASES
1932,8,ALABAMA,AL,US,STATE,83,CASES
1932,9,ALABAMA,AL,US,STATE,99,CASES
1932,10,ALABAMA,AL,US,STATE,87,CASES
1932,11,ALABAMA,AL,US,STATE,66,CASES
1932,12,ALABAMA,AL,US,STATE,123,CASES
1932,13,ALABAMA,AL,US,STATE,537,CASES
1932,14,ALABAMA,AL,US,STATE,294,CASES
1932,15,ALABAMA,AL,US,STATE,157,CASES
1932,16,ALABAMA,AL,US,STATE,140,CASES
1932,17,ALABAMA,AL,US,STATE,161,CASES
1932,18,ALABAMA,AL,US,STATE,68,CASES
1932,19,ALABAMA,AL,US,STATE,47,CASES
1932,20,ALABAMA,AL,US,STATE,26,CASES
1932,21,ALABAMA,AL,US,STATE,13,CASES
1932,22,ALABAMA,AL,US,STATE,32,CASES
1932,23,ALABAMA,AL,US,STATE,45,CASES
1932,24,ALABAMA,AL,US,STATE,9,CASES
1932,25,ALABAMA,AL,US,STATE,12,CASES
1932,26,ALABAMA,AL,US,STATE,3,CASES
1932,27,ALABAMA,AL,US,STATE,3,CASES
1932,28,ALABAMA,AL,US,STATE,12,CASES
1932,29,ALABAMA,AL,US,STATE,7,CASES
1932,30,ALABAMA,AL,US,STATE,4,CASES
1932,31,ALABAMA,AL,US,STATE,6,CASES
1932,32,ALABAMA,AL,US,STATE,1,CASES
1932,33,ALABAMA,AL,US,STATE,8,CASES
1932,34,ALABAMA,AL,US,STATE,7,CASES
1932,35,ALABAMA,AL,US,STATE,6,CASES
1932,36,ALABAMA,AL,US,STATE,3,CASES
1932,37,ALABAMA,AL,US,STATE,2,CASES
1932,38,ALABAMA,AL,US,STATE,8,CASES
1932,39,ALABAMA,AL,US,STATE,10,CASES
1932,40,ALABAMA,AL,US,STATE,14,CASES
1932,41,ALABAMA,AL,US,STATE,4,CASES
1932,42,ALABAMA,AL,US,STATE,27,CASES
1932,43,ALABAMA,AL,US,STATE,28,CASES
1932,44,ALABAMA,AL,US,STATE,34,CASES
1932,45,ALABAMA,AL,US,STATE,38,CASES
1932,46,ALABAMA,AL,US,STATE,204,CASES
1932,47,ALABAMA,AL,US,STATE,1940,CASES
1932,48,ALABAMA,AL,US,STATE,3527,CASES
1932,49,ALABAMA,AL,US,STATE,6687,CASES
1932,50,ALABAMA,AL,US,STATE,7034,CASES
1932,51,ALABAMA,AL,US,STATE,3965,CASES
1932,52,ALABAMA,AL,US,STATE,4424,CASES
1933,1,ALABAMA,AL,US,STATE,2475,CASES
1933,2,ALABAMA,AL,US,STATE,1119,CASES
1933,3,ALABAMA,AL,US,STATE,751,CASES
1933,4,ALABAMA,AL,US,STATE,312,CASES
1933,5,ALABAMA,AL,US,STATE,234,CASES
1933,6,ALABAMA,AL,US,STATE,298,CASES
1933,7,ALABAMA,AL,US,STATE,192,CASES
1933,8,ALABAMA,AL,US,STATE,123,CASES
1933,9,ALABAMA,AL,US,STATE,148,CASES
1933,10,ALABAMA,AL,US,STATE,113,CASES
1933,11,ALABAMA,AL,US,STATE,120,CASES
1933,12,ALABAMA,AL,US,STATE,121,CASES
1933,13,ALABAMA,AL,US,STATE,37,CASES
1933,14,ALABAMA,AL,US,STATE,43,CASES
1933,15,ALABAMA,AL,US,STATE,37,CASES
1933,16,ALABAMA,AL,US,STATE,36,CASES
1933,17,ALABAMA,AL,US,STATE,49,CASES
1933,18,ALABAMA,AL,US,STATE,34,CASES
1933,19,ALABAMA,AL,US,STATE,11,CASES
1933,20,ALABAMA,AL,US,STATE,4,CASES
1933,21,ALABAMA,AL,US,STATE,17,CASES
1933,22,ALABAMA,AL,US,STATE,14,CASES
1933,23,ALABAMA,AL,US,STATE,3,CASES
1933,24,ALABAMA,AL,US,STATE,3,CASES
1933,25,ALABAMA,AL,US,STATE,3,CASES
1933,26,ALABAMA,AL,US,STATE,4,CASES
1933,27,ALABAMA,AL,US,STATE,5,CASES
1933,28,ALABAMA,AL,US,STATE,7,CASES
1933,29,ALABAMA,AL,US,STATE,2,CASES
1933,30,ALABAMA,AL,US,STATE,4,CASES
1933,31,ALABAMA,AL,US,STATE,7,CASES
1933,32,ALABAMA,AL,US,STATE,11,CASES
1933,33,ALABAMA,AL,US,STATE,4,CASES
1933,34,ALABAMA,AL,US,STATE,11,CASES
1933,35,ALABAMA,AL,US,STATE,4,CASES
1933,36,ALABAMA,AL,US,STATE,26,CASES
1933,37,ALABAMA,AL,US,STATE,21,CASES
1933,38,ALABAMA,AL,US,STATE,10,CASES
1933,39,ALABAMA,AL,US,STATE,23,CASES
1933,40,ALABAMA,AL,US,STATE,28,CASES
1933,41,ALABAMA,AL,US,STATE,13,CASES
1933,42,ALABAMA,AL,US,STATE,9,CASES
1933,43,ALABAMA,AL,US,STATE,79,CASES
1933,44,ALABAMA,AL,US,STATE,36,CASES
1933,45,ALABAMA,AL,US,STATE,29,CASES
1933,46,ALABAMA,AL,US,STATE,22,CASES
1933,47,ALABAMA,AL,US,STATE,37,CASES
1933,48,ALABAMA,AL,US,STATE,65,CASES
1933,49,ALABAMA,AL,US,STATE,95,CASES
1933,50,ALABAMA,AL,US,STATE,47,CASES
1933,51,ALABAMA,AL,US,STATE,27,CASES
1933,52,ALABAMA,AL,US,STATE,17,CASES
1934,1,ALABAMA,AL,US,STATE,76,CASES
1934,2,ALABAMA,AL,US,STATE,50,CASES
1934,3,ALABAMA,AL,US,STATE,105,CASES
1934,4,ALABAMA,AL,US,STATE,161,CASES
1934,5,ALABAMA,AL,US,STATE,158,CASES
1934,6,ALABAMA,AL,US,STATE,288,CASES
1934,7,ALABAMA,AL,US,STATE,186,CASES
1934,8,ALABAMA,AL,US,STATE,253,CASES
1934,9,ALABAMA,AL,US,STATE,171,CASES
1934,10,ALABAMA,AL,US,STATE,102,CASES
1934,11,ALABAMA,AL,US,STATE,125,CASES
1934,12,ALABAMA,AL,US,STATE,118,CASES
1934,13,ALABAMA,AL,US,STATE,82,CASES
1934,14,ALABAMA,AL,US,STATE,56,CASES
1934,15,ALABAMA,AL,US,STATE,48,CASES
1934,16,ALABAMA,AL,US,STATE,53,CASES
1934,17,ALABAMA,AL,US,STATE,43,CASES
1934,18,ALABAMA,AL,US,STATE,66,CASES
1934,19,ALABAMA,AL,US,STATE,36,CASES
1934,20,ALABAMA,AL,US,STATE,29,CASES
1934,21,ALABAMA,AL,US,STATE,18,CASES
1934,22,ALABAMA,AL,US,STATE,8,CASES
1934,23,ALABAMA,AL,US,STATE,7,CASES
1934,24,ALABAMA,AL,US,STATE,5,CASES
1934,25,ALABAMA,AL,US,STATE,18,CASES
1934,26,ALABAMA,AL,US,STATE,10,CASES
1934,28,ALABAMA,AL,US,STATE,1,CASES
1934,29,ALABAMA,AL,US,STATE,4,CASES
1934,30,ALABAMA,AL,US,STATE,1,CASES
1934,31,ALABAMA,AL,US,STATE,3,CASES
1934,32,ALABAMA,AL,US,STATE,3,CASES
1934,33,ALABAMA,AL,US,STATE,1,CASES
1934,34,ALABAMA,AL,US,STATE,6,CASES
1934,35,ALABAMA,AL,US,STATE,3,CASES
1934,36,ALABAMA,AL,US,STATE,1,CASES
1934,37,ALABAMA,AL,US,STATE,25,CASES
1934,38,ALABAMA,AL,US,STATE,10,CASES
1934,39,ALABAMA,AL,US,STATE,6,CASES
1934,40,ALABAMA,AL,US,STATE,9,CASES
1934,41,ALABAMA,AL,US,STATE,22,CASES
1934,42,ALABAMA,AL,US,STATE,11,CASES
1934,43,ALABAMA,AL,US,STATE,17,CASES
1934,44,ALABAMA,AL,US,STATE,50,CASES
1934,45,ALABAMA,AL,US,STATE,41,CASES
1934,46,ALABAMA,AL,US,STATE,92,CASES
1934,47,ALABAMA,AL,US,STATE,51,CASES
1934,48,ALABAMA,AL,US,STATE,103,CASES
1934,49,ALABAMA,AL,US,STATE,60,CASES
1934,50,ALABAMA,AL,US,STATE,56,CASES
1934,51,ALABAMA,AL,US,STATE,264,CASES
1934,52,ALABAMA,AL,US,STATE,258,CASES
1935,1,ALABAMA,AL,US,STATE,510,CASES
1935,2,ALABAMA,AL,US,STATE,521,CASES
1935,3,ALABAMA,AL,US,STATE,893,CASES
1935,4,ALABAMA,AL,US,STATE,1196,CASES
1935,5,ALABAMA,AL,US,STATE,1380,CASES
1935,6,ALABAMA,AL,US,STATE,2392,CASES
1935,7,ALABAMA,AL,US,STATE,1862,CASES
1935,8,ALABAMA,AL,US,STATE,1839,CASES
1935,9,ALABAMA,AL,US,STATE,889,CASES
1935,10,ALABAMA,AL,US,STATE,761,CASES
1935,11,ALABAMA,AL,US,STATE,303,CASES
1935,12,ALABAMA,AL,US,STATE,371,CASES
1935,13,ALABAMA,AL,US,STATE,126,CASES
1935,14,ALABAMA,AL,US,STATE,144,CASES
1935,15,ALABAMA,AL,US,STATE,76,CASES
1935,16,ALABAMA,AL,US,STATE,73,CASES
1935,17,ALABAMA,AL,US,STATE,58,CASES
1935,18,ALABAMA,AL,US,STATE,35,CASES
1935,19,ALABAMA,AL,US,STATE,51,CASES
1935,20,ALABAMA,AL,US,STATE,26,CASES
1935,21,ALABAMA,AL,US,STATE,7,CASES
1935,22,ALABAMA,AL,US,STATE,18,CASES
1935,23,ALABAMA,AL,US,STATE,15,CASES
1935,24,ALABAMA,AL,US,STATE,30,CASES
1935,25,ALABAMA,AL,US,STATE,17,CASES
1935,26,ALABAMA,AL,US,STATE,18,CASES
1935,27,ALABAMA,AL,US,STATE,15,CASES
1935,28,ALABAMA,AL,US,STATE,15,CASES
1935,29,ALABAMA,AL,US,STATE,7,CASES
1935,30,ALABAMA,AL,US,STATE,3,CASES
1935,31,ALABAMA,AL,US,STATE,2,CASES
1935,33,ALABAMA,AL,US,STATE,8,CASES
1935,34,ALABAMA,AL,US,STATE,5,CASES
1935,35,ALABAMA,AL,US,STATE,39,CASES
1935,36,ALABAMA,AL,US,STATE,27,CASES
1935,37,ALABAMA,AL,US,STATE,31,CASES
1935,38,ALABAMA,AL,US,STATE,13,CASES
1935,39,ALABAMA,AL,US,STATE,9,CASES
1935,40,ALABAMA,AL,US,STATE,5,CASES
1935,41,ALABAMA,AL,US,STATE,10,CASES
1935,42,ALABAMA,AL,US,STATE,25,CASES
1935,43,ALABAMA,AL,US,STATE,36,CASES
1935,44,ALABAMA,AL,US,STATE,27,CASES
1935,45,ALABAMA,AL,US,STATE,35,CASES
1935,46,ALABAMA,AL,US,STATE,31,CASES
1935,47,ALABAMA,AL,US,STATE,15,CASES
1935,48,ALABAMA,AL,US,STATE,53,CASES
1935,49,ALABAMA,AL,US,STATE,130,CASES
1935,50,ALABAMA,AL,US,STATE,88,CASES
1935,51,ALABAMA,AL,US,STATE,156,CASES
1935,52,ALABAMA,AL,US,STATE,110,CASES
1936,1,ALABAMA,AL,US,STATE,213,CASES
1936,2,ALABAMA,AL,US,STATE,352,CASES
1936,3,ALABAMA,AL,US,STATE,313,CASES
1936,4,ALABAMA,AL,US,STATE,302,CASES
1936,5,ALABAMA,AL,US,STATE,301,CASES
1936,6,ALABAMA,AL,US,STATE,334,CASES
1936,7,ALABAMA,AL,US,STATE,686,CASES
1936,8,ALABAMA,AL,US,STATE,1189,CASES
1936,9,ALABAMA,AL,US,STATE,2383,CASES
1936,10,ALABAMA,AL,US,STATE,2140,CASES
1936,11,ALABAMA,AL,US,STATE,2224,CASES
1936,12,ALABAMA,AL,US,STATE,2216,CASES
1936,13,ALABAMA,AL,US,STATE,1750,CASES
1936,14,ALABAMA,AL,US,STATE,1823,CASES
1936,15,ALABAMA,AL,US,STATE,1440,CASES
1936,16,ALABAMA,AL,US,STATE,421,CASES
1936,17,ALABAMA,AL,US,STATE,333,CASES
1936,18,ALABAMA,AL,US,STATE,223,CASES
1936,19,ALABAMA,AL,US,STATE,123,CASES
1936,20,ALABAMA,AL,US,STATE,54,CASES
1936,21,ALABAMA,AL,US,STATE,14,CASES
1936,22,ALABAMA,AL,US,STATE,43,CASES
1936,23,ALABAMA,AL,US,STATE,15,CASES
1936,24,ALABAMA,AL,US,STATE,6,CASES
1936,25,ALABAMA,AL,US,STATE,5,CASES
1936,26,ALABAMA,AL,US,STATE,7,CASES
1936,27,ALABAMA,AL,US,STATE,3,CASES
1936,28,ALABAMA,AL,US,STATE,2,CASES
1936,29,ALABAMA,AL,US,STATE,2,CASES
1936,31,ALABAMA,AL,US,STATE,1,CASES
1936,32,ALABAMA,AL,US,STATE,11,CASES
1936,33,ALABAMA,AL,US,STATE,5,CASES
1936,34,ALABAMA,AL,US,STATE,4,CASES
1936,35,ALABAMA,AL,US,STATE,1,CASES
1936,36,ALABAMA,AL,US,STATE,6,CASES
1936,37,ALABAMA,AL,US,STATE,13,CASES
1936,38,ALABAMA,AL,US,STATE,11,CASES
1936,39,ALABAMA,AL,US,STATE,3,CASES
1936,40,ALABAMA,AL,US,STATE,2,CASES
1936,41,ALABAMA,AL,US,STATE,9,CASES
1936,42,ALABAMA,AL,US,STATE,26,CASES
1936,43,ALABAMA,AL,US,STATE,20,CASES
1936,44,ALABAMA,AL,US,STATE,26,CASES
1936,45,ALABAMA,AL,US,STATE,52,CASES
1936,46,ALABAMA,AL,US,STATE,27,CASES
1936,47,ALABAMA,AL,US,STATE,40,CASES
1936,48,ALABAMA,AL,US,STATE,104,CASES
1936,49,ALABAMA,AL,US,STATE,82,CASES
1936,50,ALABAMA,AL,US,STATE,189,CASES
1936,51,ALABAMA,AL,US,STATE,117,CASES
1936,52,ALABAMA,AL,US,STATE,53,CASES
1936,53,ALABAMA,AL,US,STATE,121,CASES
1937,1,ALABAMA,AL,US,STATE,250,CASES
1937,2,ALABAMA,AL,US,STATE,384,CASES
1937,3,ALABAMA,AL,US,STATE,399,CASES
1937,4,ALABAMA,AL,US,STATE,466,CASES
1937,5,ALABAMA,AL,US,STATE,614,CASES
1937,6,ALABAMA,AL,US,STATE,920,CASES
1937,7,ALABAMA,AL,US,STATE,1154,CASES
1937,8,ALABAMA,AL,US,STATE,1546,CASES
1937,9,ALABAMA,AL,US,STATE,2487,CASES
1937,10,ALABAMA,AL,US,STATE,2019,CASES
1937,11,ALABAMA,AL,US,STATE,1874,CASES
1937,12,ALABAMA,AL,US,STATE,1330,CASES
1937,13,ALABAMA,AL,US,STATE,674,CASES
1937,14,ALABAMA,AL,US,STATE,648,CASES
1937,15,ALABAMA,AL,US,STATE,365,CASES
1937,16,ALABAMA,AL,US,STATE,151,CASES
1937,17,ALABAMA,AL,US,STATE,93,CASES
1937,18,ALABAMA,AL,US,STATE,174,CASES
1937,19,ALABAMA,AL,US,STATE,47,CASES
1937,20,ALABAMA,AL,US,STATE,49,CASES
1937,21,ALABAMA,AL,US,STATE,10,CASES
1937,22,ALABAMA,AL,US,STATE,27,CASES
1937,23,ALABAMA,AL,US,STATE,9,CASES
1937,24,ALABAMA,AL,US,STATE,7,CASES
1937,25,ALABAMA,AL,US,STATE,6,CASES
1937,26,ALABAMA,AL,US,STATE,5,CASES
1937,27,ALABAMA,AL,US,STATE,2,CASES
1937,28,ALABAMA,AL,US,STATE,9,CASES
1937,29,ALABAMA,AL,US,STATE,9,CASES
1937,30,ALABAMA,AL,US,STATE,12,CASES
1937,31,ALABAMA,AL,US,STATE,5,CASES
1937,32,ALABAMA,AL,US,STATE,3,CASES
1937,33,ALABAMA,AL,US,STATE,2,CASES
1937,34,ALABAMA,AL,US,STATE,4,CASES
1937,36,ALABAMA,AL,US,STATE,3,CASES
1937,37,ALABAMA,AL,US,STATE,10,CASES
1937,38,ALABAMA,AL,US,STATE,9,CASES
1937,39,ALABAMA,AL,US,STATE,24,CASES
1937,40,ALABAMA,AL,US,STATE,30,CASES
1937,41,ALABAMA,AL,US,STATE,23,CASES
1937,42,ALABAMA,AL,US,STATE,17,CASES
1937,43,ALABAMA,AL,US,STATE,45,CASES
1937,44,ALABAMA,AL,US,STATE,91,CASES
1937,45,ALABAMA,AL,US,STATE,66,CASES
1937,46,ALABAMA,AL,US,STATE,116,CASES
1937,47,ALABAMA,AL,US,STATE,81,CASES
1937,48,ALABAMA,AL,US,STATE,151,CASES
1937,49,ALABAMA,AL,US,STATE,192,CASES
1937,50,ALABAMA,AL,US,STATE,258,CASES
1937,51,ALABAMA,AL,US,STATE,170,CASES
1937,52,ALABAMA,AL,US,STATE,371,CASES
1938,1,ALABAMA,AL,US,STATE,377,CASES
1938,2,ALABAMA,AL,US,STATE,300,CASES
1938,3,ALABAMA,AL,US,STATE,272,CASES
1938,4,ALABAMA,AL,US,STATE,362,CASES
1938,5,ALABAMA,AL,US,STATE,289,CASES
1938,6,ALABAMA,AL,US,STATE,331,CASES
1938,7,ALABAMA,AL,US,STATE,260,CASES
1938,8,ALABAMA,AL,US,STATE,316,CASES
1938,9,ALABAMA,AL,US,STATE,195,CASES
1938,10,ALABAMA,AL,US,STATE,214,CASES
1938,11,ALABAMA,AL,US,STATE,121,CASES
1938,12,ALABAMA,AL,US,STATE,129,CASES
1938,13,ALABAMA,AL,US,STATE,59,CASES
1938,14,ALABAMA,AL,US,STATE,45,CASES
1938,15,ALABAMA,AL,US,STATE,80,CASES
1938,16,ALABAMA,AL,US,STATE,45,CASES
1938,17,ALABAMA,AL,US,STATE,39,CASES
1938,18,ALABAMA,AL,US,STATE,29,CASES
1938,19,ALABAMA,AL,US,STATE,35,CASES
1938,20,ALABAMA,AL,US,STATE,17,CASES
1938,21,ALABAMA,AL,US,STATE,28,CASES
1938,22,ALABAMA,AL,US,STATE,9,CASES
1938,23,ALABAMA,AL,US,STATE,16,CASES
1938,24,ALABAMA,AL,US,STATE,8,CASES
1938,25,ALABAMA,AL,US,STATE,5,CASES
1938,26,ALABAMA,AL,US,STATE,29,CASES
1938,27,ALABAMA,AL,US,STATE,18,CASES
1938,28,ALABAMA,AL,US,STATE,13,CASES
1938,29,ALABAMA,AL,US,STATE,34,CASES
1938,30,ALABAMA,AL,US,STATE,31,CASES
1938,31,ALABAMA,AL,US,STATE,32,CASES
1938,32,ALABAMA,AL,US,STATE,22,CASES
1938,33,ALABAMA,AL,US,STATE,31,CASES
1938,34,ALABAMA,AL,US,STATE,32,CASES
1938,35,ALABAMA,AL,US,STATE,23,CASES
1938,36,ALABAMA,AL,US,STATE,47,CASES
1938,37,ALABAMA,AL,US,STATE,7,CASES
1938,38,ALABAMA,AL,US,STATE,30,CASES
1938,39,ALABAMA,AL,US,STATE,28,CASES
1938,40,ALABAMA,AL,US,STATE,34,CASES
1938,41,ALABAMA,AL,US,STATE,23,CASES
1938,42,ALABAMA,AL,US,STATE,68,CASES
1938,43,ALABAMA,AL,US,STATE,33,CASES
1938,44,ALABAMA,AL,US,STATE,83,CASES
1938,45,ALABAMA,AL,US,STATE,62,CASES
1938,46,ALABAMA,AL,US,STATE,99,CASES
1938,47,ALABAMA,AL,US,STATE,86,CASES
1938,48,ALABAMA,AL,US,STATE,101,CASES
1938,49,ALABAMA,AL,US,STATE,223,CASES
1938,50,ALABAMA,AL,US,STATE,168,CASES
1938,51,ALABAMA,AL,US,STATE,207,CASES
1938,52,ALABAMA,AL,US,STATE,143,CASES
1939,1,ALABAMA,AL,US,STATE,279,CASES
1939,2,ALABAMA,AL,US,STATE,337,CASES
1939,3,ALABAMA,AL,US,STATE,331,CASES
1939,4,ALABAMA,AL,US,STATE,297,CASES
1939,5,ALABAMA,AL,US,STATE,259,CASES
1939,6,ALABAMA,AL,US,STATE,186,CASES
1939,7,ALABAMA,AL,US,STATE,160,CASES
1939,8,ALABAMA,AL,US,STATE,180,CASES
1939,9,ALABAMA,AL,US,STATE,599,CASES
1939,10,ALABAMA,AL,US,STATE,1126,CASES
1939,11,ALABAMA,AL,US,STATE,1862,CASES
1939,12,ALABAMA,AL,US,STATE,2154,CASES
1939,13,ALABAMA,AL,US,STATE,2502,CASES
1939,14,ALABAMA,AL,US,STATE,978,CASES
1939,15,ALABAMA,AL,US,STATE,697,CASES
1939,16,ALABAMA,AL,US,STATE,631,CASES
1939,17,ALABAMA,AL,US,STATE,959,CASES
1939,18,ALABAMA,AL,US,STATE,737,CASES
1939,19,ALABAMA,AL,US,STATE,350,CASES
1939,20,ALABAMA,AL,US,STATE,331,CASES
1939,21,ALABAMA,AL,US,STATE,31,CASES
1939,22,ALABAMA,AL,US,STATE,56,CASES
1939,23,ALABAMA,AL,US,STATE,54,CASES
1939,24,ALABAMA,AL,US,STATE,39,CASES
1939,25,ALABAMA,AL,US,STATE,46,CASES
1939,26,ALABAMA,AL,US,STATE,5,CASES
1939,27,ALABAMA,AL,US,STATE,4,CASES
1939,28,ALABAMA,AL,US,STATE,9,CASES
1939,29,ALABAMA,AL,US,STATE,7,CASES
1939,30,ALABAMA,AL,US,STATE,3,CASES
1939,31,ALABAMA,AL,US,STATE,15,CASES
1939,32,ALABAMA,AL,US,STATE,37,CASES
1939,33,ALABAMA,AL,US,STATE,32,CASES
1939,34,ALABAMA,AL,US,STATE,6,CASES
1939,35,ALABAMA,AL,US,STATE,6,CASES
1939,36,ALABAMA,AL,US,STATE,36,CASES
1939,37,ALABAMA,AL,US,STATE,8,CASES
1939,38,ALABAMA,AL,US,STATE,35,CASES
1939,39,ALABAMA,AL,US,STATE,12,CASES
1939,40,ALABAMA,AL,US,STATE,21,CASES
1939,41,ALABAMA,AL,US,STATE,40,CASES
1939,42,ALABAMA,AL,US,STATE,41,CASES
1939,43,ALABAMA,AL,US,STATE,93,CASES
1939,44,ALABAMA,AL,US,STATE,70,CASES
1939,45,ALABAMA,AL,US,STATE,59,CASES
1939,46,ALABAMA,AL,US,STATE,326,CASES
1939,47,ALABAMA,AL,US,STATE,181,CASES
1939,48,ALABAMA,AL,US,STATE,308,CASES
1939,49,ALABAMA,AL,US,STATE,820,CASES
1939,50,ALABAMA,AL,US,STATE,1000,CASES
1939,51,ALABAMA,AL,US,STATE,398,CASES
1939,52,ALABAMA,AL,US,STATE,2284,CASES
1940,1,ALABAMA,AL,US,STATE,974,CASES
1940,2,ALABAMA,AL,US,STATE,1360,CASES
1940,3,ALABAMA,AL,US,STATE,1085,CASES
1940,4,ALABAMA,AL,US,STATE,900,CASES
1940,5,ALABAMA,AL,US,STATE,1247,CASES
1940,6,ALABAMA,AL,US,STATE,536,CASES
1940,7,ALABAMA,AL,US,STATE,933,CASES
1940,8,ALABAMA,AL,US,STATE,699,CASES
1940,9,ALABAMA,AL,US,STATE,528,CASES
1940,10,ALABAMA,AL,US,STATE,501,CASES
1940,11,ALABAMA,AL,US,STATE,335,CASES
1940,12,ALABAMA,AL,US,STATE,269,CASES
1940,13,ALABAMA,AL,US,STATE,231,CASES
1940,14,ALABAMA,AL,US,STATE,172,CASES
1940,15,ALABAMA,AL,US,STATE,142,CASES
1940,16,ALABAMA,AL,US,STATE,85,CASES
1940,17,ALABAMA,AL,US,STATE,93,CASES
1940,18,ALABAMA,AL,US,STATE,45,CASES
1940,19,ALABAMA,AL,US,STATE,47,CASES
1940,20,ALABAMA,AL,US,STATE,53,CASES
1940,21,ALABAMA,AL,US,STATE,34,CASES
1940,22,ALABAMA,AL,US,STATE,14,CASES
1940,23,ALABAMA,AL,US,STATE,9,CASES
1940,24,ALABAMA,AL,US,STATE,10,CASES
1940,25,ALABAMA,AL,US,STATE,1,CASES
1940,26,ALABAMA,AL,US,STATE,5,CASES
1940,27,ALABAMA,AL,US,STATE,3,CASES
1940,28,ALABAMA,AL,US,STATE,7,CASES
1940,29,ALABAMA,AL,US,STATE,14,CASES
1940,30,ALABAMA,AL,US,STATE,3,CASES
1940,31,ALABAMA,AL,US,STATE,5,CASES
1940,32,ALABAMA,AL,US,STATE,3,CASES
1940,33,ALABAMA,AL,US,STATE,2,CASES
1940,34,ALABAMA,AL,US,STATE,1,CASES
1940,35,ALABAMA,AL,US,STATE,3,CASES
1940,36,ALABAMA,AL,US,STATE,3,CASES
1940,37,ALABAMA,AL,US,STATE,6,CASES
1940,38,ALABAMA,AL,US,STATE,198,CASES
1940,39,ALABAMA,AL,US,STATE,2,CASES
1940,40,ALABAMA,AL,US,STATE,10,CASES
1940,41,ALABAMA,AL,US,STATE,13,CASES
1940,42,ALABAMA,AL,US,STATE,16,CASES
1940,43,ALABAMA,AL,US,STATE,24,CASES
1940,44,ALABAMA,AL,US,STATE,14,CASES
1940,45,ALABAMA,AL,US,STATE,27,CASES
1940,46,ALABAMA,AL,US,STATE,43,CASES
1940,47,ALABAMA,AL,US,STATE,52,CASES
1940,48,ALABAMA,AL,US,STATE,25,CASES
1940,49,ALABAMA,AL,US,STATE,42,CASES
1940,50,ALABAMA,AL,US,STATE,112,CASES
1940,51,ALABAMA,AL,US,STATE,222,CASES
1940,52,ALABAMA,AL,US,STATE,332,CASES
1941,1,ALABAMA,AL,US,STATE,1322,CASES
1941,2,ALABAMA,AL,US,STATE,2201,CASES
1941,3,ALABAMA,AL,US,STATE,8622,CASES
1941,4,ALABAMA,AL,US,STATE,7043,CASES
1941,5,ALABAMA,AL,US,STATE,4701,CASES
1941,6,ALABAMA,AL,US,STATE,3561,CASES
1941,7,ALABAMA,AL,US,STATE,1698,CASES
1941,9,ALABAMA,AL,US,STATE,490,CASES
1941,10,ALABAMA,AL,US,STATE,401,CASES
1941,11,ALABAMA,AL,US,STATE,316,CASES
1941,12,ALABAMA,AL,US,STATE,551,CASES
1941,13,ALABAMA,AL,US,STATE,883,CASES
1941,14,ALABAMA,AL,US,STATE,124,CASES
1941,15,ALABAMA,AL,US,STATE,119,CASES
1941,16,ALABAMA,AL,US,STATE,148,CASES
1941,17,ALABAMA,AL,US,STATE,39,CASES
1941,18,ALABAMA,AL,US,STATE,22,CASES
1941,19,ALABAMA,AL,US,STATE,57,CASES
1941,20,ALABAMA,AL,US,STATE,49,CASES
1941,21,ALABAMA,AL,US,STATE,21,CASES
1941,22,ALABAMA,AL,US,STATE,31,CASES
1941,23,ALABAMA,AL,US,STATE,14,CASES
1941,24,ALABAMA,AL,US,STATE,14,CASES
1941,25,ALABAMA,AL,US,STATE,9,CASES
1941,26,ALABAMA,AL,US,STATE,1,CASES
1941,28,ALABAMA,AL,US,STATE,5,CASES
1941,29,ALABAMA,AL,US,STATE,3,CASES
1941,30,ALABAMA,AL,US,STATE,3,CASES
1941,31,ALABAMA,AL,US,STATE,2,CASES
1941,32,ALABAMA,AL,US,STATE,16,CASES
1941,33,ALABAMA,AL,US,STATE,11,CASES
1941,34,ALABAMA,AL,US,STATE,7,CASES
1941,35,ALABAMA,AL,US,STATE,6,CASES
1941,36,ALABAMA,AL,US,STATE,2,CASES
1941,37,ALABAMA,AL,US,STATE,3,CASES
1941,38,ALABAMA,AL,US,STATE,8,CASES
1941,39,ALABAMA,AL,US,STATE,4,CASES
1941,41,ALABAMA,AL,US,STATE,10,CASES
1941,42,ALABAMA,AL,US,STATE,18,CASES
1941,43,ALABAMA,AL,US,STATE,21,CASES
1941,44,ALABAMA,AL,US,STATE,28,CASES
1941,45,ALABAMA,AL,US,STATE,49,CASES
1941,46,ALABAMA,AL,US,STATE,70,CASES
1941,47,ALABAMA,AL,US,STATE,66,CASES
1941,48,ALABAMA,AL,US,STATE,97,CASES
1941,49,ALABAMA,AL,US,STATE,65,CASES
1941,50,ALABAMA,AL,US,STATE,98,CASES
1941,51,ALABAMA,AL,US,STATE,66,CASES
1941,52,ALABAMA,AL,US,STATE,59,CASES
1941,53,ALABAMA,AL,US,STATE,134,CASES
1942,1,ALABAMA,AL,US,STATE,177,CASES
1942,2,ALABAMA,AL,US,STATE,281,CASES
1942,3,ALABAMA,AL,US,STATE,433,CASES
1942,4,ALABAMA,AL,US,STATE,644,CASES
1942,5,ALABAMA,AL,US,STATE,700,CASES
1942,6,ALABAMA,AL,US,STATE,659,CASES
1942,7,ALABAMA,AL,US,STATE,453,CASES
1942,8,ALABAMA,AL,US,STATE,620,CASES
1942,9,ALABAMA,AL,US,STATE,233,CASES
1942,10,ALABAMA,AL,US,STATE,354,CASES
1942,11,ALABAMA,AL,US,STATE,440,CASES
1942,12,ALABAMA,AL,US,STATE,228,CASES
1942,13,ALABAMA,AL,US,STATE,328,CASES
1942,14,ALABAMA,AL,US,STATE,105,CASES
1942,15,ALABAMA,AL,US,STATE,136,CASES
1942,16,ALABAMA,AL,US,STATE,172,CASES
1942,17,ALABAMA,AL,US,STATE,65,CASES
1942,18,ALABAMA,AL,US,STATE,49,CASES
1942,19,ALABAMA,AL,US,STATE,20,CASES
1942,20,ALABAMA,AL,US,STATE,119,CASES
1942,21,ALABAMA,AL,US,STATE,17,CASES
1942,22,ALABAMA,AL,US,STATE,18,CASES
1942,23,ALABAMA,AL,US,STATE,18,CASES
1942,24,ALABAMA,AL,US,STATE,40,CASES
1942,25,ALABAMA,AL,US,STATE,12,CASES
1942,26,ALABAMA,AL,US,STATE,3,CASES
1942,27,ALABAMA,AL,US,STATE,8,CASES
1942,28,ALABAMA,AL,US,STATE,3,CASES
1942,29,ALABAMA,AL,US,STATE,11,CASES
1942,30,ALABAMA,AL,US,STATE,23,CASES
1942,31,ALABAMA,AL,US,STATE,9,CASES
1942,32,ALABAMA,AL,US,STATE,17,CASES
1942,33,ALABAMA,AL,US,STATE,11,CASES
1942,34,ALABAMA,AL,US,STATE,12,CASES
1942,35,ALABAMA,AL,US,STATE,26,CASES
1942,36,ALABAMA,AL,US,STATE,24,CASES
1942,37,ALABAMA,AL,US,STATE,10,CASES
1942,38,ALABAMA,AL,US,STATE,15,CASES
1942,39,ALABAMA,AL,US,STATE,19,CASES
1942,40,ALABAMA,AL,US,STATE,15,CASES
1942,41,ALABAMA,AL,US,STATE,55,CASES
1942,42,ALABAMA,AL,US,STATE,39,CASES
1942,43,ALABAMA,AL,US,STATE,68,CASES
1942,44,ALABAMA,AL,US,STATE,42,CASES
1942,45,ALABAMA,AL,US,STATE,27,CASES
1942,46,ALABAMA,AL,US,STATE,53,CASES
1942,47,ALABAMA,AL,US,STATE,27,CASES
1942,48,ALABAMA,AL,US,STATE,58,CASES
1942,49,ALABAMA,AL,US,STATE,80,CASES
1942,50,ALABAMA,AL,US,STATE,40,CASES
1942,51,ALABAMA,AL,US,STATE,143,CASES
1942,52,ALABAMA,AL,US,STATE,194,CASES
1943,1,ALABAMA,AL,US,STATE,106,CASES
1943,2,ALABAMA,AL,US,STATE,265,CASES
1943,3,ALABAMA,AL,US,STATE,107,CASES
1943,4,ALABAMA,AL,US,STATE,379,CASES
1943,5,ALABAMA,AL,US,STATE,215,CASES
1943,6,ALABAMA,AL,US,STATE,227,CASES
1943,7,ALABAMA,AL,US,STATE,188,CASES
1943,8,ALABAMA,AL,US,STATE,389,CASES
1943,9,ALABAMA,AL,US,STATE,155,CASES
1943,10,ALABAMA,AL,US,STATE,212,CASES
1943,11,ALABAMA,AL,US,STATE,158,CASES
1943,12,ALABAMA,AL,US,STATE,264,CASES
1943,13,ALABAMA,AL,US,STATE,324,CASES
1943,14,ALABAMA,AL,US,STATE,198,CASES
1943,15,ALABAMA,AL,US,STATE,108,CASES
1943,16,ALABAMA,AL,US,STATE,114,CASES
1943,17,ALABAMA,AL,US,STATE,149,CASES
1943,18,ALABAMA,AL,US,STATE,60,CASES
1943,19,ALABAMA,AL,US,STATE,47,CASES
1943,20,ALABAMA,AL,US,STATE,264,CASES
1943,21,ALABAMA,AL,US,STATE,13,CASES
1943,22,ALABAMA,AL,US,STATE,33,CASES
1943,23,ALABAMA,AL,US,STATE,35,CASES
1943,24,ALABAMA,AL,US,STATE,24,CASES
1943,25,ALABAMA,AL,US,STATE,15,CASES
1943,26,ALABAMA,AL,US,STATE,6,CASES
1943,27,ALABAMA,AL,US,STATE,12,CASES
1943,28,ALABAMA,AL,US,STATE,7,CASES
1943,29,ALABAMA,AL,US,STATE,31,CASES
1943,30,ALABAMA,AL,US,STATE,39,CASES
1943,31,ALABAMA,AL,US,STATE,17,CASES
1943,32,ALABAMA,AL,US,STATE,9,CASES
1943,33,ALABAMA,AL,US,STATE,17,CASES
1943,34,ALABAMA,AL,US,STATE,4,CASES
1943,35,ALABAMA,AL,US,STATE,16,CASES
1943,36,ALABAMA,AL,US,STATE,9,CASES
1943,37,ALABAMA,AL,US,STATE,17,CASES
1943,38,ALABAMA,AL,US,STATE,23,CASES
1943,39,ALABAMA,AL,US,STATE,35,CASES
1943,40,ALABAMA,AL,US,STATE,27,CASES
1943,41,ALABAMA,AL,US,STATE,38,CASES
1943,42,ALABAMA,AL,US,STATE,51,CASES
1943,43,ALABAMA,AL,US,STATE,30,CASES
1943,44,ALABAMA,AL,US,STATE,61,CASES
1943,45,ALABAMA,AL,US,STATE,52,CASES
1943,46,ALABAMA,AL,US,STATE,60,CASES
1943,47,ALABAMA,AL,US,STATE,54,CASES
1943,48,ALABAMA,AL,US,STATE,270,CASES
1943,49,ALABAMA,AL,US,STATE,306,CASES
1943,50,ALABAMA,AL,US,STATE,886,CASES
1943,51,ALABAMA,AL,US,STATE,1573,CASES
1943,52,ALABAMA,AL,US,STATE,7022,CASES
1944,1,ALABAMA,AL,US,STATE,3884,CASES
1944,2,ALABAMA,AL,US,STATE,3277,CASES
1944,3,ALABAMA,AL,US,STATE,2452,CASES
1944,4,ALABAMA,AL,US,STATE,1264,CASES
1944,5,ALABAMA,AL,US,STATE,482,CASES
1944,6,ALABAMA,AL,US,STATE,448,CASES
1944,7,ALABAMA,AL,US,STATE,177,CASES
1944,8,ALABAMA,AL,US,STATE,205,CASES
1944,9,ALABAMA,AL,US,STATE,232,CASES
1944,10,ALABAMA,AL,US,STATE,133,CASES
1944,11,ALABAMA,AL,US,STATE,252,CASES
1944,12,ALABAMA,AL,US,STATE,62,CASES
1944,13,ALABAMA,AL,US,STATE,76,CASES
1944,14,ALABAMA,AL,US,STATE,107,CASES
1944,15,ALABAMA,AL,US,STATE,87,CASES
1944,16,ALABAMA,AL,US,STATE,95,CASES
1944,17,ALABAMA,AL,US,STATE,45,CASES
1944,18,ALABAMA,AL,US,STATE,21,CASES
1944,19,ALABAMA,AL,US,STATE,24,CASES
1944,20,ALABAMA,AL,US,STATE,23,CASES
1944,21,ALABAMA,AL,US,STATE,46,CASES
1944,22,ALABAMA,AL,US,STATE,33,CASES
1944,23,ALABAMA,AL,US,STATE,9,CASES
1944,24,ALABAMA,AL,US,STATE,4,CASES
1944,25,ALABAMA,AL,US,STATE,15,CASES
1944,26,ALABAMA,AL,US,STATE,16,CASES
1944,27,ALABAMA,AL,US,STATE,15,CASES
1944,28,ALABAMA,AL,US,STATE,5,CASES
1944,29,ALABAMA,AL,US,STATE,12,CASES
1944,30,ALABAMA,AL,US,STATE,4,CASES
1944,31,ALABAMA,AL,US,STATE,8,CASES
1944,32,ALABAMA,AL,US,STATE,3,CASES
1944,33,ALABAMA,AL,US,STATE,11,CASES
1944,34,ALABAMA,AL,US,STATE,2,CASES
1944,35,ALABAMA,AL,US,STATE,12,CASES
1944,36,ALABAMA,AL,US,STATE,1,CASES
1944,37,ALABAMA,AL,US,STATE,8,CASES
1944,38,ALABAMA,AL,US,STATE,10,CASES
1944,39,ALABAMA,AL,US,STATE,4,CASES
1944,40,ALABAMA,AL,US,STATE,25,CASES
1944,41,ALABAMA,AL,US,STATE,17,CASES
1944,42,ALABAMA,AL,US,STATE,20,CASES
1944,43,ALABAMA,AL,US,STATE,27,CASES
1944,44,ALABAMA,AL,US,STATE,27,CASES
1944,45,ALABAMA,AL,US,STATE,16,CASES
1944,46,ALABAMA,AL,US,STATE,29,CASES
1944,47,ALABAMA,AL,US,STATE,18,CASES
1944,48,ALABAMA,AL,US,STATE,56,CASES
1944,49,ALABAMA,AL,US,STATE,58,CASES
1944,50,ALABAMA,AL,US,STATE,53,CASES
1944,51,ALABAMA,AL,US,STATE,86,CASES
1944,52,ALABAMA,AL,US,STATE,71,CASES
1945,1,ALABAMA,AL,US,STATE,413,CASES
1945,2,ALABAMA,AL,US,STATE,109,CASES
1945,3,ALABAMA,AL,US,STATE,175,CASES
1945,4,ALABAMA,AL,US,STATE,266,CASES
1945,5,ALABAMA,AL,US,STATE,160,CASES
1945,6,ALABAMA,AL,US,STATE,178,CASES
1945,7,ALABAMA,AL,US,STATE,230,CASES
1945,8,ALABAMA,AL,US,STATE,212,CASES
1945,9,ALABAMA,AL,US,STATE,198,CASES
1945,10,ALABAMA,AL,US,STATE,229,CASES
1945,11,ALABAMA,AL,US,STATE,144,CASES
1945,12,ALABAMA,AL,US,STATE,104,CASES
1945,13,ALABAMA,AL,US,STATE,66,CASES
1945,14,ALABAMA,AL,US,STATE,39,CASES
1945,15,ALABAMA,AL,US,STATE,38,CASES
1945,16,ALABAMA,AL,US,STATE,20,CASES
1945,17,ALABAMA,AL,US,STATE,13,CASES
1945,18,ALABAMA,AL,US,STATE,12,CASES
1945,19,ALABAMA,AL,US,STATE,29,CASES
1945,20,ALABAMA,AL,US,STATE,20,CASES
1945,21,ALABAMA,AL,US,STATE,9,CASES
1945,22,ALABAMA,AL,US,STATE,13,CASES
1945,23,ALABAMA,AL,US,STATE,9,CASES
1945,24,ALABAMA,AL,US,STATE,10,CASES
1945,25,ALABAMA,AL,US,STATE,14,CASES
1945,26,ALABAMA,AL,US,STATE,6,CASES
1945,28,ALABAMA,AL,US,STATE,6,CASES
1945,29,ALABAMA,AL,US,STATE,14,CASES
1945,31,ALABAMA,AL,US,STATE,31,CASES
1945,32,ALABAMA,AL,US,STATE,33,CASES
1945,33,ALABAMA,AL,US,STATE,35,CASES
1945,34,ALABAMA,AL,US,STATE,24,CASES
1945,35,ALABAMA,AL,US,STATE,1,CASES
1945,36,ALABAMA,AL,US,STATE,14,CASES
1945,37,ALABAMA,AL,US,STATE,28,CASES
1945,38,ALABAMA,AL,US,STATE,12,CASES
1945,39,ALABAMA,AL,US,STATE,15,CASES
1945,40,ALABAMA,AL,US,STATE,21,CASES
1945,41,ALABAMA,AL,US,STATE,18,CASES
1945,42,ALABAMA,AL,US,STATE,15,CASES
1945,43,ALABAMA,AL,US,STATE,79,CASES
1945,44,ALABAMA,AL,US,STATE,32,CASES
1945,45,ALABAMA,AL,US,STATE,21,CASES
1945,46,ALABAMA,AL,US,STATE,278,CASES
1945,47,ALABAMA,AL,US,STATE,150,CASES
1945,48,ALABAMA,AL,US,STATE,346,CASES
1945,49,ALABAMA,AL,US,STATE,362,CASES
1945,50,ALABAMA,AL,US,STATE,649,CASES
1945,51,ALABAMA,AL,US,STATE,1205,CASES
1945,52,ALABAMA,AL,US,STATE,1218,CASES
1946,1,ALABAMA,AL,US,STATE,2497,CASES
1946,2,ALABAMA,AL,US,STATE,1768,CASES
1946,3,ALABAMA,AL,US,STATE,2164,CASES
1946,4,ALABAMA,AL,US,STATE,757,CASES
1946,5,ALABAMA,AL,US,STATE,727,CASES
1946,6,ALABAMA,AL,US,STATE,317,CASES
1946,7,ALABAMA,AL,US,STATE,569,CASES
1946,8,ALABAMA,AL,US,STATE,542,CASES
1946,9,ALABAMA,AL,US,STATE,308,CASES
1946,10,ALABAMA,AL,US,STATE,244,CASES
1946,11,ALABAMA,AL,US,STATE,168,CASES
1946,12,ALABAMA,AL,US,STATE,124,CASES
1946,13,ALABAMA,AL,US,STATE,93,CASES
1946,14,ALABAMA,AL,US,STATE,37,CASES
1946,15,ALABAMA,AL,US,STATE,11,CASES
1946,16,ALABAMA,AL,US,STATE,18,CASES
1946,17,ALABAMA,AL,US,STATE,11,CASES
1946,18,ALABAMA,AL,US,STATE,21,CASES
1946,19,ALABAMA,AL,US,STATE,11,CASES
1946,20,ALABAMA,AL,US,STATE,14,CASES
1946,21,ALABAMA,AL,US,STATE,37,CASES
1946,22,ALABAMA,AL,US,STATE,8,CASES
1946,23,ALABAMA,AL,US,STATE,23,CASES
1946,24,ALABAMA,AL,US,STATE,14,CASES
1946,25,ALABAMA,AL,US,STATE,10,CASES
1946,26,ALABAMA,AL,US,STATE,17,CASES
1946,27,ALABAMA,AL,US,STATE,4,CASES
1946,28,ALABAMA,AL,US,STATE,6,CASES
1946,29,ALABAMA,AL,US,STATE,7,CASES
1946,30,ALABAMA,AL,US,STATE,12,CASES
1946,31,ALABAMA,AL,US,STATE,17,CASES
1946,32,ALABAMA,AL,US,STATE,1,CASES
1946,33,ALABAMA,AL,US,STATE,18,CASES
1946,34,ALABAMA,AL,US,STATE,3,CASES
1946,35,ALABAMA,AL,US,STATE,13,CASES
1946,36,ALABAMA,AL,US,STATE,22,CASES
1946,37,ALABAMA,AL,US,STATE,25,CASES
1946,38,ALABAMA,AL,US,STATE,31,CASES
1946,39,ALABAMA,AL,US,STATE,28,CASES
1946,40,ALABAMA,AL,US,STATE,13,CASES
1946,41,ALABAMA,AL,US,STATE,4,CASES
1946,42,ALABAMA,AL,US,STATE,24,CASES
1946,43,ALABAMA,AL,US,STATE,44,CASES
1946,44,ALABAMA,AL,US,STATE,28,CASES
1946,45,ALABAMA,AL,US,STATE,27,CASES
1946,46,ALABAMA,AL,US,STATE,21,CASES
1946,47,ALABAMA,AL,US,STATE,42,CASES
1946,48,ALABAMA,AL,US,STATE,31,CASES
1946,49,ALABAMA,AL,US,STATE,41,CASES
1946,50,ALABAMA,AL,US,STATE,44,CASES
1946,51,ALABAMA,AL,US,STATE,51,CASES
1946,52,ALABAMA,AL,US,STATE,91,CASES
1947,2,ALABAMA,AL,US,STATE,51,CASES
1947,3,ALABAMA,AL,US,STATE,50,CASES
1947,4,ALABAMA,AL,US,STATE,107,CASES
1947,5,ALABAMA,AL,US,STATE,149,CASES
1947,6,ALABAMA,AL,US,STATE,94,CASES
1947,7,ALABAMA,AL,US,STATE,43,CASES
1947,8,ALABAMA,AL,US,STATE,102,CASES
1947,9,ALABAMA,AL,US,STATE,130,CASES
1947,10,ALABAMA,AL,US,STATE,233,CASES
1947,11,ALABAMA,AL,US,STATE,328,CASES
1947,12,ALABAMA,AL,US,STATE,1847,CASES
1947,13,ALABAMA,AL,US,STATE,1085,CASES
1947,14,ALABAMA,AL,US,STATE,2061,CASES
1947,15,ALABAMA,AL,US,STATE,727,CASES
1947,16,ALABAMA,AL,US,STATE,1366,CASES
1947,17,ALABAMA,AL,US,STATE,445,CASES
1947,18,ALABAMA,AL,US,STATE,127,CASES
1947,19,ALABAMA,AL,US,STATE,220,CASES
1947,20,ALABAMA,AL,US,STATE,88,CASES
1947,21,ALABAMA,AL,US,STATE,86,CASES
1947,22,ALABAMA,AL,US,STATE,46,CASES
1947,23,ALABAMA,AL,US,STATE,8,CASES
1947,24,ALABAMA,AL,US,STATE,14,CASES
1947,25,ALABAMA,AL,US,STATE,1,CASES
1947,26,ALABAMA,AL,US,STATE,1,CASES
1947,27,ALABAMA,AL,US,STATE,3,CASES
1947,28,ALABAMA,AL,US,STATE,4,CASES
1947,29,ALABAMA,AL,US,STATE,28,CASES
1947,30,ALABAMA,AL,US,STATE,47,CASES
1947,31,ALABAMA,AL,US,STATE,5,CASES
1947,32,ALABAMA,AL,US,STATE,10,CASES
1947,33,ALABAMA,AL,US,STATE,8,CASES
1947,36,ALABAMA,AL,US,STATE,14,CASES
1947,37,ALABAMA,AL,US,STATE,5,CASES
1947,38,ALABAMA,AL,US,STATE,12,CASES
1947,39,ALABAMA,AL,US,STATE,14,CASES
1947,40,ALABAMA,AL,US,STATE,28,CASES
1947,41,ALABAMA,AL,US,STATE,10,CASES
1947,42,ALABAMA,AL,US,STATE,10,CASES
1947,43,ALABAMA,AL,US,STATE,26,CASES
1947,44,ALABAMA,AL,US,STATE,44,CASES
1947,45,ALABAMA,AL,US,STATE,124,CASES
1947,46,ALABAMA,AL,US,STATE,11,CASES
1947,47,ALABAMA,AL,US,STATE,35,CASES
1947,48,ALABAMA,AL,US,STATE,56,CASES
1947,49,ALABAMA,AL,US,STATE,106,CASES
1947,50,ALABAMA,AL,US,STATE,58,CASES
1947,51,ALABAMA,AL,US,STATE,148,CASES
1947,52,ALABAMA,AL,US,STATE,135,CASES
1948,1,ALABAMA,AL,US,STATE,277,CASES
1948,2,ALABAMA,AL,US,STATE,265,CASES
1948,3,ALABAMA,AL,US,STATE,344,CASES
1948,4,ALABAMA,AL,US,STATE,1576,CASES
1948,5,ALABAMA,AL,US,STATE,500,CASES
1948,6,ALABAMA,AL,US,STATE,537,CASES
1948,7,ALABAMA,AL,US,STATE,589,CASES
1948,8,ALABAMA,AL,US,STATE,424,CASES
1948,9,ALABAMA,AL,US,STATE,205,CASES
1948,10,ALABAMA,AL,US,STATE,399,CASES
1948,11,ALABAMA,AL,US,STATE,272,CASES
1948,12,ALABAMA,AL,US,STATE,636,CASES
1948,13,ALABAMA,AL,US,STATE,112,CASES
1948,14,ALABAMA,AL,US,STATE,187,CASES
1948,15,ALABAMA,AL,US,STATE,95,CASES
1948,16,ALABAMA,AL,US,STATE,23,CASES
1948,17,ALABAMA,AL,US,STATE,33,CASES
1948,18,ALABAMA,AL,US,STATE,10,CASES
1948,19,ALABAMA,AL,US,STATE,16,CASES
1948,20,ALABAMA,AL,US,STATE,1,CASES
1948,21,ALABAMA,AL,US,STATE,12,CASES
1948,22,ALABAMA,AL,US,STATE,10,CASES
1948,23,ALABAMA,AL,US,STATE,2,CASES
1948,24,ALABAMA,AL,US,STATE,2,CASES
1948,25,ALABAMA,AL,US,STATE,7,CASES
1948,26,ALABAMA,AL,US,STATE,7,CASES
1948,29,ALABAMA,AL,US,STATE,2,CASES
1948,33,ALABAMA,AL,US,STATE,5,CASES
1948,34,ALABAMA,AL,US,STATE,3,CASES
1948,35,ALABAMA,AL,US,STATE,2,CASES
1948,36,ALABAMA,AL,US,STATE,4,CASES
1948,37,ALABAMA,AL,US,STATE,4,CASES
1948,38,ALABAMA,AL,US,STATE,2,CASES
1948,39,ALABAMA,AL,US,STATE,14,CASES
1948,40,ALABAMA,AL,US,STATE,6,CASES
1948,41,ALABAMA,AL,US,STATE,11,CASES
1948,42,ALABAMA,AL,US,STATE,1,CASES
1948,43,ALABAMA,AL,US,STATE,24,CASES
1948,44,ALABAMA,AL,US,STATE,6,CASES
1948,45,ALABAMA,AL,US,STATE,18,CASES
1948,46,ALABAMA,AL,US,STATE,3,CASES
1948,47,ALABAMA,AL,US,STATE,22,CASES
1948,48,ALABAMA,AL,US,STATE,10,CASES
1948,49,ALABAMA,AL,US,STATE,6,CASES
1948,50,ALABAMA,AL,US,STATE,47,CASES
1948,51,ALABAMA,AL,US,STATE,34,CASES
1948,52,ALABAMA,AL,US,STATE,18,CASES
1949,1,ALABAMA,AL,US,STATE,153,CASES
1949,2,ALABAMA,AL,US,STATE,53,CASES
1949,3,ALABAMA,AL,US,STATE,66,CASES
1949,4,ALABAMA,AL,US,STATE,101,CASES
1949,5,ALABAMA,AL,US,STATE,79,CASES
1949,6,ALABAMA,AL,US,STATE,125,CASES
1949,7,ALABAMA,AL,US,STATE,68,CASES
1949,8,ALABAMA,AL,US,STATE,142,CASES
1949,9,ALABAMA,AL,US,STATE,148,CASES
1949,10,ALABAMA,AL,US,STATE,117,CASES
1949,11,ALABAMA,AL,US,STATE,130,CASES
1949,12,ALABAMA,AL,US,STATE,142,CASES
1949,13,ALABAMA,AL,US,STATE,163,CASES
1949,14,ALABAMA,AL,US,STATE,170,CASES
1949,15,ALABAMA,AL,US,STATE,386,CASES
1949,16,ALABAMA,AL,US,STATE,75,CASES
1949,17,ALABAMA,AL,US,STATE,183,CASES
1949,18,ALABAMA,AL,US,STATE,77,CASES
1949,19,ALABAMA,AL,US,STATE,129,CASES
1949,20,ALABAMA,AL,US,STATE,30,CASES
1949,21,ALABAMA,AL,US,STATE,7,CASES
1949,22,ALABAMA,AL,US,STATE,19,CASES
1949,23,ALABAMA,AL,US,STATE,45,CASES
1949,24,ALABAMA,AL,US,STATE,1,CASES
1949,25,ALABAMA,AL,US,STATE,2,CASES
1949,26,ALABAMA,AL,US,STATE,5,CASES
1949,28,ALABAMA,AL,US,STATE,5,CASES
1949,29,ALABAMA,AL,US,STATE,8,CASES
1949,31,ALABAMA,AL,US,STATE,2,CASES
1949,33,ALABAMA,AL,US,STATE,4,CASES
1949,34,ALABAMA,AL,US,STATE,6,CASES
1949,35,ALABAMA,AL,US,STATE,2,CASES
1949,36,ALABAMA,AL,US,STATE,9,CASES
1949,37,ALABAMA,AL,US,STATE,7,CASES
1949,38,ALABAMA,AL,US,STATE,12,CASES
1949,39,ALABAMA,AL,US,STATE,4,CASES
1949,40,ALABAMA,AL,US,STATE,12,CASES
1949,41,ALABAMA,AL,US,STATE,15,CASES
1949,42,ALABAMA,AL,US,STATE,35,CASES
1949,43,ALABAMA,AL,US,STATE,3,CASES
1949,44,ALABAMA,AL,US,STATE,27,CASES
1949,45,ALABAMA,AL,US,STATE,9,CASES
1949,46,ALABAMA,AL,US,STATE,26,CASES
1949,47,ALABAMA,AL,US,STATE,31,CASES
1949,48,ALABAMA,AL,US,STATE,31,CASES
1949,49,ALABAMA,AL,US,STATE,72,CASES
1949,50,ALABAMA,AL,US,STATE,30,CASES
1949,51,ALABAMA,AL,US,STATE,28,CASES
1949,52,ALABAMA,AL,US,STATE,39,CASES
1950,2,ALABAMA,AL,US,STATE,178,CASES
1950,3,ALABAMA,AL,US,STATE,98,CASES
1950,4,ALABAMA,AL,US,STATE,287,CASES
1950,5,ALABAMA,AL,US,STATE,556,CASES
1950,6,ALABAMA,AL,US,STATE,309,CASES
1950,7,ALABAMA,AL,US,STATE,256,CASES
1950,8,ALABAMA,AL,US,STATE,295,CASES
1950,9,ALABAMA,AL,US,STATE,638,CASES
1950,10,ALABAMA,AL,US,STATE,521,CASES
1950,11,ALABAMA,AL,US,STATE,816,CASES
1950,12,ALABAMA,AL,US,STATE,675,CASES
1950,13,ALABAMA,AL,US,STATE,686,CASES
1950,14,ALABAMA,AL,US,STATE,488,CASES
1950,15,ALABAMA,AL,US,STATE,420,CASES
1950,16,ALABAMA,AL,US,STATE,263,CASES
1950,17,ALABAMA,AL,US,STATE,352,CASES
1950,18,ALABAMA,AL,US,STATE,81,CASES
1950,18,ALABAMA,AL,US,STATE,62,CASES
1950,20,ALABAMA,AL,US,STATE,62,CASES
1950,21,ALABAMA,AL,US,STATE,2,CASES
1950,22,ALABAMA,AL,US,STATE,18,CASES
1950,23,ALABAMA,AL,US,STATE,2,CASES
1950,24,ALABAMA,AL,US,STATE,12,CASES
1950,25,ALABAMA,AL,US,STATE,2,CASES
1950,26,ALABAMA,AL,US,STATE,1,CASES
1950,27,ALABAMA,AL,US,STATE,4,CASES
1950,28,ALABAMA,AL,US,STATE,4,CASES
1950,29,ALABAMA,AL,US,STATE,2,CASES
1950,30,ALABAMA,AL,US,STATE,2,CASES
1950,31,ALABAMA,AL,US,STATE,1,CASES
1950,32,ALABAMA,AL,US,STATE,3,CASES
1950,33,ALABAMA,AL,US,STATE,8,CASES
1950,34,ALABAMA,AL,US,STATE,8,CASES
1950,35,ALABAMA,AL,US,STATE,2,CASES
1950,36,ALABAMA,AL,US,STATE,12,CASES
1950,37,ALABAMA,AL,US,STATE,6,CASES
1950,38,ALABAMA,AL,US,STATE,8,CASES
1950,39,ALABAMA,AL,US,STATE,18,CASES
1950,40,ALABAMA,AL,US,STATE,12,CASES
1950,42,ALABAMA,AL,US,STATE,11,CASES
1950,43,ALABAMA,AL,US,STATE,15,CASES
1950,44,ALABAMA,AL,US,STATE,3,CASES
1950,45,ALABAMA,AL,US,STATE,5,CASES
1950,46,ALABAMA,AL,US,STATE,18,CASES
1950,47,ALABAMA,AL,US,STATE,13,CASES
1950,48,ALABAMA,AL,US,STATE,25,CASES
1950,49,ALABAMA,AL,US,STATE,17,CASES
1950,50,ALABAMA,AL,US,STATE,29,CASES
1950,51,ALABAMA,AL,US,STATE,29,CASES
1950,52,ALABAMA,AL,US,STATE,54,CASES
1951,3,ALABAMA,AL,US,STATE,250,CASES
1951,6,ALABAMA,AL,US,STATE,673,CASES
1951,7,ALABAMA,AL,US,STATE,1832,CASES
1951,8,ALABAMA,AL,US,STATE,1201,CASES
