year,week,loc,state,country,loc_type,number,event
1937,43,ARIZONA,AZ,US,STATE,12,CASES
1937,50,ARIZONA,AZ,US,STATE,16,CASES
1937,51,ARIZONA,AZ,US,STATE,13,CASES
1937,52,ARIZONA,AZ,US,STATE,9,CASES
1938,1,ARIZONA,AZ,US,STATE,19,CASES
1938,2,ARIZONA,AZ,US,STATE,37,CASES
1938,3,ARIZONA,AZ,US,STATE,15,CASES
1938,4,ARIZONA,AZ,US,STATE,55,CASES
1938,5,ARIZONA,AZ,US,STATE,37,CASES
1938,6,ARIZONA,AZ,US,STATE,45,CASES
1938,7,ARIZONA,AZ,US,STATE,19,CASES
1938,8,ARIZONA,AZ,US,STATE,43,CASES
1938,9,ARIZONA,AZ,US,STATE,40,CASES
1938,10,ARIZONA,AZ,US,STATE,42,CASES
1938,11,ARIZONA,AZ,US,STATE,20,CASES
1938,12,ARIZONA,AZ,US,STATE,50,CASES
1938,13,ARIZONA,AZ,US,STATE,37,CASES
1938,14,ARIZONA,AZ,US,STATE,61,CASES
1938,15,ARIZONA,AZ,US,STATE,69,CASES
1938,16,ARIZONA,AZ,US,STATE,46,CASES
1938,17,ARIZONA,AZ,US,STATE,65,CASES
1938,18,ARIZONA,AZ,US,STATE,44,CASES
1938,19,ARIZONA,AZ,US,STATE,24,CASES
1938,20,ARIZONA,AZ,US,STATE,50,CASES
1938,21,ARIZONA,AZ,US,STATE,41,CASES
1938,22,ARIZONA,AZ,US,STATE,24,CASES
1938,23,ARIZONA,AZ,US,STATE,17,CASES
1938,24,ARIZONA,AZ,US,STATE,23,CASES
1938,25,ARIZONA,AZ,US,STATE,570,CASES
1938,27,ARIZONA,AZ,US,STATE,620,CASES
1938,28,ARIZONA,AZ,US,STATE,228,CASES
1938,30,ARIZONA,AZ,US,STATE,202,CASES
1938,31,ARIZONA,AZ,US,STATE,202,CASES
1938,32,ARIZONA,AZ,US,STATE,278,CASES
1938,33,ARIZONA,AZ,US,STATE,304,CASES
1938,34,ARIZONA,AZ,US,STATE,215,CASES
1938,35,ARIZONA,AZ,US,STATE,177,CASES
1938,36,ARIZONA,AZ,US,STATE,51,CASES
1938,37,ARIZONA,AZ,US,STATE,51,CASES
1938,38,ARIZONA,AZ,US,STATE,10,CASES
1938,39,ARIZONA,AZ,US,STATE,8,CASES
1938,40,ARIZONA,AZ,US,STATE,152,CASES
1938,41,ARIZONA,AZ,US,STATE,10,CASES
1938,42,ARIZONA,AZ,US,STATE,139,CASES
1938,43,ARIZONA,AZ,US,STATE,3,CASES
1938,44,ARIZONA,AZ,US,STATE,101,CASES
1938,45,ARIZONA,AZ,US,STATE,1,CASES
1938,46,ARIZONA,AZ,US,STATE,25,CASES
1938,47,ARIZONA,AZ,US,STATE,25,CASES
1938,48,ARIZONA,AZ,US,STATE,25,CASES
1938,49,ARIZONA,AZ,US,STATE,51,CASES
1938,50,ARIZONA,AZ,US,STATE,63,CASES
1938,51,ARIZONA,AZ,US,STATE,11,CASES
1938,52,ARIZONA,AZ,US,STATE,4,CASES
1939,1,ARIZONA,AZ,US,STATE,221,CASES
1939,2,ARIZONA,AZ,US,STATE,74,CASES
1939,3,ARIZONA,AZ,US,STATE,37,CASES
1939,4,ARIZONA,AZ,US,STATE,98,CASES
1939,5,ARIZONA,AZ,US,STATE,17,CASES
1939,6,ARIZONA,AZ,US,STATE,5,CASES
1939,7,ARIZONA,AZ,US,STATE,5,CASES
1939,8,ARIZONA,AZ,US,STATE,36,CASES
1939,9,ARIZONA,AZ,US,STATE,19,CASES
1939,10,ARIZONA,AZ,US,STATE,47,CASES
1939,11,ARIZONA,AZ,US,STATE,25,CASES
1939,12,ARIZONA,AZ,US,STATE,27,CASES
1939,13,ARIZONA,AZ,US,STATE,11,CASES
1939,14,ARIZONA,AZ,US,STATE,6,CASES
1939,15,ARIZONA,AZ,US,STATE,24,CASES
1939,16,ARIZONA,AZ,US,STATE,294,CASES
1939,17,ARIZONA,AZ,US,STATE,184,CASES
1939,18,ARIZONA,AZ,US,STATE,13,CASES
1939,19,ARIZONA,AZ,US,STATE,98,CASES
1939,20,ARIZONA,AZ,US,STATE,135,CASES
1939,21,ARIZONA,AZ,US,STATE,18,CASES
1939,22,ARIZONA,AZ,US,STATE,5,CASES
1939,23,ARIZONA,AZ,US,STATE,14,CASES
1939,24,ARIZONA,AZ,US,STATE,417,CASES
1939,25,ARIZONA,AZ,US,STATE,31,CASES
1939,26,ARIZONA,AZ,US,STATE,26,CASES
1939,27,ARIZONA,AZ,US,STATE,98,CASES
1939,28,ARIZONA,AZ,US,STATE,0,CASES
1939,29,ARIZONA,AZ,US,STATE,17,CASES
1939,30,ARIZONA,AZ,US,STATE,3,CASES
1939,31,ARIZONA,AZ,US,STATE,6,CASES
1939,32,ARIZONA,AZ,US,STATE,74,CASES
1939,33,ARIZONA,AZ,US,STATE,38,CASES
1939,34,ARIZONA,AZ,US,STATE,60,CASES
1939,35,ARIZONA,AZ,US,STATE,1,CASES
1939,36,ARIZONA,AZ,US,STATE,61,CASES
1939,37,ARIZONA,AZ,US,STATE,15,CASES
1939,38,ARIZONA,AZ,US,STATE,233,CASES
1939,39,ARIZONA,AZ,US,STATE,282,CASES
1939,40,ARIZONA,AZ,US,STATE,196,CASES
1939,41,ARIZONA,AZ,US,STATE,86,CASES
1939,42,ARIZONA,AZ,US,STATE,9,CASES
1939,43,ARIZONA,AZ,US,STATE,123,CASES
1939,44,ARIZONA,AZ,US,STATE,8,CASES
1939,45,ARIZONA,AZ,US,STATE,1,CASES
1939,46,ARIZONA,AZ,US,STATE,61,CASES
1939,47,ARIZONA,AZ,US,STATE,15,CASES
1939,48,ARIZONA,AZ,US,STATE,37,CASES
1939,49,ARIZONA,AZ,US,STATE,25,CASES
1939,50,ARIZONA,AZ,US,STATE,12,CASES
1939,51,ARIZONA,AZ,US,STATE,10,CASES
1939,52,ARIZONA,AZ,US,STATE,49,CASES
1940,2,ARIZONA,AZ,US,STATE,37,CASES
1940,3,ARIZONA,AZ,US,STATE,15,CASES
1940,4,ARIZONA,AZ,US,STATE,12,CASES
1940,6,ARIZONA,AZ,US,STATE,26,CASES
1940,7,ARIZONA,AZ,US,STATE,12,CASES
1940,8,ARIZONA,AZ,US,STATE,23,CASES
1940,9,ARIZONA,AZ,US,STATE,28,CASES
1940,10,ARIZONA,AZ,US,STATE,44,CASES
1940,11,ARIZONA,AZ,US,STATE,14,CASES
1940,12,ARIZONA,AZ,US,STATE,25,CASES
1940,13,ARIZONA,AZ,US,STATE,29,CASES
1940,14,ARIZONA,AZ,US,STATE,30,CASES
1940,15,ARIZONA,AZ,US,STATE,37,CASES
1940,16,ARIZONA,AZ,US,STATE,36,CASES
1940,17,ARIZONA,AZ,US,STATE,31,CASES
1940,18,ARIZONA,AZ,US,STATE,11,CASES
1940,19,ARIZONA,AZ,US,STATE,38,CASES
1940,20,ARIZONA,AZ,US,STATE,23,CASES
1940,21,ARIZONA,AZ,US,STATE,75,CASES
1940,22,ARIZONA,AZ,US,STATE,42,CASES
1940,23,ARIZONA,AZ,US,STATE,29,CASES
1940,24,ARIZONA,AZ,US,STATE,48,CASES
1940,25,ARIZONA,AZ,US,STATE,11,CASES
1940,26,ARIZONA,AZ,US,STATE,34,CASES
1940,27,ARIZONA,AZ,US,STATE,3,CASES
1940,28,ARIZONA,AZ,US,STATE,0,CASES
1940,29,ARIZONA,AZ,US,STATE,13,CASES
1940,30,ARIZONA,AZ,US,STATE,7,CASES
1940,31,ARIZONA,AZ,US,STATE,17,CASES
1940,32,ARIZONA,AZ,US,STATE,5,CASES
1940,33,ARIZONA,AZ,US,STATE,7,CASES
1940,34,ARIZONA,AZ,US,STATE,5,CASES
1940,35,ARIZONA,AZ,US,STATE,14,CASES
1940,36,ARIZONA,AZ,US,STATE,2,CASES
1940,37,ARIZONA,AZ,US,STATE,3,CASES
1940,38,ARIZONA,AZ,US,STATE,8,CASES
1940,39,ARIZONA,AZ,US,STATE,12,CASES
1940,40,ARIZONA,AZ,US,STATE,9,CASES
1940,41,ARIZONA,AZ,US,STATE,2,CASES
1940,42,ARIZONA,AZ,US,STATE,12,CASES
1940,43,ARIZONA,AZ,US,STATE,11,CASES
1940,44,ARIZONA,AZ,US,STATE,2,CASES
1940,45,ARIZONA,AZ,US,STATE,9,CASES
1940,46,ARIZONA,AZ,US,STATE,10,CASES
1940,47,ARIZONA,AZ,US,STATE,2,CASES
1940,48,ARIZONA,AZ,US,STATE,9,CASES
1940,49,ARIZONA,AZ,US,STATE,19,CASES
1940,50,ARIZONA,AZ,US,STATE,11,CASES
1940,51,ARIZONA,AZ,US,STATE,1,CASES
1940,52,ARIZONA,AZ,US,STATE,14,CASES
1941,1,ARIZONA,AZ,US,STATE,20,CASES
1941,2,ARIZONA,AZ,US,STATE,26,CASES
1941,3,ARIZONA,AZ,US,STATE,29,CASES
1941,4,ARIZONA,AZ,US,STATE,10,CASES
1941,5,ARIZONA,AZ,US,STATE,26,CASES
1941,6,ARIZONA,AZ,US,STATE,5,CASES
1941,7,ARIZONA,AZ,US,STATE,33,CASES
1941,9,ARIZONA,AZ,US,STATE,2,CASES
1941,10,ARIZONA,AZ,US,STATE,17,CASES
1941,11,ARIZONA,AZ,US,STATE,20,CASES
1941,12,ARIZONA,AZ,US,STATE,42,CASES
1941,13,ARIZONA,AZ,US,STATE,40,CASES
1941,14,ARIZONA,AZ,US,STATE,38,CASES
1941,15,ARIZONA,AZ,US,STATE,21,CASES
1941,16,ARIZONA,AZ,US,STATE,26,CASES
1941,17,ARIZONA,AZ,US,STATE,34,CASES
1941,18,ARIZONA,AZ,US,STATE,43,CASES
1941,19,ARIZONA,AZ,US,STATE,28,CASES
1941,20,ARIZONA,AZ,US,STATE,43,CASES
1941,21,ARIZONA,AZ,US,STATE,35,CASES
1941,22,ARIZONA,AZ,US,STATE,18,CASES
1941,23,ARIZONA,AZ,US,STATE,40,CASES
1941,24,ARIZONA,AZ,US,STATE,52,CASES
1941,25,ARIZONA,AZ,US,STATE,55,CASES
1941,26,ARIZONA,AZ,US,STATE,12,CASES
1941,27,ARIZONA,AZ,US,STATE,31,CASES
1941,28,ARIZONA,AZ,US,STATE,14,CASES
1941,29,ARIZONA,AZ,US,STATE,24,CASES
1941,30,ARIZONA,AZ,US,STATE,25,CASES
1941,31,ARIZONA,AZ,US,STATE,16,CASES
1941,32,ARIZONA,AZ,US,STATE,14,CASES
1941,33,ARIZONA,AZ,US,STATE,33,CASES
1941,34,ARIZONA,AZ,US,STATE,17,CASES
1941,35,ARIZONA,AZ,US,STATE,7,CASES
1941,36,ARIZONA,AZ,US,STATE,7,CASES
1941,37,ARIZONA,AZ,US,STATE,14,CASES
1941,38,ARIZONA,AZ,US,STATE,13,CASES
1941,39,ARIZONA,AZ,US,STATE,13,CASES
1941,40,ARIZONA,AZ,US,STATE,4,CASES
1941,41,ARIZONA,AZ,US,STATE,16,CASES
1941,42,ARIZONA,AZ,US,STATE,5,CASES
1941,43,ARIZONA,AZ,US,STATE,3,CASES
1941,44,ARIZONA,AZ,US,STATE,10,CASES
1941,45,ARIZONA,AZ,US,STATE,25,CASES
1941,46,ARIZONA,AZ,US,STATE,3,CASES
1941,47,ARIZONA,AZ,US,STATE,10,CASES
1941,48,ARIZONA,AZ,US,STATE,14,CASES
1941,49,ARIZONA,AZ,US,STATE,11,CASES
1941,50,ARIZONA,AZ,US,STATE,60,CASES
1941,51,ARIZONA,AZ,US,STATE,23,CASES
1941,52,ARIZONA,AZ,US,STATE,51,CASES
1941,53,ARIZONA,AZ,US,STATE,9,CASES
1942,1,ARIZONA,AZ,US,STATE,21,CASES
1942,2,ARIZONA,AZ,US,STATE,24,CASES
1942,3,ARIZONA,AZ,US,STATE,54,CASES
1942,4,ARIZONA,AZ,US,STATE,83,CASES
1942,5,ARIZONA,AZ,US,STATE,72,CASES
1942,6,ARIZONA,AZ,US,STATE,56,CASES
1942,7,ARIZONA,AZ,US,STATE,81,CASES
1942,8,ARIZONA,AZ,US,STATE,46,CASES
1942,9,ARIZONA,AZ,US,STATE,62,CASES
1942,10,ARIZONA,AZ,US,STATE,20,CASES
1942,11,ARIZONA,AZ,US,STATE,81,CASES
1942,12,ARIZONA,AZ,US,STATE,60,CASES
1942,14,ARIZONA,AZ,US,STATE,46,CASES
1942,15,ARIZONA,AZ,US,STATE,54,CASES
1942,16,ARIZONA,AZ,US,STATE,21,CASES
1942,17,ARIZONA,AZ,US,STATE,24,CASES
1942,18,ARIZONA,AZ,US,STATE,26,CASES
1942,19,ARIZONA,AZ,US,STATE,36,CASES
1942,20,ARIZONA,AZ,US,STATE,13,CASES
1942,21,ARIZONA,AZ,US,STATE,18,CASES
1942,22,ARIZONA,AZ,US,STATE,14,CASES
1942,23,ARIZONA,AZ,US,STATE,10,CASES
1942,24,ARIZONA,AZ,US,STATE,11,CASES
1942,25,ARIZONA,AZ,US,STATE,12,CASES
1942,26,ARIZONA,AZ,US,STATE,23,CASES
1942,27,ARIZONA,AZ,US,STATE,6,CASES
1942,28,ARIZONA,AZ,US,STATE,14,CASES
1942,29,ARIZONA,AZ,US,STATE,3,CASES
1942,30,ARIZONA,AZ,US,STATE,10,CASES
1942,31,ARIZONA,AZ,US,STATE,12,CASES
1942,32,ARIZONA,AZ,US,STATE,11,CASES
1942,33,ARIZONA,AZ,US,STATE,7,CASES
1942,34,ARIZONA,AZ,US,STATE,12,CASES
1942,35,ARIZONA,AZ,US,STATE,6,CASES
1942,36,ARIZONA,AZ,US,STATE,3,CASES
1942,37,ARIZONA,AZ,US,STATE,7,CASES
1942,38,ARIZONA,AZ,US,STATE,15,CASES
1942,39,ARIZONA,AZ,US,STATE,3,CASES
1942,40,ARIZONA,AZ,US,STATE,6,CASES
1942,41,ARIZONA,AZ,US,STATE,1,CASES
1942,42,ARIZONA,AZ,US,STATE,2,CASES
1942,43,ARIZONA,AZ,US,STATE,3,CASES
1942,44,ARIZONA,AZ,US,STATE,2,CASES
1942,45,ARIZONA,AZ,US,STATE,9,CASES
1942,46,ARIZONA,AZ,US,STATE,1,CASES
1942,47,ARIZONA,AZ,US,STATE,4,CASES
1942,48,ARIZONA,AZ,US,STATE,9,CASES
1942,49,ARIZONA,AZ,US,STATE,32,CASES
1942,50,ARIZONA,AZ,US,STATE,1,CASES
1942,51,ARIZONA,AZ,US,STATE,0,CASES
1942,52,ARIZONA,AZ,US,STATE,7,CASES
1943,1,ARIZONA,AZ,US,STATE,37,CASES
1943,2,ARIZONA,AZ,US,STATE,19,CASES
1943,3,ARIZONA,AZ,US,STATE,9,CASES
1943,4,ARIZONA,AZ,US,STATE,14,CASES
1943,5,ARIZONA,AZ,US,STATE,1,CASES
1943,6,ARIZONA,AZ,US,STATE,16,CASES
1943,7,ARIZONA,AZ,US,STATE,16,CASES
1943,8,ARIZONA,AZ,US,STATE,15,CASES
1943,9,ARIZONA,AZ,US,STATE,17,CASES
1943,10,ARIZONA,AZ,US,STATE,12,CASES
1943,11,ARIZONA,AZ,US,STATE,23,CASES
1943,12,ARIZONA,AZ,US,STATE,19,CASES
1943,13,ARIZONA,AZ,US,STATE,29,CASES
1943,14,ARIZONA,AZ,US,STATE,35,CASES
1943,15,ARIZONA,AZ,US,STATE,18,CASES
1943,16,ARIZONA,AZ,US,STATE,13,CASES
1943,17,ARIZONA,AZ,US,STATE,19,CASES
1943,18,ARIZONA,AZ,US,STATE,32,CASES
1943,19,ARIZONA,AZ,US,STATE,9,CASES
1943,20,ARIZONA,AZ,US,STATE,18,CASES
1943,21,ARIZONA,AZ,US,STATE,23,CASES
1943,22,ARIZONA,AZ,US,STATE,23,CASES
1943,23,ARIZONA,AZ,US,STATE,23,CASES
1943,24,ARIZONA,AZ,US,STATE,23,CASES
1943,25,ARIZONA,AZ,US,STATE,27,CASES
1943,26,ARIZONA,AZ,US,STATE,19,CASES
1943,27,ARIZONA,AZ,US,STATE,24,CASES
1943,28,ARIZONA,AZ,US,STATE,30,CASES
1943,29,ARIZONA,AZ,US,STATE,30,CASES
1943,30,ARIZONA,AZ,US,STATE,10,CASES
1943,31,ARIZONA,AZ,US,STATE,15,CASES
1943,32,ARIZONA,AZ,US,STATE,13,CASES
1943,33,ARIZONA,AZ,US,STATE,11,CASES
1943,34,ARIZONA,AZ,US,STATE,13,CASES
1943,35,ARIZONA,AZ,US,STATE,13,CASES
1943,36,ARIZONA,AZ,US,STATE,3,CASES
1943,37,ARIZONA,AZ,US,STATE,19,CASES
1943,38,ARIZONA,AZ,US,STATE,10,CASES
1943,39,ARIZONA,AZ,US,STATE,9,CASES
1943,40,ARIZONA,AZ,US,STATE,15,CASES
1943,41,ARIZONA,AZ,US,STATE,8,CASES
1943,42,ARIZONA,AZ,US,STATE,7,CASES
1943,43,ARIZONA,AZ,US,STATE,15,CASES
1943,44,ARIZONA,AZ,US,STATE,11,CASES
1943,45,ARIZONA,AZ,US,STATE,18,CASES
1943,46,ARIZONA,AZ,US,STATE,36,CASES
1943,47,ARIZONA,AZ,US,STATE,23,CASES
1943,48,ARIZONA,AZ,US,STATE,31,CASES
1943,49,ARIZONA,AZ,US,STATE,14,CASES
1943,50,ARIZONA,AZ,US,STATE,16,CASES
1943,51,ARIZONA,AZ,US,STATE,20,CASES
1943,52,ARIZONA,AZ,US,STATE,20,CASES
1944,1,ARIZONA,AZ,US,STATE,22,CASES
1944,2,ARIZONA,AZ,US,STATE,18,CASES
1944,3,ARIZONA,AZ,US,STATE,24,CASES
1944,4,ARIZONA,AZ,US,STATE,31,CASES
1944,5,ARIZONA,AZ,US,STATE,18,CASES
1944,6,ARIZONA,AZ,US,STATE,39,CASES
1944,7,ARIZONA,AZ,US,STATE,15,CASES
1944,8,ARIZONA,AZ,US,STATE,29,CASES
1944,9,ARIZONA,AZ,US,STATE,42,CASES
1944,10,ARIZONA,AZ,US,STATE,43,CASES
1944,11,ARIZONA,AZ,US,STATE,31,CASES
1944,12,ARIZONA,AZ,US,STATE,31,CASES
1944,13,ARIZONA,AZ,US,STATE,52,CASES
1944,14,ARIZONA,AZ,US,STATE,29,CASES
1944,15,ARIZONA,AZ,US,STATE,26,CASES
1944,16,ARIZONA,AZ,US,STATE,16,CASES
1944,17,ARIZONA,AZ,US,STATE,15,CASES
1944,18,ARIZONA,AZ,US,STATE,14,CASES
1944,19,ARIZONA,AZ,US,STATE,10,CASES
1944,20,ARIZONA,AZ,US,STATE,9,CASES
1944,21,ARIZONA,AZ,US,STATE,16,CASES
1944,22,ARIZONA,AZ,US,STATE,22,CASES
1944,23,ARIZONA,AZ,US,STATE,8,CASES
1944,24,ARIZONA,AZ,US,STATE,4,CASES
1944,25,ARIZONA,AZ,US,STATE,13,CASES
1944,26,ARIZONA,AZ,US,STATE,12,CASES
1944,27,ARIZONA,AZ,US,STATE,17,CASES
1944,28,ARIZONA,AZ,US,STATE,14,CASES
1944,29,ARIZONA,AZ,US,STATE,19,CASES
1944,30,ARIZONA,AZ,US,STATE,21,CASES
1944,31,ARIZONA,AZ,US,STATE,14,CASES
1944,32,ARIZONA,AZ,US,STATE,20,CASES
1944,33,ARIZONA,AZ,US,STATE,9,CASES
1944,34,ARIZONA,AZ,US,STATE,70,CASES
1944,35,ARIZONA,AZ,US,STATE,26,CASES
1944,36,ARIZONA,AZ,US,STATE,3,CASES
1944,37,ARIZONA,AZ,US,STATE,10,CASES
1944,38,ARIZONA,AZ,US,STATE,16,CASES
1944,39,ARIZONA,AZ,US,STATE,2,CASES
1944,40,ARIZONA,AZ,US,STATE,9,CASES
1944,41,ARIZONA,AZ,US,STATE,3,CASES
1944,42,ARIZONA,AZ,US,STATE,20,CASES
1944,43,ARIZONA,AZ,US,STATE,7,CASES
1944,44,ARIZONA,AZ,US,STATE,3,CASES
1944,45,ARIZONA,AZ,US,STATE,14,CASES
1944,46,ARIZONA,AZ,US,STATE,39,CASES
1944,47,ARIZONA,AZ,US,STATE,3,CASES
1944,48,ARIZONA,AZ,US,STATE,11,CASES
1944,49,ARIZONA,AZ,US,STATE,7,CASES
1944,50,ARIZONA,AZ,US,STATE,10,CASES
1944,51,ARIZONA,AZ,US,STATE,4,CASES
1944,52,ARIZONA,AZ,US,STATE,7,CASES
1945,1,ARIZONA,AZ,US,STATE,5,CASES
1945,2,ARIZONA,AZ,US,STATE,9,CASES
1945,3,ARIZONA,AZ,US,STATE,19,CASES
1945,4,ARIZONA,AZ,US,STATE,15,CASES
1945,5,ARIZONA,AZ,US,STATE,27,CASES
1945,6,ARIZONA,AZ,US,STATE,29,CASES
1945,7,ARIZONA,AZ,US,STATE,25,CASES
1945,8,ARIZONA,AZ,US,STATE,53,CASES
1945,9,ARIZONA,AZ,US,STATE,23,CASES
1945,10,ARIZONA,AZ,US,STATE,21,CASES
1945,11,ARIZONA,AZ,US,STATE,20,CASES
1945,12,ARIZONA,AZ,US,STATE,34,CASES
1945,13,ARIZONA,AZ,US,STATE,19,CASES
1945,14,ARIZONA,AZ,US,STATE,24,CASES
1945,15,ARIZONA,AZ,US,STATE,33,CASES
1945,16,ARIZONA,AZ,US,STATE,54,CASES
1945,17,ARIZONA,AZ,US,STATE,35,CASES
1945,18,ARIZONA,AZ,US,STATE,27,CASES
1945,19,ARIZONA,AZ,US,STATE,28,CASES
1945,20,ARIZONA,AZ,US,STATE,28,CASES
1945,21,ARIZONA,AZ,US,STATE,15,CASES
1945,22,ARIZONA,AZ,US,STATE,15,CASES
1945,23,ARIZONA,AZ,US,STATE,11,CASES
1945,24,ARIZONA,AZ,US,STATE,4,CASES
1945,25,ARIZONA,AZ,US,STATE,23,CASES
1945,26,ARIZONA,AZ,US,STATE,11,CASES
1945,27,ARIZONA,AZ,US,STATE,29,CASES
1945,28,ARIZONA,AZ,US,STATE,14,CASES
1945,29,ARIZONA,AZ,US,STATE,15,CASES
1945,30,ARIZONA,AZ,US,STATE,19,CASES
1945,31,ARIZONA,AZ,US,STATE,10,CASES
1945,32,ARIZONA,AZ,US,STATE,5,CASES
1945,33,ARIZONA,AZ,US,STATE,1,CASES
1945,34,ARIZONA,AZ,US,STATE,11,CASES
1945,35,ARIZONA,AZ,US,STATE,4,CASES
1945,36,ARIZONA,AZ,US,STATE,4,CASES
1945,37,ARIZONA,AZ,US,STATE,3,CASES
1945,38,ARIZONA,AZ,US,STATE,17,CASES
1945,39,ARIZONA,AZ,US,STATE,3,CASES
1945,40,ARIZONA,AZ,US,STATE,14,CASES
1945,41,ARIZONA,AZ,US,STATE,7,CASES
1945,42,ARIZONA,AZ,US,STATE,11,CASES
1945,43,ARIZONA,AZ,US,STATE,11,CASES
1945,44,ARIZONA,AZ,US,STATE,5,CASES
1945,45,ARIZONA,AZ,US,STATE,6,CASES
1945,46,ARIZONA,AZ,US,STATE,1,CASES
1945,47,ARIZONA,AZ,US,STATE,1,CASES
1945,48,ARIZONA,AZ,US,STATE,9,CASES
1945,49,ARIZONA,AZ,US,STATE,6,CASES
1945,50,ARIZONA,AZ,US,STATE,6,CASES
1945,51,ARIZONA,AZ,US,STATE,9,CASES
1946,1,ARIZONA,AZ,US,STATE,10,CASES
1946,2,ARIZONA,AZ,US,STATE,4,CASES
1946,3,ARIZONA,AZ,US,STATE,14,CASES
1946,4,ARIZONA,AZ,US,STATE,11,CASES
1946,5,ARIZONA,AZ,US,STATE,13,CASES
1946,6,ARIZONA,AZ,US,STATE,11,CASES
1946,7,ARIZONA,AZ,US,STATE,16,CASES
1946,8,ARIZONA,AZ,US,STATE,4,CASES
1946,9,ARIZONA,AZ,US,STATE,16,CASES
1946,10,ARIZONA,AZ,US,STATE,21,CASES
1946,11,ARIZONA,AZ,US,STATE,34,CASES
1946,12,ARIZONA,AZ,US,STATE,17,CASES
1946,13,ARIZONA,AZ,US,STATE,15,CASES
1946,14,ARIZONA,AZ,US,STATE,7,CASES
1946,15,ARIZONA,AZ,US,STATE,14,CASES
1946,16,ARIZONA,AZ,US,STATE,28,CASES
1946,17,ARIZONA,AZ,US,STATE,14,CASES
1946,18,ARIZONA,AZ,US,STATE,9,CASES
1946,19,ARIZONA,AZ,US,STATE,32,CASES
1946,20,ARIZONA,AZ,US,STATE,9,CASES
1946,21,ARIZONA,AZ,US,STATE,41,CASES
1946,22,ARIZONA,AZ,US,STATE,24,CASES
1946,23,ARIZONA,AZ,US,STATE,17,CASES
1946,24,ARIZONA,AZ,US,STATE,10,CASES
1946,25,ARIZONA,AZ,US,STATE,11,CASES
1946,26,ARIZONA,AZ,US,STATE,7,CASES
1946,27,ARIZONA,AZ,US,STATE,12,CASES
1946,28,ARIZONA,AZ,US,STATE,14,CASES
1946,29,ARIZONA,AZ,US,STATE,5,CASES
1946,31,ARIZONA,AZ,US,STATE,5,CASES
1946,32,ARIZONA,AZ,US,STATE,1,CASES
1946,33,ARIZONA,AZ,US,STATE,4,CASES
1946,34,ARIZONA,AZ,US,STATE,7,CASES
1946,35,ARIZONA,AZ,US,STATE,4,CASES
1946,36,ARIZONA,AZ,US,STATE,2,CASES
1946,37,ARIZONA,AZ,US,STATE,3,CASES
1946,38,ARIZONA,AZ,US,STATE,6,CASES
1946,39,ARIZONA,AZ,US,STATE,3,CASES
1946,40,ARIZONA,AZ,US,STATE,10,CASES
1946,41,ARIZONA,AZ,US,STATE,8,CASES
1946,42,ARIZONA,AZ,US,STATE,41,CASES
1946,43,ARIZONA,AZ,US,STATE,6,CASES
1946,44,ARIZONA,AZ,US,STATE,8,CASES
1946,45,ARIZONA,AZ,US,STATE,17,CASES
1946,46,ARIZONA,AZ,US,STATE,8,CASES
1946,47,ARIZONA,AZ,US,STATE,15,CASES
1946,48,ARIZONA,AZ,US,STATE,17,CASES
1946,49,ARIZONA,AZ,US,STATE,6,CASES
1946,50,ARIZONA,AZ,US,STATE,13,CASES
1946,51,ARIZONA,AZ,US,STATE,55,CASES
1946,52,ARIZONA,AZ,US,STATE,14,CASES
1947,2,ARIZONA,AZ,US,STATE,18,CASES
1947,3,ARIZONA,AZ,US,STATE,20,CASES
1947,4,ARIZONA,AZ,US,STATE,15,CASES
1947,5,ARIZONA,AZ,US,STATE,31,CASES
1947,6,ARIZONA,AZ,US,STATE,34,CASES
1947,7,ARIZONA,AZ,US,STATE,29,CASES
1947,8,ARIZONA,AZ,US,STATE,14,CASES
1947,9,ARIZONA,AZ,US,STATE,17,CASES
1947,10,ARIZONA,AZ,US,STATE,25,CASES
1947,11,ARIZONA,AZ,US,STATE,12,CASES
1947,12,ARIZONA,AZ,US,STATE,9,CASES
1947,13,ARIZONA,AZ,US,STATE,16,CASES
1947,14,ARIZONA,AZ,US,STATE,23,CASES
1947,15,ARIZONA,AZ,US,STATE,12,CASES
1947,16,ARIZONA,AZ,US,STATE,19,CASES
1947,17,ARIZONA,AZ,US,STATE,56,CASES
1947,18,ARIZONA,AZ,US,STATE,34,CASES
1947,19,ARIZONA,AZ,US,STATE,44,CASES
1947,20,ARIZONA,AZ,US,STATE,41,CASES
1947,21,ARIZONA,AZ,US,STATE,51,CASES
1947,22,ARIZONA,AZ,US,STATE,53,CASES
1947,23,ARIZONA,AZ,US,STATE,29,CASES
1947,24,ARIZONA,AZ,US,STATE,22,CASES
1947,25,ARIZONA,AZ,US,STATE,28,CASES
1947,26,ARIZONA,AZ,US,STATE,8,CASES
1947,27,ARIZONA,AZ,US,STATE,11,CASES
1947,28,ARIZONA,AZ,US,STATE,17,CASES
1947,29,ARIZONA,AZ,US,STATE,26,CASES
1947,30,ARIZONA,AZ,US,STATE,46,CASES
1947,31,ARIZONA,AZ,US,STATE,32,CASES
1947,32,ARIZONA,AZ,US,STATE,18,CASES
1947,33,ARIZONA,AZ,US,STATE,18,CASES
1947,34,ARIZONA,AZ,US,STATE,24,CASES
1947,35,ARIZONA,AZ,US,STATE,15,CASES
1947,36,ARIZONA,AZ,US,STATE,18,CASES
1947,37,ARIZONA,AZ,US,STATE,14,CASES
1947,38,ARIZONA,AZ,US,STATE,26,CASES
1947,39,ARIZONA,AZ,US,STATE,19,CASES
1947,40,ARIZONA,AZ,US,STATE,23,CASES
1947,41,ARIZONA,AZ,US,STATE,11,CASES
1947,42,ARIZONA,AZ,US,STATE,9,CASES
1947,43,ARIZONA,AZ,US,STATE,13,CASES
1947,44,ARIZONA,AZ,US,STATE,13,CASES
1947,45,ARIZONA,AZ,US,STATE,22,CASES
1947,46,ARIZONA,AZ,US,STATE,10,CASES
1947,47,ARIZONA,AZ,US,STATE,22,CASES
1947,48,ARIZONA,AZ,US,STATE,17,CASES
1947,49,ARIZONA,AZ,US,STATE,16,CASES
1947,50,ARIZONA,AZ,US,STATE,39,CASES
1947,51,ARIZONA,AZ,US,STATE,16,CASES
1947,52,ARIZONA,AZ,US,STATE,19,CASES
1947,53,ARIZONA,AZ,US,STATE,36,CASES
1948,1,ARIZONA,AZ,US,STATE,29,CASES
1948,2,ARIZONA,AZ,US,STATE,29,CASES
1948,3,ARIZONA,AZ,US,STATE,35,CASES
1948,4,ARIZONA,AZ,US,STATE,39,CASES
1948,5,ARIZONA,AZ,US,STATE,44,CASES
1948,6,ARIZONA,AZ,US,STATE,22,CASES
1948,7,ARIZONA,AZ,US,STATE,50,CASES
1948,8,ARIZONA,AZ,US,STATE,60,CASES
1948,9,ARIZONA,AZ,US,STATE,49,CASES
1948,10,ARIZONA,AZ,US,STATE,96,CASES
1948,11,ARIZONA,AZ,US,STATE,65,CASES
1948,12,ARIZONA,AZ,US,STATE,64,CASES
1948,13,ARIZONA,AZ,US,STATE,35,CASES
1948,14,ARIZONA,AZ,US,STATE,54,CASES
1948,15,ARIZONA,AZ,US,STATE,68,CASES
1948,16,ARIZONA,AZ,US,STATE,39,CASES
1948,17,ARIZONA,AZ,US,STATE,27,CASES
1948,18,ARIZONA,AZ,US,STATE,30,CASES
1948,19,ARIZONA,AZ,US,STATE,35,CASES
1948,20,ARIZONA,AZ,US,STATE,29,CASES
1948,21,ARIZONA,AZ,US,STATE,36,CASES
1948,22,ARIZONA,AZ,US,STATE,18,CASES
1948,23,ARIZONA,AZ,US,STATE,32,CASES
1948,24,ARIZONA,AZ,US,STATE,36,CASES
1948,25,ARIZONA,AZ,US,STATE,14,CASES
1948,26,ARIZONA,AZ,US,STATE,37,CASES
1948,27,ARIZONA,AZ,US,STATE,7,CASES
1948,29,ARIZONA,AZ,US,STATE,13,CASES
1948,30,ARIZONA,AZ,US,STATE,7,CASES
1948,31,ARIZONA,AZ,US,STATE,11,CASES
1948,32,ARIZONA,AZ,US,STATE,18,CASES
1948,33,ARIZONA,AZ,US,STATE,17,CASES
1948,34,ARIZONA,AZ,US,STATE,5,CASES
1948,35,ARIZONA,AZ,US,STATE,12,CASES
1948,37,ARIZONA,AZ,US,STATE,1,CASES
1948,38,ARIZONA,AZ,US,STATE,4,CASES
1948,39,ARIZONA,AZ,US,STATE,3,CASES
1948,40,ARIZONA,AZ,US,STATE,4,CASES
1948,41,ARIZONA,AZ,US,STATE,4,CASES
1948,42,ARIZONA,AZ,US,STATE,5,CASES
1948,43,ARIZONA,AZ,US,STATE,2,CASES
1948,44,ARIZONA,AZ,US,STATE,3,CASES
1948,46,ARIZONA,AZ,US,STATE,10,CASES
1948,47,ARIZONA,AZ,US,STATE,6,CASES
1948,48,ARIZONA,AZ,US,STATE,3,CASES
1948,49,ARIZONA,AZ,US,STATE,2,CASES
1948,50,ARIZONA,AZ,US,STATE,8,CASES
1948,51,ARIZONA,AZ,US,STATE,6,CASES
1948,52,ARIZONA,AZ,US,STATE,6,CASES
1949,1,ARIZONA,AZ,US,STATE,5,CASES
1949,2,ARIZONA,AZ,US,STATE,13,CASES
1949,3,ARIZONA,AZ,US,STATE,8,CASES
1949,4,ARIZONA,AZ,US,STATE,20,CASES
1949,5,ARIZONA,AZ,US,STATE,10,CASES
1949,6,ARIZONA,AZ,US,STATE,13,CASES
1949,7,ARIZONA,AZ,US,STATE,10,CASES
1949,8,ARIZONA,AZ,US,STATE,17,CASES
1949,9,ARIZONA,AZ,US,STATE,21,CASES
1949,10,ARIZONA,AZ,US,STATE,18,CASES
1949,11,ARIZONA,AZ,US,STATE,12,CASES
1949,12,ARIZONA,AZ,US,STATE,11,CASES
1949,13,ARIZONA,AZ,US,STATE,8,CASES
1949,14,ARIZONA,AZ,US,STATE,2,CASES
1949,15,ARIZONA,AZ,US,STATE,3,CASES
1949,16,ARIZONA,AZ,US,STATE,19,CASES
1949,17,ARIZONA,AZ,US,STATE,6,CASES
1949,18,ARIZONA,AZ,US,STATE,12,CASES
1949,19,ARIZONA,AZ,US,STATE,6,CASES
1949,20,ARIZONA,AZ,US,STATE,6,CASES
1949,21,ARIZONA,AZ,US,STATE,15,CASES
1949,22,ARIZONA,AZ,US,STATE,7,CASES
1949,23,ARIZONA,AZ,US,STATE,5,CASES
1949,24,ARIZONA,AZ,US,STATE,4,CASES
1949,25,ARIZONA,AZ,US,STATE,4,CASES
1949,26,ARIZONA,AZ,US,STATE,14,CASES
1949,27,ARIZONA,AZ,US,STATE,8,CASES
1949,28,ARIZONA,AZ,US,STATE,18,CASES
1949,29,ARIZONA,AZ,US,STATE,11,CASES
1949,30,ARIZONA,AZ,US,STATE,1,CASES
1949,31,ARIZONA,AZ,US,STATE,7,CASES
1949,32,ARIZONA,AZ,US,STATE,11,CASES
1949,33,ARIZONA,AZ,US,STATE,11,CASES
1949,34,ARIZONA,AZ,US,STATE,16,CASES
1949,35,ARIZONA,AZ,US,STATE,11,CASES
1949,36,ARIZONA,AZ,US,STATE,11,CASES
1949,37,ARIZONA,AZ,US,STATE,12,CASES
1949,38,ARIZONA,AZ,US,STATE,5,CASES
1949,39,ARIZONA,AZ,US,STATE,5,CASES
1949,40,ARIZONA,AZ,US,STATE,10,CASES
1949,41,ARIZONA,AZ,US,STATE,4,CASES
1949,42,ARIZONA,AZ,US,STATE,10,CASES
1949,43,ARIZONA,AZ,US,STATE,4,CASES
1949,44,ARIZONA,AZ,US,STATE,5,CASES
1949,45,ARIZONA,AZ,US,STATE,4,CASES
1949,46,ARIZONA,AZ,US,STATE,25,CASES
1949,47,ARIZONA,AZ,US,STATE,18,CASES
1949,48,ARIZONA,AZ,US,STATE,23,CASES
1949,49,ARIZONA,AZ,US,STATE,26,CASES
1949,50,ARIZONA,AZ,US,STATE,20,CASES
1949,51,ARIZONA,AZ,US,STATE,7,CASES
1949,52,ARIZONA,AZ,US,STATE,11,CASES
1950,2,ARIZONA,AZ,US,STATE,49,CASES
1950,3,ARIZONA,AZ,US,STATE,24,CASES
1950,4,ARIZONA,AZ,US,STATE,26,CASES
1950,5,ARIZONA,AZ,US,STATE,29,CASES
1950,6,ARIZONA,AZ,US,STATE,78,CASES
1950,7,ARIZONA,AZ,US,STATE,17,CASES
1950,8,ARIZONA,AZ,US,STATE,51,CASES
1950,9,ARIZONA,AZ,US,STATE,84,CASES
1950,10,ARIZONA,AZ,US,STATE,80,CASES
1950,11,ARIZONA,AZ,US,STATE,56,CASES
1950,12,ARIZONA,AZ,US,STATE,39,CASES
1950,13,ARIZONA,AZ,US,STATE,85,CASES
1950,14,ARIZONA,AZ,US,STATE,53,CASES
1950,15,ARIZONA,AZ,US,STATE,30,CASES
1950,16,ARIZONA,AZ,US,STATE,49,CASES
1950,17,ARIZONA,AZ,US,STATE,43,CASES
1950,18,ARIZONA,AZ,US,STATE,63,CASES
1950,18,ARIZONA,AZ,US,STATE,21,CASES
1950,20,ARIZONA,AZ,US,STATE,66,CASES
1950,21,ARIZONA,AZ,US,STATE,36,CASES
1950,22,ARIZONA,AZ,US,STATE,35,CASES
1950,23,ARIZONA,AZ,US,STATE,38,CASES
1950,24,ARIZONA,AZ,US,STATE,45,CASES
1950,25,ARIZONA,AZ,US,STATE,53,CASES
1950,26,ARIZONA,AZ,US,STATE,36,CASES
1950,27,ARIZONA,AZ,US,STATE,37,CASES
1950,28,ARIZONA,AZ,US,STATE,31,CASES
1950,29,ARIZONA,AZ,US,STATE,41,CASES
1950,30,ARIZONA,AZ,US,STATE,57,CASES
1950,31,ARIZONA,AZ,US,STATE,29,CASES
1950,32,ARIZONA,AZ,US,STATE,30,CASES
1950,33,ARIZONA,AZ,US,STATE,32,CASES
1950,34,ARIZONA,AZ,US,STATE,27,CASES
1950,35,ARIZONA,AZ,US,STATE,17,CASES
1950,36,ARIZONA,AZ,US,STATE,17,CASES
1950,37,ARIZONA,AZ,US,STATE,8,CASES
1950,38,ARIZONA,AZ,US,STATE,28,CASES
1950,39,ARIZONA,AZ,US,STATE,38,CASES
1950,40,ARIZONA,AZ,US,STATE,7,CASES
1950,41,ARIZONA,AZ,US,STATE,7,CASES
1950,42,ARIZONA,AZ,US,STATE,30,CASES
1950,43,ARIZONA,AZ,US,STATE,32,CASES
1950,44,ARIZONA,AZ,US,STATE,29,CASES
1950,45,ARIZONA,AZ,US,STATE,64,CASES
1950,46,ARIZONA,AZ,US,STATE,43,CASES
1950,47,ARIZONA,AZ,US,STATE,49,CASES
1950,48,ARIZONA,AZ,US,STATE,48,CASES
1950,49,ARIZONA,AZ,US,STATE,31,CASES
1950,50,ARIZONA,AZ,US,STATE,16,CASES
1950,51,ARIZONA,AZ,US,STATE,45,CASES
1950,52,ARIZONA,AZ,US,STATE,37,CASES
1951,1,ARIZONA,AZ,US,STATE,84,CASES
1951,2,ARIZONA,AZ,US,STATE,37,CASES
1951,3,ARIZONA,AZ,US,STATE,39,CASES
1951,4,ARIZONA,AZ,US,STATE,25,CASES
1951,5,ARIZONA,AZ,US,STATE,66,CASES
1951,6,ARIZONA,AZ,US,STATE,62,CASES
1951,7,ARIZONA,AZ,US,STATE,45,CASES
1951,8,ARIZONA,AZ,US,STATE,43,CASES
1951,9,ARIZONA,AZ,US,STATE,56,CASES
1951,10,ARIZONA,AZ,US,STATE,96,CASES
1951,11,ARIZONA,AZ,US,STATE,59,CASES
1951,12,ARIZONA,AZ,US,STATE,139,CASES
1951,13,ARIZONA,AZ,US,STATE,58,CASES
1951,14,ARIZONA,AZ,US,STATE,59,CASES
1951,15,ARIZONA,AZ,US,STATE,51,CASES
1951,16,ARIZONA,AZ,US,STATE,62,CASES
1951,17,ARIZONA,AZ,US,STATE,57,CASES
1951,18,ARIZONA,AZ,US,STATE,55,CASES
1951,19,ARIZONA,AZ,US,STATE,42,CASES
1951,20,ARIZONA,AZ,US,STATE,57,CASES
1951,21,ARIZONA,AZ,US,STATE,56,CASES
1951,23,ARIZONA,AZ,US,STATE,49,CASES
1951,24,ARIZONA,AZ,US,STATE,36,CASES
1951,25,ARIZONA,AZ,US,STATE,43,CASES
1951,26,ARIZONA,AZ,US,STATE,21,CASES
1951,27,ARIZONA,AZ,US,STATE,42,CASES
1951,28,ARIZONA,AZ,US,STATE,20,CASES
1951,29,ARIZONA,AZ,US,STATE,24,CASES
1951,30,ARIZONA,AZ,US,STATE,23,CASES
1951,31,ARIZONA,AZ,US,STATE,42,CASES
1951,33,ARIZONA,AZ,US,STATE,27,CASES
1951,34,ARIZONA,AZ,US,STATE,14,CASES
1951,35,ARIZONA,AZ,US,STATE,10,CASES
1951,36,ARIZONA,AZ,US,STATE,8,CASES
1951,37,ARIZONA,AZ,US,STATE,4,CASES
1951,38,ARIZONA,AZ,US,STATE,13,CASES
1951,39,ARIZONA,AZ,US,STATE,22,CASES
1951,40,ARIZONA,AZ,US,STATE,12,CASES
1951,41,ARIZONA,AZ,US,STATE,15,CASES
1951,42,ARIZONA,AZ,US,STATE,9,CASES
1951,43,ARIZONA,AZ,US,STATE,12,CASES
1951,44,ARIZONA,AZ,US,STATE,5,CASES
1951,45,ARIZONA,AZ,US,STATE,19,CASES
1951,46,ARIZONA,AZ,US,STATE,9,CASES
1951,47,ARIZONA,AZ,US,STATE,10,CASES
1951,48,ARIZONA,AZ,US,STATE,20,CASES
1951,49,ARIZONA,AZ,US,STATE,4,CASES
1952,1,ARIZONA,AZ,US,STATE,15,CASES
1952,2,ARIZONA,AZ,US,STATE,7,CASES
1952,3,ARIZONA,AZ,US,STATE,14,CASES
1952,4,ARIZONA,AZ,US,STATE,36,CASES
1952,5,ARIZONA,AZ,US,STATE,25,CASES
1952,6,ARIZONA,AZ,US,STATE,11,CASES
1952,7,ARIZONA,AZ,US,STATE,22,CASES
1952,8,ARIZONA,AZ,US,STATE,22,CASES
1952,9,ARIZONA,AZ,US,STATE,32,CASES
1952,10,ARIZONA,AZ,US,STATE,36,CASES
1952,11,ARIZONA,AZ,US,STATE,56,CASES
1952,12,ARIZONA,AZ,US,STATE,48,CASES
1952,13,ARIZONA,AZ,US,STATE,57,CASES
1952,14,ARIZONA,AZ,US,STATE,69,CASES
1952,15,ARIZONA,AZ,US,STATE,43,CASES
1952,16,ARIZONA,AZ,US,STATE,58,CASES
1952,17,ARIZONA,AZ,US,STATE,28,CASES
1952,18,ARIZONA,AZ,US,STATE,25,CASES
1952,19,ARIZONA,AZ,US,STATE,36,CASES
1952,20,ARIZONA,AZ,US,STATE,24,CASES
1952,21,ARIZONA,AZ,US,STATE,36,CASES
1952,22,ARIZONA,AZ,US,STATE,40,CASES
1952,23,ARIZONA,AZ,US,STATE,51,CASES
1952,24,ARIZONA,AZ,US,STATE,45,CASES
1952,25,ARIZONA,AZ,US,STATE,63,CASES
1952,26,ARIZONA,AZ,US,STATE,96,CASES
1952,27,ARIZONA,AZ,US,STATE,72,CASES
1952,28,ARIZONA,AZ,US,STATE,72,CASES
1952,30,ARIZONA,AZ,US,STATE,44,CASES
1952,31,ARIZONA,AZ,US,STATE,47,CASES
1952,32,ARIZONA,AZ,US,STATE,27,CASES
1952,33,ARIZONA,AZ,US,STATE,29,CASES
1952,35,ARIZONA,AZ,US,STATE,13,CASES
1952,36,ARIZONA,AZ,US,STATE,26,CASES
1952,38,ARIZONA,AZ,US,STATE,21,CASES
1952,39,ARIZONA,AZ,US,STATE,11,CASES
1952,40,ARIZONA,AZ,US,STATE,24,CASES
1952,41,ARIZONA,AZ,US,STATE,17,CASES
1952,42,ARIZONA,AZ,US,STATE,19,CASES
1952,43,ARIZONA,AZ,US,STATE,23,CASES
1952,44,ARIZONA,AZ,US,STATE,22,CASES
1952,45,ARIZONA,AZ,US,STATE,19,CASES
1952,46,ARIZONA,AZ,US,STATE,22,CASES
1952,47,ARIZONA,AZ,US,STATE,12,CASES
1952,48,ARIZONA,AZ,US,STATE,33,CASES
1952,49,ARIZONA,AZ,US,STATE,38,CASES
1952,50,ARIZONA,AZ,US,STATE,20,CASES
1952,51,ARIZONA,AZ,US,STATE,18,CASES
1953,1,ARIZONA,AZ,US,STATE,29,CASES
1952,53,ARIZONA,AZ,US,STATE,15,CASES
1953,2,ARIZONA,AZ,US,STATE,16,CASES
1953,3,ARIZONA,AZ,US,STATE,1,CASES
1952,53,ARIZONA,AZ,US,STATE,14,CASES
1953,4,ARIZONA,AZ,US,STATE,2,CASES
1953,5,ARIZONA,AZ,US,STATE,3,CASES
1953,6,ARIZONA,AZ,US,STATE,5,CASES
1953,7,ARIZONA,AZ,US,STATE,6,CASES
1953,8,ARIZONA,AZ,US,STATE,2,CASES
1953,9,ARIZONA,AZ,US,STATE,14,CASES
1953,10,ARIZONA,AZ,US,STATE,5,CASES
1953,11,ARIZONA,AZ,US,STATE,2,CASES
1953,12,ARIZONA,AZ,US,STATE,10,CASES
1953,13,ARIZONA,AZ,US,STATE,1,CASES
1953,14,ARIZONA,AZ,US,STATE,10,CASES
1953,15,ARIZONA,AZ,US,STATE,9,CASES
1953,16,ARIZONA,AZ,US,STATE,8,CASES
1953,17,ARIZONA,AZ,US,STATE,2,CASES
1953,18,ARIZONA,AZ,US,STATE,4,CASES
1953,19,ARIZONA,AZ,US,STATE,2,CASES
1953,20,ARIZONA,AZ,US,STATE,13,CASES
1953,21,ARIZONA,AZ,US,STATE,3,CASES
1953,22,ARIZONA,AZ,US,STATE,2,CASES
1953,23,ARIZONA,AZ,US,STATE,6,CASES
1953,24,ARIZONA,AZ,US,STATE,4,CASES
1953,25,ARIZONA,AZ,US,STATE,14,CASES
1953,26,ARIZONA,AZ,US,STATE,2,CASES
1953,27,ARIZONA,AZ,US,STATE,13,CASES
1953,28,ARIZONA,AZ,US,STATE,2,CASES
1953,29,ARIZONA,AZ,US,STATE,2,CASES
1953,31,ARIZONA,AZ,US,STATE,8,CASES
1953,34,ARIZONA,AZ,US,STATE,1,CASES
1953,36,ARIZONA,AZ,US,STATE,2,CASES
1953,39,ARIZONA,AZ,US,STATE,4,CASES
1953,40,ARIZONA,AZ,US,STATE,8,CASES
1953,42,ARIZONA,AZ,US,STATE,2,CASES
1953,43,ARIZONA,AZ,US,STATE,5,CASES
1953,45,ARIZONA,AZ,US,STATE,1,CASES
1953,46,ARIZONA,AZ,US,STATE,4,CASES
1953,47,ARIZONA,AZ,US,STATE,14,CASES
1953,48,ARIZONA,AZ,US,STATE,3,CASES
1953,49,ARIZONA,AZ,US,STATE,1,CASES
1953,50,ARIZONA,AZ,US,STATE,4,CASES
1954,1,ARIZONA,AZ,US,STATE,11,CASES
1954,2,ARIZONA,AZ,US,STATE,10,CASES
1954,3,ARIZONA,AZ,US,STATE,25,CASES
1954,4,ARIZONA,AZ,US,STATE,18,CASES
1954,5,ARIZONA,AZ,US,STATE,8,CASES
1954,6,ARIZONA,AZ,US,STATE,37,CASES
1954,7,ARIZONA,AZ,US,STATE,7,CASES
1954,8,ARIZONA,AZ,US,STATE,16,CASES
1954,9,ARIZONA,AZ,US,STATE,16,CASES
1954,10,ARIZONA,AZ,US,STATE,24,CASES
1954,11,ARIZONA,AZ,US,STATE,25,CASES
1954,12,ARIZONA,AZ,US,STATE,56,CASES
1954,13,ARIZONA,AZ,US,STATE,6,CASES
1954,14,ARIZONA,AZ,US,STATE,12,CASES
1954,15,ARIZONA,AZ,US,STATE,18,CASES
1954,16,ARIZONA,AZ,US,STATE,4,CASES
1954,17,ARIZONA,AZ,US,STATE,10,CASES
1954,18,ARIZONA,AZ,US,STATE,11,CASES
1954,19,ARIZONA,AZ,US,STATE,19,CASES
1954,20,ARIZONA,AZ,US,STATE,22,CASES
1954,21,ARIZONA,AZ,US,STATE,18,CASES
1954,22,ARIZONA,AZ,US,STATE,9,CASES
1954,23,ARIZONA,AZ,US,STATE,13,CASES
1954,24,ARIZONA,AZ,US,STATE,16,CASES
1954,25,ARIZONA,AZ,US,STATE,4,CASES
1954,26,ARIZONA,AZ,US,STATE,11,CASES
1954,27,ARIZONA,AZ,US,STATE,10,CASES
1954,28,ARIZONA,AZ,US,STATE,11,CASES
1954,29,ARIZONA,AZ,US,STATE,7,CASES
1954,30,ARIZONA,AZ,US,STATE,22,CASES
1954,31,ARIZONA,AZ,US,STATE,9,CASES
1954,32,ARIZONA,AZ,US,STATE,8,CASES
1954,33,ARIZONA,AZ,US,STATE,14,CASES
1954,34,ARIZONA,AZ,US,STATE,7,CASES
1954,35,ARIZONA,AZ,US,STATE,14,CASES
1954,36,ARIZONA,AZ,US,STATE,11,CASES
1954,37,ARIZONA,AZ,US,STATE,21,CASES
1954,38,ARIZONA,AZ,US,STATE,21,CASES
1954,39,ARIZONA,AZ,US,STATE,13,CASES
1954,40,ARIZONA,AZ,US,STATE,13,CASES
1954,41,ARIZONA,AZ,US,STATE,12,CASES
1954,42,ARIZONA,AZ,US,STATE,7,CASES
1954,43,ARIZONA,AZ,US,STATE,6,CASES
1954,44,ARIZONA,AZ,US,STATE,16,CASES
1954,45,ARIZONA,AZ,US,STATE,13,CASES
1954,46,ARIZONA,AZ,US,STATE,17,CASES
1954,47,ARIZONA,AZ,US,STATE,26,CASES
1954,48,ARIZONA,AZ,US,STATE,27,CASES
1954,49,ARIZONA,AZ,US,STATE,41,CASES
1954,50,ARIZONA,AZ,US,STATE,30,CASES
1954,51,ARIZONA,AZ,US,STATE,21,CASES
1954,52,ARIZONA,AZ,US,STATE,16,CASES
1955,1,ARIZONA,AZ,US,STATE,29,CASES
1955,2,ARIZONA,AZ,US,STATE,19,CASES
1955,3,ARIZONA,AZ,US,STATE,29,CASES
1955,4,ARIZONA,AZ,US,STATE,43,CASES
1955,5,ARIZONA,AZ,US,STATE,45,CASES
1955,6,ARIZONA,AZ,US,STATE,27,CASES
1955,7,ARIZONA,AZ,US,STATE,22,CASES
1955,8,ARIZONA,AZ,US,STATE,25,CASES
1955,9,ARIZONA,AZ,US,STATE,22,CASES
1955,10,ARIZONA,AZ,US,STATE,38,CASES
1955,11,ARIZONA,AZ,US,STATE,31,CASES
1955,12,ARIZONA,AZ,US,STATE,29,CASES
1955,13,ARIZONA,AZ,US,STATE,17,CASES
1955,14,ARIZONA,AZ,US,STATE,63,CASES
1955,15,ARIZONA,AZ,US,STATE,59,CASES
1955,16,ARIZONA,AZ,US,STATE,85,CASES
1955,17,ARIZONA,AZ,US,STATE,56,CASES
1955,18,ARIZONA,AZ,US,STATE,52,CASES
1955,19,ARIZONA,AZ,US,STATE,33,CASES
1955,20,ARIZONA,AZ,US,STATE,93,CASES
1955,21,ARIZONA,AZ,US,STATE,53,CASES
1955,22,ARIZONA,AZ,US,STATE,44,CASES
1955,23,ARIZONA,AZ,US,STATE,67,CASES
1955,24,ARIZONA,AZ,US,STATE,72,CASES
1955,25,ARIZONA,AZ,US,STATE,36,CASES
1955,26,ARIZONA,AZ,US,STATE,40,CASES
1955,27,ARIZONA,AZ,US,STATE,41,CASES
1955,28,ARIZONA,AZ,US,STATE,30,CASES
1955,29,ARIZONA,AZ,US,STATE,12,CASES
1955,30,ARIZONA,AZ,US,STATE,31,CASES
1955,31,ARIZONA,AZ,US,STATE,25,CASES
1955,32,ARIZONA,AZ,US,STATE,7,CASES
1955,33,ARIZONA,AZ,US,STATE,12,CASES
1955,34,ARIZONA,AZ,US,STATE,23,CASES
1955,35,ARIZONA,AZ,US,STATE,17,CASES
1955,36,ARIZONA,AZ,US,STATE,11,CASES
1955,37,ARIZONA,AZ,US,STATE,12,CASES
1955,38,ARIZONA,AZ,US,STATE,21,CASES
1955,39,ARIZONA,AZ,US,STATE,12,CASES
1955,40,ARIZONA,AZ,US,STATE,11,CASES
1955,41,ARIZONA,AZ,US,STATE,18,CASES
1955,42,ARIZONA,AZ,US,STATE,11,CASES
1955,43,ARIZONA,AZ,US,STATE,12,CASES
1955,44,ARIZONA,AZ,US,STATE,5,CASES
1955,45,ARIZONA,AZ,US,STATE,17,CASES
1955,46,ARIZONA,AZ,US,STATE,20,CASES
1955,47,ARIZONA,AZ,US,STATE,26,CASES
1955,48,ARIZONA,AZ,US,STATE,15,CASES
1955,49,ARIZONA,AZ,US,STATE,32,CASES
1955,50,ARIZONA,AZ,US,STATE,22,CASES
1955,51,ARIZONA,AZ,US,STATE,17,CASES
1978,10,ARIZONA,AZ,US,STATE,1,CASES
1978,18,ARIZONA,AZ,US,STATE,3,CASES
1978,19,ARIZONA,AZ,US,STATE,1,CASES
1978,24,ARIZONA,AZ,US,STATE,3,CASES
1978,29,ARIZONA,AZ,US,STATE,1,CASES
1978,30,ARIZONA,AZ,US,STATE,1,CASES
1978,31,ARIZONA,AZ,US,STATE,3,CASES
1978,32,ARIZONA,AZ,US,STATE,1,CASES
1978,34,ARIZONA,AZ,US,STATE,1,CASES
1978,36,ARIZONA,AZ,US,STATE,1,CASES
1978,38,ARIZONA,AZ,US,STATE,2,CASES
1978,40,ARIZONA,AZ,US,STATE,2,CASES
1978,44,ARIZONA,AZ,US,STATE,3,CASES
1979,4,ARIZONA,AZ,US,STATE,1,CASES
1979,6,ARIZONA,AZ,US,STATE,1,CASES
1979,7,ARIZONA,AZ,US,STATE,1,CASES
1979,8,ARIZONA,AZ,US,STATE,1,CASES
1979,10,ARIZONA,AZ,US,STATE,1,CASES
1979,14,ARIZONA,AZ,US,STATE,2,CASES
1979,15,ARIZONA,AZ,US,STATE,1,CASES
1979,17,ARIZONA,AZ,US,STATE,1,CASES
1979,19,ARIZONA,AZ,US,STATE,4,CASES
1979,20,ARIZONA,AZ,US,STATE,2,CASES
1979,21,ARIZONA,AZ,US,STATE,1,CASES
1979,29,ARIZONA,AZ,US,STATE,1,CASES
1979,31,ARIZONA,AZ,US,STATE,1,CASES
1979,36,ARIZONA,AZ,US,STATE,4,CASES
1979,42,ARIZONA,AZ,US,STATE,2,CASES
1979,49,ARIZONA,AZ,US,STATE,4,CASES
1979,52,ARIZONA,AZ,US,STATE,1,CASES
1980,4,ARIZONA,AZ,US,STATE,1,CASES
1980,16,ARIZONA,AZ,US,STATE,2,CASES
1980,21,ARIZONA,AZ,US,STATE,1,CASES
1980,29,ARIZONA,AZ,US,STATE,6,CASES
1980,31,ARIZONA,AZ,US,STATE,1,CASES
1980,33,ARIZONA,AZ,US,STATE,2,CASES
1980,38,ARIZONA,AZ,US,STATE,2,CASES
1980,45,ARIZONA,AZ,US,STATE,6,CASES
1980,53,ARIZONA,AZ,US,STATE,5,CASES
1981,22,ARIZONA,AZ,US,STATE,1,CASES
1981,28,ARIZONA,AZ,US,STATE,3,CASES
1981,30,ARIZONA,AZ,US,STATE,2,CASES
1981,34,ARIZONA,AZ,US,STATE,1,CASES
1981,36,ARIZONA,AZ,US,STATE,1,CASES
1981,45,ARIZONA,AZ,US,STATE,2,CASES
1981,46,ARIZONA,AZ,US,STATE,1,CASES
1981,52,ARIZONA,AZ,US,STATE,1,CASES
1982,1,ARIZONA,AZ,US,STATE,1,CASES
1982,6,ARIZONA,AZ,US,STATE,1,CASES
1982,7,ARIZONA,AZ,US,STATE,2,CASES
1982,15,ARIZONA,AZ,US,STATE,2,CASES
1982,22,ARIZONA,AZ,US,STATE,2,CASES
1982,25,ARIZONA,AZ,US,STATE,4,CASES
1982,32,ARIZONA,AZ,US,STATE,4,CASES
1983,10,ARIZONA,AZ,US,STATE,2,CASES
1983,11,ARIZONA,AZ,US,STATE,3,CASES
1983,12,ARIZONA,AZ,US,STATE,1,CASES
1983,16,ARIZONA,AZ,US,STATE,2,CASES
1983,18,ARIZONA,AZ,US,STATE,1,CASES
1983,30,ARIZONA,AZ,US,STATE,5,CASES
1983,37,ARIZONA,AZ,US,STATE,3,CASES
1983,38,ARIZONA,AZ,US,STATE,1,CASES
1983,39,ARIZONA,AZ,US,STATE,4,CASES
1983,43,ARIZONA,AZ,US,STATE,2,CASES
1983,46,ARIZONA,AZ,US,STATE,5,CASES
1984,12,ARIZONA,AZ,US,STATE,3,CASES
1984,14,ARIZONA,AZ,US,STATE,1,CASES
1984,15,ARIZONA,AZ,US,STATE,3,CASES
1984,17,ARIZONA,AZ,US,STATE,1,CASES
1984,24,ARIZONA,AZ,US,STATE,1,CASES
1984,26,ARIZONA,AZ,US,STATE,2,CASES
1984,27,ARIZONA,AZ,US,STATE,2,CASES
1984,30,ARIZONA,AZ,US,STATE,2,CASES
1984,31,ARIZONA,AZ,US,STATE,1,CASES
1984,33,ARIZONA,AZ,US,STATE,1,CASES
1984,39,ARIZONA,AZ,US,STATE,2,CASES
1984,40,ARIZONA,AZ,US,STATE,1,CASES
1984,46,ARIZONA,AZ,US,STATE,1,CASES
1984,52,ARIZONA,AZ,US,STATE,3,CASES
1985,4,ARIZONA,AZ,US,STATE,1,CASES
1985,9,ARIZONA,AZ,US,STATE,1,CASES
1985,12,ARIZONA,AZ,US,STATE,1,CASES
1985,17,ARIZONA,AZ,US,STATE,1,CASES
1985,19,ARIZONA,AZ,US,STATE,1,CASES
1985,22,ARIZONA,AZ,US,STATE,4,CASES
1985,24,ARIZONA,AZ,US,STATE,1,CASES
1985,26,ARIZONA,AZ,US,STATE,3,CASES
1985,29,ARIZONA,AZ,US,STATE,1,CASES
1985,30,ARIZONA,AZ,US,STATE,4,CASES
1985,31,ARIZONA,AZ,US,STATE,2,CASES
1985,32,ARIZONA,AZ,US,STATE,4,CASES
1985,34,ARIZONA,AZ,US,STATE,3,CASES
1985,39,ARIZONA,AZ,US,STATE,6,CASES
1985,40,ARIZONA,AZ,US,STATE,1,CASES
1985,41,ARIZONA,AZ,US,STATE,4,CASES
1985,46,ARIZONA,AZ,US,STATE,2,CASES
1985,51,ARIZONA,AZ,US,STATE,1,CASES
1985,52,ARIZONA,AZ,US,STATE,8,CASES
1986,1,ARIZONA,AZ,US,STATE,2,CASES
1986,3,ARIZONA,AZ,US,STATE,1,CASES
1986,6,ARIZONA,AZ,US,STATE,4,CASES
1986,7,ARIZONA,AZ,US,STATE,2,CASES
1986,10,ARIZONA,AZ,US,STATE,9,CASES
1986,13,ARIZONA,AZ,US,STATE,1,CASES
1986,14,ARIZONA,AZ,US,STATE,1,CASES
1986,15,ARIZONA,AZ,US,STATE,2,CASES
1986,20,ARIZONA,AZ,US,STATE,1,CASES
1986,25,ARIZONA,AZ,US,STATE,4,CASES
1986,28,ARIZONA,AZ,US,STATE,1,CASES
1986,29,ARIZONA,AZ,US,STATE,1,CASES
1986,31,ARIZONA,AZ,US,STATE,6,CASES
1986,32,ARIZONA,AZ,US,STATE,10,CASES
1986,35,ARIZONA,AZ,US,STATE,1,CASES
1986,36,ARIZONA,AZ,US,STATE,1,CASES
1986,37,ARIZONA,AZ,US,STATE,2,CASES
1986,39,ARIZONA,AZ,US,STATE,6,CASES
1986,44,ARIZONA,AZ,US,STATE,9,CASES
1986,52,ARIZONA,AZ,US,STATE,8,CASES
1987,11,ARIZONA,AZ,US,STATE,8,CASES
1987,19,ARIZONA,AZ,US,STATE,8,CASES
1987,20,ARIZONA,AZ,US,STATE,1,CASES
1987,22,ARIZONA,AZ,US,STATE,1,CASES
1987,23,ARIZONA,AZ,US,STATE,1,CASES
1987,25,ARIZONA,AZ,US,STATE,4,CASES
1987,36,ARIZONA,AZ,US,STATE,6,CASES
1987,38,ARIZONA,AZ,US,STATE,1,CASES
1987,44,ARIZONA,AZ,US,STATE,3,CASES
1987,48,ARIZONA,AZ,US,STATE,5,CASES
1988,1,ARIZONA,AZ,US,STATE,1,CASES
1988,12,ARIZONA,AZ,US,STATE,11,CASES
1988,13,ARIZONA,AZ,US,STATE,1,CASES
1988,15,ARIZONA,AZ,US,STATE,5,CASES
1988,18,ARIZONA,AZ,US,STATE,1,CASES
1988,20,ARIZONA,AZ,US,STATE,12,CASES
1988,22,ARIZONA,AZ,US,STATE,13,CASES
1988,26,ARIZONA,AZ,US,STATE,4,CASES
1988,28,ARIZONA,AZ,US,STATE,2,CASES
1988,29,ARIZONA,AZ,US,STATE,12,CASES
1988,30,ARIZONA,AZ,US,STATE,21,CASES
1988,31,ARIZONA,AZ,US,STATE,10,CASES
1988,32,ARIZONA,AZ,US,STATE,20,CASES
1988,34,ARIZONA,AZ,US,STATE,7,CASES
1988,35,ARIZONA,AZ,US,STATE,14,CASES
1988,36,ARIZONA,AZ,US,STATE,26,CASES
1988,37,ARIZONA,AZ,US,STATE,4,CASES
1988,38,ARIZONA,AZ,US,STATE,12,CASES
1988,40,ARIZONA,AZ,US,STATE,22,CASES
1988,41,ARIZONA,AZ,US,STATE,31,CASES
1988,43,ARIZONA,AZ,US,STATE,25,CASES
1988,44,ARIZONA,AZ,US,STATE,11,CASES
1988,45,ARIZONA,AZ,US,STATE,7,CASES
1988,46,ARIZONA,AZ,US,STATE,27,CASES
1988,47,ARIZONA,AZ,US,STATE,32,CASES
1988,48,ARIZONA,AZ,US,STATE,14,CASES
1988,49,ARIZONA,AZ,US,STATE,12,CASES
1988,50,ARIZONA,AZ,US,STATE,49,CASES
1988,51,ARIZONA,AZ,US,STATE,27,CASES
1989,1,ARIZONA,AZ,US,STATE,1,CASES
1989,2,ARIZONA,AZ,US,STATE,26,CASES
1989,3,ARIZONA,AZ,US,STATE,26,CASES
1989,4,ARIZONA,AZ,US,STATE,15,CASES
1989,6,ARIZONA,AZ,US,STATE,39,CASES
1989,7,ARIZONA,AZ,US,STATE,7,CASES
1989,8,ARIZONA,AZ,US,STATE,6,CASES
1989,9,ARIZONA,AZ,US,STATE,11,CASES
1989,10,ARIZONA,AZ,US,STATE,6,CASES
1989,11,ARIZONA,AZ,US,STATE,5,CASES
1989,12,ARIZONA,AZ,US,STATE,6,CASES
1989,13,ARIZONA,AZ,US,STATE,17,CASES
1989,14,ARIZONA,AZ,US,STATE,13,CASES
1989,15,ARIZONA,AZ,US,STATE,10,CASES
1989,16,ARIZONA,AZ,US,STATE,2,CASES
1989,18,ARIZONA,AZ,US,STATE,26,CASES
1989,19,ARIZONA,AZ,US,STATE,12,CASES
1989,20,ARIZONA,AZ,US,STATE,8,CASES
1989,21,ARIZONA,AZ,US,STATE,1,CASES
1989,22,ARIZONA,AZ,US,STATE,1,CASES
1989,23,ARIZONA,AZ,US,STATE,19,CASES
1989,28,ARIZONA,AZ,US,STATE,1,CASES
1989,29,ARIZONA,AZ,US,STATE,11,CASES
1989,30,ARIZONA,AZ,US,STATE,3,CASES
1989,32,ARIZONA,AZ,US,STATE,5,CASES
1989,33,ARIZONA,AZ,US,STATE,8,CASES
1989,34,ARIZONA,AZ,US,STATE,13,CASES
1989,35,ARIZONA,AZ,US,STATE,7,CASES
1989,36,ARIZONA,AZ,US,STATE,8,CASES
1989,38,ARIZONA,AZ,US,STATE,16,CASES
1989,39,ARIZONA,AZ,US,STATE,5,CASES
1989,41,ARIZONA,AZ,US,STATE,3,CASES
1989,42,ARIZONA,AZ,US,STATE,3,CASES
1989,43,ARIZONA,AZ,US,STATE,3,CASES
1989,45,ARIZONA,AZ,US,STATE,9,CASES
1989,46,ARIZONA,AZ,US,STATE,5,CASES
1989,47,ARIZONA,AZ,US,STATE,3,CASES
1989,48,ARIZONA,AZ,US,STATE,10,CASES
1989,49,ARIZONA,AZ,US,STATE,1,CASES
1989,50,ARIZONA,AZ,US,STATE,1,CASES
1990,1,ARIZONA,AZ,US,STATE,1,CASES
1990,6,ARIZONA,AZ,US,STATE,1,CASES
1990,7,ARIZONA,AZ,US,STATE,1,CASES
1990,15,ARIZONA,AZ,US,STATE,3,CASES
1990,19,ARIZONA,AZ,US,STATE,3,CASES
1990,24,ARIZONA,AZ,US,STATE,13,CASES
1990,26,ARIZONA,AZ,US,STATE,1,CASES
1990,29,ARIZONA,AZ,US,STATE,1,CASES
1990,32,ARIZONA,AZ,US,STATE,6,CASES
1990,35,ARIZONA,AZ,US,STATE,14,CASES
1990,36,ARIZONA,AZ,US,STATE,1,CASES
1990,44,ARIZONA,AZ,US,STATE,4,CASES
1990,46,ARIZONA,AZ,US,STATE,1,CASES
1990,50,ARIZONA,AZ,US,STATE,2,CASES
1991,2,ARIZONA,AZ,US,STATE,2,CASES
1991,3,ARIZONA,AZ,US,STATE,3,CASES
1991,5,ARIZONA,AZ,US,STATE,1,CASES
1991,6,ARIZONA,AZ,US,STATE,1,CASES
1991,10,ARIZONA,AZ,US,STATE,1,CASES
1991,38,ARIZONA,AZ,US,STATE,49,CASES
1991,43,ARIZONA,AZ,US,STATE,5,CASES
1991,46,ARIZONA,AZ,US,STATE,7,CASES
1992,18,ARIZONA,AZ,US,STATE,27,CASES
1992,20,ARIZONA,AZ,US,STATE,7,CASES
1992,26,ARIZONA,AZ,US,STATE,11,CASES
1992,27,ARIZONA,AZ,US,STATE,8,CASES
1992,28,ARIZONA,AZ,US,STATE,5,CASES
1992,29,ARIZONA,AZ,US,STATE,14,CASES
1992,30,ARIZONA,AZ,US,STATE,4,CASES
1992,31,ARIZONA,AZ,US,STATE,9,CASES
1992,36,ARIZONA,AZ,US,STATE,14,CASES
1992,38,ARIZONA,AZ,US,STATE,2,CASES
1992,42,ARIZONA,AZ,US,STATE,1,CASES
1992,43,ARIZONA,AZ,US,STATE,3,CASES
1992,45,ARIZONA,AZ,US,STATE,7,CASES
1992,50,ARIZONA,AZ,US,STATE,3,CASES
1992,52,ARIZONA,AZ,US,STATE,1,CASES
1993,10,ARIZONA,AZ,US,STATE,1,CASES
1993,16,ARIZONA,AZ,US,STATE,1,CASES
1993,21,ARIZONA,AZ,US,STATE,1,CASES
1993,23,ARIZONA,AZ,US,STATE,2,CASES
1993,27,ARIZONA,AZ,US,STATE,1,CASES
1993,32,ARIZONA,AZ,US,STATE,2,CASES
1993,33,ARIZONA,AZ,US,STATE,1,CASES
1993,38,ARIZONA,AZ,US,STATE,1,CASES
1993,40,ARIZONA,AZ,US,STATE,4,CASES
1994,4,ARIZONA,AZ,US,STATE,3,CASES
1994,6,ARIZONA,AZ,US,STATE,1,CASES
1994,7,ARIZONA,AZ,US,STATE,1,CASES
1994,9,ARIZONA,AZ,US,STATE,1,CASES
1994,14,ARIZONA,AZ,US,STATE,1,CASES
1994,18,ARIZONA,AZ,US,STATE,1,CASES
1994,20,ARIZONA,AZ,US,STATE,3,CASES
1994,21,ARIZONA,AZ,US,STATE,1,CASES
1994,23,ARIZONA,AZ,US,STATE,7,CASES
1994,25,ARIZONA,AZ,US,STATE,5,CASES
1994,29,ARIZONA,AZ,US,STATE,1,CASES
1994,31,ARIZONA,AZ,US,STATE,44,CASES
1994,32,ARIZONA,AZ,US,STATE,18,CASES
1994,33,ARIZONA,AZ,US,STATE,8,CASES
1994,34,ARIZONA,AZ,US,STATE,3,CASES
1994,36,ARIZONA,AZ,US,STATE,9,CASES
1994,37,ARIZONA,AZ,US,STATE,2,CASES
1994,40,ARIZONA,AZ,US,STATE,1,CASES
1994,43,ARIZONA,AZ,US,STATE,6,CASES
1994,44,ARIZONA,AZ,US,STATE,4,CASES
1994,45,ARIZONA,AZ,US,STATE,5,CASES
1994,46,ARIZONA,AZ,US,STATE,1,CASES
1994,49,ARIZONA,AZ,US,STATE,1,CASES
1994,51,ARIZONA,AZ,US,STATE,1,CASES
1995,2,ARIZONA,AZ,US,STATE,15,CASES
1995,4,ARIZONA,AZ,US,STATE,47,CASES
1995,5,ARIZONA,AZ,US,STATE,18,CASES
1995,6,ARIZONA,AZ,US,STATE,3,CASES
1995,8,ARIZONA,AZ,US,STATE,33,CASES
1995,9,ARIZONA,AZ,US,STATE,46,CASES
1995,10,ARIZONA,AZ,US,STATE,45,CASES
1995,11,ARIZONA,AZ,US,STATE,9,CASES
1995,12,ARIZONA,AZ,US,STATE,20,CASES
1995,13,ARIZONA,AZ,US,STATE,13,CASES
1995,15,ARIZONA,AZ,US,STATE,4,CASES
1995,16,ARIZONA,AZ,US,STATE,5,CASES
1995,17,ARIZONA,AZ,US,STATE,20,CASES
1995,18,ARIZONA,AZ,US,STATE,9,CASES
1995,20,ARIZONA,AZ,US,STATE,2,CASES
1995,21,ARIZONA,AZ,US,STATE,9,CASES
1995,23,ARIZONA,AZ,US,STATE,5,CASES
1995,24,ARIZONA,AZ,US,STATE,1,CASES
1995,29,ARIZONA,AZ,US,STATE,15,CASES
1995,31,ARIZONA,AZ,US,STATE,7,CASES
1995,32,ARIZONA,AZ,US,STATE,3,CASES
1995,34,ARIZONA,AZ,US,STATE,4,CASES
1995,36,ARIZONA,AZ,US,STATE,4,CASES
1995,49,ARIZONA,AZ,US,STATE,2,CASES
1996,5,ARIZONA,AZ,US,STATE,2,CASES
1996,14,ARIZONA,AZ,US,STATE,2,CASES
1996,20,ARIZONA,AZ,US,STATE,5,CASES
1996,21,ARIZONA,AZ,US,STATE,1,CASES
1996,33,ARIZONA,AZ,US,STATE,1,CASES
1996,36,ARIZONA,AZ,US,STATE,7,CASES
1996,40,ARIZONA,AZ,US,STATE,4,CASES
1996,47,ARIZONA,AZ,US,STATE,1,CASES
1997,1,ARIZONA,AZ,US,STATE,3,CASES
1997,7,ARIZONA,AZ,US,STATE,4,CASES
1997,10,ARIZONA,AZ,US,STATE,1,CASES
1997,12,ARIZONA,AZ,US,STATE,1,CASES
1997,13,ARIZONA,AZ,US,STATE,1,CASES
1997,21,ARIZONA,AZ,US,STATE,1,CASES
1997,23,ARIZONA,AZ,US,STATE,1,CASES
1997,24,ARIZONA,AZ,US,STATE,4,CASES
1997,27,ARIZONA,AZ,US,STATE,3,CASES
1997,33,ARIZONA,AZ,US,STATE,1,CASES
1997,35,ARIZONA,AZ,US,STATE,6,CASES
1997,37,ARIZONA,AZ,US,STATE,1,CASES
1997,40,ARIZONA,AZ,US,STATE,2,CASES
1997,42,ARIZONA,AZ,US,STATE,1,CASES
1997,43,ARIZONA,AZ,US,STATE,1,CASES
1997,51,ARIZONA,AZ,US,STATE,5,CASES
1998,7,ARIZONA,AZ,US,STATE,3,CASES
1998,9,ARIZONA,AZ,US,STATE,3,CASES
1998,10,ARIZONA,AZ,US,STATE,3,CASES
1998,13,ARIZONA,AZ,US,STATE,4,CASES
1998,14,ARIZONA,AZ,US,STATE,1,CASES
1998,19,ARIZONA,AZ,US,STATE,1,CASES
1998,20,ARIZONA,AZ,US,STATE,4,CASES
1998,21,ARIZONA,AZ,US,STATE,14,CASES
1998,22,ARIZONA,AZ,US,STATE,1,CASES
1998,23,ARIZONA,AZ,US,STATE,2,CASES
1998,24,ARIZONA,AZ,US,STATE,7,CASES
1998,26,ARIZONA,AZ,US,STATE,18,CASES
1998,27,ARIZONA,AZ,US,STATE,8,CASES
1998,28,ARIZONA,AZ,US,STATE,16,CASES
1998,29,ARIZONA,AZ,US,STATE,4,CASES
1998,30,ARIZONA,AZ,US,STATE,7,CASES
1998,32,ARIZONA,AZ,US,STATE,7,CASES
1998,39,ARIZONA,AZ,US,STATE,14,CASES
1998,40,ARIZONA,AZ,US,STATE,2,CASES
1998,42,ARIZONA,AZ,US,STATE,1,CASES
1998,43,ARIZONA,AZ,US,STATE,12,CASES
1998,46,ARIZONA,AZ,US,STATE,1,CASES
1998,50,ARIZONA,AZ,US,STATE,11,CASES
1998,51,ARIZONA,AZ,US,STATE,13,CASES
1999,1,ARIZONA,AZ,US,STATE,1,CASES
1999,5,ARIZONA,AZ,US,STATE,1,CASES
1999,8,ARIZONA,AZ,US,STATE,3,CASES
1999,9,ARIZONA,AZ,US,STATE,11,CASES
1999,11,ARIZONA,AZ,US,STATE,1,CASES
1999,12,ARIZONA,AZ,US,STATE,1,CASES
1999,15,ARIZONA,AZ,US,STATE,1,CASES
1999,20,ARIZONA,AZ,US,STATE,2,CASES
1999,22,ARIZONA,AZ,US,STATE,5,CASES
1999,33,ARIZONA,AZ,US,STATE,1,CASES
1999,38,ARIZONA,AZ,US,STATE,3,CASES
1999,39,ARIZONA,AZ,US,STATE,19,CASES
1999,40,ARIZONA,AZ,US,STATE,6,CASES
1999,41,ARIZONA,AZ,US,STATE,2,CASES
1999,43,ARIZONA,AZ,US,STATE,2,CASES
1999,45,ARIZONA,AZ,US,STATE,2,CASES
1999,47,ARIZONA,AZ,US,STATE,10,CASES
1999,48,ARIZONA,AZ,US,STATE,1,CASES
1999,49,ARIZONA,AZ,US,STATE,4,CASES
1999,50,ARIZONA,AZ,US,STATE,5,CASES
1999,51,ARIZONA,AZ,US,STATE,5,CASES
2000,4,ARIZONA,AZ,US,STATE,5,CASES
2000,5,ARIZONA,AZ,US,STATE,3,CASES
2000,8,ARIZONA,AZ,US,STATE,4,CASES
2000,11,ARIZONA,AZ,US,STATE,3,CASES
2000,16,ARIZONA,AZ,US,STATE,9,CASES
2000,17,ARIZONA,AZ,US,STATE,3,CASES
2000,18,ARIZONA,AZ,US,STATE,2,CASES
2000,19,ARIZONA,AZ,US,STATE,1,CASES
2000,20,ARIZONA,AZ,US,STATE,1,CASES
2000,21,ARIZONA,AZ,US,STATE,4,CASES
2000,22,ARIZONA,AZ,US,STATE,1,CASES
2000,24,ARIZONA,AZ,US,STATE,3,CASES
2000,27,ARIZONA,AZ,US,STATE,1,CASES
2000,28,ARIZONA,AZ,US,STATE,2,CASES
2000,29,ARIZONA,AZ,US,STATE,3,CASES
2000,30,ARIZONA,AZ,US,STATE,1,CASES
2000,32,ARIZONA,AZ,US,STATE,2,CASES
2000,34,ARIZONA,AZ,US,STATE,3,CASES
2000,37,ARIZONA,AZ,US,STATE,1,CASES
2000,38,ARIZONA,AZ,US,STATE,11,CASES
2000,40,ARIZONA,AZ,US,STATE,1,CASES
2000,45,ARIZONA,AZ,US,STATE,7,CASES
2000,46,ARIZONA,AZ,US,STATE,2,CASES
2000,47,ARIZONA,AZ,US,STATE,1,CASES
2000,48,ARIZONA,AZ,US,STATE,2,CASES
2000,49,ARIZONA,AZ,US,STATE,5,CASES
2000,50,ARIZONA,AZ,US,STATE,12,CASES
2000,51,ARIZONA,AZ,US,STATE,21,CASES
2001,3,ARIZONA,AZ,US,STATE,1,CASES
2001,4,ARIZONA,AZ,US,STATE,50,CASES
2001,5,ARIZONA,AZ,US,STATE,74,CASES
2001,6,ARIZONA,AZ,US,STATE,8,CASES
2001,5,ARIZONA,AZ,US,STATE,3,CASES
2001,8,ARIZONA,AZ,US,STATE,26,CASES
2001,9,ARIZONA,AZ,US,STATE,58,CASES
2001,10,ARIZONA,AZ,US,STATE,8,CASES
2001,11,ARIZONA,AZ,US,STATE,1,CASES
2001,13,ARIZONA,AZ,US,STATE,16,CASES
2001,14,ARIZONA,AZ,US,STATE,8,CASES
2001,15,ARIZONA,AZ,US,STATE,1,CASES
2001,16,ARIZONA,AZ,US,STATE,62,CASES
2001,17,ARIZONA,AZ,US,STATE,17,CASES
2001,18,ARIZONA,AZ,US,STATE,4,CASES
2001,19,ARIZONA,AZ,US,STATE,16,CASES
2001,20,ARIZONA,AZ,US,STATE,40,CASES
2001,21,ARIZONA,AZ,US,STATE,38,CASES
2001,22,ARIZONA,AZ,US,STATE,1,CASES
2001,24,ARIZONA,AZ,US,STATE,1,CASES
2001,26,ARIZONA,AZ,US,STATE,5,CASES
2001,34,ARIZONA,AZ,US,STATE,6,CASES
2001,35,ARIZONA,AZ,US,STATE,23,CASES
2001,40,ARIZONA,AZ,US,STATE,3,CASES
2001,41,ARIZONA,AZ,US,STATE,4,CASES
2001,47,ARIZONA,AZ,US,STATE,11,CASES
2001,49,ARIZONA,AZ,US,STATE,10,CASES
2001,50,ARIZONA,AZ,US,STATE,32,CASES
2001,51,ARIZONA,AZ,US,STATE,44,CASES
2001,52,ARIZONA,AZ,US,STATE,42,CASES
2008,3,ARIZONA,AZ,US,STATE,1,CASES
2008,5,ARIZONA,AZ,US,STATE,1,CASES
2008,7,ARIZONA,AZ,US,STATE,1,CASES
2008,16,ARIZONA,AZ,US,STATE,1,CASES
2008,20,ARIZONA,AZ,US,STATE,1,CASES
2008,21,ARIZONA,AZ,US,STATE,1,CASES
2008,22,ARIZONA,AZ,US,STATE,1,CASES
2008,24,ARIZONA,AZ,US,STATE,1,CASES
2008,26,ARIZONA,AZ,US,STATE,3,CASES
2008,29,ARIZONA,AZ,US,STATE,1,CASES
2008,31,ARIZONA,AZ,US,STATE,3,CASES
2008,32,ARIZONA,AZ,US,STATE,3,CASES
2008,39,ARIZONA,AZ,US,STATE,1,CASES
2008,40,ARIZONA,AZ,US,STATE,2,CASES
2008,41,ARIZONA,AZ,US,STATE,2,CASES
2008,43,ARIZONA,AZ,US,STATE,1,CASES
2008,44,ARIZONA,AZ,US,STATE,1,CASES
2008,48,ARIZONA,AZ,US,STATE,1,CASES
2008,49,ARIZONA,AZ,US,STATE,1,CASES
2008,52,ARIZONA,AZ,US,STATE,2,CASES
2009,4,ARIZONA,AZ,US,STATE,3,CASES
2009,6,ARIZONA,AZ,US,STATE,2,CASES
2009,8,ARIZONA,AZ,US,STATE,1,CASES
2009,9,ARIZONA,AZ,US,STATE,3,CASES
2009,10,ARIZONA,AZ,US,STATE,1,CASES
2009,11,ARIZONA,AZ,US,STATE,3,CASES
2009,12,ARIZONA,AZ,US,STATE,3,CASES
2009,13,ARIZONA,AZ,US,STATE,2,CASES
2009,14,ARIZONA,AZ,US,STATE,2,CASES
2009,16,ARIZONA,AZ,US,STATE,1,CASES
2009,17,ARIZONA,AZ,US,STATE,2,CASES
2009,23,ARIZONA,AZ,US,STATE,3,CASES
2009,28,ARIZONA,AZ,US,STATE,2,CASES
2009,29,ARIZONA,AZ,US,STATE,1,CASES
2009,30,ARIZONA,AZ,US,STATE,1,CASES
2009,32,ARIZONA,AZ,US,STATE,5,CASES
2009,34,ARIZONA,AZ,US,STATE,2,CASES
2009,50,ARIZONA,AZ,US,STATE,1,CASES
2006,8,ARIZONA,AZ,US,STATE,1,CASES
2006,9,ARIZONA,AZ,US,STATE,17,CASES
2006,10,ARIZONA,AZ,US,STATE,17,CASES
2006,12,ARIZONA,AZ,US,STATE,20,CASES
2006,13,ARIZONA,AZ,US,STATE,3,CASES
2006,14,ARIZONA,AZ,US,STATE,27,CASES
2006,15,ARIZONA,AZ,US,STATE,9,CASES
2006,16,ARIZONA,AZ,US,STATE,7,CASES
2006,17,ARIZONA,AZ,US,STATE,11,CASES
2006,19,ARIZONA,AZ,US,STATE,26,CASES
2006,22,ARIZONA,AZ,US,STATE,13,CASES
2006,23,ARIZONA,AZ,US,STATE,9,CASES
2006,32,ARIZONA,AZ,US,STATE,5,CASES
2006,33,ARIZONA,AZ,US,STATE,5,CASES
2006,34,ARIZONA,AZ,US,STATE,4,CASES
2006,36,ARIZONA,AZ,US,STATE,2,CASES
2006,37,ARIZONA,AZ,US,STATE,8,CASES
2006,38,ARIZONA,AZ,US,STATE,1,CASES
2006,40,ARIZONA,AZ,US,STATE,2,CASES
2006,41,ARIZONA,AZ,US,STATE,5,CASES
2006,42,ARIZONA,AZ,US,STATE,1,CASES
2006,43,ARIZONA,AZ,US,STATE,1,CASES
2006,44,ARIZONA,AZ,US,STATE,4,CASES
2006,45,ARIZONA,AZ,US,STATE,10,CASES
2006,46,ARIZONA,AZ,US,STATE,2,CASES
2006,48,ARIZONA,AZ,US,STATE,25,CASES
2006,49,ARIZONA,AZ,US,STATE,4,CASES
2006,50,ARIZONA,AZ,US,STATE,9,CASES
2006,51,ARIZONA,AZ,US,STATE,4,CASES
2006,52,ARIZONA,AZ,US,STATE,3,CASES
2007,2,ARIZONA,AZ,US,STATE,1,CASES
2007,3,ARIZONA,AZ,US,STATE,1,CASES
2007,4,ARIZONA,AZ,US,STATE,2,CASES
2007,5,ARIZONA,AZ,US,STATE,1,CASES
2007,7,ARIZONA,AZ,US,STATE,14,CASES
2007,8,ARIZONA,AZ,US,STATE,2,CASES
2007,9,ARIZONA,AZ,US,STATE,17,CASES
2007,10,ARIZONA,AZ,US,STATE,7,CASES
2007,11,ARIZONA,AZ,US,STATE,1,CASES
2007,12,ARIZONA,AZ,US,STATE,6,CASES
2007,14,ARIZONA,AZ,US,STATE,4,CASES
2007,15,ARIZONA,AZ,US,STATE,30,CASES
2007,16,ARIZONA,AZ,US,STATE,2,CASES
2007,17,ARIZONA,AZ,US,STATE,2,CASES
2007,18,ARIZONA,AZ,US,STATE,12,CASES
2007,19,ARIZONA,AZ,US,STATE,8,CASES
2007,20,ARIZONA,AZ,US,STATE,1,CASES
2007,21,ARIZONA,AZ,US,STATE,4,CASES
2007,32,ARIZONA,AZ,US,STATE,2,CASES
2007,35,ARIZONA,AZ,US,STATE,1,CASES
2007,39,ARIZONA,AZ,US,STATE,1,CASES
2007,40,ARIZONA,AZ,US,STATE,1,CASES
2007,43,ARIZONA,AZ,US,STATE,1,CASES
2007,49,ARIZONA,AZ,US,STATE,1,CASES
2010,10,ARIZONA,AZ,US,STATE,1,CASES
2010,12,ARIZONA,AZ,US,STATE,1,CASES
2010,13,ARIZONA,AZ,US,STATE,1,CASES
2010,14,ARIZONA,AZ,US,STATE,3,CASES
2010,15,ARIZONA,AZ,US,STATE,1,CASES
2010,18,ARIZONA,AZ,US,STATE,1,CASES
2010,20,ARIZONA,AZ,US,STATE,1,CASES
2010,30,ARIZONA,AZ,US,STATE,2,CASES
2010,32,ARIZONA,AZ,US,STATE,2,CASES
2010,34,ARIZONA,AZ,US,STATE,3,CASES
2010,35,ARIZONA,AZ,US,STATE,1,CASES
2010,36,ARIZONA,AZ,US,STATE,1,CASES
2010,37,ARIZONA,AZ,US,STATE,1,CASES
2010,38,ARIZONA,AZ,US,STATE,2,CASES
2010,40,ARIZONA,AZ,US,STATE,2,CASES
2010,41,ARIZONA,AZ,US,STATE,1,CASES
2010,43,ARIZONA,AZ,US,STATE,2,CASES
2010,46,ARIZONA,AZ,US,STATE,4,CASES
2010,47,ARIZONA,AZ,US,STATE,1,CASES
2010,49,ARIZONA,AZ,US,STATE,1,CASES
2010,50,ARIZONA,AZ,US,STATE,2,CASES
2010,51,ARIZONA,AZ,US,STATE,1,CASES
2010,52,ARIZONA,AZ,US,STATE,1,CASES
2011,2,ARIZONA,AZ,US,STATE,2,CASES
2011,5,ARIZONA,AZ,US,STATE,2,CASES
2011,6,ARIZONA,AZ,US,STATE,1,CASES
2011,7,ARIZONA,AZ,US,STATE,1,CASES
2011,9,ARIZONA,AZ,US,STATE,1,CASES
2011,10,ARIZONA,AZ,US,STATE,2,CASES
2011,13,ARIZONA,AZ,US,STATE,1,CASES
2011,15,ARIZONA,AZ,US,STATE,3,CASES
2011,17,ARIZONA,AZ,US,STATE,1,CASES
2011,20,ARIZONA,AZ,US,STATE,1,CASES
2011,23,ARIZONA,AZ,US,STATE,2,CASES
2011,24,ARIZONA,AZ,US,STATE,5,CASES
2011,26,ARIZONA,AZ,US,STATE,3,CASES
2011,30,ARIZONA,AZ,US,STATE,3,CASES
2011,32,ARIZONA,AZ,US,STATE,1,CASES
2011,33,ARIZONA,AZ,US,STATE,1,CASES
2011,35,ARIZONA,AZ,US,STATE,3,CASES
2011,37,ARIZONA,AZ,US,STATE,1,CASES
2011,40,ARIZONA,AZ,US,STATE,1,CASES
2011,42,ARIZONA,AZ,US,STATE,2,CASES
2011,43,ARIZONA,AZ,US,STATE,1,CASES
2011,44,ARIZONA,AZ,US,STATE,1,CASES
2011,45,ARIZONA,AZ,US,STATE,1,CASES
2011,47,ARIZONA,AZ,US,STATE,2,CASES
2011,48,ARIZONA,AZ,US,STATE,3,CASES
2011,49,ARIZONA,AZ,US,STATE,1,CASES
2011,51,ARIZONA,AZ,US,STATE,1,CASES
1940,5,ARIZONA,AZ,US,STATE,9,CASES
1951,22,ARIZONA,AZ,US,STATE,62,CASES
2012,1,ARIZONA,AZ,US,STATE,1,CASES
2012,3,ARIZONA,AZ,US,STATE,2,CASES
2012,4,ARIZONA,AZ,US,STATE,1,CASES
2012,6,ARIZONA,AZ,US,STATE,1,CASES
2012,9,ARIZONA,AZ,US,STATE,1,CASES
2012,12,ARIZONA,AZ,US,STATE,4,CASES
2012,14,ARIZONA,AZ,US,STATE,1,CASES
2012,15,ARIZONA,AZ,US,STATE,4,CASES
2012,17,ARIZONA,AZ,US,STATE,1,CASES
2012,18,ARIZONA,AZ,US,STATE,4,CASES
2012,19,ARIZONA,AZ,US,STATE,1,CASES
2012,22,ARIZONA,AZ,US,STATE,1,CASES
2012,23,ARIZONA,AZ,US,STATE,11,CASES
2012,26,ARIZONA,AZ,US,STATE,6,CASES
2012,27,ARIZONA,AZ,US,STATE,3,CASES
2012,28,ARIZONA,AZ,US,STATE,1,CASES
2012,30,ARIZONA,AZ,US,STATE,2,CASES
2012,32,ARIZONA,AZ,US,STATE,3,CASES
2012,33,ARIZONA,AZ,US,STATE,4,CASES
2012,34,ARIZONA,AZ,US,STATE,3,CASES
2012,35,ARIZONA,AZ,US,STATE,1,CASES
2012,36,ARIZONA,AZ,US,STATE,1,CASES
2012,37,ARIZONA,AZ,US,STATE,1,CASES
2012,38,ARIZONA,AZ,US,STATE,5,CASES
2012,39,ARIZONA,AZ,US,STATE,4,CASES
2012,41,ARIZONA,AZ,US,STATE,9,CASES
2012,43,ARIZONA,AZ,US,STATE,1,CASES
2012,44,ARIZONA,AZ,US,STATE,2,CASES
2012,45,ARIZONA,AZ,US,STATE,1,CASES
2012,46,ARIZONA,AZ,US,STATE,2,CASES
2012,47,ARIZONA,AZ,US,STATE,3,CASES
2012,50,ARIZONA,AZ,US,STATE,1,CASES
2012,52,ARIZONA,AZ,US,STATE,1,CASES
2013,1,ARIZONA,AZ,US,STATE,4,CASES
2013,2,ARIZONA,AZ,US,STATE,2,CASES
2013,3,ARIZONA,AZ,US,STATE,2,CASES
2013,4,ARIZONA,AZ,US,STATE,15,CASES
2013,5,ARIZONA,AZ,US,STATE,5,CASES
2013,6,ARIZONA,AZ,US,STATE,3,CASES
2013,15,ARIZONA,AZ,US,STATE,5,CASES
2013,16,ARIZONA,AZ,US,STATE,2,CASES
2013,18,ARIZONA,AZ,US,STATE,20,CASES
2013,24,ARIZONA,AZ,US,STATE,5,CASES
2013,25,ARIZONA,AZ,US,STATE,9,CASES
2013,26,ARIZONA,AZ,US,STATE,1,CASES
2013,29,ARIZONA,AZ,US,STATE,5,CASES
2013,31,ARIZONA,AZ,US,STATE,1,CASES
2013,32,ARIZONA,AZ,US,STATE,1,CASES
