year,week,loc,state,country,loc_type,number,event
1909,13,DISTRICT OF COLUMBIA,DC,US,STATE,1,CASES
1928,4,DISTRICT OF COLUMBIA,DC,US,STATE,39,CASES
1928,5,DISTRICT OF COLUMBIA,DC,US,STATE,36,CASES
1928,6,DISTRICT OF COLUMBIA,DC,US,STATE,42,CASES
1928,7,DISTRICT OF COLUMBIA,DC,US,STATE,54,CASES
1928,9,DISTRICT OF COLUMBIA,DC,US,STATE,45,CASES
1928,12,DISTRICT OF COLUMBIA,DC,US,STATE,44,CASES
1928,14,DISTRICT OF COLUMBIA,DC,US,STATE,40,CASES
1928,16,DISTRICT OF COLUMBIA,DC,US,STATE,30,CASES
1928,17,DISTRICT OF COLUMBIA,DC,US,STATE,51,CASES
1928,19,DISTRICT OF COLUMBIA,DC,US,STATE,47,CASES
1928,20,DISTRICT OF COLUMBIA,DC,US,STATE,43,CASES
1928,21,DISTRICT OF COLUMBIA,DC,US,STATE,46,CASES
1928,22,DISTRICT OF COLUMBIA,DC,US,STATE,45,CASES
1928,23,DISTRICT OF COLUMBIA,DC,US,STATE,44,CASES
1928,24,DISTRICT OF COLUMBIA,DC,US,STATE,27,CASES
1928,25,DISTRICT OF COLUMBIA,DC,US,STATE,22,CASES
1928,26,DISTRICT OF COLUMBIA,DC,US,STATE,21,CASES
1928,27,DISTRICT OF COLUMBIA,DC,US,STATE,20,CASES
1928,28,DISTRICT OF COLUMBIA,DC,US,STATE,10,CASES
1928,31,DISTRICT OF COLUMBIA,DC,US,STATE,5,CASES
1928,32,DISTRICT OF COLUMBIA,DC,US,STATE,4,CASES
1928,33,DISTRICT OF COLUMBIA,DC,US,STATE,1,CASES
1928,34,DISTRICT OF COLUMBIA,DC,US,STATE,1,CASES
1928,35,DISTRICT OF COLUMBIA,DC,US,STATE,1,CASES
1928,36,DISTRICT OF COLUMBIA,DC,US,STATE,2,CASES
1928,37,DISTRICT OF COLUMBIA,DC,US,STATE,4,CASES
1928,38,DISTRICT OF COLUMBIA,DC,US,STATE,4,CASES
1928,39,DISTRICT OF COLUMBIA,DC,US,STATE,7,CASES
1928,40,DISTRICT OF COLUMBIA,DC,US,STATE,10,CASES
1928,41,DISTRICT OF COLUMBIA,DC,US,STATE,12,CASES
1928,42,DISTRICT OF COLUMBIA,DC,US,STATE,12,CASES
1928,43,DISTRICT OF COLUMBIA,DC,US,STATE,14,CASES
1928,44,DISTRICT OF COLUMBIA,DC,US,STATE,12,CASES
1928,45,DISTRICT OF COLUMBIA,DC,US,STATE,13,CASES
1928,46,DISTRICT OF COLUMBIA,DC,US,STATE,11,CASES
1928,47,DISTRICT OF COLUMBIA,DC,US,STATE,14,CASES
1928,48,DISTRICT OF COLUMBIA,DC,US,STATE,10,CASES
1928,49,DISTRICT OF COLUMBIA,DC,US,STATE,12,CASES
1928,50,DISTRICT OF COLUMBIA,DC,US,STATE,14,CASES
1928,51,DISTRICT OF COLUMBIA,DC,US,STATE,20,CASES
1928,52,DISTRICT OF COLUMBIA,DC,US,STATE,7,CASES
1929,1,DISTRICT OF COLUMBIA,DC,US,STATE,19,CASES
1929,2,DISTRICT OF COLUMBIA,DC,US,STATE,15,CASES
1929,3,DISTRICT OF COLUMBIA,DC,US,STATE,22,CASES
1929,4,DISTRICT OF COLUMBIA,DC,US,STATE,10,CASES
1929,5,DISTRICT OF COLUMBIA,DC,US,STATE,21,CASES
1929,6,DISTRICT OF COLUMBIA,DC,US,STATE,22,CASES
1929,7,DISTRICT OF COLUMBIA,DC,US,STATE,28,CASES
1929,8,DISTRICT OF COLUMBIA,DC,US,STATE,25,CASES
1929,9,DISTRICT OF COLUMBIA,DC,US,STATE,23,CASES
1929,10,DISTRICT OF COLUMBIA,DC,US,STATE,31,CASES
1929,11,DISTRICT OF COLUMBIA,DC,US,STATE,19,CASES
1929,12,DISTRICT OF COLUMBIA,DC,US,STATE,24,CASES
1929,13,DISTRICT OF COLUMBIA,DC,US,STATE,28,CASES
1929,14,DISTRICT OF COLUMBIA,DC,US,STATE,22,CASES
1929,15,DISTRICT OF COLUMBIA,DC,US,STATE,12,CASES
1929,16,DISTRICT OF COLUMBIA,DC,US,STATE,18,CASES
1929,17,DISTRICT OF COLUMBIA,DC,US,STATE,15,CASES
1929,18,DISTRICT OF COLUMBIA,DC,US,STATE,15,CASES
1929,19,DISTRICT OF COLUMBIA,DC,US,STATE,19,CASES
1929,20,DISTRICT OF COLUMBIA,DC,US,STATE,16,CASES
1929,21,DISTRICT OF COLUMBIA,DC,US,STATE,10,CASES
1929,22,DISTRICT OF COLUMBIA,DC,US,STATE,15,CASES
1929,23,DISTRICT OF COLUMBIA,DC,US,STATE,14,CASES
1929,24,DISTRICT OF COLUMBIA,DC,US,STATE,9,CASES
1929,25,DISTRICT OF COLUMBIA,DC,US,STATE,7,CASES
1929,26,DISTRICT OF COLUMBIA,DC,US,STATE,5,CASES
1929,27,DISTRICT OF COLUMBIA,DC,US,STATE,7,CASES
1929,28,DISTRICT OF COLUMBIA,DC,US,STATE,7,CASES
1929,29,DISTRICT OF COLUMBIA,DC,US,STATE,17,CASES
1929,30,DISTRICT OF COLUMBIA,DC,US,STATE,3,CASES
1929,31,DISTRICT OF COLUMBIA,DC,US,STATE,4,CASES
1929,32,DISTRICT OF COLUMBIA,DC,US,STATE,3,CASES
1929,33,DISTRICT OF COLUMBIA,DC,US,STATE,3,CASES
1929,34,DISTRICT OF COLUMBIA,DC,US,STATE,2,CASES
1929,35,DISTRICT OF COLUMBIA,DC,US,STATE,5,CASES
1929,36,DISTRICT OF COLUMBIA,DC,US,STATE,11,CASES
1929,37,DISTRICT OF COLUMBIA,DC,US,STATE,1,CASES
1929,38,DISTRICT OF COLUMBIA,DC,US,STATE,3,CASES
1929,39,DISTRICT OF COLUMBIA,DC,US,STATE,4,CASES
1929,40,DISTRICT OF COLUMBIA,DC,US,STATE,10,CASES
1929,41,DISTRICT OF COLUMBIA,DC,US,STATE,7,CASES
1929,42,DISTRICT OF COLUMBIA,DC,US,STATE,10,CASES
1929,43,DISTRICT OF COLUMBIA,DC,US,STATE,7,CASES
1929,44,DISTRICT OF COLUMBIA,DC,US,STATE,5,CASES
1929,45,DISTRICT OF COLUMBIA,DC,US,STATE,12,CASES
1929,46,DISTRICT OF COLUMBIA,DC,US,STATE,19,CASES
1929,47,DISTRICT OF COLUMBIA,DC,US,STATE,13,CASES
1929,48,DISTRICT OF COLUMBIA,DC,US,STATE,8,CASES
1929,49,DISTRICT OF COLUMBIA,DC,US,STATE,11,CASES
1929,50,DISTRICT OF COLUMBIA,DC,US,STATE,17,CASES
1929,51,DISTRICT OF COLUMBIA,DC,US,STATE,22,CASES
1929,52,DISTRICT OF COLUMBIA,DC,US,STATE,25,CASES
1930,1,DISTRICT OF COLUMBIA,DC,US,STATE,16,CASES
1930,2,DISTRICT OF COLUMBIA,DC,US,STATE,19,CASES
1930,3,DISTRICT OF COLUMBIA,DC,US,STATE,19,CASES
1930,4,DISTRICT OF COLUMBIA,DC,US,STATE,20,CASES
1930,5,DISTRICT OF COLUMBIA,DC,US,STATE,16,CASES
1930,6,DISTRICT OF COLUMBIA,DC,US,STATE,12,CASES
1930,7,DISTRICT OF COLUMBIA,DC,US,STATE,22,CASES
1930,8,DISTRICT OF COLUMBIA,DC,US,STATE,24,CASES
1930,9,DISTRICT OF COLUMBIA,DC,US,STATE,24,CASES
1930,10,DISTRICT OF COLUMBIA,DC,US,STATE,11,CASES
1930,11,DISTRICT OF COLUMBIA,DC,US,STATE,19,CASES
1930,12,DISTRICT OF COLUMBIA,DC,US,STATE,26,CASES
1930,13,DISTRICT OF COLUMBIA,DC,US,STATE,13,CASES
1930,14,DISTRICT OF COLUMBIA,DC,US,STATE,17,CASES
1930,15,DISTRICT OF COLUMBIA,DC,US,STATE,23,CASES
1930,16,DISTRICT OF COLUMBIA,DC,US,STATE,23,CASES
1930,17,DISTRICT OF COLUMBIA,DC,US,STATE,10,CASES
1930,18,DISTRICT OF COLUMBIA,DC,US,STATE,23,CASES
1930,19,DISTRICT OF COLUMBIA,DC,US,STATE,14,CASES
1930,20,DISTRICT OF COLUMBIA,DC,US,STATE,9,CASES
1930,21,DISTRICT OF COLUMBIA,DC,US,STATE,16,CASES
1930,22,DISTRICT OF COLUMBIA,DC,US,STATE,11,CASES
1930,23,DISTRICT OF COLUMBIA,DC,US,STATE,4,CASES
1930,24,DISTRICT OF COLUMBIA,DC,US,STATE,16,CASES
1930,25,DISTRICT OF COLUMBIA,DC,US,STATE,4,CASES
1930,26,DISTRICT OF COLUMBIA,DC,US,STATE,7,CASES
1930,27,DISTRICT OF COLUMBIA,DC,US,STATE,4,CASES
1930,28,DISTRICT OF COLUMBIA,DC,US,STATE,6,CASES
1930,29,DISTRICT OF COLUMBIA,DC,US,STATE,5,CASES
1930,30,DISTRICT OF COLUMBIA,DC,US,STATE,2,CASES
1930,31,DISTRICT OF COLUMBIA,DC,US,STATE,2,CASES
1930,32,DISTRICT OF COLUMBIA,DC,US,STATE,1,CASES
1930,33,DISTRICT OF COLUMBIA,DC,US,STATE,4,CASES
1930,34,DISTRICT OF COLUMBIA,DC,US,STATE,4,CASES
1930,35,DISTRICT OF COLUMBIA,DC,US,STATE,4,CASES
1930,36,DISTRICT OF COLUMBIA,DC,US,STATE,4,CASES
1930,37,DISTRICT OF COLUMBIA,DC,US,STATE,3,CASES
1930,38,DISTRICT OF COLUMBIA,DC,US,STATE,3,CASES
1930,39,DISTRICT OF COLUMBIA,DC,US,STATE,3,CASES
1930,40,DISTRICT OF COLUMBIA,DC,US,STATE,4,CASES
1930,41,DISTRICT OF COLUMBIA,DC,US,STATE,10,CASES
1930,42,DISTRICT OF COLUMBIA,DC,US,STATE,8,CASES
1930,43,DISTRICT OF COLUMBIA,DC,US,STATE,18,CASES
1930,44,DISTRICT OF COLUMBIA,DC,US,STATE,9,CASES
1930,45,DISTRICT OF COLUMBIA,DC,US,STATE,29,CASES
1930,46,DISTRICT OF COLUMBIA,DC,US,STATE,18,CASES
1930,47,DISTRICT OF COLUMBIA,DC,US,STATE,37,CASES
1930,48,DISTRICT OF COLUMBIA,DC,US,STATE,28,CASES
1930,49,DISTRICT OF COLUMBIA,DC,US,STATE,20,CASES
1930,50,DISTRICT OF COLUMBIA,DC,US,STATE,29,CASES
1930,51,DISTRICT OF COLUMBIA,DC,US,STATE,22,CASES
1930,52,DISTRICT OF COLUMBIA,DC,US,STATE,23,CASES
1930,53,DISTRICT OF COLUMBIA,DC,US,STATE,30,CASES
1931,1,DISTRICT OF COLUMBIA,DC,US,STATE,43,CASES
1931,2,DISTRICT OF COLUMBIA,DC,US,STATE,26,CASES
1931,3,DISTRICT OF COLUMBIA,DC,US,STATE,32,CASES
1931,4,DISTRICT OF COLUMBIA,DC,US,STATE,26,CASES
1931,5,DISTRICT OF COLUMBIA,DC,US,STATE,37,CASES
1931,6,DISTRICT OF COLUMBIA,DC,US,STATE,25,CASES
1931,7,DISTRICT OF COLUMBIA,DC,US,STATE,14,CASES
1931,8,DISTRICT OF COLUMBIA,DC,US,STATE,18,CASES
1931,9,DISTRICT OF COLUMBIA,DC,US,STATE,26,CASES
1931,10,DISTRICT OF COLUMBIA,DC,US,STATE,33,CASES
1931,11,DISTRICT OF COLUMBIA,DC,US,STATE,32,CASES
1931,12,DISTRICT OF COLUMBIA,DC,US,STATE,30,CASES
1931,13,DISTRICT OF COLUMBIA,DC,US,STATE,23,CASES
1931,14,DISTRICT OF COLUMBIA,DC,US,STATE,20,CASES
1931,15,DISTRICT OF COLUMBIA,DC,US,STATE,27,CASES
1931,16,DISTRICT OF COLUMBIA,DC,US,STATE,28,CASES
1931,17,DISTRICT OF COLUMBIA,DC,US,STATE,17,CASES
1931,18,DISTRICT OF COLUMBIA,DC,US,STATE,32,CASES
1931,19,DISTRICT OF COLUMBIA,DC,US,STATE,14,CASES
1931,20,DISTRICT OF COLUMBIA,DC,US,STATE,13,CASES
1931,21,DISTRICT OF COLUMBIA,DC,US,STATE,25,CASES
1931,22,DISTRICT OF COLUMBIA,DC,US,STATE,16,CASES
1931,23,DISTRICT OF COLUMBIA,DC,US,STATE,10,CASES
1931,24,DISTRICT OF COLUMBIA,DC,US,STATE,13,CASES
1931,25,DISTRICT OF COLUMBIA,DC,US,STATE,8,CASES
1931,26,DISTRICT OF COLUMBIA,DC,US,STATE,6,CASES
1931,27,DISTRICT OF COLUMBIA,DC,US,STATE,11,CASES
1931,28,DISTRICT OF COLUMBIA,DC,US,STATE,5,CASES
1931,29,DISTRICT OF COLUMBIA,DC,US,STATE,2,CASES
1931,30,DISTRICT OF COLUMBIA,DC,US,STATE,4,CASES
1931,31,DISTRICT OF COLUMBIA,DC,US,STATE,5,CASES
1931,32,DISTRICT OF COLUMBIA,DC,US,STATE,1,CASES
1931,33,DISTRICT OF COLUMBIA,DC,US,STATE,6,CASES
1931,34,DISTRICT OF COLUMBIA,DC,US,STATE,3,CASES
1931,35,DISTRICT OF COLUMBIA,DC,US,STATE,2,CASES
1931,36,DISTRICT OF COLUMBIA,DC,US,STATE,5,CASES
1931,37,DISTRICT OF COLUMBIA,DC,US,STATE,4,CASES
1931,38,DISTRICT OF COLUMBIA,DC,US,STATE,9,CASES
1931,39,DISTRICT OF COLUMBIA,DC,US,STATE,6,CASES
1931,40,DISTRICT OF COLUMBIA,DC,US,STATE,15,CASES
1931,41,DISTRICT OF COLUMBIA,DC,US,STATE,11,CASES
1931,42,DISTRICT OF COLUMBIA,DC,US,STATE,15,CASES
1931,43,DISTRICT OF COLUMBIA,DC,US,STATE,11,CASES
1931,44,DISTRICT OF COLUMBIA,DC,US,STATE,22,CASES
1931,45,DISTRICT OF COLUMBIA,DC,US,STATE,21,CASES
1931,46,DISTRICT OF COLUMBIA,DC,US,STATE,27,CASES
1931,47,DISTRICT OF COLUMBIA,DC,US,STATE,18,CASES
1931,48,DISTRICT OF COLUMBIA,DC,US,STATE,16,CASES
1931,49,DISTRICT OF COLUMBIA,DC,US,STATE,21,CASES
1931,50,DISTRICT OF COLUMBIA,DC,US,STATE,25,CASES
1931,51,DISTRICT OF COLUMBIA,DC,US,STATE,8,CASES
1931,52,DISTRICT OF COLUMBIA,DC,US,STATE,23,CASES
1932,1,DISTRICT OF COLUMBIA,DC,US,STATE,23,CASES
1932,2,DISTRICT OF COLUMBIA,DC,US,STATE,23,CASES
1932,3,DISTRICT OF COLUMBIA,DC,US,STATE,21,CASES
1932,4,DISTRICT OF COLUMBIA,DC,US,STATE,18,CASES
1932,5,DISTRICT OF COLUMBIA,DC,US,STATE,23,CASES
1932,6,DISTRICT OF COLUMBIA,DC,US,STATE,23,CASES
1932,7,DISTRICT OF COLUMBIA,DC,US,STATE,27,CASES
1932,8,DISTRICT OF COLUMBIA,DC,US,STATE,22,CASES
1932,9,DISTRICT OF COLUMBIA,DC,US,STATE,51,CASES
1932,10,DISTRICT OF COLUMBIA,DC,US,STATE,24,CASES
1932,11,DISTRICT OF COLUMBIA,DC,US,STATE,29,CASES
1932,12,DISTRICT OF COLUMBIA,DC,US,STATE,20,CASES
1932,13,DISTRICT OF COLUMBIA,DC,US,STATE,32,CASES
1932,14,DISTRICT OF COLUMBIA,DC,US,STATE,23,CASES
1932,15,DISTRICT OF COLUMBIA,DC,US,STATE,21,CASES
1932,16,DISTRICT OF COLUMBIA,DC,US,STATE,26,CASES
1932,17,DISTRICT OF COLUMBIA,DC,US,STATE,35,CASES
1932,18,DISTRICT OF COLUMBIA,DC,US,STATE,27,CASES
1932,19,DISTRICT OF COLUMBIA,DC,US,STATE,25,CASES
1932,20,DISTRICT OF COLUMBIA,DC,US,STATE,20,CASES
1932,21,DISTRICT OF COLUMBIA,DC,US,STATE,17,CASES
1932,22,DISTRICT OF COLUMBIA,DC,US,STATE,14,CASES
1932,23,DISTRICT OF COLUMBIA,DC,US,STATE,12,CASES
1932,24,DISTRICT OF COLUMBIA,DC,US,STATE,10,CASES
1932,25,DISTRICT OF COLUMBIA,DC,US,STATE,5,CASES
1932,26,DISTRICT OF COLUMBIA,DC,US,STATE,5,CASES
1932,27,DISTRICT OF COLUMBIA,DC,US,STATE,4,CASES
1932,28,DISTRICT OF COLUMBIA,DC,US,STATE,4,CASES
1932,29,DISTRICT OF COLUMBIA,DC,US,STATE,3,CASES
1932,30,DISTRICT OF COLUMBIA,DC,US,STATE,7,CASES
1932,31,DISTRICT OF COLUMBIA,DC,US,STATE,2,CASES
1932,32,DISTRICT OF COLUMBIA,DC,US,STATE,6,CASES
1932,33,DISTRICT OF COLUMBIA,DC,US,STATE,2,CASES
1932,34,DISTRICT OF COLUMBIA,DC,US,STATE,6,CASES
1932,35,DISTRICT OF COLUMBIA,DC,US,STATE,6,CASES
1932,36,DISTRICT OF COLUMBIA,DC,US,STATE,5,CASES
1932,37,DISTRICT OF COLUMBIA,DC,US,STATE,3,CASES
1932,38,DISTRICT OF COLUMBIA,DC,US,STATE,5,CASES
1932,39,DISTRICT OF COLUMBIA,DC,US,STATE,8,CASES
1932,40,DISTRICT OF COLUMBIA,DC,US,STATE,4,CASES
1932,41,DISTRICT OF COLUMBIA,DC,US,STATE,13,CASES
1932,42,DISTRICT OF COLUMBIA,DC,US,STATE,16,CASES
1932,43,DISTRICT OF COLUMBIA,DC,US,STATE,17,CASES
1932,44,DISTRICT OF COLUMBIA,DC,US,STATE,11,CASES
1932,45,DISTRICT OF COLUMBIA,DC,US,STATE,18,CASES
1932,46,DISTRICT OF COLUMBIA,DC,US,STATE,7,CASES
1932,47,DISTRICT OF COLUMBIA,DC,US,STATE,16,CASES
1932,48,DISTRICT OF COLUMBIA,DC,US,STATE,10,CASES
1932,49,DISTRICT OF COLUMBIA,DC,US,STATE,26,CASES
1932,50,DISTRICT OF COLUMBIA,DC,US,STATE,12,CASES
1932,51,DISTRICT OF COLUMBIA,DC,US,STATE,10,CASES
1932,52,DISTRICT OF COLUMBIA,DC,US,STATE,9,CASES
1933,1,DISTRICT OF COLUMBIA,DC,US,STATE,14,CASES
1933,2,DISTRICT OF COLUMBIA,DC,US,STATE,21,CASES
1933,3,DISTRICT OF COLUMBIA,DC,US,STATE,22,CASES
1933,4,DISTRICT OF COLUMBIA,DC,US,STATE,23,CASES
1933,5,DISTRICT OF COLUMBIA,DC,US,STATE,13,CASES
1933,6,DISTRICT OF COLUMBIA,DC,US,STATE,11,CASES
1933,7,DISTRICT OF COLUMBIA,DC,US,STATE,11,CASES
1933,8,DISTRICT OF COLUMBIA,DC,US,STATE,12,CASES
1933,9,DISTRICT OF COLUMBIA,DC,US,STATE,13,CASES
1933,10,DISTRICT OF COLUMBIA,DC,US,STATE,21,CASES
1933,11,DISTRICT OF COLUMBIA,DC,US,STATE,28,CASES
1933,12,DISTRICT OF COLUMBIA,DC,US,STATE,15,CASES
1933,13,DISTRICT OF COLUMBIA,DC,US,STATE,17,CASES
1933,14,DISTRICT OF COLUMBIA,DC,US,STATE,12,CASES
1933,15,DISTRICT OF COLUMBIA,DC,US,STATE,15,CASES
1933,16,DISTRICT OF COLUMBIA,DC,US,STATE,15,CASES
1933,17,DISTRICT OF COLUMBIA,DC,US,STATE,12,CASES
1933,18,DISTRICT OF COLUMBIA,DC,US,STATE,14,CASES
1933,19,DISTRICT OF COLUMBIA,DC,US,STATE,17,CASES
1933,20,DISTRICT OF COLUMBIA,DC,US,STATE,8,CASES
1933,21,DISTRICT OF COLUMBIA,DC,US,STATE,10,CASES
1933,22,DISTRICT OF COLUMBIA,DC,US,STATE,10,CASES
1933,23,DISTRICT OF COLUMBIA,DC,US,STATE,8,CASES
1933,24,DISTRICT OF COLUMBIA,DC,US,STATE,4,CASES
1933,25,DISTRICT OF COLUMBIA,DC,US,STATE,7,CASES
1933,26,DISTRICT OF COLUMBIA,DC,US,STATE,7,CASES
1933,27,DISTRICT OF COLUMBIA,DC,US,STATE,3,CASES
1933,28,DISTRICT OF COLUMBIA,DC,US,STATE,6,CASES
1933,29,DISTRICT OF COLUMBIA,DC,US,STATE,2,CASES
1933,30,DISTRICT OF COLUMBIA,DC,US,STATE,3,CASES
1933,31,DISTRICT OF COLUMBIA,DC,US,STATE,7,CASES
1933,32,DISTRICT OF COLUMBIA,DC,US,STATE,5,CASES
1933,33,DISTRICT OF COLUMBIA,DC,US,STATE,6,CASES
1933,34,DISTRICT OF COLUMBIA,DC,US,STATE,4,CASES
1933,35,DISTRICT OF COLUMBIA,DC,US,STATE,2,CASES
1933,36,DISTRICT OF COLUMBIA,DC,US,STATE,3,CASES
1933,37,DISTRICT OF COLUMBIA,DC,US,STATE,2,CASES
1933,38,DISTRICT OF COLUMBIA,DC,US,STATE,9,CASES
1933,39,DISTRICT OF COLUMBIA,DC,US,STATE,15,CASES
1933,40,DISTRICT OF COLUMBIA,DC,US,STATE,5,CASES
1933,41,DISTRICT OF COLUMBIA,DC,US,STATE,14,CASES
1933,42,DISTRICT OF COLUMBIA,DC,US,STATE,10,CASES
1933,43,DISTRICT OF COLUMBIA,DC,US,STATE,9,CASES
1933,44,DISTRICT OF COLUMBIA,DC,US,STATE,5,CASES
1933,45,DISTRICT OF COLUMBIA,DC,US,STATE,10,CASES
1933,46,DISTRICT OF COLUMBIA,DC,US,STATE,17,CASES
1933,47,DISTRICT OF COLUMBIA,DC,US,STATE,21,CASES
1933,48,DISTRICT OF COLUMBIA,DC,US,STATE,12,CASES
1933,49,DISTRICT OF COLUMBIA,DC,US,STATE,17,CASES
1933,50,DISTRICT OF COLUMBIA,DC,US,STATE,14,CASES
1933,51,DISTRICT OF COLUMBIA,DC,US,STATE,17,CASES
1933,52,DISTRICT OF COLUMBIA,DC,US,STATE,19,CASES
1934,1,DISTRICT OF COLUMBIA,DC,US,STATE,13,CASES
1934,2,DISTRICT OF COLUMBIA,DC,US,STATE,16,CASES
1934,3,DISTRICT OF COLUMBIA,DC,US,STATE,18,CASES
1934,4,DISTRICT OF COLUMBIA,DC,US,STATE,18,CASES
1934,5,DISTRICT OF COLUMBIA,DC,US,STATE,14,CASES
1934,6,DISTRICT OF COLUMBIA,DC,US,STATE,19,CASES
1934,7,DISTRICT OF COLUMBIA,DC,US,STATE,14,CASES
1934,8,DISTRICT OF COLUMBIA,DC,US,STATE,25,CASES
1934,9,DISTRICT OF COLUMBIA,DC,US,STATE,16,CASES
1934,10,DISTRICT OF COLUMBIA,DC,US,STATE,17,CASES
1934,11,DISTRICT OF COLUMBIA,DC,US,STATE,14,CASES
1934,12,DISTRICT OF COLUMBIA,DC,US,STATE,15,CASES
1934,13,DISTRICT OF COLUMBIA,DC,US,STATE,16,CASES
1934,14,DISTRICT OF COLUMBIA,DC,US,STATE,7,CASES
1934,15,DISTRICT OF COLUMBIA,DC,US,STATE,14,CASES
1934,16,DISTRICT OF COLUMBIA,DC,US,STATE,14,CASES
1934,17,DISTRICT OF COLUMBIA,DC,US,STATE,11,CASES
1934,18,DISTRICT OF COLUMBIA,DC,US,STATE,10,CASES
1934,19,DISTRICT OF COLUMBIA,DC,US,STATE,10,CASES
1934,20,DISTRICT OF COLUMBIA,DC,US,STATE,17,CASES
1934,21,DISTRICT OF COLUMBIA,DC,US,STATE,12,CASES
1934,22,DISTRICT OF COLUMBIA,DC,US,STATE,7,CASES
1934,23,DISTRICT OF COLUMBIA,DC,US,STATE,7,CASES
1934,24,DISTRICT OF COLUMBIA,DC,US,STATE,5,CASES
1934,25,DISTRICT OF COLUMBIA,DC,US,STATE,7,CASES
1934,26,DISTRICT OF COLUMBIA,DC,US,STATE,5,CASES
1934,27,DISTRICT OF COLUMBIA,DC,US,STATE,7,CASES
1934,28,DISTRICT OF COLUMBIA,DC,US,STATE,3,CASES
1934,29,DISTRICT OF COLUMBIA,DC,US,STATE,4,CASES
1934,30,DISTRICT OF COLUMBIA,DC,US,STATE,2,CASES
1934,31,DISTRICT OF COLUMBIA,DC,US,STATE,3,CASES
1934,32,DISTRICT OF COLUMBIA,DC,US,STATE,1,CASES
1934,33,DISTRICT OF COLUMBIA,DC,US,STATE,8,CASES
1934,34,DISTRICT OF COLUMBIA,DC,US,STATE,7,CASES
1934,35,DISTRICT OF COLUMBIA,DC,US,STATE,4,CASES
1934,36,DISTRICT OF COLUMBIA,DC,US,STATE,8,CASES
1934,37,DISTRICT OF COLUMBIA,DC,US,STATE,11,CASES
1934,38,DISTRICT OF COLUMBIA,DC,US,STATE,8,CASES
1934,39,DISTRICT OF COLUMBIA,DC,US,STATE,17,CASES
1934,40,DISTRICT OF COLUMBIA,DC,US,STATE,16,CASES
1934,41,DISTRICT OF COLUMBIA,DC,US,STATE,17,CASES
1934,42,DISTRICT OF COLUMBIA,DC,US,STATE,31,CASES
1934,43,DISTRICT OF COLUMBIA,DC,US,STATE,18,CASES
1934,44,DISTRICT OF COLUMBIA,DC,US,STATE,24,CASES
1934,45,DISTRICT OF COLUMBIA,DC,US,STATE,31,CASES
1934,46,DISTRICT OF COLUMBIA,DC,US,STATE,26,CASES
1934,47,DISTRICT OF COLUMBIA,DC,US,STATE,24,CASES
1934,48,DISTRICT OF COLUMBIA,DC,US,STATE,26,CASES
1934,49,DISTRICT OF COLUMBIA,DC,US,STATE,24,CASES
1934,50,DISTRICT OF COLUMBIA,DC,US,STATE,17,CASES
1934,51,DISTRICT OF COLUMBIA,DC,US,STATE,29,CASES
1934,52,DISTRICT OF COLUMBIA,DC,US,STATE,28,CASES
1935,1,DISTRICT OF COLUMBIA,DC,US,STATE,26,CASES
1935,2,DISTRICT OF COLUMBIA,DC,US,STATE,27,CASES
1935,3,DISTRICT OF COLUMBIA,DC,US,STATE,25,CASES
1935,4,DISTRICT OF COLUMBIA,DC,US,STATE,29,CASES
1935,5,DISTRICT OF COLUMBIA,DC,US,STATE,22,CASES
1935,6,DISTRICT OF COLUMBIA,DC,US,STATE,25,CASES
1935,7,DISTRICT OF COLUMBIA,DC,US,STATE,36,CASES
1935,8,DISTRICT OF COLUMBIA,DC,US,STATE,44,CASES
1935,9,DISTRICT OF COLUMBIA,DC,US,STATE,55,CASES
1935,10,DISTRICT OF COLUMBIA,DC,US,STATE,65,CASES
1935,11,DISTRICT OF COLUMBIA,DC,US,STATE,100,CASES
1935,12,DISTRICT OF COLUMBIA,DC,US,STATE,144,CASES
1935,13,DISTRICT OF COLUMBIA,DC,US,STATE,118,CASES
1935,14,DISTRICT OF COLUMBIA,DC,US,STATE,113,CASES
1935,15,DISTRICT OF COLUMBIA,DC,US,STATE,74,CASES
1935,16,DISTRICT OF COLUMBIA,DC,US,STATE,90,CASES
1935,17,DISTRICT OF COLUMBIA,DC,US,STATE,64,CASES
1935,18,DISTRICT OF COLUMBIA,DC,US,STATE,78,CASES
1935,19,DISTRICT OF COLUMBIA,DC,US,STATE,64,CASES
1935,20,DISTRICT OF COLUMBIA,DC,US,STATE,43,CASES
1935,21,DISTRICT OF COLUMBIA,DC,US,STATE,46,CASES
1935,22,DISTRICT OF COLUMBIA,DC,US,STATE,31,CASES
1935,23,DISTRICT OF COLUMBIA,DC,US,STATE,23,CASES
1935,24,DISTRICT OF COLUMBIA,DC,US,STATE,26,CASES
1935,25,DISTRICT OF COLUMBIA,DC,US,STATE,7,CASES
1935,26,DISTRICT OF COLUMBIA,DC,US,STATE,7,CASES
1935,27,DISTRICT OF COLUMBIA,DC,US,STATE,12,CASES
1935,28,DISTRICT OF COLUMBIA,DC,US,STATE,7,CASES
1935,29,DISTRICT OF COLUMBIA,DC,US,STATE,3,CASES
1935,30,DISTRICT OF COLUMBIA,DC,US,STATE,6,CASES
1935,31,DISTRICT OF COLUMBIA,DC,US,STATE,4,CASES
1935,32,DISTRICT OF COLUMBIA,DC,US,STATE,5,CASES
1935,33,DISTRICT OF COLUMBIA,DC,US,STATE,3,CASES
1935,34,DISTRICT OF COLUMBIA,DC,US,STATE,5,CASES
1935,35,DISTRICT OF COLUMBIA,DC,US,STATE,4,CASES
1935,36,DISTRICT OF COLUMBIA,DC,US,STATE,10,CASES
1935,37,DISTRICT OF COLUMBIA,DC,US,STATE,5,CASES
1935,38,DISTRICT OF COLUMBIA,DC,US,STATE,12,CASES
1935,39,DISTRICT OF COLUMBIA,DC,US,STATE,14,CASES
1935,40,DISTRICT OF COLUMBIA,DC,US,STATE,6,CASES
1935,41,DISTRICT OF COLUMBIA,DC,US,STATE,11,CASES
1935,42,DISTRICT OF COLUMBIA,DC,US,STATE,14,CASES
1935,43,DISTRICT OF COLUMBIA,DC,US,STATE,13,CASES
1935,44,DISTRICT OF COLUMBIA,DC,US,STATE,6,CASES
1935,45,DISTRICT OF COLUMBIA,DC,US,STATE,10,CASES
1935,46,DISTRICT OF COLUMBIA,DC,US,STATE,8,CASES
1935,47,DISTRICT OF COLUMBIA,DC,US,STATE,2,CASES
1935,48,DISTRICT OF COLUMBIA,DC,US,STATE,13,CASES
1935,49,DISTRICT OF COLUMBIA,DC,US,STATE,12,CASES
1935,50,DISTRICT OF COLUMBIA,DC,US,STATE,19,CASES
1935,51,DISTRICT OF COLUMBIA,DC,US,STATE,10,CASES
1935,52,DISTRICT OF COLUMBIA,DC,US,STATE,14,CASES
1936,1,DISTRICT OF COLUMBIA,DC,US,STATE,18,CASES
1936,2,DISTRICT OF COLUMBIA,DC,US,STATE,24,CASES
1936,3,DISTRICT OF COLUMBIA,DC,US,STATE,28,CASES
1936,4,DISTRICT OF COLUMBIA,DC,US,STATE,19,CASES
1936,5,DISTRICT OF COLUMBIA,DC,US,STATE,16,CASES
1936,6,DISTRICT OF COLUMBIA,DC,US,STATE,30,CASES
1936,7,DISTRICT OF COLUMBIA,DC,US,STATE,21,CASES
1936,8,DISTRICT OF COLUMBIA,DC,US,STATE,20,CASES
1936,9,DISTRICT OF COLUMBIA,DC,US,STATE,30,CASES
1936,10,DISTRICT OF COLUMBIA,DC,US,STATE,34,CASES
1936,11,DISTRICT OF COLUMBIA,DC,US,STATE,24,CASES
1936,12,DISTRICT OF COLUMBIA,DC,US,STATE,19,CASES
1936,13,DISTRICT OF COLUMBIA,DC,US,STATE,21,CASES
1936,14,DISTRICT OF COLUMBIA,DC,US,STATE,16,CASES
1936,15,DISTRICT OF COLUMBIA,DC,US,STATE,18,CASES
1936,16,DISTRICT OF COLUMBIA,DC,US,STATE,16,CASES
1936,17,DISTRICT OF COLUMBIA,DC,US,STATE,18,CASES
1936,18,DISTRICT OF COLUMBIA,DC,US,STATE,23,CASES
1936,19,DISTRICT OF COLUMBIA,DC,US,STATE,17,CASES
1936,20,DISTRICT OF COLUMBIA,DC,US,STATE,24,CASES
1936,21,DISTRICT OF COLUMBIA,DC,US,STATE,17,CASES
1936,22,DISTRICT OF COLUMBIA,DC,US,STATE,20,CASES
1936,23,DISTRICT OF COLUMBIA,DC,US,STATE,12,CASES
1936,24,DISTRICT OF COLUMBIA,DC,US,STATE,11,CASES
1936,25,DISTRICT OF COLUMBIA,DC,US,STATE,5,CASES
1936,26,DISTRICT OF COLUMBIA,DC,US,STATE,6,CASES
1936,27,DISTRICT OF COLUMBIA,DC,US,STATE,9,CASES
1936,28,DISTRICT OF COLUMBIA,DC,US,STATE,1,CASES
1936,29,DISTRICT OF COLUMBIA,DC,US,STATE,3,CASES
1936,30,DISTRICT OF COLUMBIA,DC,US,STATE,5,CASES
1936,31,DISTRICT OF COLUMBIA,DC,US,STATE,1,CASES
1936,32,DISTRICT OF COLUMBIA,DC,US,STATE,1,CASES
1936,33,DISTRICT OF COLUMBIA,DC,US,STATE,2,CASES
1936,34,DISTRICT OF COLUMBIA,DC,US,STATE,2,CASES
1936,36,DISTRICT OF COLUMBIA,DC,US,STATE,6,CASES
1936,37,DISTRICT OF COLUMBIA,DC,US,STATE,10,CASES
1936,38,DISTRICT OF COLUMBIA,DC,US,STATE,8,CASES
1936,40,DISTRICT OF COLUMBIA,DC,US,STATE,8,CASES
1936,41,DISTRICT OF COLUMBIA,DC,US,STATE,7,CASES
1936,42,DISTRICT OF COLUMBIA,DC,US,STATE,6,CASES
1936,43,DISTRICT OF COLUMBIA,DC,US,STATE,11,CASES
1936,44,DISTRICT OF COLUMBIA,DC,US,STATE,15,CASES
1936,45,DISTRICT OF COLUMBIA,DC,US,STATE,6,CASES
1936,46,DISTRICT OF COLUMBIA,DC,US,STATE,12,CASES
1936,47,DISTRICT OF COLUMBIA,DC,US,STATE,12,CASES
1936,48,DISTRICT OF COLUMBIA,DC,US,STATE,12,CASES
1936,49,DISTRICT OF COLUMBIA,DC,US,STATE,20,CASES
1936,50,DISTRICT OF COLUMBIA,DC,US,STATE,10,CASES
1936,51,DISTRICT OF COLUMBIA,DC,US,STATE,16,CASES
1936,52,DISTRICT OF COLUMBIA,DC,US,STATE,12,CASES
1936,53,DISTRICT OF COLUMBIA,DC,US,STATE,15,CASES
1937,1,DISTRICT OF COLUMBIA,DC,US,STATE,18,CASES
1937,2,DISTRICT OF COLUMBIA,DC,US,STATE,22,CASES
1937,3,DISTRICT OF COLUMBIA,DC,US,STATE,18,CASES
1937,4,DISTRICT OF COLUMBIA,DC,US,STATE,16,CASES
1937,5,DISTRICT OF COLUMBIA,DC,US,STATE,13,CASES
1937,6,DISTRICT OF COLUMBIA,DC,US,STATE,17,CASES
1937,7,DISTRICT OF COLUMBIA,DC,US,STATE,23,CASES
1937,8,DISTRICT OF COLUMBIA,DC,US,STATE,21,CASES
1937,9,DISTRICT OF COLUMBIA,DC,US,STATE,13,CASES
1937,10,DISTRICT OF COLUMBIA,DC,US,STATE,9,CASES
1937,11,DISTRICT OF COLUMBIA,DC,US,STATE,17,CASES
1937,12,DISTRICT OF COLUMBIA,DC,US,STATE,14,CASES
1937,13,DISTRICT OF COLUMBIA,DC,US,STATE,8,CASES
1937,14,DISTRICT OF COLUMBIA,DC,US,STATE,11,CASES
1937,15,DISTRICT OF COLUMBIA,DC,US,STATE,21,CASES
1937,16,DISTRICT OF COLUMBIA,DC,US,STATE,18,CASES
1937,17,DISTRICT OF COLUMBIA,DC,US,STATE,12,CASES
1937,18,DISTRICT OF COLUMBIA,DC,US,STATE,13,CASES
1937,19,DISTRICT OF COLUMBIA,DC,US,STATE,10,CASES
1937,20,DISTRICT OF COLUMBIA,DC,US,STATE,14,CASES
1937,21,DISTRICT OF COLUMBIA,DC,US,STATE,12,CASES
1937,22,DISTRICT OF COLUMBIA,DC,US,STATE,3,CASES
1937,23,DISTRICT OF COLUMBIA,DC,US,STATE,6,CASES
1937,24,DISTRICT OF COLUMBIA,DC,US,STATE,7,CASES
1937,25,DISTRICT OF COLUMBIA,DC,US,STATE,9,CASES
1937,26,DISTRICT OF COLUMBIA,DC,US,STATE,4,CASES
1937,27,DISTRICT OF COLUMBIA,DC,US,STATE,2,CASES
1937,28,DISTRICT OF COLUMBIA,DC,US,STATE,4,CASES
1937,29,DISTRICT OF COLUMBIA,DC,US,STATE,3,CASES
1937,30,DISTRICT OF COLUMBIA,DC,US,STATE,6,CASES
1937,31,DISTRICT OF COLUMBIA,DC,US,STATE,1,CASES
1937,32,DISTRICT OF COLUMBIA,DC,US,STATE,4,CASES
1937,33,DISTRICT OF COLUMBIA,DC,US,STATE,2,CASES
1937,34,DISTRICT OF COLUMBIA,DC,US,STATE,1,CASES
1937,35,DISTRICT OF COLUMBIA,DC,US,STATE,2,CASES
1937,36,DISTRICT OF COLUMBIA,DC,US,STATE,3,CASES
1937,37,DISTRICT OF COLUMBIA,DC,US,STATE,5,CASES
1937,38,DISTRICT OF COLUMBIA,DC,US,STATE,7,CASES
1937,39,DISTRICT OF COLUMBIA,DC,US,STATE,4,CASES
1937,40,DISTRICT OF COLUMBIA,DC,US,STATE,9,CASES
1937,41,DISTRICT OF COLUMBIA,DC,US,STATE,8,CASES
1937,42,DISTRICT OF COLUMBIA,DC,US,STATE,5,CASES
1937,43,DISTRICT OF COLUMBIA,DC,US,STATE,14,CASES
1937,44,DISTRICT OF COLUMBIA,DC,US,STATE,10,CASES
1937,45,DISTRICT OF COLUMBIA,DC,US,STATE,9,CASES
1937,46,DISTRICT OF COLUMBIA,DC,US,STATE,19,CASES
1937,47,DISTRICT OF COLUMBIA,DC,US,STATE,11,CASES
1937,48,DISTRICT OF COLUMBIA,DC,US,STATE,17,CASES
1937,49,DISTRICT OF COLUMBIA,DC,US,STATE,12,CASES
1937,50,DISTRICT OF COLUMBIA,DC,US,STATE,16,CASES
1937,51,DISTRICT OF COLUMBIA,DC,US,STATE,8,CASES
1937,52,DISTRICT OF COLUMBIA,DC,US,STATE,15,CASES
1938,1,DISTRICT OF COLUMBIA,DC,US,STATE,20,CASES
1938,2,DISTRICT OF COLUMBIA,DC,US,STATE,26,CASES
1938,3,DISTRICT OF COLUMBIA,DC,US,STATE,15,CASES
1938,4,DISTRICT OF COLUMBIA,DC,US,STATE,15,CASES
1938,5,DISTRICT OF COLUMBIA,DC,US,STATE,21,CASES
1938,6,DISTRICT OF COLUMBIA,DC,US,STATE,15,CASES
1938,7,DISTRICT OF COLUMBIA,DC,US,STATE,20,CASES
1938,8,DISTRICT OF COLUMBIA,DC,US,STATE,18,CASES
1938,9,DISTRICT OF COLUMBIA,DC,US,STATE,25,CASES
1938,10,DISTRICT OF COLUMBIA,DC,US,STATE,24,CASES
1938,11,DISTRICT OF COLUMBIA,DC,US,STATE,18,CASES
1938,12,DISTRICT OF COLUMBIA,DC,US,STATE,28,CASES
1938,13,DISTRICT OF COLUMBIA,DC,US,STATE,18,CASES
1938,14,DISTRICT OF COLUMBIA,DC,US,STATE,23,CASES
1938,15,DISTRICT OF COLUMBIA,DC,US,STATE,26,CASES
1938,16,DISTRICT OF COLUMBIA,DC,US,STATE,27,CASES
1938,17,DISTRICT OF COLUMBIA,DC,US,STATE,18,CASES
1938,18,DISTRICT OF COLUMBIA,DC,US,STATE,20,CASES
1938,19,DISTRICT OF COLUMBIA,DC,US,STATE,18,CASES
1938,20,DISTRICT OF COLUMBIA,DC,US,STATE,14,CASES
1938,21,DISTRICT OF COLUMBIA,DC,US,STATE,15,CASES
1938,22,DISTRICT OF COLUMBIA,DC,US,STATE,11,CASES
1938,23,DISTRICT OF COLUMBIA,DC,US,STATE,6,CASES
1938,24,DISTRICT OF COLUMBIA,DC,US,STATE,6,CASES
1938,25,DISTRICT OF COLUMBIA,DC,US,STATE,108,CASES
1938,26,DISTRICT OF COLUMBIA,DC,US,STATE,67,CASES
1938,27,DISTRICT OF COLUMBIA,DC,US,STATE,42,CASES
1938,28,DISTRICT OF COLUMBIA,DC,US,STATE,25,CASES
1938,29,DISTRICT OF COLUMBIA,DC,US,STATE,8,CASES
1938,30,DISTRICT OF COLUMBIA,DC,US,STATE,25,CASES
1938,31,DISTRICT OF COLUMBIA,DC,US,STATE,8,CASES
1938,32,DISTRICT OF COLUMBIA,DC,US,STATE,17,CASES
1938,33,DISTRICT OF COLUMBIA,DC,US,STATE,33,CASES
1938,34,DISTRICT OF COLUMBIA,DC,US,STATE,42,CASES
1938,35,DISTRICT OF COLUMBIA,DC,US,STATE,91,CASES
1938,36,DISTRICT OF COLUMBIA,DC,US,STATE,8,CASES
1938,37,DISTRICT OF COLUMBIA,DC,US,STATE,8,CASES
1938,38,DISTRICT OF COLUMBIA,DC,US,STATE,7,CASES
1938,39,DISTRICT OF COLUMBIA,DC,US,STATE,8,CASES
1938,40,DISTRICT OF COLUMBIA,DC,US,STATE,58,CASES
1938,41,DISTRICT OF COLUMBIA,DC,US,STATE,10,CASES
1938,42,DISTRICT OF COLUMBIA,DC,US,STATE,108,CASES
1938,43,DISTRICT OF COLUMBIA,DC,US,STATE,13,CASES
1938,44,DISTRICT OF COLUMBIA,DC,US,STATE,67,CASES
1938,45,DISTRICT OF COLUMBIA,DC,US,STATE,4,CASES
1938,46,DISTRICT OF COLUMBIA,DC,US,STATE,83,CASES
1938,47,DISTRICT OF COLUMBIA,DC,US,STATE,116,CASES
1938,48,DISTRICT OF COLUMBIA,DC,US,STATE,116,CASES
1938,49,DISTRICT OF COLUMBIA,DC,US,STATE,58,CASES
1938,50,DISTRICT OF COLUMBIA,DC,US,STATE,67,CASES
1938,51,DISTRICT OF COLUMBIA,DC,US,STATE,58,CASES
1938,52,DISTRICT OF COLUMBIA,DC,US,STATE,5,CASES
1939,1,DISTRICT OF COLUMBIA,DC,US,STATE,89,CASES
1939,2,DISTRICT OF COLUMBIA,DC,US,STATE,97,CASES
1939,3,DISTRICT OF COLUMBIA,DC,US,STATE,105,CASES
1939,4,DISTRICT OF COLUMBIA,DC,US,STATE,105,CASES
1939,5,DISTRICT OF COLUMBIA,DC,US,STATE,19,CASES
1939,6,DISTRICT OF COLUMBIA,DC,US,STATE,18,CASES
1939,7,DISTRICT OF COLUMBIA,DC,US,STATE,20,CASES
1939,8,DISTRICT OF COLUMBIA,DC,US,STATE,20,CASES
1939,9,DISTRICT OF COLUMBIA,DC,US,STATE,20,CASES
1939,10,DISTRICT OF COLUMBIA,DC,US,STATE,15,CASES
1939,11,DISTRICT OF COLUMBIA,DC,US,STATE,20,CASES
1939,12,DISTRICT OF COLUMBIA,DC,US,STATE,16,CASES
1939,13,DISTRICT OF COLUMBIA,DC,US,STATE,21,CASES
1939,14,DISTRICT OF COLUMBIA,DC,US,STATE,18,CASES
1939,15,DISTRICT OF COLUMBIA,DC,US,STATE,18,CASES
1939,16,DISTRICT OF COLUMBIA,DC,US,STATE,15,CASES
1939,17,DISTRICT OF COLUMBIA,DC,US,STATE,146,CASES
1939,18,DISTRICT OF COLUMBIA,DC,US,STATE,14,CASES
1939,19,DISTRICT OF COLUMBIA,DC,US,STATE,97,CASES
1939,20,DISTRICT OF COLUMBIA,DC,US,STATE,97,CASES
1939,21,DISTRICT OF COLUMBIA,DC,US,STATE,13,CASES
1939,22,DISTRICT OF COLUMBIA,DC,US,STATE,7,CASES
1939,23,DISTRICT OF COLUMBIA,DC,US,STATE,6,CASES
1939,24,DISTRICT OF COLUMBIA,DC,US,STATE,4,CASES
1939,25,DISTRICT OF COLUMBIA,DC,US,STATE,5,CASES
1939,26,DISTRICT OF COLUMBIA,DC,US,STATE,2,CASES
1939,27,DISTRICT OF COLUMBIA,DC,US,STATE,24,CASES
1939,28,DISTRICT OF COLUMBIA,DC,US,STATE,1,CASES
1939,29,DISTRICT OF COLUMBIA,DC,US,STATE,0,CASES
1939,30,DISTRICT OF COLUMBIA,DC,US,STATE,3,CASES
1939,31,DISTRICT OF COLUMBIA,DC,US,STATE,5,CASES
1939,32,DISTRICT OF COLUMBIA,DC,US,STATE,40,CASES
1939,33,DISTRICT OF COLUMBIA,DC,US,STATE,5,CASES
1939,34,DISTRICT OF COLUMBIA,DC,US,STATE,5,CASES
1939,35,DISTRICT OF COLUMBIA,DC,US,STATE,2,CASES
1939,36,DISTRICT OF COLUMBIA,DC,US,STATE,4,CASES
1939,37,DISTRICT OF COLUMBIA,DC,US,STATE,2,CASES
1939,38,DISTRICT OF COLUMBIA,DC,US,STATE,40,CASES
1939,39,DISTRICT OF COLUMBIA,DC,US,STATE,49,CASES
1939,40,DISTRICT OF COLUMBIA,DC,US,STATE,65,CASES
1939,41,DISTRICT OF COLUMBIA,DC,US,STATE,32,CASES
1939,42,DISTRICT OF COLUMBIA,DC,US,STATE,12,CASES
1939,43,DISTRICT OF COLUMBIA,DC,US,STATE,89,CASES
1939,44,DISTRICT OF COLUMBIA,DC,US,STATE,10,CASES
1939,45,DISTRICT OF COLUMBIA,DC,US,STATE,14,CASES
1939,46,DISTRICT OF COLUMBIA,DC,US,STATE,49,CASES
1939,47,DISTRICT OF COLUMBIA,DC,US,STATE,11,CASES
1939,48,DISTRICT OF COLUMBIA,DC,US,STATE,129,CASES
1939,49,DISTRICT OF COLUMBIA,DC,US,STATE,16,CASES
1939,50,DISTRICT OF COLUMBIA,DC,US,STATE,97,CASES
1939,51,DISTRICT OF COLUMBIA,DC,US,STATE,10,CASES
1939,52,DISTRICT OF COLUMBIA,DC,US,STATE,73,CASES
1940,1,DISTRICT OF COLUMBIA,DC,US,STATE,11,CASES
1940,2,DISTRICT OF COLUMBIA,DC,US,STATE,13,CASES
1940,3,DISTRICT OF COLUMBIA,DC,US,STATE,21,CASES
1940,4,DISTRICT OF COLUMBIA,DC,US,STATE,31,CASES
1940,5,DISTRICT OF COLUMBIA,DC,US,STATE,23,CASES
1940,6,DISTRICT OF COLUMBIA,DC,US,STATE,21,CASES
1940,7,DISTRICT OF COLUMBIA,DC,US,STATE,24,CASES
1940,8,DISTRICT OF COLUMBIA,DC,US,STATE,25,CASES
1940,9,DISTRICT OF COLUMBIA,DC,US,STATE,26,CASES
1940,10,DISTRICT OF COLUMBIA,DC,US,STATE,35,CASES
1940,11,DISTRICT OF COLUMBIA,DC,US,STATE,18,CASES
1940,12,DISTRICT OF COLUMBIA,DC,US,STATE,37,CASES
1940,13,DISTRICT OF COLUMBIA,DC,US,STATE,16,CASES
1940,14,DISTRICT OF COLUMBIA,DC,US,STATE,17,CASES
1940,15,DISTRICT OF COLUMBIA,DC,US,STATE,25,CASES
1940,16,DISTRICT OF COLUMBIA,DC,US,STATE,19,CASES
1940,17,DISTRICT OF COLUMBIA,DC,US,STATE,30,CASES
1940,18,DISTRICT OF COLUMBIA,DC,US,STATE,35,CASES
1940,19,DISTRICT OF COLUMBIA,DC,US,STATE,47,CASES
1940,20,DISTRICT OF COLUMBIA,DC,US,STATE,33,CASES
1940,21,DISTRICT OF COLUMBIA,DC,US,STATE,26,CASES
1940,22,DISTRICT OF COLUMBIA,DC,US,STATE,20,CASES
1940,23,DISTRICT OF COLUMBIA,DC,US,STATE,21,CASES
1940,24,DISTRICT OF COLUMBIA,DC,US,STATE,12,CASES
1940,25,DISTRICT OF COLUMBIA,DC,US,STATE,6,CASES
1940,26,DISTRICT OF COLUMBIA,DC,US,STATE,11,CASES
1940,27,DISTRICT OF COLUMBIA,DC,US,STATE,11,CASES
1940,28,DISTRICT OF COLUMBIA,DC,US,STATE,8,CASES
1940,29,DISTRICT OF COLUMBIA,DC,US,STATE,4,CASES
1940,30,DISTRICT OF COLUMBIA,DC,US,STATE,4,CASES
1940,31,DISTRICT OF COLUMBIA,DC,US,STATE,1,CASES
1940,32,DISTRICT OF COLUMBIA,DC,US,STATE,1,CASES
1940,33,DISTRICT OF COLUMBIA,DC,US,STATE,2,CASES
1940,34,DISTRICT OF COLUMBIA,DC,US,STATE,3,CASES
1940,35,DISTRICT OF COLUMBIA,DC,US,STATE,4,CASES
1940,36,DISTRICT OF COLUMBIA,DC,US,STATE,2,CASES
1940,37,DISTRICT OF COLUMBIA,DC,US,STATE,3,CASES
1940,38,DISTRICT OF COLUMBIA,DC,US,STATE,3,CASES
1940,40,DISTRICT OF COLUMBIA,DC,US,STATE,4,CASES
1940,41,DISTRICT OF COLUMBIA,DC,US,STATE,5,CASES
1940,42,DISTRICT OF COLUMBIA,DC,US,STATE,14,CASES
1940,43,DISTRICT OF COLUMBIA,DC,US,STATE,8,CASES
1940,44,DISTRICT OF COLUMBIA,DC,US,STATE,8,CASES
1940,45,DISTRICT OF COLUMBIA,DC,US,STATE,6,CASES
1940,46,DISTRICT OF COLUMBIA,DC,US,STATE,10,CASES
1940,47,DISTRICT OF COLUMBIA,DC,US,STATE,8,CASES
1940,48,DISTRICT OF COLUMBIA,DC,US,STATE,19,CASES
1940,49,DISTRICT OF COLUMBIA,DC,US,STATE,15,CASES
1940,50,DISTRICT OF COLUMBIA,DC,US,STATE,9,CASES
1940,51,DISTRICT OF COLUMBIA,DC,US,STATE,7,CASES
1940,52,DISTRICT OF COLUMBIA,DC,US,STATE,16,CASES
1941,1,DISTRICT OF COLUMBIA,DC,US,STATE,10,CASES
1941,2,DISTRICT OF COLUMBIA,DC,US,STATE,22,CASES
1941,3,DISTRICT OF COLUMBIA,DC,US,STATE,18,CASES
1941,4,DISTRICT OF COLUMBIA,DC,US,STATE,11,CASES
1941,5,DISTRICT OF COLUMBIA,DC,US,STATE,16,CASES
1941,6,DISTRICT OF COLUMBIA,DC,US,STATE,9,CASES
1941,7,DISTRICT OF COLUMBIA,DC,US,STATE,7,CASES
1941,9,DISTRICT OF COLUMBIA,DC,US,STATE,11,CASES
1941,10,DISTRICT OF COLUMBIA,DC,US,STATE,26,CASES
1941,11,DISTRICT OF COLUMBIA,DC,US,STATE,32,CASES
1941,12,DISTRICT OF COLUMBIA,DC,US,STATE,23,CASES
1941,13,DISTRICT OF COLUMBIA,DC,US,STATE,14,CASES
1941,14,DISTRICT OF COLUMBIA,DC,US,STATE,14,CASES
1941,15,DISTRICT OF COLUMBIA,DC,US,STATE,18,CASES
1941,16,DISTRICT OF COLUMBIA,DC,US,STATE,14,CASES
1941,17,DISTRICT OF COLUMBIA,DC,US,STATE,8,CASES
1941,18,DISTRICT OF COLUMBIA,DC,US,STATE,13,CASES
1941,19,DISTRICT OF COLUMBIA,DC,US,STATE,5,CASES
1941,20,DISTRICT OF COLUMBIA,DC,US,STATE,11,CASES
1941,21,DISTRICT OF COLUMBIA,DC,US,STATE,14,CASES
1941,22,DISTRICT OF COLUMBIA,DC,US,STATE,11,CASES
1941,23,DISTRICT OF COLUMBIA,DC,US,STATE,8,CASES
1941,24,DISTRICT OF COLUMBIA,DC,US,STATE,5,CASES
1941,25,DISTRICT OF COLUMBIA,DC,US,STATE,6,CASES
1941,26,DISTRICT OF COLUMBIA,DC,US,STATE,3,CASES
1941,27,DISTRICT OF COLUMBIA,DC,US,STATE,3,CASES
1941,28,DISTRICT OF COLUMBIA,DC,US,STATE,3,CASES
1941,29,DISTRICT OF COLUMBIA,DC,US,STATE,1,CASES
1941,30,DISTRICT OF COLUMBIA,DC,US,STATE,3,CASES
1941,31,DISTRICT OF COLUMBIA,DC,US,STATE,2,CASES
1941,32,DISTRICT OF COLUMBIA,DC,US,STATE,3,CASES
1941,33,DISTRICT OF COLUMBIA,DC,US,STATE,7,CASES
1941,34,DISTRICT OF COLUMBIA,DC,US,STATE,4,CASES
1941,35,DISTRICT OF COLUMBIA,DC,US,STATE,6,CASES
1941,36,DISTRICT OF COLUMBIA,DC,US,STATE,3,CASES
1941,37,DISTRICT OF COLUMBIA,DC,US,STATE,11,CASES
1941,38,DISTRICT OF COLUMBIA,DC,US,STATE,5,CASES
1941,39,DISTRICT OF COLUMBIA,DC,US,STATE,6,CASES
1941,40,DISTRICT OF COLUMBIA,DC,US,STATE,17,CASES
1941,41,DISTRICT OF COLUMBIA,DC,US,STATE,11,CASES
1941,42,DISTRICT OF COLUMBIA,DC,US,STATE,14,CASES
1941,43,DISTRICT OF COLUMBIA,DC,US,STATE,13,CASES
1941,44,DISTRICT OF COLUMBIA,DC,US,STATE,12,CASES
1941,45,DISTRICT OF COLUMBIA,DC,US,STATE,13,CASES
1941,46,DISTRICT OF COLUMBIA,DC,US,STATE,17,CASES
1941,47,DISTRICT OF COLUMBIA,DC,US,STATE,14,CASES
1941,48,DISTRICT OF COLUMBIA,DC,US,STATE,18,CASES
1941,49,DISTRICT OF COLUMBIA,DC,US,STATE,15,CASES
1941,50,DISTRICT OF COLUMBIA,DC,US,STATE,9,CASES
1941,51,DISTRICT OF COLUMBIA,DC,US,STATE,22,CASES
1941,52,DISTRICT OF COLUMBIA,DC,US,STATE,13,CASES
1941,53,DISTRICT OF COLUMBIA,DC,US,STATE,11,CASES
1942,1,DISTRICT OF COLUMBIA,DC,US,STATE,10,CASES
1942,2,DISTRICT OF COLUMBIA,DC,US,STATE,12,CASES
1942,3,DISTRICT OF COLUMBIA,DC,US,STATE,15,CASES
1942,4,DISTRICT OF COLUMBIA,DC,US,STATE,13,CASES
1942,5,DISTRICT OF COLUMBIA,DC,US,STATE,11,CASES
1942,6,DISTRICT OF COLUMBIA,DC,US,STATE,12,CASES
1942,7,DISTRICT OF COLUMBIA,DC,US,STATE,13,CASES
1942,8,DISTRICT OF COLUMBIA,DC,US,STATE,12,CASES
1942,9,DISTRICT OF COLUMBIA,DC,US,STATE,13,CASES
1942,10,DISTRICT OF COLUMBIA,DC,US,STATE,16,CASES
1942,11,DISTRICT OF COLUMBIA,DC,US,STATE,16,CASES
1942,12,DISTRICT OF COLUMBIA,DC,US,STATE,13,CASES
1942,13,DISTRICT OF COLUMBIA,DC,US,STATE,8,CASES
1942,14,DISTRICT OF COLUMBIA,DC,US,STATE,12,CASES
1942,15,DISTRICT OF COLUMBIA,DC,US,STATE,15,CASES
1942,16,DISTRICT OF COLUMBIA,DC,US,STATE,13,CASES
1942,17,DISTRICT OF COLUMBIA,DC,US,STATE,13,CASES
1942,18,DISTRICT OF COLUMBIA,DC,US,STATE,5,CASES
1942,19,DISTRICT OF COLUMBIA,DC,US,STATE,6,CASES
1942,20,DISTRICT OF COLUMBIA,DC,US,STATE,12,CASES
1942,21,DISTRICT OF COLUMBIA,DC,US,STATE,5,CASES
1942,22,DISTRICT OF COLUMBIA,DC,US,STATE,4,CASES
1942,23,DISTRICT OF COLUMBIA,DC,US,STATE,6,CASES
1942,24,DISTRICT OF COLUMBIA,DC,US,STATE,2,CASES
1942,25,DISTRICT OF COLUMBIA,DC,US,STATE,8,CASES
1942,26,DISTRICT OF COLUMBIA,DC,US,STATE,1,CASES
1942,27,DISTRICT OF COLUMBIA,DC,US,STATE,11,CASES
1942,28,DISTRICT OF COLUMBIA,DC,US,STATE,12,CASES
1942,29,DISTRICT OF COLUMBIA,DC,US,STATE,7,CASES
1942,30,DISTRICT OF COLUMBIA,DC,US,STATE,6,CASES
1942,31,DISTRICT OF COLUMBIA,DC,US,STATE,7,CASES
1942,32,DISTRICT OF COLUMBIA,DC,US,STATE,3,CASES
1942,33,DISTRICT OF COLUMBIA,DC,US,STATE,12,CASES
1942,34,DISTRICT OF COLUMBIA,DC,US,STATE,5,CASES
1942,35,DISTRICT OF COLUMBIA,DC,US,STATE,5,CASES
1942,36,DISTRICT OF COLUMBIA,DC,US,STATE,6,CASES
1942,37,DISTRICT OF COLUMBIA,DC,US,STATE,8,CASES
1942,38,DISTRICT OF COLUMBIA,DC,US,STATE,14,CASES
1942,39,DISTRICT OF COLUMBIA,DC,US,STATE,14,CASES
1942,40,DISTRICT OF COLUMBIA,DC,US,STATE,14,CASES
1942,41,DISTRICT OF COLUMBIA,DC,US,STATE,15,CASES
1942,42,DISTRICT OF COLUMBIA,DC,US,STATE,14,CASES
1942,43,DISTRICT OF COLUMBIA,DC,US,STATE,22,CASES
1942,44,DISTRICT OF COLUMBIA,DC,US,STATE,14,CASES
1942,45,DISTRICT OF COLUMBIA,DC,US,STATE,19,CASES
1942,46,DISTRICT OF COLUMBIA,DC,US,STATE,13,CASES
1942,47,DISTRICT OF COLUMBIA,DC,US,STATE,21,CASES
1942,48,DISTRICT OF COLUMBIA,DC,US,STATE,33,CASES
1942,49,DISTRICT OF COLUMBIA,DC,US,STATE,14,CASES
1942,50,DISTRICT OF COLUMBIA,DC,US,STATE,14,CASES
1942,51,DISTRICT OF COLUMBIA,DC,US,STATE,12,CASES
1942,52,DISTRICT OF COLUMBIA,DC,US,STATE,26,CASES
1943,1,DISTRICT OF COLUMBIA,DC,US,STATE,15,CASES
1943,2,DISTRICT OF COLUMBIA,DC,US,STATE,25,CASES
1943,3,DISTRICT OF COLUMBIA,DC,US,STATE,28,CASES
1943,4,DISTRICT OF COLUMBIA,DC,US,STATE,29,CASES
1943,5,DISTRICT OF COLUMBIA,DC,US,STATE,21,CASES
1943,6,DISTRICT OF COLUMBIA,DC,US,STATE,28,CASES
1943,7,DISTRICT OF COLUMBIA,DC,US,STATE,24,CASES
1943,8,DISTRICT OF COLUMBIA,DC,US,STATE,35,CASES
1943,9,DISTRICT OF COLUMBIA,DC,US,STATE,26,CASES
1943,10,DISTRICT OF COLUMBIA,DC,US,STATE,15,CASES
1943,11,DISTRICT OF COLUMBIA,DC,US,STATE,16,CASES
1943,12,DISTRICT OF COLUMBIA,DC,US,STATE,20,CASES
1943,13,DISTRICT OF COLUMBIA,DC,US,STATE,20,CASES
1943,14,DISTRICT OF COLUMBIA,DC,US,STATE,26,CASES
1943,15,DISTRICT OF COLUMBIA,DC,US,STATE,16,CASES
1943,16,DISTRICT OF COLUMBIA,DC,US,STATE,20,CASES
1943,17,DISTRICT OF COLUMBIA,DC,US,STATE,20,CASES
1943,18,DISTRICT OF COLUMBIA,DC,US,STATE,22,CASES
1943,19,DISTRICT OF COLUMBIA,DC,US,STATE,18,CASES
1943,20,DISTRICT OF COLUMBIA,DC,US,STATE,12,CASES
1943,21,DISTRICT OF COLUMBIA,DC,US,STATE,12,CASES
1943,22,DISTRICT OF COLUMBIA,DC,US,STATE,8,CASES
1943,23,DISTRICT OF COLUMBIA,DC,US,STATE,6,CASES
1943,24,DISTRICT OF COLUMBIA,DC,US,STATE,10,CASES
1943,25,DISTRICT OF COLUMBIA,DC,US,STATE,2,CASES
1943,26,DISTRICT OF COLUMBIA,DC,US,STATE,7,CASES
1943,27,DISTRICT OF COLUMBIA,DC,US,STATE,9,CASES
1943,28,DISTRICT OF COLUMBIA,DC,US,STATE,4,CASES
1943,29,DISTRICT OF COLUMBIA,DC,US,STATE,3,CASES
1943,30,DISTRICT OF COLUMBIA,DC,US,STATE,3,CASES
1943,31,DISTRICT OF COLUMBIA,DC,US,STATE,4,CASES
1943,32,DISTRICT OF COLUMBIA,DC,US,STATE,5,CASES
1943,33,DISTRICT OF COLUMBIA,DC,US,STATE,4,CASES
1943,34,DISTRICT OF COLUMBIA,DC,US,STATE,3,CASES
1943,35,DISTRICT OF COLUMBIA,DC,US,STATE,2,CASES
1943,36,DISTRICT OF COLUMBIA,DC,US,STATE,1,CASES
1943,37,DISTRICT OF COLUMBIA,DC,US,STATE,4,CASES
1943,38,DISTRICT OF COLUMBIA,DC,US,STATE,5,CASES
1943,39,DISTRICT OF COLUMBIA,DC,US,STATE,10,CASES
1943,40,DISTRICT OF COLUMBIA,DC,US,STATE,13,CASES
1943,41,DISTRICT OF COLUMBIA,DC,US,STATE,17,CASES
1943,42,DISTRICT OF COLUMBIA,DC,US,STATE,15,CASES
1943,43,DISTRICT OF COLUMBIA,DC,US,STATE,18,CASES
1943,44,DISTRICT OF COLUMBIA,DC,US,STATE,9,CASES
1943,45,DISTRICT OF COLUMBIA,DC,US,STATE,15,CASES
1943,46,DISTRICT OF COLUMBIA,DC,US,STATE,11,CASES
1943,47,DISTRICT OF COLUMBIA,DC,US,STATE,21,CASES
1943,48,DISTRICT OF COLUMBIA,DC,US,STATE,25,CASES
1943,49,DISTRICT OF COLUMBIA,DC,US,STATE,23,CASES
1943,50,DISTRICT OF COLUMBIA,DC,US,STATE,27,CASES
1943,51,DISTRICT OF COLUMBIA,DC,US,STATE,16,CASES
1943,52,DISTRICT OF COLUMBIA,DC,US,STATE,31,CASES
1944,1,DISTRICT OF COLUMBIA,DC,US,STATE,34,CASES
1944,2,DISTRICT OF COLUMBIA,DC,US,STATE,60,CASES
1944,3,DISTRICT OF COLUMBIA,DC,US,STATE,50,CASES
1944,4,DISTRICT OF COLUMBIA,DC,US,STATE,131,CASES
1944,5,DISTRICT OF COLUMBIA,DC,US,STATE,184,CASES
1944,6,DISTRICT OF COLUMBIA,DC,US,STATE,231,CASES
1944,7,DISTRICT OF COLUMBIA,DC,US,STATE,221,CASES
1944,8,DISTRICT OF COLUMBIA,DC,US,STATE,227,CASES
1944,9,DISTRICT OF COLUMBIA,DC,US,STATE,232,CASES
1944,10,DISTRICT OF COLUMBIA,DC,US,STATE,239,CASES
1944,11,DISTRICT OF COLUMBIA,DC,US,STATE,222,CASES
1944,12,DISTRICT OF COLUMBIA,DC,US,STATE,155,CASES
1944,13,DISTRICT OF COLUMBIA,DC,US,STATE,159,CASES
1944,14,DISTRICT OF COLUMBIA,DC,US,STATE,149,CASES
1944,15,DISTRICT OF COLUMBIA,DC,US,STATE,135,CASES
1944,16,DISTRICT OF COLUMBIA,DC,US,STATE,137,CASES
1944,17,DISTRICT OF COLUMBIA,DC,US,STATE,145,CASES
1944,18,DISTRICT OF COLUMBIA,DC,US,STATE,146,CASES
1944,19,DISTRICT OF COLUMBIA,DC,US,STATE,119,CASES
1944,20,DISTRICT OF COLUMBIA,DC,US,STATE,96,CASES
1944,21,DISTRICT OF COLUMBIA,DC,US,STATE,82,CASES
1944,22,DISTRICT OF COLUMBIA,DC,US,STATE,35,CASES
1944,23,DISTRICT OF COLUMBIA,DC,US,STATE,32,CASES
1944,24,DISTRICT OF COLUMBIA,DC,US,STATE,24,CASES
1944,25,DISTRICT OF COLUMBIA,DC,US,STATE,17,CASES
1944,26,DISTRICT OF COLUMBIA,DC,US,STATE,17,CASES
1944,27,DISTRICT OF COLUMBIA,DC,US,STATE,2,CASES
1944,28,DISTRICT OF COLUMBIA,DC,US,STATE,12,CASES
1944,29,DISTRICT OF COLUMBIA,DC,US,STATE,3,CASES
1944,30,DISTRICT OF COLUMBIA,DC,US,STATE,5,CASES
1944,31,DISTRICT OF COLUMBIA,DC,US,STATE,4,CASES
1944,32,DISTRICT OF COLUMBIA,DC,US,STATE,4,CASES
1944,33,DISTRICT OF COLUMBIA,DC,US,STATE,4,CASES
1944,34,DISTRICT OF COLUMBIA,DC,US,STATE,2,CASES
1944,35,DISTRICT OF COLUMBIA,DC,US,STATE,2,CASES
1944,36,DISTRICT OF COLUMBIA,DC,US,STATE,9,CASES
1944,37,DISTRICT OF COLUMBIA,DC,US,STATE,3,CASES
1944,38,DISTRICT OF COLUMBIA,DC,US,STATE,6,CASES
1944,40,DISTRICT OF COLUMBIA,DC,US,STATE,5,CASES
1944,41,DISTRICT OF COLUMBIA,DC,US,STATE,4,CASES
1944,42,DISTRICT OF COLUMBIA,DC,US,STATE,9,CASES
1944,43,DISTRICT OF COLUMBIA,DC,US,STATE,14,CASES
1944,44,DISTRICT OF COLUMBIA,DC,US,STATE,20,CASES
1944,45,DISTRICT OF COLUMBIA,DC,US,STATE,14,CASES
1944,46,DISTRICT OF COLUMBIA,DC,US,STATE,17,CASES
1944,47,DISTRICT OF COLUMBIA,DC,US,STATE,21,CASES
1944,48,DISTRICT OF COLUMBIA,DC,US,STATE,18,CASES
1944,49,DISTRICT OF COLUMBIA,DC,US,STATE,24,CASES
1944,50,DISTRICT OF COLUMBIA,DC,US,STATE,49,CASES
1944,51,DISTRICT OF COLUMBIA,DC,US,STATE,37,CASES
1944,52,DISTRICT OF COLUMBIA,DC,US,STATE,60,CASES
1945,1,DISTRICT OF COLUMBIA,DC,US,STATE,42,CASES
1945,2,DISTRICT OF COLUMBIA,DC,US,STATE,46,CASES
1945,3,DISTRICT OF COLUMBIA,DC,US,STATE,59,CASES
1945,4,DISTRICT OF COLUMBIA,DC,US,STATE,70,CASES
1945,5,DISTRICT OF COLUMBIA,DC,US,STATE,85,CASES
1945,6,DISTRICT OF COLUMBIA,DC,US,STATE,69,CASES
1945,7,DISTRICT OF COLUMBIA,DC,US,STATE,67,CASES
1945,8,DISTRICT OF COLUMBIA,DC,US,STATE,77,CASES
1945,9,DISTRICT OF COLUMBIA,DC,US,STATE,61,CASES
1945,10,DISTRICT OF COLUMBIA,DC,US,STATE,65,CASES
1945,11,DISTRICT OF COLUMBIA,DC,US,STATE,63,CASES
1945,12,DISTRICT OF COLUMBIA,DC,US,STATE,51,CASES
1945,13,DISTRICT OF COLUMBIA,DC,US,STATE,50,CASES
1945,14,DISTRICT OF COLUMBIA,DC,US,STATE,30,CASES
1945,15,DISTRICT OF COLUMBIA,DC,US,STATE,28,CASES
1945,16,DISTRICT OF COLUMBIA,DC,US,STATE,36,CASES
1945,17,DISTRICT OF COLUMBIA,DC,US,STATE,23,CASES
1945,18,DISTRICT OF COLUMBIA,DC,US,STATE,27,CASES
1945,19,DISTRICT OF COLUMBIA,DC,US,STATE,35,CASES
1945,20,DISTRICT OF COLUMBIA,DC,US,STATE,34,CASES
1945,21,DISTRICT OF COLUMBIA,DC,US,STATE,30,CASES
1945,22,DISTRICT OF COLUMBIA,DC,US,STATE,25,CASES
1945,23,DISTRICT OF COLUMBIA,DC,US,STATE,21,CASES
1945,24,DISTRICT OF COLUMBIA,DC,US,STATE,25,CASES
1945,25,DISTRICT OF COLUMBIA,DC,US,STATE,18,CASES
1945,26,DISTRICT OF COLUMBIA,DC,US,STATE,13,CASES
1945,27,DISTRICT OF COLUMBIA,DC,US,STATE,10,CASES
1945,28,DISTRICT OF COLUMBIA,DC,US,STATE,7,CASES
1945,29,DISTRICT OF COLUMBIA,DC,US,STATE,4,CASES
1945,30,DISTRICT OF COLUMBIA,DC,US,STATE,5,CASES
1945,31,DISTRICT OF COLUMBIA,DC,US,STATE,7,CASES
1945,32,DISTRICT OF COLUMBIA,DC,US,STATE,3,CASES
1945,33,DISTRICT OF COLUMBIA,DC,US,STATE,3,CASES
1945,34,DISTRICT OF COLUMBIA,DC,US,STATE,10,CASES
1945,35,DISTRICT OF COLUMBIA,DC,US,STATE,0,CASES
1945,36,DISTRICT OF COLUMBIA,DC,US,STATE,3,CASES
1945,37,DISTRICT OF COLUMBIA,DC,US,STATE,4,CASES
1945,38,DISTRICT OF COLUMBIA,DC,US,STATE,9,CASES
1945,39,DISTRICT OF COLUMBIA,DC,US,STATE,9,CASES
1945,40,DISTRICT OF COLUMBIA,DC,US,STATE,10,CASES
1945,41,DISTRICT OF COLUMBIA,DC,US,STATE,9,CASES
1945,42,DISTRICT OF COLUMBIA,DC,US,STATE,8,CASES
1945,43,DISTRICT OF COLUMBIA,DC,US,STATE,13,CASES
1945,44,DISTRICT OF COLUMBIA,DC,US,STATE,19,CASES
1945,45,DISTRICT OF COLUMBIA,DC,US,STATE,16,CASES
1945,46,DISTRICT OF COLUMBIA,DC,US,STATE,12,CASES
1945,47,DISTRICT OF COLUMBIA,DC,US,STATE,12,CASES
1945,48,DISTRICT OF COLUMBIA,DC,US,STATE,7,CASES
1945,49,DISTRICT OF COLUMBIA,DC,US,STATE,20,CASES
1945,50,DISTRICT OF COLUMBIA,DC,US,STATE,13,CASES
1945,51,DISTRICT OF COLUMBIA,DC,US,STATE,12,CASES
1945,52,DISTRICT OF COLUMBIA,DC,US,STATE,9,CASES
1946,1,DISTRICT OF COLUMBIA,DC,US,STATE,5,CASES
1946,2,DISTRICT OF COLUMBIA,DC,US,STATE,14,CASES
1946,3,DISTRICT OF COLUMBIA,DC,US,STATE,12,CASES
1946,4,DISTRICT OF COLUMBIA,DC,US,STATE,12,CASES
1946,5,DISTRICT OF COLUMBIA,DC,US,STATE,14,CASES
1946,6,DISTRICT OF COLUMBIA,DC,US,STATE,14,CASES
1946,7,DISTRICT OF COLUMBIA,DC,US,STATE,22,CASES
1946,8,DISTRICT OF COLUMBIA,DC,US,STATE,26,CASES
1946,9,DISTRICT OF COLUMBIA,DC,US,STATE,25,CASES
1946,10,DISTRICT OF COLUMBIA,DC,US,STATE,36,CASES
1946,11,DISTRICT OF COLUMBIA,DC,US,STATE,30,CASES
1946,12,DISTRICT OF COLUMBIA,DC,US,STATE,25,CASES
1946,13,DISTRICT OF COLUMBIA,DC,US,STATE,25,CASES
1946,14,DISTRICT OF COLUMBIA,DC,US,STATE,24,CASES
1946,15,DISTRICT OF COLUMBIA,DC,US,STATE,24,CASES
1946,16,DISTRICT OF COLUMBIA,DC,US,STATE,38,CASES
1946,17,DISTRICT OF COLUMBIA,DC,US,STATE,26,CASES
1946,18,DISTRICT OF COLUMBIA,DC,US,STATE,13,CASES
1946,19,DISTRICT OF COLUMBIA,DC,US,STATE,14,CASES
1946,20,DISTRICT OF COLUMBIA,DC,US,STATE,14,CASES
1946,21,DISTRICT OF COLUMBIA,DC,US,STATE,12,CASES
1946,22,DISTRICT OF COLUMBIA,DC,US,STATE,8,CASES
1946,23,DISTRICT OF COLUMBIA,DC,US,STATE,13,CASES
1946,24,DISTRICT OF COLUMBIA,DC,US,STATE,7,CASES
1946,25,DISTRICT OF COLUMBIA,DC,US,STATE,7,CASES
1946,26,DISTRICT OF COLUMBIA,DC,US,STATE,4,CASES
1946,27,DISTRICT OF COLUMBIA,DC,US,STATE,3,CASES
1946,28,DISTRICT OF COLUMBIA,DC,US,STATE,2,CASES
1946,29,DISTRICT OF COLUMBIA,DC,US,STATE,1,CASES
1946,30,DISTRICT OF COLUMBIA,DC,US,STATE,4,CASES
1946,31,DISTRICT OF COLUMBIA,DC,US,STATE,2,CASES
1946,32,DISTRICT OF COLUMBIA,DC,US,STATE,3,CASES
1946,33,DISTRICT OF COLUMBIA,DC,US,STATE,4,CASES
1946,34,DISTRICT OF COLUMBIA,DC,US,STATE,3,CASES
1946,35,DISTRICT OF COLUMBIA,DC,US,STATE,2,CASES
1946,36,DISTRICT OF COLUMBIA,DC,US,STATE,4,CASES
1946,37,DISTRICT OF COLUMBIA,DC,US,STATE,2,CASES
1946,38,DISTRICT OF COLUMBIA,DC,US,STATE,2,CASES
1946,39,DISTRICT OF COLUMBIA,DC,US,STATE,4,CASES
1946,40,DISTRICT OF COLUMBIA,DC,US,STATE,3,CASES
1946,41,DISTRICT OF COLUMBIA,DC,US,STATE,1,CASES
1946,42,DISTRICT OF COLUMBIA,DC,US,STATE,4,CASES
1946,43,DISTRICT OF COLUMBIA,DC,US,STATE,11,CASES
1946,44,DISTRICT OF COLUMBIA,DC,US,STATE,9,CASES
1946,45,DISTRICT OF COLUMBIA,DC,US,STATE,0,CASES
1946,46,DISTRICT OF COLUMBIA,DC,US,STATE,7,CASES
1946,47,DISTRICT OF COLUMBIA,DC,US,STATE,6,CASES
1946,48,DISTRICT OF COLUMBIA,DC,US,STATE,3,CASES
1946,49,DISTRICT OF COLUMBIA,DC,US,STATE,2,CASES
1946,50,DISTRICT OF COLUMBIA,DC,US,STATE,10,CASES
1946,51,DISTRICT OF COLUMBIA,DC,US,STATE,4,CASES
1946,52,DISTRICT OF COLUMBIA,DC,US,STATE,10,CASES
1947,2,DISTRICT OF COLUMBIA,DC,US,STATE,16,CASES
1947,3,DISTRICT OF COLUMBIA,DC,US,STATE,12,CASES
1947,4,DISTRICT OF COLUMBIA,DC,US,STATE,15,CASES
1947,5,DISTRICT OF COLUMBIA,DC,US,STATE,4,CASES
1947,6,DISTRICT OF COLUMBIA,DC,US,STATE,14,CASES
1947,7,DISTRICT OF COLUMBIA,DC,US,STATE,13,CASES
1947,8,DISTRICT OF COLUMBIA,DC,US,STATE,11,CASES
1947,9,DISTRICT OF COLUMBIA,DC,US,STATE,13,CASES
1947,10,DISTRICT OF COLUMBIA,DC,US,STATE,9,CASES
1947,11,DISTRICT OF COLUMBIA,DC,US,STATE,16,CASES
1947,12,DISTRICT OF COLUMBIA,DC,US,STATE,6,CASES
1947,13,DISTRICT OF COLUMBIA,DC,US,STATE,14,CASES
1947,14,DISTRICT OF COLUMBIA,DC,US,STATE,18,CASES
1947,15,DISTRICT OF COLUMBIA,DC,US,STATE,8,CASES
1947,16,DISTRICT OF COLUMBIA,DC,US,STATE,7,CASES
1947,17,DISTRICT OF COLUMBIA,DC,US,STATE,9,CASES
1947,18,DISTRICT OF COLUMBIA,DC,US,STATE,11,CASES
1947,19,DISTRICT OF COLUMBIA,DC,US,STATE,9,CASES
1947,20,DISTRICT OF COLUMBIA,DC,US,STATE,6,CASES
1947,21,DISTRICT OF COLUMBIA,DC,US,STATE,7,CASES
1947,22,DISTRICT OF COLUMBIA,DC,US,STATE,4,CASES
1947,23,DISTRICT OF COLUMBIA,DC,US,STATE,13,CASES
1947,24,DISTRICT OF COLUMBIA,DC,US,STATE,3,CASES
1947,25,DISTRICT OF COLUMBIA,DC,US,STATE,1,CASES
1947,17,DISTRICT OF COLUMBIA,DC,US,STATE,1,CASES
1947,27,DISTRICT OF COLUMBIA,DC,US,STATE,2,CASES
1947,28,DISTRICT OF COLUMBIA,DC,US,STATE,3,CASES
1947,29,DISTRICT OF COLUMBIA,DC,US,STATE,3,CASES
1947,30,DISTRICT OF COLUMBIA,DC,US,STATE,0,CASES
1947,31,DISTRICT OF COLUMBIA,DC,US,STATE,6,CASES
1947,32,DISTRICT OF COLUMBIA,DC,US,STATE,3,CASES
1947,33,DISTRICT OF COLUMBIA,DC,US,STATE,6,CASES
1947,34,DISTRICT OF COLUMBIA,DC,US,STATE,5,CASES
1947,35,DISTRICT OF COLUMBIA,DC,US,STATE,2,CASES
1947,36,DISTRICT OF COLUMBIA,DC,US,STATE,0,CASES
1947,37,DISTRICT OF COLUMBIA,DC,US,STATE,4,CASES
1947,38,DISTRICT OF COLUMBIA,DC,US,STATE,7,CASES
1947,39,DISTRICT OF COLUMBIA,DC,US,STATE,2,CASES
1947,40,DISTRICT OF COLUMBIA,DC,US,STATE,8,CASES
1947,41,DISTRICT OF COLUMBIA,DC,US,STATE,12,CASES
1947,42,DISTRICT OF COLUMBIA,DC,US,STATE,18,CASES
1947,43,DISTRICT OF COLUMBIA,DC,US,STATE,12,CASES
1947,44,DISTRICT OF COLUMBIA,DC,US,STATE,7,CASES
1947,45,DISTRICT OF COLUMBIA,DC,US,STATE,10,CASES
1947,46,DISTRICT OF COLUMBIA,DC,US,STATE,11,CASES
1947,47,DISTRICT OF COLUMBIA,DC,US,STATE,6,CASES
1947,48,DISTRICT OF COLUMBIA,DC,US,STATE,5,CASES
1947,49,DISTRICT OF COLUMBIA,DC,US,STATE,11,CASES
1947,50,DISTRICT OF COLUMBIA,DC,US,STATE,3,CASES
1947,51,DISTRICT OF COLUMBIA,DC,US,STATE,8,CASES
1947,52,DISTRICT OF COLUMBIA,DC,US,STATE,4,CASES
1947,53,DISTRICT OF COLUMBIA,DC,US,STATE,4,CASES
1948,1,DISTRICT OF COLUMBIA,DC,US,STATE,13,CASES
1948,2,DISTRICT OF COLUMBIA,DC,US,STATE,10,CASES
1948,3,DISTRICT OF COLUMBIA,DC,US,STATE,11,CASES
1948,4,DISTRICT OF COLUMBIA,DC,US,STATE,14,CASES
1948,5,DISTRICT OF COLUMBIA,DC,US,STATE,13,CASES
1948,6,DISTRICT OF COLUMBIA,DC,US,STATE,14,CASES
1948,7,DISTRICT OF COLUMBIA,DC,US,STATE,16,CASES
1948,8,DISTRICT OF COLUMBIA,DC,US,STATE,11,CASES
1948,9,DISTRICT OF COLUMBIA,DC,US,STATE,9,CASES
1948,10,DISTRICT OF COLUMBIA,DC,US,STATE,9,CASES
1948,11,DISTRICT OF COLUMBIA,DC,US,STATE,13,CASES
1948,12,DISTRICT OF COLUMBIA,DC,US,STATE,11,CASES
1948,13,DISTRICT OF COLUMBIA,DC,US,STATE,5,CASES
1948,15,DISTRICT OF COLUMBIA,DC,US,STATE,8,CASES
1948,16,DISTRICT OF COLUMBIA,DC,US,STATE,8,CASES
1948,17,DISTRICT OF COLUMBIA,DC,US,STATE,9,CASES
1948,18,DISTRICT OF COLUMBIA,DC,US,STATE,9,CASES
1948,19,DISTRICT OF COLUMBIA,DC,US,STATE,3,CASES
1948,20,DISTRICT OF COLUMBIA,DC,US,STATE,7,CASES
1948,21,DISTRICT OF COLUMBIA,DC,US,STATE,0,CASES
1948,22,DISTRICT OF COLUMBIA,DC,US,STATE,7,CASES
1948,23,DISTRICT OF COLUMBIA,DC,US,STATE,4,CASES
1948,24,DISTRICT OF COLUMBIA,DC,US,STATE,5,CASES
1948,25,DISTRICT OF COLUMBIA,DC,US,STATE,2,CASES
1948,26,DISTRICT OF COLUMBIA,DC,US,STATE,4,CASES
1948,28,DISTRICT OF COLUMBIA,DC,US,STATE,4,CASES
1948,29,DISTRICT OF COLUMBIA,DC,US,STATE,1,CASES
1948,31,DISTRICT OF COLUMBIA,DC,US,STATE,3,CASES
1948,32,DISTRICT OF COLUMBIA,DC,US,STATE,7,CASES
1948,33,DISTRICT OF COLUMBIA,DC,US,STATE,1,CASES
1948,34,DISTRICT OF COLUMBIA,DC,US,STATE,9,CASES
1948,35,DISTRICT OF COLUMBIA,DC,US,STATE,6,CASES
1948,36,DISTRICT OF COLUMBIA,DC,US,STATE,4,CASES
1948,37,DISTRICT OF COLUMBIA,DC,US,STATE,5,CASES
1948,38,DISTRICT OF COLUMBIA,DC,US,STATE,15,CASES
1948,39,DISTRICT OF COLUMBIA,DC,US,STATE,6,CASES
1948,40,DISTRICT OF COLUMBIA,DC,US,STATE,4,CASES
1948,41,DISTRICT OF COLUMBIA,DC,US,STATE,3,CASES
1948,42,DISTRICT OF COLUMBIA,DC,US,STATE,4,CASES
1948,43,DISTRICT OF COLUMBIA,DC,US,STATE,5,CASES
1948,44,DISTRICT OF COLUMBIA,DC,US,STATE,8,CASES
1948,45,DISTRICT OF COLUMBIA,DC,US,STATE,5,CASES
1948,46,DISTRICT OF COLUMBIA,DC,US,STATE,5,CASES
1948,47,DISTRICT OF COLUMBIA,DC,US,STATE,7,CASES
1948,48,DISTRICT OF COLUMBIA,DC,US,STATE,6,CASES
1948,49,DISTRICT OF COLUMBIA,DC,US,STATE,7,CASES
1948,50,DISTRICT OF COLUMBIA,DC,US,STATE,5,CASES
1948,51,DISTRICT OF COLUMBIA,DC,US,STATE,4,CASES
1948,52,DISTRICT OF COLUMBIA,DC,US,STATE,6,CASES
1949,1,DISTRICT OF COLUMBIA,DC,US,STATE,8,CASES
1949,2,DISTRICT OF COLUMBIA,DC,US,STATE,8,CASES
1949,3,DISTRICT OF COLUMBIA,DC,US,STATE,7,CASES
1949,4,DISTRICT OF COLUMBIA,DC,US,STATE,11,CASES
1949,5,DISTRICT OF COLUMBIA,DC,US,STATE,7,CASES
1949,6,DISTRICT OF COLUMBIA,DC,US,STATE,10,CASES
1949,7,DISTRICT OF COLUMBIA,DC,US,STATE,8,CASES
1949,8,DISTRICT OF COLUMBIA,DC,US,STATE,4,CASES
1949,9,DISTRICT OF COLUMBIA,DC,US,STATE,8,CASES
1949,10,DISTRICT OF COLUMBIA,DC,US,STATE,8,CASES
1949,11,DISTRICT OF COLUMBIA,DC,US,STATE,14,CASES
1949,12,DISTRICT OF COLUMBIA,DC,US,STATE,10,CASES
1949,13,DISTRICT OF COLUMBIA,DC,US,STATE,10,CASES
1949,14,DISTRICT OF COLUMBIA,DC,US,STATE,13,CASES
1949,15,DISTRICT OF COLUMBIA,DC,US,STATE,7,CASES
1949,16,DISTRICT OF COLUMBIA,DC,US,STATE,9,CASES
1949,17,DISTRICT OF COLUMBIA,DC,US,STATE,7,CASES
1949,18,DISTRICT OF COLUMBIA,DC,US,STATE,1,CASES
1949,19,DISTRICT OF COLUMBIA,DC,US,STATE,4,CASES
1949,20,DISTRICT OF COLUMBIA,DC,US,STATE,5,CASES
1949,21,DISTRICT OF COLUMBIA,DC,US,STATE,1,CASES
1949,22,DISTRICT OF COLUMBIA,DC,US,STATE,2,CASES
1949,23,DISTRICT OF COLUMBIA,DC,US,STATE,5,CASES
1949,24,DISTRICT OF COLUMBIA,DC,US,STATE,6,CASES
1949,25,DISTRICT OF COLUMBIA,DC,US,STATE,7,CASES
1949,26,DISTRICT OF COLUMBIA,DC,US,STATE,4,CASES
1949,27,DISTRICT OF COLUMBIA,DC,US,STATE,5,CASES
1949,28,DISTRICT OF COLUMBIA,DC,US,STATE,2,CASES
1949,29,DISTRICT OF COLUMBIA,DC,US,STATE,1,CASES
1949,32,DISTRICT OF COLUMBIA,DC,US,STATE,1,CASES
1949,38,DISTRICT OF COLUMBIA,DC,US,STATE,1,CASES
1949,39,DISTRICT OF COLUMBIA,DC,US,STATE,3,CASES
1949,40,DISTRICT OF COLUMBIA,DC,US,STATE,3,CASES
1949,41,DISTRICT OF COLUMBIA,DC,US,STATE,2,CASES
1949,42,DISTRICT OF COLUMBIA,DC,US,STATE,3,CASES
1949,43,DISTRICT OF COLUMBIA,DC,US,STATE,7,CASES
1949,44,DISTRICT OF COLUMBIA,DC,US,STATE,6,CASES
1949,45,DISTRICT OF COLUMBIA,DC,US,STATE,3,CASES
1949,46,DISTRICT OF COLUMBIA,DC,US,STATE,7,CASES
1949,47,DISTRICT OF COLUMBIA,DC,US,STATE,10,CASES
1949,48,DISTRICT OF COLUMBIA,DC,US,STATE,3,CASES
1949,49,DISTRICT OF COLUMBIA,DC,US,STATE,3,CASES
1949,50,DISTRICT OF COLUMBIA,DC,US,STATE,3,CASES
1949,51,DISTRICT OF COLUMBIA,DC,US,STATE,3,CASES
1949,52,DISTRICT OF COLUMBIA,DC,US,STATE,2,CASES
1950,1,DISTRICT OF COLUMBIA,DC,US,STATE,7,CASES
1950,2,DISTRICT OF COLUMBIA,DC,US,STATE,3,CASES
1950,3,DISTRICT OF COLUMBIA,DC,US,STATE,4,CASES
1950,4,DISTRICT OF COLUMBIA,DC,US,STATE,10,CASES
1950,5,DISTRICT OF COLUMBIA,DC,US,STATE,3,CASES
1950,6,DISTRICT OF COLUMBIA,DC,US,STATE,3,CASES
1950,7,DISTRICT OF COLUMBIA,DC,US,STATE,6,CASES
1950,8,DISTRICT OF COLUMBIA,DC,US,STATE,2,CASES
1950,9,DISTRICT OF COLUMBIA,DC,US,STATE,7,CASES
1950,10,DISTRICT OF COLUMBIA,DC,US,STATE,5,CASES
1950,11,DISTRICT OF COLUMBIA,DC,US,STATE,5,CASES
1950,12,DISTRICT OF COLUMBIA,DC,US,STATE,3,CASES
1950,13,DISTRICT OF COLUMBIA,DC,US,STATE,3,CASES
1950,14,DISTRICT OF COLUMBIA,DC,US,STATE,4,CASES
1950,15,DISTRICT OF COLUMBIA,DC,US,STATE,2,CASES
1950,16,DISTRICT OF COLUMBIA,DC,US,STATE,5,CASES
1950,17,DISTRICT OF COLUMBIA,DC,US,STATE,8,CASES
1950,18,DISTRICT OF COLUMBIA,DC,US,STATE,4,CASES
1950,18,DISTRICT OF COLUMBIA,DC,US,STATE,7,CASES
1950,20,DISTRICT OF COLUMBIA,DC,US,STATE,3,CASES
1950,21,DISTRICT OF COLUMBIA,DC,US,STATE,6,CASES
1950,22,DISTRICT OF COLUMBIA,DC,US,STATE,4,CASES
1950,24,DISTRICT OF COLUMBIA,DC,US,STATE,3,CASES
1950,25,DISTRICT OF COLUMBIA,DC,US,STATE,1,CASES
1950,26,DISTRICT OF COLUMBIA,DC,US,STATE,1,CASES
1950,28,DISTRICT OF COLUMBIA,DC,US,STATE,1,CASES
1950,30,DISTRICT OF COLUMBIA,DC,US,STATE,1,CASES
1950,31,DISTRICT OF COLUMBIA,DC,US,STATE,2,CASES
1950,32,DISTRICT OF COLUMBIA,DC,US,STATE,2,CASES
1950,33,DISTRICT OF COLUMBIA,DC,US,STATE,1,CASES
1950,34,DISTRICT OF COLUMBIA,DC,US,STATE,1,CASES
1950,35,DISTRICT OF COLUMBIA,DC,US,STATE,2,CASES
1950,36,DISTRICT OF COLUMBIA,DC,US,STATE,2,CASES
1950,38,DISTRICT OF COLUMBIA,DC,US,STATE,2,CASES
1950,39,DISTRICT OF COLUMBIA,DC,US,STATE,1,CASES
1950,41,DISTRICT OF COLUMBIA,DC,US,STATE,2,CASES
1950,42,DISTRICT OF COLUMBIA,DC,US,STATE,6,CASES
1950,43,DISTRICT OF COLUMBIA,DC,US,STATE,7,CASES
1950,44,DISTRICT OF COLUMBIA,DC,US,STATE,4,CASES
1950,45,DISTRICT OF COLUMBIA,DC,US,STATE,2,CASES
1950,46,DISTRICT OF COLUMBIA,DC,US,STATE,10,CASES
1950,47,DISTRICT OF COLUMBIA,DC,US,STATE,4,CASES
1950,48,DISTRICT OF COLUMBIA,DC,US,STATE,11,CASES
1950,49,DISTRICT OF COLUMBIA,DC,US,STATE,6,CASES
1950,50,DISTRICT OF COLUMBIA,DC,US,STATE,11,CASES
1950,51,DISTRICT OF COLUMBIA,DC,US,STATE,8,CASES
1950,52,DISTRICT OF COLUMBIA,DC,US,STATE,10,CASES
1951,1,DISTRICT OF COLUMBIA,DC,US,STATE,6,CASES
1951,2,DISTRICT OF COLUMBIA,DC,US,STATE,8,CASES
1951,3,DISTRICT OF COLUMBIA,DC,US,STATE,14,CASES
1951,4,DISTRICT OF COLUMBIA,DC,US,STATE,5,CASES
1951,5,DISTRICT OF COLUMBIA,DC,US,STATE,9,CASES
1951,6,DISTRICT OF COLUMBIA,DC,US,STATE,10,CASES
1951,7,DISTRICT OF COLUMBIA,DC,US,STATE,18,CASES
1951,8,DISTRICT OF COLUMBIA,DC,US,STATE,12,CASES
1951,9,DISTRICT OF COLUMBIA,DC,US,STATE,20,CASES
1951,10,DISTRICT OF COLUMBIA,DC,US,STATE,22,CASES
1951,11,DISTRICT OF COLUMBIA,DC,US,STATE,24,CASES
1951,12,DISTRICT OF COLUMBIA,DC,US,STATE,10,CASES
1951,13,DISTRICT OF COLUMBIA,DC,US,STATE,12,CASES
1951,14,DISTRICT OF COLUMBIA,DC,US,STATE,17,CASES
1951,15,DISTRICT OF COLUMBIA,DC,US,STATE,10,CASES
1951,16,DISTRICT OF COLUMBIA,DC,US,STATE,30,CASES
1951,17,DISTRICT OF COLUMBIA,DC,US,STATE,18,CASES
1951,18,DISTRICT OF COLUMBIA,DC,US,STATE,7,CASES
1951,19,DISTRICT OF COLUMBIA,DC,US,STATE,7,CASES
1951,20,DISTRICT OF COLUMBIA,DC,US,STATE,9,CASES
1951,21,DISTRICT OF COLUMBIA,DC,US,STATE,7,CASES
1951,23,DISTRICT OF COLUMBIA,DC,US,STATE,7,CASES
1951,24,DISTRICT OF COLUMBIA,DC,US,STATE,9,CASES
1951,25,DISTRICT OF COLUMBIA,DC,US,STATE,3,CASES
1951,26,DISTRICT OF COLUMBIA,DC,US,STATE,3,CASES
1951,27,DISTRICT OF COLUMBIA,DC,US,STATE,2,CASES
1951,28,DISTRICT OF COLUMBIA,DC,US,STATE,1,CASES
1951,29,DISTRICT OF COLUMBIA,DC,US,STATE,2,CASES
1951,30,DISTRICT OF COLUMBIA,DC,US,STATE,2,CASES
1951,31,DISTRICT OF COLUMBIA,DC,US,STATE,3,CASES
1951,33,DISTRICT OF COLUMBIA,DC,US,STATE,2,CASES
1951,35,DISTRICT OF COLUMBIA,DC,US,STATE,4,CASES
1951,36,DISTRICT OF COLUMBIA,DC,US,STATE,6,CASES
1951,37,DISTRICT OF COLUMBIA,DC,US,STATE,2,CASES
1951,38,DISTRICT OF COLUMBIA,DC,US,STATE,2,CASES
1951,39,DISTRICT OF COLUMBIA,DC,US,STATE,4,CASES
1951,40,DISTRICT OF COLUMBIA,DC,US,STATE,5,CASES
1951,41,DISTRICT OF COLUMBIA,DC,US,STATE,6,CASES
1951,42,DISTRICT OF COLUMBIA,DC,US,STATE,5,CASES
1951,43,DISTRICT OF COLUMBIA,DC,US,STATE,13,CASES
1951,44,DISTRICT OF COLUMBIA,DC,US,STATE,9,CASES
1951,45,DISTRICT OF COLUMBIA,DC,US,STATE,14,CASES
1951,46,DISTRICT OF COLUMBIA,DC,US,STATE,10,CASES
1951,47,DISTRICT OF COLUMBIA,DC,US,STATE,6,CASES
1951,48,DISTRICT OF COLUMBIA,DC,US,STATE,8,CASES
1951,49,DISTRICT OF COLUMBIA,DC,US,STATE,13,CASES
1965,1,DISTRICT OF COLUMBIA,DC,US,STATE,1,CASES
1965,2,DISTRICT OF COLUMBIA,DC,US,STATE,1,CASES
1965,4,DISTRICT OF COLUMBIA,DC,US,STATE,8,CASES
1965,5,DISTRICT OF COLUMBIA,DC,US,STATE,14,CASES
1965,6,DISTRICT OF COLUMBIA,DC,US,STATE,19,CASES
1965,7,DISTRICT OF COLUMBIA,DC,US,STATE,8,CASES
1965,8,DISTRICT OF COLUMBIA,DC,US,STATE,2,CASES
1965,9,DISTRICT OF COLUMBIA,DC,US,STATE,22,CASES
1965,10,DISTRICT OF COLUMBIA,DC,US,STATE,3,CASES
1965,11,DISTRICT OF COLUMBIA,DC,US,STATE,10,CASES
1965,12,DISTRICT OF COLUMBIA,DC,US,STATE,15,CASES
1965,13,DISTRICT OF COLUMBIA,DC,US,STATE,4,CASES
1965,15,DISTRICT OF COLUMBIA,DC,US,STATE,11,CASES
1965,16,DISTRICT OF COLUMBIA,DC,US,STATE,12,CASES
1965,17,DISTRICT OF COLUMBIA,DC,US,STATE,11,CASES
1965,18,DISTRICT OF COLUMBIA,DC,US,STATE,4,CASES
1965,19,DISTRICT OF COLUMBIA,DC,US,STATE,2,CASES
1965,20,DISTRICT OF COLUMBIA,DC,US,STATE,14,CASES
1965,21,DISTRICT OF COLUMBIA,DC,US,STATE,7,CASES
1965,22,DISTRICT OF COLUMBIA,DC,US,STATE,2,CASES
1965,23,DISTRICT OF COLUMBIA,DC,US,STATE,17,CASES
1965,24,DISTRICT OF COLUMBIA,DC,US,STATE,8,CASES
1965,26,DISTRICT OF COLUMBIA,DC,US,STATE,14,CASES
1965,27,DISTRICT OF COLUMBIA,DC,US,STATE,1,CASES
1965,28,DISTRICT OF COLUMBIA,DC,US,STATE,16,CASES
1965,29,DISTRICT OF COLUMBIA,DC,US,STATE,5,CASES
1965,30,DISTRICT OF COLUMBIA,DC,US,STATE,5,CASES
1965,31,DISTRICT OF COLUMBIA,DC,US,STATE,12,CASES
1965,32,DISTRICT OF COLUMBIA,DC,US,STATE,1,CASES
1965,34,DISTRICT OF COLUMBIA,DC,US,STATE,1,CASES
1965,35,DISTRICT OF COLUMBIA,DC,US,STATE,13,CASES
1965,36,DISTRICT OF COLUMBIA,DC,US,STATE,1,CASES
1965,37,DISTRICT OF COLUMBIA,DC,US,STATE,11,CASES
1965,38,DISTRICT OF COLUMBIA,DC,US,STATE,3,CASES
1965,40,DISTRICT OF COLUMBIA,DC,US,STATE,21,CASES
1965,41,DISTRICT OF COLUMBIA,DC,US,STATE,4,CASES
1965,42,DISTRICT OF COLUMBIA,DC,US,STATE,16,CASES
1965,43,DISTRICT OF COLUMBIA,DC,US,STATE,3,CASES
1965,44,DISTRICT OF COLUMBIA,DC,US,STATE,11,CASES
1965,46,DISTRICT OF COLUMBIA,DC,US,STATE,5,CASES
1965,48,DISTRICT OF COLUMBIA,DC,US,STATE,18,CASES
1965,49,DISTRICT OF COLUMBIA,DC,US,STATE,9,CASES
1965,50,DISTRICT OF COLUMBIA,DC,US,STATE,9,CASES
1965,51,DISTRICT OF COLUMBIA,DC,US,STATE,5,CASES
1965,52,DISTRICT OF COLUMBIA,DC,US,STATE,15,CASES
1951,22,DISTRICT OF COLUMBIA,DC,US,STATE,6,CASES
1966,15,DISTRICT OF COLUMBIA,DC,US,STATE,7,CASES
