year,week,loc,state,country,loc_type,number,event
1968,1,DELAWARE,DE,US,STATE,9,CASES
1968,2,DELAWARE,DE,US,STATE,1,CASES
1968,3,DELAWARE,DE,US,STATE,9,CASES
1968,4,DELAWARE,DE,US,STATE,11,CASES
1968,5,DELAWARE,DE,US,STATE,6,CASES
1968,6,DELAWARE,DE,US,STATE,7,CASES
1968,7,DELAWARE,DE,US,STATE,18,CASES
1968,8,DELAWARE,DE,US,STATE,7,CASES
1968,9,DELAWARE,DE,US,STATE,12,CASES
1968,11,DELAWARE,DE,US,STATE,44,CASES
1968,12,DELAWARE,DE,US,STATE,10,CASES
1968,13,DELAWARE,DE,US,STATE,13,CASES
1968,14,DELAWARE,DE,US,STATE,11,CASES
1968,15,DELAWARE,DE,US,STATE,5,CASES
1968,16,DELAWARE,DE,US,STATE,13,CASES
1968,17,DELAWARE,DE,US,STATE,5,CASES
1968,18,DELAWARE,DE,US,STATE,6,CASES
1968,19,DELAWARE,DE,US,STATE,4,CASES
1968,20,DELAWARE,DE,US,STATE,13,CASES
1968,21,DELAWARE,DE,US,STATE,7,CASES
1968,22,DELAWARE,DE,US,STATE,5,CASES
1968,24,DELAWARE,DE,US,STATE,13,CASES
1968,25,DELAWARE,DE,US,STATE,5,CASES
1968,26,DELAWARE,DE,US,STATE,6,CASES
1968,27,DELAWARE,DE,US,STATE,4,CASES
1968,28,DELAWARE,DE,US,STATE,4,CASES
1968,29,DELAWARE,DE,US,STATE,3,CASES
1968,30,DELAWARE,DE,US,STATE,1,CASES
1968,31,DELAWARE,DE,US,STATE,4,CASES
1968,32,DELAWARE,DE,US,STATE,9,CASES
1968,33,DELAWARE,DE,US,STATE,1,CASES
1968,34,DELAWARE,DE,US,STATE,1,CASES
1968,35,DELAWARE,DE,US,STATE,1,CASES
1968,36,DELAWARE,DE,US,STATE,2,CASES
1968,37,DELAWARE,DE,US,STATE,2,CASES
1968,39,DELAWARE,DE,US,STATE,1,CASES
1968,40,DELAWARE,DE,US,STATE,3,CASES
1968,41,DELAWARE,DE,US,STATE,3,CASES
1968,44,DELAWARE,DE,US,STATE,2,CASES
1968,45,DELAWARE,DE,US,STATE,3,CASES
1968,46,DELAWARE,DE,US,STATE,1,CASES
1968,47,DELAWARE,DE,US,STATE,2,CASES
1968,48,DELAWARE,DE,US,STATE,2,CASES
1968,49,DELAWARE,DE,US,STATE,8,CASES
1968,50,DELAWARE,DE,US,STATE,4,CASES
1968,51,DELAWARE,DE,US,STATE,1,CASES
1969,4,DELAWARE,DE,US,STATE,1,CASES
1969,5,DELAWARE,DE,US,STATE,6,CASES
1969,7,DELAWARE,DE,US,STATE,4,CASES
1969,8,DELAWARE,DE,US,STATE,1,CASES
1969,9,DELAWARE,DE,US,STATE,2,CASES
1969,10,DELAWARE,DE,US,STATE,2,CASES
1969,12,DELAWARE,DE,US,STATE,1,CASES
1969,14,DELAWARE,DE,US,STATE,1,CASES
1969,15,DELAWARE,DE,US,STATE,4,CASES
1969,16,DELAWARE,DE,US,STATE,5,CASES
1969,17,DELAWARE,DE,US,STATE,1,CASES
1969,18,DELAWARE,DE,US,STATE,3,CASES
1969,19,DELAWARE,DE,US,STATE,3,CASES
1969,20,DELAWARE,DE,US,STATE,4,CASES
1969,21,DELAWARE,DE,US,STATE,3,CASES
1969,22,DELAWARE,DE,US,STATE,1,CASES
1969,23,DELAWARE,DE,US,STATE,1,CASES
1969,24,DELAWARE,DE,US,STATE,6,CASES
1969,25,DELAWARE,DE,US,STATE,5,CASES
1969,26,DELAWARE,DE,US,STATE,5,CASES
1969,27,DELAWARE,DE,US,STATE,1,CASES
1969,28,DELAWARE,DE,US,STATE,1,CASES
1969,29,DELAWARE,DE,US,STATE,8,CASES
1969,30,DELAWARE,DE,US,STATE,5,CASES
1969,31,DELAWARE,DE,US,STATE,8,CASES
1969,32,DELAWARE,DE,US,STATE,3,CASES
1969,33,DELAWARE,DE,US,STATE,5,CASES
1969,34,DELAWARE,DE,US,STATE,3,CASES
1969,37,DELAWARE,DE,US,STATE,1,CASES
1969,38,DELAWARE,DE,US,STATE,5,CASES
1969,40,DELAWARE,DE,US,STATE,3,CASES
1969,41,DELAWARE,DE,US,STATE,1,CASES
1969,42,DELAWARE,DE,US,STATE,4,CASES
1969,43,DELAWARE,DE,US,STATE,8,CASES
1969,44,DELAWARE,DE,US,STATE,1,CASES
1969,47,DELAWARE,DE,US,STATE,2,CASES
1969,48,DELAWARE,DE,US,STATE,5,CASES
1969,49,DELAWARE,DE,US,STATE,5,CASES
1969,51,DELAWARE,DE,US,STATE,1,CASES
1970,1,DELAWARE,DE,US,STATE,8,CASES
1970,2,DELAWARE,DE,US,STATE,12,CASES
1970,3,DELAWARE,DE,US,STATE,7,CASES
1970,4,DELAWARE,DE,US,STATE,3,CASES
1970,5,DELAWARE,DE,US,STATE,2,CASES
1970,6,DELAWARE,DE,US,STATE,4,CASES
1970,7,DELAWARE,DE,US,STATE,3,CASES
1970,8,DELAWARE,DE,US,STATE,8,CASES
1970,9,DELAWARE,DE,US,STATE,2,CASES
1970,10,DELAWARE,DE,US,STATE,5,CASES
1970,11,DELAWARE,DE,US,STATE,10,CASES
1970,12,DELAWARE,DE,US,STATE,7,CASES
1970,13,DELAWARE,DE,US,STATE,12,CASES
1970,14,DELAWARE,DE,US,STATE,6,CASES
1970,15,DELAWARE,DE,US,STATE,9,CASES
1970,16,DELAWARE,DE,US,STATE,9,CASES
1970,17,DELAWARE,DE,US,STATE,7,CASES
1970,18,DELAWARE,DE,US,STATE,8,CASES
1970,19,DELAWARE,DE,US,STATE,15,CASES
1970,20,DELAWARE,DE,US,STATE,14,CASES
1970,21,DELAWARE,DE,US,STATE,18,CASES
1970,22,DELAWARE,DE,US,STATE,10,CASES
1970,23,DELAWARE,DE,US,STATE,22,CASES
1970,24,DELAWARE,DE,US,STATE,24,CASES
1970,25,DELAWARE,DE,US,STATE,6,CASES
1970,26,DELAWARE,DE,US,STATE,9,CASES
1970,27,DELAWARE,DE,US,STATE,13,CASES
1970,28,DELAWARE,DE,US,STATE,7,CASES
1970,29,DELAWARE,DE,US,STATE,5,CASES
1970,30,DELAWARE,DE,US,STATE,8,CASES
1970,31,DELAWARE,DE,US,STATE,11,CASES
1970,32,DELAWARE,DE,US,STATE,5,CASES
1970,33,DELAWARE,DE,US,STATE,1,CASES
1970,34,DELAWARE,DE,US,STATE,5,CASES
1970,35,DELAWARE,DE,US,STATE,2,CASES
1970,36,DELAWARE,DE,US,STATE,7,CASES
1970,37,DELAWARE,DE,US,STATE,4,CASES
1970,38,DELAWARE,DE,US,STATE,1,CASES
1970,39,DELAWARE,DE,US,STATE,3,CASES
1970,40,DELAWARE,DE,US,STATE,3,CASES
1970,41,DELAWARE,DE,US,STATE,1,CASES
1970,42,DELAWARE,DE,US,STATE,5,CASES
1970,43,DELAWARE,DE,US,STATE,6,CASES
1970,45,DELAWARE,DE,US,STATE,7,CASES
1970,46,DELAWARE,DE,US,STATE,4,CASES
1970,47,DELAWARE,DE,US,STATE,10,CASES
1970,48,DELAWARE,DE,US,STATE,5,CASES
1970,49,DELAWARE,DE,US,STATE,4,CASES
1970,50,DELAWARE,DE,US,STATE,7,CASES
1970,51,DELAWARE,DE,US,STATE,2,CASES
1971,1,DELAWARE,DE,US,STATE,8,CASES
1971,2,DELAWARE,DE,US,STATE,12,CASES
1971,3,DELAWARE,DE,US,STATE,1,CASES
1971,4,DELAWARE,DE,US,STATE,5,CASES
1971,5,DELAWARE,DE,US,STATE,8,CASES
1971,6,DELAWARE,DE,US,STATE,3,CASES
1971,7,DELAWARE,DE,US,STATE,4,CASES
1971,9,DELAWARE,DE,US,STATE,2,CASES
1971,10,DELAWARE,DE,US,STATE,6,CASES
1971,11,DELAWARE,DE,US,STATE,4,CASES
1971,12,DELAWARE,DE,US,STATE,2,CASES
1971,13,DELAWARE,DE,US,STATE,4,CASES
1971,14,DELAWARE,DE,US,STATE,3,CASES
1971,15,DELAWARE,DE,US,STATE,6,CASES
1971,16,DELAWARE,DE,US,STATE,4,CASES
1971,17,DELAWARE,DE,US,STATE,10,CASES
1971,18,DELAWARE,DE,US,STATE,8,CASES
1971,19,DELAWARE,DE,US,STATE,6,CASES
1971,20,DELAWARE,DE,US,STATE,13,CASES
1971,21,DELAWARE,DE,US,STATE,2,CASES
1971,22,DELAWARE,DE,US,STATE,11,CASES
1971,23,DELAWARE,DE,US,STATE,1,CASES
1971,24,DELAWARE,DE,US,STATE,5,CASES
1971,25,DELAWARE,DE,US,STATE,3,CASES
1971,26,DELAWARE,DE,US,STATE,5,CASES
1971,27,DELAWARE,DE,US,STATE,7,CASES
1971,28,DELAWARE,DE,US,STATE,5,CASES
1971,29,DELAWARE,DE,US,STATE,3,CASES
1971,30,DELAWARE,DE,US,STATE,4,CASES
1971,31,DELAWARE,DE,US,STATE,3,CASES
1971,32,DELAWARE,DE,US,STATE,2,CASES
1971,33,DELAWARE,DE,US,STATE,3,CASES
1971,34,DELAWARE,DE,US,STATE,1,CASES
1971,35,DELAWARE,DE,US,STATE,1,CASES
1971,37,DELAWARE,DE,US,STATE,2,CASES
1971,40,DELAWARE,DE,US,STATE,2,CASES
1971,41,DELAWARE,DE,US,STATE,2,CASES
1971,43,DELAWARE,DE,US,STATE,1,CASES
1971,45,DELAWARE,DE,US,STATE,5,CASES
1971,46,DELAWARE,DE,US,STATE,1,CASES
1971,47,DELAWARE,DE,US,STATE,1,CASES
1971,48,DELAWARE,DE,US,STATE,1,CASES
1971,49,DELAWARE,DE,US,STATE,1,CASES
1971,50,DELAWARE,DE,US,STATE,2,CASES
1971,51,DELAWARE,DE,US,STATE,2,CASES
1972,1,DELAWARE,DE,US,STATE,1,CASES
1972,4,DELAWARE,DE,US,STATE,1,CASES
1972,5,DELAWARE,DE,US,STATE,2,CASES
1972,9,DELAWARE,DE,US,STATE,4,CASES
1972,10,DELAWARE,DE,US,STATE,1,CASES
1972,11,DELAWARE,DE,US,STATE,2,CASES
1972,12,DELAWARE,DE,US,STATE,8,CASES
1972,13,DELAWARE,DE,US,STATE,3,CASES
1972,14,DELAWARE,DE,US,STATE,2,CASES
1972,15,DELAWARE,DE,US,STATE,3,CASES
1972,16,DELAWARE,DE,US,STATE,6,CASES
1972,17,DELAWARE,DE,US,STATE,2,CASES
1972,18,DELAWARE,DE,US,STATE,2,CASES
1972,19,DELAWARE,DE,US,STATE,2,CASES
1972,20,DELAWARE,DE,US,STATE,8,CASES
1972,22,DELAWARE,DE,US,STATE,5,CASES
1972,23,DELAWARE,DE,US,STATE,5,CASES
1972,24,DELAWARE,DE,US,STATE,3,CASES
1972,25,DELAWARE,DE,US,STATE,1,CASES
1972,26,DELAWARE,DE,US,STATE,6,CASES
1972,27,DELAWARE,DE,US,STATE,3,CASES
1972,28,DELAWARE,DE,US,STATE,3,CASES
1972,29,DELAWARE,DE,US,STATE,4,CASES
1972,30,DELAWARE,DE,US,STATE,1,CASES
1972,31,DELAWARE,DE,US,STATE,5,CASES
1972,32,DELAWARE,DE,US,STATE,3,CASES
1972,33,DELAWARE,DE,US,STATE,2,CASES
1972,35,DELAWARE,DE,US,STATE,1,CASES
1972,36,DELAWARE,DE,US,STATE,1,CASES
1972,37,DELAWARE,DE,US,STATE,4,CASES
1972,39,DELAWARE,DE,US,STATE,2,CASES
1972,40,DELAWARE,DE,US,STATE,2,CASES
1972,41,DELAWARE,DE,US,STATE,1,CASES
1972,42,DELAWARE,DE,US,STATE,3,CASES
1972,43,DELAWARE,DE,US,STATE,1,CASES
1972,44,DELAWARE,DE,US,STATE,8,CASES
1972,45,DELAWARE,DE,US,STATE,3,CASES
1972,46,DELAWARE,DE,US,STATE,3,CASES
1972,47,DELAWARE,DE,US,STATE,19,CASES
1972,48,DELAWARE,DE,US,STATE,5,CASES
1972,49,DELAWARE,DE,US,STATE,6,CASES
1972,50,DELAWARE,DE,US,STATE,13,CASES
1972,51,DELAWARE,DE,US,STATE,14,CASES
1973,1,DELAWARE,DE,US,STATE,12,CASES
1973,2,DELAWARE,DE,US,STATE,13,CASES
1973,3,DELAWARE,DE,US,STATE,15,CASES
1973,4,DELAWARE,DE,US,STATE,10,CASES
1973,5,DELAWARE,DE,US,STATE,12,CASES
1973,6,DELAWARE,DE,US,STATE,8,CASES
1973,7,DELAWARE,DE,US,STATE,10,CASES
1973,8,DELAWARE,DE,US,STATE,14,CASES
1973,9,DELAWARE,DE,US,STATE,17,CASES
1973,10,DELAWARE,DE,US,STATE,11,CASES
1973,11,DELAWARE,DE,US,STATE,11,CASES
1973,12,DELAWARE,DE,US,STATE,9,CASES
1973,13,DELAWARE,DE,US,STATE,15,CASES
1973,14,DELAWARE,DE,US,STATE,3,CASES
1973,15,DELAWARE,DE,US,STATE,17,CASES
1973,16,DELAWARE,DE,US,STATE,7,CASES
1973,17,DELAWARE,DE,US,STATE,5,CASES
1973,18,DELAWARE,DE,US,STATE,6,CASES
1973,19,DELAWARE,DE,US,STATE,10,CASES
1973,20,DELAWARE,DE,US,STATE,7,CASES
1973,21,DELAWARE,DE,US,STATE,4,CASES
1973,22,DELAWARE,DE,US,STATE,5,CASES
1973,23,DELAWARE,DE,US,STATE,7,CASES
1973,24,DELAWARE,DE,US,STATE,11,CASES
1973,25,DELAWARE,DE,US,STATE,4,CASES
1973,26,DELAWARE,DE,US,STATE,3,CASES
1973,27,DELAWARE,DE,US,STATE,3,CASES
1973,28,DELAWARE,DE,US,STATE,2,CASES
1973,30,DELAWARE,DE,US,STATE,3,CASES
1973,31,DELAWARE,DE,US,STATE,4,CASES
1973,32,DELAWARE,DE,US,STATE,4,CASES
1973,33,DELAWARE,DE,US,STATE,2,CASES
1973,39,DELAWARE,DE,US,STATE,2,CASES
1973,40,DELAWARE,DE,US,STATE,2,CASES
1973,41,DELAWARE,DE,US,STATE,1,CASES
1973,42,DELAWARE,DE,US,STATE,3,CASES
1973,43,DELAWARE,DE,US,STATE,2,CASES
1973,45,DELAWARE,DE,US,STATE,1,CASES
1973,46,DELAWARE,DE,US,STATE,4,CASES
1973,47,DELAWARE,DE,US,STATE,1,CASES
1973,50,DELAWARE,DE,US,STATE,2,CASES
1973,51,DELAWARE,DE,US,STATE,3,CASES
1974,1,DELAWARE,DE,US,STATE,3,CASES
1974,2,DELAWARE,DE,US,STATE,3,CASES
1974,4,DELAWARE,DE,US,STATE,3,CASES
1974,5,DELAWARE,DE,US,STATE,4,CASES
1974,6,DELAWARE,DE,US,STATE,4,CASES
1974,7,DELAWARE,DE,US,STATE,5,CASES
1974,8,DELAWARE,DE,US,STATE,3,CASES
1974,9,DELAWARE,DE,US,STATE,1,CASES
1974,10,DELAWARE,DE,US,STATE,3,CASES
1974,11,DELAWARE,DE,US,STATE,1,CASES
1974,12,DELAWARE,DE,US,STATE,3,CASES
1974,13,DELAWARE,DE,US,STATE,4,CASES
1974,14,DELAWARE,DE,US,STATE,2,CASES
1974,16,DELAWARE,DE,US,STATE,5,CASES
1974,17,DELAWARE,DE,US,STATE,3,CASES
1974,18,DELAWARE,DE,US,STATE,2,CASES
1974,19,DELAWARE,DE,US,STATE,5,CASES
1974,20,DELAWARE,DE,US,STATE,1,CASES
1974,21,DELAWARE,DE,US,STATE,1,CASES
1974,22,DELAWARE,DE,US,STATE,7,CASES
1974,24,DELAWARE,DE,US,STATE,2,CASES
1974,25,DELAWARE,DE,US,STATE,3,CASES
1974,26,DELAWARE,DE,US,STATE,5,CASES
1974,27,DELAWARE,DE,US,STATE,3,CASES
1974,28,DELAWARE,DE,US,STATE,2,CASES
1974,29,DELAWARE,DE,US,STATE,3,CASES
1974,30,DELAWARE,DE,US,STATE,1,CASES
1974,32,DELAWARE,DE,US,STATE,89,CASES
1974,34,DELAWARE,DE,US,STATE,1,CASES
1974,35,DELAWARE,DE,US,STATE,1,CASES
1974,37,DELAWARE,DE,US,STATE,1,CASES
1974,39,DELAWARE,DE,US,STATE,2,CASES
1974,40,DELAWARE,DE,US,STATE,3,CASES
1974,41,DELAWARE,DE,US,STATE,1,CASES
1974,45,DELAWARE,DE,US,STATE,1,CASES
1974,46,DELAWARE,DE,US,STATE,3,CASES
1974,49,DELAWARE,DE,US,STATE,1,CASES
1974,50,DELAWARE,DE,US,STATE,3,CASES
1975,1,DELAWARE,DE,US,STATE,1,CASES
1975,2,DELAWARE,DE,US,STATE,1,CASES
1975,3,DELAWARE,DE,US,STATE,2,CASES
1975,11,DELAWARE,DE,US,STATE,1,CASES
1975,18,DELAWARE,DE,US,STATE,2,CASES
1975,32,DELAWARE,DE,US,STATE,1,CASES
1975,36,DELAWARE,DE,US,STATE,1,CASES
1975,40,DELAWARE,DE,US,STATE,1,CASES
1975,42,DELAWARE,DE,US,STATE,1,CASES
1975,49,DELAWARE,DE,US,STATE,2,CASES
1976,1,DELAWARE,DE,US,STATE,1,CASES
1976,2,DELAWARE,DE,US,STATE,2,CASES
1976,4,DELAWARE,DE,US,STATE,1,CASES
1976,5,DELAWARE,DE,US,STATE,1,CASES
1976,6,DELAWARE,DE,US,STATE,1,CASES
1976,7,DELAWARE,DE,US,STATE,2,CASES
1976,9,DELAWARE,DE,US,STATE,2,CASES
1976,10,DELAWARE,DE,US,STATE,2,CASES
1976,12,DELAWARE,DE,US,STATE,1,CASES
1976,15,DELAWARE,DE,US,STATE,1,CASES
1976,16,DELAWARE,DE,US,STATE,2,CASES
1976,18,DELAWARE,DE,US,STATE,1,CASES
1976,19,DELAWARE,DE,US,STATE,6,CASES
1976,20,DELAWARE,DE,US,STATE,1,CASES
1976,22,DELAWARE,DE,US,STATE,2,CASES
1976,23,DELAWARE,DE,US,STATE,3,CASES
1976,24,DELAWARE,DE,US,STATE,4,CASES
1976,25,DELAWARE,DE,US,STATE,9,CASES
1976,27,DELAWARE,DE,US,STATE,4,CASES
1976,28,DELAWARE,DE,US,STATE,1,CASES
1976,30,DELAWARE,DE,US,STATE,2,CASES
1976,31,DELAWARE,DE,US,STATE,6,CASES
1976,32,DELAWARE,DE,US,STATE,1,CASES
1976,33,DELAWARE,DE,US,STATE,2,CASES
1976,35,DELAWARE,DE,US,STATE,1,CASES
1976,36,DELAWARE,DE,US,STATE,6,CASES
1976,40,DELAWARE,DE,US,STATE,5,CASES
1976,43,DELAWARE,DE,US,STATE,1,CASES
1976,44,DELAWARE,DE,US,STATE,2,CASES
1976,46,DELAWARE,DE,US,STATE,2,CASES
1976,48,DELAWARE,DE,US,STATE,3,CASES
1976,49,DELAWARE,DE,US,STATE,2,CASES
1976,50,DELAWARE,DE,US,STATE,4,CASES
1976,52,DELAWARE,DE,US,STATE,5,CASES
1977,2,DELAWARE,DE,US,STATE,5,CASES
1977,3,DELAWARE,DE,US,STATE,2,CASES
1977,5,DELAWARE,DE,US,STATE,5,CASES
1977,6,DELAWARE,DE,US,STATE,3,CASES
1977,7,DELAWARE,DE,US,STATE,2,CASES
1977,8,DELAWARE,DE,US,STATE,3,CASES
1977,9,DELAWARE,DE,US,STATE,5,CASES
1977,10,DELAWARE,DE,US,STATE,6,CASES
1977,11,DELAWARE,DE,US,STATE,2,CASES
1977,12,DELAWARE,DE,US,STATE,6,CASES
1977,13,DELAWARE,DE,US,STATE,7,CASES
1977,14,DELAWARE,DE,US,STATE,5,CASES
1977,15,DELAWARE,DE,US,STATE,5,CASES
1977,16,DELAWARE,DE,US,STATE,1,CASES
1977,17,DELAWARE,DE,US,STATE,3,CASES
1977,18,DELAWARE,DE,US,STATE,6,CASES
1977,19,DELAWARE,DE,US,STATE,3,CASES
1977,20,DELAWARE,DE,US,STATE,8,CASES
1977,22,DELAWARE,DE,US,STATE,6,CASES
1977,23,DELAWARE,DE,US,STATE,1,CASES
1977,24,DELAWARE,DE,US,STATE,1,CASES
1977,26,DELAWARE,DE,US,STATE,7,CASES
1977,27,DELAWARE,DE,US,STATE,2,CASES
1977,28,DELAWARE,DE,US,STATE,7,CASES
1977,29,DELAWARE,DE,US,STATE,1,CASES
1977,30,DELAWARE,DE,US,STATE,1,CASES
1977,31,DELAWARE,DE,US,STATE,6,CASES
1977,32,DELAWARE,DE,US,STATE,4,CASES
1977,33,DELAWARE,DE,US,STATE,2,CASES
1977,36,DELAWARE,DE,US,STATE,1,CASES
1977,39,DELAWARE,DE,US,STATE,2,CASES
1977,40,DELAWARE,DE,US,STATE,1,CASES
1977,41,DELAWARE,DE,US,STATE,2,CASES
1977,42,DELAWARE,DE,US,STATE,2,CASES
1977,43,DELAWARE,DE,US,STATE,1,CASES
1977,44,DELAWARE,DE,US,STATE,3,CASES
1977,45,DELAWARE,DE,US,STATE,3,CASES
1977,46,DELAWARE,DE,US,STATE,3,CASES
1977,47,DELAWARE,DE,US,STATE,4,CASES
1977,48,DELAWARE,DE,US,STATE,2,CASES
1977,49,DELAWARE,DE,US,STATE,1,CASES
1977,50,DELAWARE,DE,US,STATE,3,CASES
1977,52,DELAWARE,DE,US,STATE,1,CASES
1978,1,DELAWARE,DE,US,STATE,1,CASES
1978,2,DELAWARE,DE,US,STATE,5,CASES
1978,6,DELAWARE,DE,US,STATE,1,CASES
1978,7,DELAWARE,DE,US,STATE,2,CASES
1978,8,DELAWARE,DE,US,STATE,1,CASES
1978,9,DELAWARE,DE,US,STATE,2,CASES
1978,10,DELAWARE,DE,US,STATE,1,CASES
1978,11,DELAWARE,DE,US,STATE,2,CASES
1978,12,DELAWARE,DE,US,STATE,3,CASES
1978,14,DELAWARE,DE,US,STATE,2,CASES
1978,15,DELAWARE,DE,US,STATE,1,CASES
1978,18,DELAWARE,DE,US,STATE,1,CASES
1978,19,DELAWARE,DE,US,STATE,2,CASES
1978,20,DELAWARE,DE,US,STATE,5,CASES
1978,21,DELAWARE,DE,US,STATE,3,CASES
1978,23,DELAWARE,DE,US,STATE,5,CASES
1978,24,DELAWARE,DE,US,STATE,2,CASES
1978,25,DELAWARE,DE,US,STATE,2,CASES
1978,26,DELAWARE,DE,US,STATE,1,CASES
1978,28,DELAWARE,DE,US,STATE,2,CASES
1978,29,DELAWARE,DE,US,STATE,3,CASES
1978,32,DELAWARE,DE,US,STATE,1,CASES
1978,34,DELAWARE,DE,US,STATE,4,CASES
1978,35,DELAWARE,DE,US,STATE,1,CASES
1978,36,DELAWARE,DE,US,STATE,1,CASES
1978,38,DELAWARE,DE,US,STATE,1,CASES
1978,49,DELAWARE,DE,US,STATE,1,CASES
1979,1,DELAWARE,DE,US,STATE,1,CASES
1979,2,DELAWARE,DE,US,STATE,1,CASES
1979,3,DELAWARE,DE,US,STATE,1,CASES
1979,6,DELAWARE,DE,US,STATE,1,CASES
1979,8,DELAWARE,DE,US,STATE,1,CASES
1979,11,DELAWARE,DE,US,STATE,1,CASES
1979,13,DELAWARE,DE,US,STATE,2,CASES
1979,17,DELAWARE,DE,US,STATE,1,CASES
1979,18,DELAWARE,DE,US,STATE,2,CASES
1979,19,DELAWARE,DE,US,STATE,1,CASES
1979,21,DELAWARE,DE,US,STATE,3,CASES
1979,22,DELAWARE,DE,US,STATE,2,CASES
1979,23,DELAWARE,DE,US,STATE,1,CASES
1979,24,DELAWARE,DE,US,STATE,3,CASES
1979,25,DELAWARE,DE,US,STATE,1,CASES
1979,26,DELAWARE,DE,US,STATE,1,CASES
1979,27,DELAWARE,DE,US,STATE,1,CASES
1979,28,DELAWARE,DE,US,STATE,2,CASES
1979,29,DELAWARE,DE,US,STATE,4,CASES
1979,30,DELAWARE,DE,US,STATE,2,CASES
1979,31,DELAWARE,DE,US,STATE,1,CASES
1979,32,DELAWARE,DE,US,STATE,2,CASES
1979,33,DELAWARE,DE,US,STATE,1,CASES
1979,34,DELAWARE,DE,US,STATE,1,CASES
1979,35,DELAWARE,DE,US,STATE,2,CASES
1979,38,DELAWARE,DE,US,STATE,1,CASES
1979,40,DELAWARE,DE,US,STATE,1,CASES
1979,41,DELAWARE,DE,US,STATE,1,CASES
1979,42,DELAWARE,DE,US,STATE,3,CASES
1979,43,DELAWARE,DE,US,STATE,8,CASES
1979,44,DELAWARE,DE,US,STATE,3,CASES
1979,45,DELAWARE,DE,US,STATE,3,CASES
1979,46,DELAWARE,DE,US,STATE,2,CASES
1979,47,DELAWARE,DE,US,STATE,3,CASES
1979,48,DELAWARE,DE,US,STATE,6,CASES
1979,49,DELAWARE,DE,US,STATE,2,CASES
1979,50,DELAWARE,DE,US,STATE,18,CASES
1979,51,DELAWARE,DE,US,STATE,3,CASES
1979,52,DELAWARE,DE,US,STATE,2,CASES
1980,1,DELAWARE,DE,US,STATE,2,CASES
1980,2,DELAWARE,DE,US,STATE,5,CASES
1980,3,DELAWARE,DE,US,STATE,2,CASES
1980,4,DELAWARE,DE,US,STATE,1,CASES
1980,5,DELAWARE,DE,US,STATE,2,CASES
1980,6,DELAWARE,DE,US,STATE,1,CASES
1980,7,DELAWARE,DE,US,STATE,5,CASES
1980,8,DELAWARE,DE,US,STATE,4,CASES
1980,9,DELAWARE,DE,US,STATE,2,CASES
1980,11,DELAWARE,DE,US,STATE,2,CASES
1980,13,DELAWARE,DE,US,STATE,2,CASES
1980,15,DELAWARE,DE,US,STATE,1,CASES
1980,17,DELAWARE,DE,US,STATE,1,CASES
1980,20,DELAWARE,DE,US,STATE,1,CASES
1980,21,DELAWARE,DE,US,STATE,1,CASES
1980,22,DELAWARE,DE,US,STATE,2,CASES
1980,25,DELAWARE,DE,US,STATE,1,CASES
1980,32,DELAWARE,DE,US,STATE,1,CASES
1980,35,DELAWARE,DE,US,STATE,1,CASES
1980,40,DELAWARE,DE,US,STATE,1,CASES
1980,50,DELAWARE,DE,US,STATE,1,CASES
1980,51,DELAWARE,DE,US,STATE,1,CASES
1980,53,DELAWARE,DE,US,STATE,1,CASES
1981,1,DELAWARE,DE,US,STATE,1,CASES
1981,2,DELAWARE,DE,US,STATE,1,CASES
1981,9,DELAWARE,DE,US,STATE,1,CASES
1981,19,DELAWARE,DE,US,STATE,2,CASES
1981,22,DELAWARE,DE,US,STATE,3,CASES
1982,10,DELAWARE,DE,US,STATE,2,CASES
1982,21,DELAWARE,DE,US,STATE,2,CASES
1982,23,DELAWARE,DE,US,STATE,1,CASES
1982,25,DELAWARE,DE,US,STATE,4,CASES
1982,38,DELAWARE,DE,US,STATE,3,CASES
1983,13,DELAWARE,DE,US,STATE,1,CASES
1983,15,DELAWARE,DE,US,STATE,1,CASES
1983,27,DELAWARE,DE,US,STATE,2,CASES
1983,30,DELAWARE,DE,US,STATE,1,CASES
1983,51,DELAWARE,DE,US,STATE,1,CASES
1984,2,DELAWARE,DE,US,STATE,1,CASES
1984,49,DELAWARE,DE,US,STATE,1,CASES
1988,46,DELAWARE,DE,US,STATE,1,CASES
1989,22,DELAWARE,DE,US,STATE,1,CASES
1990,21,DELAWARE,DE,US,STATE,1,CASES
1990,23,DELAWARE,DE,US,STATE,1,CASES
1991,11,DELAWARE,DE,US,STATE,1,CASES
1991,12,DELAWARE,DE,US,STATE,1,CASES
1991,19,DELAWARE,DE,US,STATE,1,CASES
1992,17,DELAWARE,DE,US,STATE,1,CASES
1992,18,DELAWARE,DE,US,STATE,1,CASES
1992,20,DELAWARE,DE,US,STATE,1,CASES
1992,34,DELAWARE,DE,US,STATE,1,CASES
1992,37,DELAWARE,DE,US,STATE,1,CASES
1992,38,DELAWARE,DE,US,STATE,2,CASES
1993,9,DELAWARE,DE,US,STATE,1,CASES
1993,13,DELAWARE,DE,US,STATE,2,CASES
1993,19,DELAWARE,DE,US,STATE,1,CASES
1993,34,DELAWARE,DE,US,STATE,1,CASES
1993,44,DELAWARE,DE,US,STATE,1,CASES
1993,47,DELAWARE,DE,US,STATE,1,CASES
