year,week,loc,state,country,loc_type,number,event
1950,22,HAWAII,HI,US,STATE,2,CASES
1950,23,HAWAII,HI,US,STATE,4,CASES
1950,24,HAWAII,HI,US,STATE,1,CASES
1950,25,HAWAII,HI,US,STATE,5,CASES
1950,26,HAWAII,HI,US,STATE,1,CASES
1950,27,HAWAII,HI,US,STATE,5,CASES
1950,28,HAWAII,HI,US,STATE,1,CASES
1950,29,HAWAII,HI,US,STATE,5,CASES
1950,31,HAWAII,HI,US,STATE,2,CASES
1950,32,HAWAII,HI,US,STATE,4,CASES
1950,33,HAWAII,HI,US,STATE,2,CASES
1950,34,HAWAII,HI,US,STATE,2,CASES
1950,35,HAWAII,HI,US,STATE,2,CASES
1950,36,HAWAII,HI,US,STATE,1,CASES
1950,37,HAWAII,HI,US,STATE,2,CASES
1950,39,HAWAII,HI,US,STATE,3,CASES
1950,41,HAWAII,HI,US,STATE,2,CASES
1950,42,HAWAII,HI,US,STATE,7,CASES
1950,43,HAWAII,HI,US,STATE,7,CASES
1950,44,HAWAII,HI,US,STATE,1,CASES
1950,45,HAWAII,HI,US,STATE,3,CASES
1950,46,HAWAII,HI,US,STATE,1,CASES
1950,49,HAWAII,HI,US,STATE,3,CASES
1951,1,HAWAII,HI,US,STATE,2,CASES
1951,4,HAWAII,HI,US,STATE,2,CASES
1951,7,HAWAII,HI,US,STATE,2,CASES
1951,9,HAWAII,HI,US,STATE,7,CASES
1951,10,HAWAII,HI,US,STATE,1,CASES
1951,11,HAWAII,HI,US,STATE,5,CASES
1951,12,HAWAII,HI,US,STATE,3,CASES
1951,13,HAWAII,HI,US,STATE,3,CASES
1951,14,HAWAII,HI,US,STATE,8,CASES
1951,15,HAWAII,HI,US,STATE,8,CASES
1951,16,HAWAII,HI,US,STATE,2,CASES
1951,17,HAWAII,HI,US,STATE,4,CASES
1951,18,HAWAII,HI,US,STATE,3,CASES
1951,19,HAWAII,HI,US,STATE,12,CASES
1951,20,HAWAII,HI,US,STATE,15,CASES
1951,21,HAWAII,HI,US,STATE,21,CASES
1951,22,HAWAII,HI,US,STATE,20,CASES
1951,23,HAWAII,HI,US,STATE,31,CASES
1951,24,HAWAII,HI,US,STATE,11,CASES
1951,25,HAWAII,HI,US,STATE,47,CASES
1951,26,HAWAII,HI,US,STATE,20,CASES
1951,27,HAWAII,HI,US,STATE,30,CASES
1951,28,HAWAII,HI,US,STATE,52,CASES
1951,29,HAWAII,HI,US,STATE,64,CASES
1951,30,HAWAII,HI,US,STATE,40,CASES
1951,31,HAWAII,HI,US,STATE,39,CASES
1951,32,HAWAII,HI,US,STATE,55,CASES
1951,33,HAWAII,HI,US,STATE,47,CASES
1951,34,HAWAII,HI,US,STATE,24,CASES
1951,35,HAWAII,HI,US,STATE,33,CASES
1951,36,HAWAII,HI,US,STATE,29,CASES
1951,37,HAWAII,HI,US,STATE,28,CASES
1951,38,HAWAII,HI,US,STATE,33,CASES
1951,39,HAWAII,HI,US,STATE,44,CASES
1951,40,HAWAII,HI,US,STATE,103,CASES
1951,41,HAWAII,HI,US,STATE,121,CASES
1951,42,HAWAII,HI,US,STATE,302,CASES
1951,43,HAWAII,HI,US,STATE,195,CASES
1951,44,HAWAII,HI,US,STATE,433,CASES
1951,45,HAWAII,HI,US,STATE,611,CASES
1951,46,HAWAII,HI,US,STATE,472,CASES
1951,47,HAWAII,HI,US,STATE,545,CASES
1951,48,HAWAII,HI,US,STATE,599,CASES
1951,49,HAWAII,HI,US,STATE,784,CASES
1954,1,HAWAII,HI,US,STATE,2,CASES
1954,2,HAWAII,HI,US,STATE,2,CASES
1954,3,HAWAII,HI,US,STATE,1,CASES
1954,4,HAWAII,HI,US,STATE,5,CASES
1954,5,HAWAII,HI,US,STATE,2,CASES
1954,6,HAWAII,HI,US,STATE,4,CASES
1954,7,HAWAII,HI,US,STATE,2,CASES
1954,8,HAWAII,HI,US,STATE,10,CASES
1954,9,HAWAII,HI,US,STATE,10,CASES
1954,10,HAWAII,HI,US,STATE,7,CASES
1954,11,HAWAII,HI,US,STATE,1,CASES
1954,12,HAWAII,HI,US,STATE,7,CASES
1954,14,HAWAII,HI,US,STATE,1,CASES
1954,15,HAWAII,HI,US,STATE,2,CASES
1954,16,HAWAII,HI,US,STATE,10,CASES
1954,17,HAWAII,HI,US,STATE,5,CASES
1954,18,HAWAII,HI,US,STATE,5,CASES
1954,19,HAWAII,HI,US,STATE,2,CASES
1954,20,HAWAII,HI,US,STATE,6,CASES
1954,21,HAWAII,HI,US,STATE,5,CASES
1954,22,HAWAII,HI,US,STATE,5,CASES
1954,23,HAWAII,HI,US,STATE,9,CASES
1954,24,HAWAII,HI,US,STATE,7,CASES
1954,25,HAWAII,HI,US,STATE,6,CASES
1954,26,HAWAII,HI,US,STATE,22,CASES
1954,27,HAWAII,HI,US,STATE,6,CASES
1954,28,HAWAII,HI,US,STATE,2,CASES
1954,29,HAWAII,HI,US,STATE,9,CASES
1954,30,HAWAII,HI,US,STATE,7,CASES
1954,31,HAWAII,HI,US,STATE,31,CASES
1954,32,HAWAII,HI,US,STATE,6,CASES
1954,33,HAWAII,HI,US,STATE,11,CASES
1954,34,HAWAII,HI,US,STATE,8,CASES
1954,35,HAWAII,HI,US,STATE,23,CASES
1954,36,HAWAII,HI,US,STATE,5,CASES
1954,37,HAWAII,HI,US,STATE,9,CASES
1954,38,HAWAII,HI,US,STATE,4,CASES
1954,39,HAWAII,HI,US,STATE,19,CASES
1954,40,HAWAII,HI,US,STATE,2,CASES
1954,41,HAWAII,HI,US,STATE,15,CASES
1954,42,HAWAII,HI,US,STATE,22,CASES
1954,43,HAWAII,HI,US,STATE,16,CASES
1954,44,HAWAII,HI,US,STATE,15,CASES
1954,45,HAWAII,HI,US,STATE,25,CASES
1954,46,HAWAII,HI,US,STATE,22,CASES
1954,47,HAWAII,HI,US,STATE,37,CASES
1954,49,HAWAII,HI,US,STATE,11,CASES
1954,50,HAWAII,HI,US,STATE,6,CASES
1954,51,HAWAII,HI,US,STATE,34,CASES
1954,52,HAWAII,HI,US,STATE,21,CASES
1955,1,HAWAII,HI,US,STATE,62,CASES
1955,2,HAWAII,HI,US,STATE,63,CASES
1955,3,HAWAII,HI,US,STATE,83,CASES
1955,4,HAWAII,HI,US,STATE,136,CASES
1955,5,HAWAII,HI,US,STATE,125,CASES
1955,6,HAWAII,HI,US,STATE,146,CASES
1955,8,HAWAII,HI,US,STATE,205,CASES
1955,9,HAWAII,HI,US,STATE,336,CASES
1955,10,HAWAII,HI,US,STATE,269,CASES
1955,11,HAWAII,HI,US,STATE,436,CASES
1955,12,HAWAII,HI,US,STATE,400,CASES
1955,13,HAWAII,HI,US,STATE,473,CASES
1955,14,HAWAII,HI,US,STATE,400,CASES
1955,15,HAWAII,HI,US,STATE,254,CASES
1955,16,HAWAII,HI,US,STATE,453,CASES
1955,17,HAWAII,HI,US,STATE,278,CASES
1955,18,HAWAII,HI,US,STATE,385,CASES
1955,19,HAWAII,HI,US,STATE,216,CASES
1955,20,HAWAII,HI,US,STATE,251,CASES
1955,21,HAWAII,HI,US,STATE,164,CASES
1955,22,HAWAII,HI,US,STATE,274,CASES
1955,23,HAWAII,HI,US,STATE,199,CASES
1955,24,HAWAII,HI,US,STATE,94,CASES
1955,25,HAWAII,HI,US,STATE,90,CASES
1955,26,HAWAII,HI,US,STATE,78,CASES
1955,27,HAWAII,HI,US,STATE,74,CASES
1955,28,HAWAII,HI,US,STATE,71,CASES
1955,29,HAWAII,HI,US,STATE,71,CASES
1955,30,HAWAII,HI,US,STATE,42,CASES
1955,31,HAWAII,HI,US,STATE,25,CASES
1955,32,HAWAII,HI,US,STATE,34,CASES
1955,33,HAWAII,HI,US,STATE,14,CASES
1955,34,HAWAII,HI,US,STATE,15,CASES
1955,36,HAWAII,HI,US,STATE,17,CASES
1955,37,HAWAII,HI,US,STATE,3,CASES
1955,38,HAWAII,HI,US,STATE,8,CASES
1955,39,HAWAII,HI,US,STATE,4,CASES
1955,40,HAWAII,HI,US,STATE,12,CASES
1955,41,HAWAII,HI,US,STATE,7,CASES
1955,42,HAWAII,HI,US,STATE,15,CASES
1955,43,HAWAII,HI,US,STATE,5,CASES
1955,44,HAWAII,HI,US,STATE,14,CASES
1955,45,HAWAII,HI,US,STATE,2,CASES
1955,46,HAWAII,HI,US,STATE,18,CASES
1955,47,HAWAII,HI,US,STATE,8,CASES
1955,48,HAWAII,HI,US,STATE,7,CASES
1955,49,HAWAII,HI,US,STATE,3,CASES
1955,51,HAWAII,HI,US,STATE,4,CASES
1956,1,HAWAII,HI,US,STATE,6,CASES
1956,2,HAWAII,HI,US,STATE,6,CASES
1956,3,HAWAII,HI,US,STATE,18,CASES
1956,4,HAWAII,HI,US,STATE,7,CASES
1956,5,HAWAII,HI,US,STATE,10,CASES
1956,6,HAWAII,HI,US,STATE,12,CASES
1956,7,HAWAII,HI,US,STATE,13,CASES
1956,8,HAWAII,HI,US,STATE,4,CASES
1956,10,HAWAII,HI,US,STATE,17,CASES
1956,11,HAWAII,HI,US,STATE,15,CASES
1956,12,HAWAII,HI,US,STATE,14,CASES
1956,13,HAWAII,HI,US,STATE,11,CASES
1956,14,HAWAII,HI,US,STATE,24,CASES
1956,15,HAWAII,HI,US,STATE,31,CASES
1956,16,HAWAII,HI,US,STATE,22,CASES
1956,17,HAWAII,HI,US,STATE,30,CASES
1956,18,HAWAII,HI,US,STATE,36,CASES
1956,19,HAWAII,HI,US,STATE,40,CASES
1956,20,HAWAII,HI,US,STATE,32,CASES
1956,21,HAWAII,HI,US,STATE,17,CASES
1956,22,HAWAII,HI,US,STATE,67,CASES
1956,23,HAWAII,HI,US,STATE,99,CASES
1956,24,HAWAII,HI,US,STATE,64,CASES
1956,25,HAWAII,HI,US,STATE,119,CASES
1956,26,HAWAII,HI,US,STATE,91,CASES
1956,27,HAWAII,HI,US,STATE,109,CASES
1956,28,HAWAII,HI,US,STATE,112,CASES
1956,29,HAWAII,HI,US,STATE,103,CASES
1956,30,HAWAII,HI,US,STATE,97,CASES
1956,31,HAWAII,HI,US,STATE,133,CASES
1956,32,HAWAII,HI,US,STATE,172,CASES
1956,33,HAWAII,HI,US,STATE,92,CASES
1956,34,HAWAII,HI,US,STATE,71,CASES
1956,35,HAWAII,HI,US,STATE,69,CASES
1956,36,HAWAII,HI,US,STATE,59,CASES
1956,37,HAWAII,HI,US,STATE,48,CASES
1956,38,HAWAII,HI,US,STATE,57,CASES
1956,39,HAWAII,HI,US,STATE,54,CASES
1956,40,HAWAII,HI,US,STATE,124,CASES
1956,41,HAWAII,HI,US,STATE,165,CASES
1956,42,HAWAII,HI,US,STATE,127,CASES
1956,43,HAWAII,HI,US,STATE,225,CASES
1956,44,HAWAII,HI,US,STATE,231,CASES
1956,45,HAWAII,HI,US,STATE,144,CASES
1956,46,HAWAII,HI,US,STATE,306,CASES
1956,47,HAWAII,HI,US,STATE,246,CASES
1956,48,HAWAII,HI,US,STATE,304,CASES
1956,49,HAWAII,HI,US,STATE,366,CASES
1956,50,HAWAII,HI,US,STATE,406,CASES
1956,51,HAWAII,HI,US,STATE,328,CASES
1956,52,HAWAII,HI,US,STATE,201,CASES
1957,1,HAWAII,HI,US,STATE,456,CASES
1957,2,HAWAII,HI,US,STATE,430,CASES
1957,3,HAWAII,HI,US,STATE,341,CASES
1957,4,HAWAII,HI,US,STATE,374,CASES
1957,5,HAWAII,HI,US,STATE,415,CASES
1957,6,HAWAII,HI,US,STATE,343,CASES
1957,7,HAWAII,HI,US,STATE,305,CASES
1957,8,HAWAII,HI,US,STATE,267,CASES
1957,9,HAWAII,HI,US,STATE,290,CASES
1957,10,HAWAII,HI,US,STATE,291,CASES
1957,11,HAWAII,HI,US,STATE,297,CASES
1957,12,HAWAII,HI,US,STATE,190,CASES
1957,13,HAWAII,HI,US,STATE,176,CASES
1957,14,HAWAII,HI,US,STATE,179,CASES
1957,15,HAWAII,HI,US,STATE,106,CASES
1957,16,HAWAII,HI,US,STATE,49,CASES
1957,17,HAWAII,HI,US,STATE,98,CASES
1957,18,HAWAII,HI,US,STATE,49,CASES
1957,20,HAWAII,HI,US,STATE,18,CASES
1957,21,HAWAII,HI,US,STATE,57,CASES
1957,22,HAWAII,HI,US,STATE,30,CASES
1957,23,HAWAII,HI,US,STATE,40,CASES
1957,24,HAWAII,HI,US,STATE,26,CASES
1957,25,HAWAII,HI,US,STATE,33,CASES
1957,26,HAWAII,HI,US,STATE,18,CASES
1957,27,HAWAII,HI,US,STATE,31,CASES
1957,28,HAWAII,HI,US,STATE,6,CASES
1957,29,HAWAII,HI,US,STATE,31,CASES
1957,30,HAWAII,HI,US,STATE,10,CASES
1957,31,HAWAII,HI,US,STATE,9,CASES
1957,32,HAWAII,HI,US,STATE,12,CASES
1957,33,HAWAII,HI,US,STATE,2,CASES
1957,34,HAWAII,HI,US,STATE,3,CASES
1957,35,HAWAII,HI,US,STATE,4,CASES
1957,36,HAWAII,HI,US,STATE,6,CASES
1957,37,HAWAII,HI,US,STATE,6,CASES
1957,40,HAWAII,HI,US,STATE,3,CASES
1957,42,HAWAII,HI,US,STATE,1,CASES
1957,43,HAWAII,HI,US,STATE,4,CASES
1957,46,HAWAII,HI,US,STATE,1,CASES
1957,49,HAWAII,HI,US,STATE,1,CASES
1957,50,HAWAII,HI,US,STATE,4,CASES
1957,51,HAWAII,HI,US,STATE,6,CASES
1957,52,HAWAII,HI,US,STATE,6,CASES
1958,1,HAWAII,HI,US,STATE,1,CASES
1958,2,HAWAII,HI,US,STATE,5,CASES
1958,3,HAWAII,HI,US,STATE,7,CASES
1958,4,HAWAII,HI,US,STATE,2,CASES
1958,5,HAWAII,HI,US,STATE,8,CASES
1958,7,HAWAII,HI,US,STATE,8,CASES
1958,8,HAWAII,HI,US,STATE,5,CASES
1958,10,HAWAII,HI,US,STATE,2,CASES
1958,11,HAWAII,HI,US,STATE,6,CASES
1958,12,HAWAII,HI,US,STATE,3,CASES
1958,13,HAWAII,HI,US,STATE,8,CASES
1958,14,HAWAII,HI,US,STATE,6,CASES
1958,15,HAWAII,HI,US,STATE,9,CASES
1958,16,HAWAII,HI,US,STATE,10,CASES
1958,17,HAWAII,HI,US,STATE,19,CASES
1958,18,HAWAII,HI,US,STATE,115,CASES
1958,19,HAWAII,HI,US,STATE,30,CASES
1958,20,HAWAII,HI,US,STATE,18,CASES
1958,21,HAWAII,HI,US,STATE,9,CASES
1958,22,HAWAII,HI,US,STATE,1,CASES
1958,23,HAWAII,HI,US,STATE,32,CASES
1958,24,HAWAII,HI,US,STATE,15,CASES
1958,25,HAWAII,HI,US,STATE,3,CASES
1958,26,HAWAII,HI,US,STATE,35,CASES
1958,27,HAWAII,HI,US,STATE,7,CASES
1958,28,HAWAII,HI,US,STATE,19,CASES
1958,29,HAWAII,HI,US,STATE,15,CASES
1958,30,HAWAII,HI,US,STATE,8,CASES
1958,31,HAWAII,HI,US,STATE,10,CASES
1958,32,HAWAII,HI,US,STATE,4,CASES
1958,33,HAWAII,HI,US,STATE,17,CASES
1958,34,HAWAII,HI,US,STATE,7,CASES
1958,35,HAWAII,HI,US,STATE,19,CASES
1958,36,HAWAII,HI,US,STATE,8,CASES
1958,37,HAWAII,HI,US,STATE,13,CASES
1958,38,HAWAII,HI,US,STATE,11,CASES
1958,39,HAWAII,HI,US,STATE,6,CASES
1958,40,HAWAII,HI,US,STATE,3,CASES
1958,41,HAWAII,HI,US,STATE,7,CASES
1958,42,HAWAII,HI,US,STATE,3,CASES
1958,43,HAWAII,HI,US,STATE,4,CASES
1958,44,HAWAII,HI,US,STATE,6,CASES
1958,45,HAWAII,HI,US,STATE,11,CASES
1958,46,HAWAII,HI,US,STATE,10,CASES
1958,47,HAWAII,HI,US,STATE,9,CASES
1958,48,HAWAII,HI,US,STATE,5,CASES
1958,49,HAWAII,HI,US,STATE,6,CASES
1958,50,HAWAII,HI,US,STATE,6,CASES
1958,52,HAWAII,HI,US,STATE,4,CASES
1959,1,HAWAII,HI,US,STATE,18,CASES
1959,2,HAWAII,HI,US,STATE,14,CASES
1959,3,HAWAII,HI,US,STATE,29,CASES
1959,4,HAWAII,HI,US,STATE,16,CASES
1959,5,HAWAII,HI,US,STATE,24,CASES
1959,6,HAWAII,HI,US,STATE,79,CASES
1959,7,HAWAII,HI,US,STATE,46,CASES
1959,8,HAWAII,HI,US,STATE,84,CASES
1959,9,HAWAII,HI,US,STATE,120,CASES
1959,10,HAWAII,HI,US,STATE,46,CASES
1959,11,HAWAII,HI,US,STATE,66,CASES
1959,12,HAWAII,HI,US,STATE,30,CASES
1959,13,HAWAII,HI,US,STATE,89,CASES
1959,14,HAWAII,HI,US,STATE,108,CASES
1959,15,HAWAII,HI,US,STATE,68,CASES
1959,17,HAWAII,HI,US,STATE,40,CASES
1959,18,HAWAII,HI,US,STATE,84,CASES
1959,19,HAWAII,HI,US,STATE,51,CASES
1959,20,HAWAII,HI,US,STATE,60,CASES
1959,21,HAWAII,HI,US,STATE,24,CASES
1959,22,HAWAII,HI,US,STATE,75,CASES
1959,23,HAWAII,HI,US,STATE,24,CASES
1959,24,HAWAII,HI,US,STATE,47,CASES
1959,25,HAWAII,HI,US,STATE,29,CASES
1959,27,HAWAII,HI,US,STATE,49,CASES
1959,28,HAWAII,HI,US,STATE,39,CASES
1959,29,HAWAII,HI,US,STATE,27,CASES
1959,30,HAWAII,HI,US,STATE,35,CASES
1959,31,HAWAII,HI,US,STATE,64,CASES
1959,33,HAWAII,HI,US,STATE,4,CASES
1959,36,HAWAII,HI,US,STATE,47,CASES
1959,37,HAWAII,HI,US,STATE,19,CASES
1959,38,HAWAII,HI,US,STATE,8,CASES
1959,39,HAWAII,HI,US,STATE,17,CASES
1959,40,HAWAII,HI,US,STATE,25,CASES
1959,41,HAWAII,HI,US,STATE,68,CASES
1959,42,HAWAII,HI,US,STATE,62,CASES
1959,43,HAWAII,HI,US,STATE,92,CASES
1959,44,HAWAII,HI,US,STATE,178,CASES
1959,45,HAWAII,HI,US,STATE,142,CASES
1959,46,HAWAII,HI,US,STATE,163,CASES
1959,47,HAWAII,HI,US,STATE,218,CASES
1959,48,HAWAII,HI,US,STATE,261,CASES
1959,49,HAWAII,HI,US,STATE,285,CASES
1959,50,HAWAII,HI,US,STATE,230,CASES
1959,51,HAWAII,HI,US,STATE,382,CASES
1960,1,HAWAII,HI,US,STATE,487,CASES
1960,2,HAWAII,HI,US,STATE,331,CASES
1960,3,HAWAII,HI,US,STATE,409,CASES
1960,4,HAWAII,HI,US,STATE,186,CASES
1960,5,HAWAII,HI,US,STATE,621,CASES
1960,6,HAWAII,HI,US,STATE,242,CASES
1960,7,HAWAII,HI,US,STATE,335,CASES
1960,8,HAWAII,HI,US,STATE,268,CASES
1960,9,HAWAII,HI,US,STATE,406,CASES
1960,10,HAWAII,HI,US,STATE,345,CASES
1960,11,HAWAII,HI,US,STATE,179,CASES
1960,12,HAWAII,HI,US,STATE,290,CASES
1960,13,HAWAII,HI,US,STATE,143,CASES
1960,14,HAWAII,HI,US,STATE,259,CASES
1960,15,HAWAII,HI,US,STATE,99,CASES
1960,16,HAWAII,HI,US,STATE,166,CASES
1960,17,HAWAII,HI,US,STATE,83,CASES
1960,18,HAWAII,HI,US,STATE,53,CASES
1960,19,HAWAII,HI,US,STATE,78,CASES
1960,20,HAWAII,HI,US,STATE,64,CASES
1960,21,HAWAII,HI,US,STATE,46,CASES
1960,22,HAWAII,HI,US,STATE,50,CASES
1960,23,HAWAII,HI,US,STATE,46,CASES
1960,24,HAWAII,HI,US,STATE,49,CASES
1960,25,HAWAII,HI,US,STATE,7,CASES
1960,26,HAWAII,HI,US,STATE,28,CASES
1960,27,HAWAII,HI,US,STATE,4,CASES
1960,28,HAWAII,HI,US,STATE,11,CASES
1960,29,HAWAII,HI,US,STATE,5,CASES
1960,30,HAWAII,HI,US,STATE,3,CASES
1960,31,HAWAII,HI,US,STATE,3,CASES
1960,32,HAWAII,HI,US,STATE,5,CASES
1960,33,HAWAII,HI,US,STATE,1,CASES
1960,35,HAWAII,HI,US,STATE,2,CASES
1960,37,HAWAII,HI,US,STATE,1,CASES
1960,38,HAWAII,HI,US,STATE,1,CASES
1960,41,HAWAII,HI,US,STATE,1,CASES
1960,42,HAWAII,HI,US,STATE,2,CASES
1960,43,HAWAII,HI,US,STATE,5,CASES
1960,44,HAWAII,HI,US,STATE,6,CASES
1960,46,HAWAII,HI,US,STATE,1,CASES
1960,47,HAWAII,HI,US,STATE,1,CASES
1961,3,HAWAII,HI,US,STATE,10,CASES
1961,4,HAWAII,HI,US,STATE,5,CASES
1961,5,HAWAII,HI,US,STATE,3,CASES
1961,6,HAWAII,HI,US,STATE,3,CASES
1961,7,HAWAII,HI,US,STATE,11,CASES
1961,8,HAWAII,HI,US,STATE,3,CASES
1961,9,HAWAII,HI,US,STATE,8,CASES
1961,11,HAWAII,HI,US,STATE,2,CASES
1961,13,HAWAII,HI,US,STATE,6,CASES
1961,14,HAWAII,HI,US,STATE,8,CASES
1961,16,HAWAII,HI,US,STATE,4,CASES
1961,17,HAWAII,HI,US,STATE,2,CASES
1961,18,HAWAII,HI,US,STATE,5,CASES
1961,19,HAWAII,HI,US,STATE,5,CASES
1961,20,HAWAII,HI,US,STATE,3,CASES
1961,21,HAWAII,HI,US,STATE,4,CASES
1961,22,HAWAII,HI,US,STATE,3,CASES
1961,24,HAWAII,HI,US,STATE,4,CASES
1961,25,HAWAII,HI,US,STATE,6,CASES
1961,26,HAWAII,HI,US,STATE,5,CASES
1961,27,HAWAII,HI,US,STATE,9,CASES
1961,29,HAWAII,HI,US,STATE,14,CASES
1961,30,HAWAII,HI,US,STATE,1,CASES
1961,31,HAWAII,HI,US,STATE,2,CASES
1961,32,HAWAII,HI,US,STATE,9,CASES
1961,33,HAWAII,HI,US,STATE,1,CASES
1961,34,HAWAII,HI,US,STATE,6,CASES
1961,35,HAWAII,HI,US,STATE,2,CASES
1961,36,HAWAII,HI,US,STATE,3,CASES
1961,37,HAWAII,HI,US,STATE,4,CASES
1961,39,HAWAII,HI,US,STATE,5,CASES
1961,40,HAWAII,HI,US,STATE,3,CASES
1961,41,HAWAII,HI,US,STATE,6,CASES
1961,42,HAWAII,HI,US,STATE,3,CASES
1961,43,HAWAII,HI,US,STATE,1,CASES
1961,44,HAWAII,HI,US,STATE,1,CASES
1961,45,HAWAII,HI,US,STATE,7,CASES
1961,46,HAWAII,HI,US,STATE,1,CASES
1961,47,HAWAII,HI,US,STATE,4,CASES
1961,48,HAWAII,HI,US,STATE,2,CASES
1961,49,HAWAII,HI,US,STATE,5,CASES
1961,52,HAWAII,HI,US,STATE,6,CASES
1962,1,HAWAII,HI,US,STATE,15,CASES
1962,2,HAWAII,HI,US,STATE,2,CASES
1962,3,HAWAII,HI,US,STATE,3,CASES
1962,4,HAWAII,HI,US,STATE,5,CASES
1962,5,HAWAII,HI,US,STATE,3,CASES
1962,6,HAWAII,HI,US,STATE,6,CASES
1962,7,HAWAII,HI,US,STATE,5,CASES
1962,8,HAWAII,HI,US,STATE,19,CASES
1962,9,HAWAII,HI,US,STATE,6,CASES
1962,10,HAWAII,HI,US,STATE,22,CASES
1962,11,HAWAII,HI,US,STATE,13,CASES
1962,13,HAWAII,HI,US,STATE,10,CASES
1962,14,HAWAII,HI,US,STATE,48,CASES
1962,15,HAWAII,HI,US,STATE,64,CASES
1962,16,HAWAII,HI,US,STATE,29,CASES
1962,17,HAWAII,HI,US,STATE,74,CASES
1962,18,HAWAII,HI,US,STATE,74,CASES
1962,19,HAWAII,HI,US,STATE,47,CASES
1962,20,HAWAII,HI,US,STATE,107,CASES
1962,21,HAWAII,HI,US,STATE,102,CASES
1962,22,HAWAII,HI,US,STATE,42,CASES
1962,24,HAWAII,HI,US,STATE,75,CASES
1962,25,HAWAII,HI,US,STATE,126,CASES
1962,26,HAWAII,HI,US,STATE,107,CASES
1962,27,HAWAII,HI,US,STATE,95,CASES
1962,28,HAWAII,HI,US,STATE,83,CASES
1962,29,HAWAII,HI,US,STATE,108,CASES
1962,30,HAWAII,HI,US,STATE,53,CASES
1962,31,HAWAII,HI,US,STATE,87,CASES
1962,32,HAWAII,HI,US,STATE,112,CASES
1962,33,HAWAII,HI,US,STATE,27,CASES
1962,34,HAWAII,HI,US,STATE,55,CASES
1962,35,HAWAII,HI,US,STATE,27,CASES
1962,36,HAWAII,HI,US,STATE,14,CASES
1962,37,HAWAII,HI,US,STATE,24,CASES
1962,38,HAWAII,HI,US,STATE,46,CASES
1962,39,HAWAII,HI,US,STATE,45,CASES
1962,40,HAWAII,HI,US,STATE,43,CASES
1962,41,HAWAII,HI,US,STATE,24,CASES
1962,42,HAWAII,HI,US,STATE,34,CASES
1962,43,HAWAII,HI,US,STATE,20,CASES
1962,44,HAWAII,HI,US,STATE,68,CASES
1962,45,HAWAII,HI,US,STATE,16,CASES
1962,46,HAWAII,HI,US,STATE,94,CASES
1962,47,HAWAII,HI,US,STATE,50,CASES
1962,48,HAWAII,HI,US,STATE,115,CASES
1962,49,HAWAII,HI,US,STATE,180,CASES
1962,50,HAWAII,HI,US,STATE,90,CASES
1962,51,HAWAII,HI,US,STATE,135,CASES
1963,1,HAWAII,HI,US,STATE,135,CASES
1963,3,HAWAII,HI,US,STATE,121,CASES
1963,4,HAWAII,HI,US,STATE,159,CASES
1963,5,HAWAII,HI,US,STATE,192,CASES
1963,6,HAWAII,HI,US,STATE,185,CASES
1963,7,HAWAII,HI,US,STATE,121,CASES
1963,8,HAWAII,HI,US,STATE,206,CASES
1963,10,HAWAII,HI,US,STATE,217,CASES
1963,11,HAWAII,HI,US,STATE,122,CASES
1963,13,HAWAII,HI,US,STATE,60,CASES
1963,14,HAWAII,HI,US,STATE,270,CASES
1963,15,HAWAII,HI,US,STATE,222,CASES
1963,16,HAWAII,HI,US,STATE,77,CASES
1963,17,HAWAII,HI,US,STATE,205,CASES
1963,19,HAWAII,HI,US,STATE,231,CASES
1963,20,HAWAII,HI,US,STATE,46,CASES
1963,21,HAWAII,HI,US,STATE,76,CASES
1963,22,HAWAII,HI,US,STATE,104,CASES
1963,23,HAWAII,HI,US,STATE,101,CASES
1963,24,HAWAII,HI,US,STATE,79,CASES
1963,25,HAWAII,HI,US,STATE,30,CASES
1963,26,HAWAII,HI,US,STATE,345,CASES
1963,27,HAWAII,HI,US,STATE,16,CASES
1963,28,HAWAII,HI,US,STATE,50,CASES
1963,29,HAWAII,HI,US,STATE,69,CASES
1963,30,HAWAII,HI,US,STATE,8,CASES
1963,31,HAWAII,HI,US,STATE,23,CASES
1963,32,HAWAII,HI,US,STATE,8,CASES
1963,33,HAWAII,HI,US,STATE,16,CASES
1963,34,HAWAII,HI,US,STATE,2,CASES
1963,35,HAWAII,HI,US,STATE,2,CASES
1963,36,HAWAII,HI,US,STATE,5,CASES
1963,37,HAWAII,HI,US,STATE,6,CASES
1963,38,HAWAII,HI,US,STATE,5,CASES
1963,39,HAWAII,HI,US,STATE,4,CASES
1963,40,HAWAII,HI,US,STATE,3,CASES
1963,42,HAWAII,HI,US,STATE,3,CASES
1963,43,HAWAII,HI,US,STATE,12,CASES
1963,45,HAWAII,HI,US,STATE,5,CASES
1963,46,HAWAII,HI,US,STATE,4,CASES
1963,48,HAWAII,HI,US,STATE,2,CASES
1963,49,HAWAII,HI,US,STATE,2,CASES
1963,50,HAWAII,HI,US,STATE,4,CASES
1963,51,HAWAII,HI,US,STATE,3,CASES
1963,52,HAWAII,HI,US,STATE,3,CASES
1964,1,HAWAII,HI,US,STATE,2,CASES
1964,2,HAWAII,HI,US,STATE,11,CASES
1964,3,HAWAII,HI,US,STATE,11,CASES
1964,4,HAWAII,HI,US,STATE,3,CASES
1964,5,HAWAII,HI,US,STATE,4,CASES
1964,6,HAWAII,HI,US,STATE,9,CASES
1964,7,HAWAII,HI,US,STATE,6,CASES
1964,9,HAWAII,HI,US,STATE,7,CASES
1964,10,HAWAII,HI,US,STATE,14,CASES
1964,11,HAWAII,HI,US,STATE,10,CASES
1964,12,HAWAII,HI,US,STATE,9,CASES
1964,13,HAWAII,HI,US,STATE,7,CASES
1964,14,HAWAII,HI,US,STATE,23,CASES
1964,15,HAWAII,HI,US,STATE,4,CASES
1964,16,HAWAII,HI,US,STATE,36,CASES
1964,17,HAWAII,HI,US,STATE,14,CASES
1964,19,HAWAII,HI,US,STATE,18,CASES
1964,20,HAWAII,HI,US,STATE,27,CASES
1964,21,HAWAII,HI,US,STATE,34,CASES
1964,22,HAWAII,HI,US,STATE,16,CASES
1964,23,HAWAII,HI,US,STATE,11,CASES
1964,24,HAWAII,HI,US,STATE,27,CASES
1964,25,HAWAII,HI,US,STATE,16,CASES
1964,26,HAWAII,HI,US,STATE,27,CASES
1964,28,HAWAII,HI,US,STATE,14,CASES
1964,29,HAWAII,HI,US,STATE,18,CASES
1964,30,HAWAII,HI,US,STATE,17,CASES
1964,31,HAWAII,HI,US,STATE,18,CASES
1964,32,HAWAII,HI,US,STATE,14,CASES
1964,33,HAWAII,HI,US,STATE,9,CASES
1964,34,HAWAII,HI,US,STATE,9,CASES
1964,35,HAWAII,HI,US,STATE,17,CASES
1964,36,HAWAII,HI,US,STATE,19,CASES
1964,37,HAWAII,HI,US,STATE,5,CASES
1964,38,HAWAII,HI,US,STATE,8,CASES
1964,39,HAWAII,HI,US,STATE,10,CASES
1964,40,HAWAII,HI,US,STATE,31,CASES
1964,41,HAWAII,HI,US,STATE,17,CASES
1964,42,HAWAII,HI,US,STATE,16,CASES
1964,43,HAWAII,HI,US,STATE,12,CASES
1964,44,HAWAII,HI,US,STATE,31,CASES
1964,46,HAWAII,HI,US,STATE,48,CASES
1964,47,HAWAII,HI,US,STATE,10,CASES
1964,48,HAWAII,HI,US,STATE,43,CASES
1964,49,HAWAII,HI,US,STATE,55,CASES
1964,50,HAWAII,HI,US,STATE,25,CASES
1964,51,HAWAII,HI,US,STATE,54,CASES
1964,52,HAWAII,HI,US,STATE,16,CASES
1965,1,HAWAII,HI,US,STATE,41,CASES
1965,2,HAWAII,HI,US,STATE,49,CASES
1965,3,HAWAII,HI,US,STATE,63,CASES
1965,4,HAWAII,HI,US,STATE,89,CASES
1965,5,HAWAII,HI,US,STATE,66,CASES
1965,6,HAWAII,HI,US,STATE,91,CASES
1965,7,HAWAII,HI,US,STATE,19,CASES
1965,8,HAWAII,HI,US,STATE,121,CASES
1965,9,HAWAII,HI,US,STATE,90,CASES
1965,10,HAWAII,HI,US,STATE,95,CASES
1965,11,HAWAII,HI,US,STATE,133,CASES
1965,12,HAWAII,HI,US,STATE,124,CASES
1965,13,HAWAII,HI,US,STATE,237,CASES
1965,14,HAWAII,HI,US,STATE,225,CASES
1965,15,HAWAII,HI,US,STATE,172,CASES
1965,16,HAWAII,HI,US,STATE,238,CASES
1965,17,HAWAII,HI,US,STATE,186,CASES
1965,18,HAWAII,HI,US,STATE,290,CASES
1965,19,HAWAII,HI,US,STATE,162,CASES
1965,20,HAWAII,HI,US,STATE,145,CASES
1965,21,HAWAII,HI,US,STATE,51,CASES
1965,22,HAWAII,HI,US,STATE,193,CASES
1965,23,HAWAII,HI,US,STATE,131,CASES
1965,24,HAWAII,HI,US,STATE,268,CASES
1965,25,HAWAII,HI,US,STATE,138,CASES
1965,26,HAWAII,HI,US,STATE,64,CASES
1965,27,HAWAII,HI,US,STATE,43,CASES
1965,28,HAWAII,HI,US,STATE,30,CASES
1965,29,HAWAII,HI,US,STATE,108,CASES
1965,30,HAWAII,HI,US,STATE,14,CASES
1965,31,HAWAII,HI,US,STATE,38,CASES
1965,32,HAWAII,HI,US,STATE,7,CASES
1965,33,HAWAII,HI,US,STATE,7,CASES
1965,34,HAWAII,HI,US,STATE,38,CASES
1965,35,HAWAII,HI,US,STATE,11,CASES
1965,36,HAWAII,HI,US,STATE,6,CASES
1965,37,HAWAII,HI,US,STATE,17,CASES
1965,38,HAWAII,HI,US,STATE,12,CASES
1965,39,HAWAII,HI,US,STATE,2,CASES
1965,40,HAWAII,HI,US,STATE,64,CASES
1965,41,HAWAII,HI,US,STATE,2,CASES
1965,42,HAWAII,HI,US,STATE,16,CASES
1965,43,HAWAII,HI,US,STATE,32,CASES
1965,44,HAWAII,HI,US,STATE,56,CASES
1965,45,HAWAII,HI,US,STATE,11,CASES
1965,46,HAWAII,HI,US,STATE,4,CASES
1965,47,HAWAII,HI,US,STATE,46,CASES
1965,48,HAWAII,HI,US,STATE,4,CASES
1965,49,HAWAII,HI,US,STATE,3,CASES
1965,51,HAWAII,HI,US,STATE,2,CASES
1966,1,HAWAII,HI,US,STATE,2,CASES
1966,2,HAWAII,HI,US,STATE,5,CASES
1966,3,HAWAII,HI,US,STATE,8,CASES
1966,4,HAWAII,HI,US,STATE,3,CASES
1966,5,HAWAII,HI,US,STATE,2,CASES
1966,6,HAWAII,HI,US,STATE,5,CASES
1966,7,HAWAII,HI,US,STATE,4,CASES
1966,9,HAWAII,HI,US,STATE,2,CASES
1966,10,HAWAII,HI,US,STATE,4,CASES
1966,11,HAWAII,HI,US,STATE,5,CASES
1966,12,HAWAII,HI,US,STATE,5,CASES
1966,13,HAWAII,HI,US,STATE,9,CASES
1966,15,HAWAII,HI,US,STATE,2,CASES
1966,16,HAWAII,HI,US,STATE,8,CASES
1966,17,HAWAII,HI,US,STATE,6,CASES
1966,18,HAWAII,HI,US,STATE,1,CASES
1966,19,HAWAII,HI,US,STATE,8,CASES
1966,20,HAWAII,HI,US,STATE,1,CASES
1966,21,HAWAII,HI,US,STATE,3,CASES
1966,24,HAWAII,HI,US,STATE,1,CASES
1966,25,HAWAII,HI,US,STATE,4,CASES
1966,26,HAWAII,HI,US,STATE,3,CASES
1966,27,HAWAII,HI,US,STATE,4,CASES
1966,28,HAWAII,HI,US,STATE,8,CASES
1966,30,HAWAII,HI,US,STATE,2,CASES
1966,31,HAWAII,HI,US,STATE,2,CASES
1966,33,HAWAII,HI,US,STATE,5,CASES
1966,34,HAWAII,HI,US,STATE,2,CASES
1966,35,HAWAII,HI,US,STATE,1,CASES
1966,36,HAWAII,HI,US,STATE,3,CASES
1966,37,HAWAII,HI,US,STATE,1,CASES
1966,38,HAWAII,HI,US,STATE,1,CASES
1966,39,HAWAII,HI,US,STATE,2,CASES
1966,40,HAWAII,HI,US,STATE,2,CASES
1966,42,HAWAII,HI,US,STATE,2,CASES
1966,43,HAWAII,HI,US,STATE,2,CASES
1966,44,HAWAII,HI,US,STATE,3,CASES
1966,46,HAWAII,HI,US,STATE,5,CASES
1966,47,HAWAII,HI,US,STATE,4,CASES
1966,48,HAWAII,HI,US,STATE,4,CASES
1967,2,HAWAII,HI,US,STATE,4,CASES
1967,3,HAWAII,HI,US,STATE,16,CASES
1967,4,HAWAII,HI,US,STATE,8,CASES
1967,5,HAWAII,HI,US,STATE,4,CASES
1967,6,HAWAII,HI,US,STATE,7,CASES
1967,7,HAWAII,HI,US,STATE,1,CASES
1967,8,HAWAII,HI,US,STATE,4,CASES
1967,9,HAWAII,HI,US,STATE,15,CASES
1967,10,HAWAII,HI,US,STATE,1,CASES
1967,13,HAWAII,HI,US,STATE,2,CASES
1967,14,HAWAII,HI,US,STATE,5,CASES
1967,15,HAWAII,HI,US,STATE,2,CASES
1967,16,HAWAII,HI,US,STATE,7,CASES
1967,17,HAWAII,HI,US,STATE,3,CASES
1967,19,HAWAII,HI,US,STATE,7,CASES
1967,20,HAWAII,HI,US,STATE,5,CASES
1967,21,HAWAII,HI,US,STATE,4,CASES
1967,22,HAWAII,HI,US,STATE,3,CASES
1967,23,HAWAII,HI,US,STATE,7,CASES
1967,24,HAWAII,HI,US,STATE,5,CASES
1967,25,HAWAII,HI,US,STATE,10,CASES
1967,27,HAWAII,HI,US,STATE,8,CASES
1967,28,HAWAII,HI,US,STATE,9,CASES
1967,29,HAWAII,HI,US,STATE,5,CASES
1967,30,HAWAII,HI,US,STATE,3,CASES
1967,31,HAWAII,HI,US,STATE,7,CASES
1967,35,HAWAII,HI,US,STATE,1,CASES
1967,36,HAWAII,HI,US,STATE,5,CASES
1967,37,HAWAII,HI,US,STATE,3,CASES
1967,39,HAWAII,HI,US,STATE,1,CASES
1967,40,HAWAII,HI,US,STATE,1,CASES
1967,41,HAWAII,HI,US,STATE,2,CASES
1967,42,HAWAII,HI,US,STATE,3,CASES
1967,44,HAWAII,HI,US,STATE,2,CASES
1967,45,HAWAII,HI,US,STATE,1,CASES
1967,46,HAWAII,HI,US,STATE,1,CASES
1968,1,HAWAII,HI,US,STATE,3,CASES
1968,2,HAWAII,HI,US,STATE,8,CASES
1968,3,HAWAII,HI,US,STATE,1,CASES
1968,4,HAWAII,HI,US,STATE,2,CASES
1968,6,HAWAII,HI,US,STATE,5,CASES
1968,7,HAWAII,HI,US,STATE,1,CASES
1968,10,HAWAII,HI,US,STATE,1,CASES
1968,11,HAWAII,HI,US,STATE,2,CASES
1968,13,HAWAII,HI,US,STATE,2,CASES
1968,14,HAWAII,HI,US,STATE,4,CASES
1968,16,HAWAII,HI,US,STATE,1,CASES
1968,17,HAWAII,HI,US,STATE,5,CASES
1968,22,HAWAII,HI,US,STATE,1,CASES
1968,29,HAWAII,HI,US,STATE,1,CASES
1969,8,HAWAII,HI,US,STATE,1,CASES
1969,10,HAWAII,HI,US,STATE,1,CASES
1969,14,HAWAII,HI,US,STATE,1,CASES
1969,15,HAWAII,HI,US,STATE,3,CASES
1969,18,HAWAII,HI,US,STATE,1,CASES
1969,20,HAWAII,HI,US,STATE,6,CASES
1969,21,HAWAII,HI,US,STATE,7,CASES
1969,23,HAWAII,HI,US,STATE,1,CASES
1969,25,HAWAII,HI,US,STATE,1,CASES
1969,26,HAWAII,HI,US,STATE,2,CASES
1969,28,HAWAII,HI,US,STATE,4,CASES
1969,30,HAWAII,HI,US,STATE,2,CASES
1969,31,HAWAII,HI,US,STATE,6,CASES
1969,34,HAWAII,HI,US,STATE,2,CASES
1969,35,HAWAII,HI,US,STATE,1,CASES
1969,37,HAWAII,HI,US,STATE,1,CASES
1969,39,HAWAII,HI,US,STATE,1,CASES
1969,40,HAWAII,HI,US,STATE,1,CASES
1969,42,HAWAII,HI,US,STATE,1,CASES
1969,43,HAWAII,HI,US,STATE,1,CASES
1969,44,HAWAII,HI,US,STATE,1,CASES
1969,45,HAWAII,HI,US,STATE,1,CASES
1969,49,HAWAII,HI,US,STATE,1,CASES
1969,50,HAWAII,HI,US,STATE,6,CASES
1970,1,HAWAII,HI,US,STATE,1,CASES
1970,3,HAWAII,HI,US,STATE,1,CASES
1970,4,HAWAII,HI,US,STATE,6,CASES
1970,5,HAWAII,HI,US,STATE,3,CASES
1970,7,HAWAII,HI,US,STATE,2,CASES
1970,8,HAWAII,HI,US,STATE,7,CASES
1970,9,HAWAII,HI,US,STATE,1,CASES
1970,10,HAWAII,HI,US,STATE,4,CASES
1970,11,HAWAII,HI,US,STATE,13,CASES
1970,12,HAWAII,HI,US,STATE,3,CASES
1970,13,HAWAII,HI,US,STATE,3,CASES
1970,14,HAWAII,HI,US,STATE,1,CASES
1970,16,HAWAII,HI,US,STATE,1,CASES
1970,17,HAWAII,HI,US,STATE,3,CASES
1970,19,HAWAII,HI,US,STATE,2,CASES
1970,20,HAWAII,HI,US,STATE,15,CASES
1970,22,HAWAII,HI,US,STATE,5,CASES
1970,23,HAWAII,HI,US,STATE,22,CASES
1970,24,HAWAII,HI,US,STATE,31,CASES
1970,25,HAWAII,HI,US,STATE,4,CASES
1970,26,HAWAII,HI,US,STATE,28,CASES
1970,27,HAWAII,HI,US,STATE,6,CASES
1970,28,HAWAII,HI,US,STATE,3,CASES
1970,29,HAWAII,HI,US,STATE,11,CASES
1970,31,HAWAII,HI,US,STATE,5,CASES
1970,32,HAWAII,HI,US,STATE,1,CASES
1970,35,HAWAII,HI,US,STATE,1,CASES
1970,37,HAWAII,HI,US,STATE,1,CASES
1970,38,HAWAII,HI,US,STATE,1,CASES
1970,39,HAWAII,HI,US,STATE,1,CASES
1970,40,HAWAII,HI,US,STATE,1,CASES
1970,42,HAWAII,HI,US,STATE,2,CASES
1970,49,HAWAII,HI,US,STATE,1,CASES
1970,50,HAWAII,HI,US,STATE,2,CASES
1971,1,HAWAII,HI,US,STATE,6,CASES
1971,3,HAWAII,HI,US,STATE,1,CASES
1971,4,HAWAII,HI,US,STATE,1,CASES
1971,5,HAWAII,HI,US,STATE,6,CASES
1971,7,HAWAII,HI,US,STATE,1,CASES
1971,10,HAWAII,HI,US,STATE,1,CASES
1971,11,HAWAII,HI,US,STATE,3,CASES
1971,13,HAWAII,HI,US,STATE,14,CASES
1971,14,HAWAII,HI,US,STATE,1,CASES
1971,15,HAWAII,HI,US,STATE,7,CASES
1971,16,HAWAII,HI,US,STATE,8,CASES
1971,17,HAWAII,HI,US,STATE,11,CASES
1971,18,HAWAII,HI,US,STATE,12,CASES
1971,19,HAWAII,HI,US,STATE,14,CASES
1971,20,HAWAII,HI,US,STATE,24,CASES
1971,22,HAWAII,HI,US,STATE,14,CASES
1971,23,HAWAII,HI,US,STATE,32,CASES
1971,24,HAWAII,HI,US,STATE,17,CASES
1971,25,HAWAII,HI,US,STATE,28,CASES
1971,26,HAWAII,HI,US,STATE,15,CASES
1971,27,HAWAII,HI,US,STATE,21,CASES
1971,28,HAWAII,HI,US,STATE,15,CASES
1971,29,HAWAII,HI,US,STATE,18,CASES
1971,30,HAWAII,HI,US,STATE,6,CASES
1971,31,HAWAII,HI,US,STATE,22,CASES
1971,32,HAWAII,HI,US,STATE,11,CASES
1971,33,HAWAII,HI,US,STATE,15,CASES
1971,34,HAWAII,HI,US,STATE,5,CASES
1971,35,HAWAII,HI,US,STATE,3,CASES
1971,36,HAWAII,HI,US,STATE,6,CASES
1971,37,HAWAII,HI,US,STATE,2,CASES
1971,38,HAWAII,HI,US,STATE,1,CASES
1971,39,HAWAII,HI,US,STATE,11,CASES
1971,40,HAWAII,HI,US,STATE,7,CASES
1971,41,HAWAII,HI,US,STATE,15,CASES
1971,42,HAWAII,HI,US,STATE,22,CASES
1971,43,HAWAII,HI,US,STATE,9,CASES
1971,44,HAWAII,HI,US,STATE,10,CASES
1971,45,HAWAII,HI,US,STATE,23,CASES
1971,46,HAWAII,HI,US,STATE,18,CASES
1971,47,HAWAII,HI,US,STATE,11,CASES
1971,48,HAWAII,HI,US,STATE,2,CASES
1971,49,HAWAII,HI,US,STATE,10,CASES
1971,50,HAWAII,HI,US,STATE,5,CASES
1971,51,HAWAII,HI,US,STATE,4,CASES
1972,3,HAWAII,HI,US,STATE,4,CASES
1972,4,HAWAII,HI,US,STATE,2,CASES
1972,5,HAWAII,HI,US,STATE,2,CASES
1972,6,HAWAII,HI,US,STATE,1,CASES
1972,7,HAWAII,HI,US,STATE,2,CASES
1972,8,HAWAII,HI,US,STATE,10,CASES
1972,9,HAWAII,HI,US,STATE,7,CASES
1972,10,HAWAII,HI,US,STATE,5,CASES
1972,11,HAWAII,HI,US,STATE,5,CASES
1972,12,HAWAII,HI,US,STATE,2,CASES
1972,13,HAWAII,HI,US,STATE,2,CASES
1972,14,HAWAII,HI,US,STATE,7,CASES
1972,15,HAWAII,HI,US,STATE,13,CASES
1972,16,HAWAII,HI,US,STATE,5,CASES
1972,17,HAWAII,HI,US,STATE,3,CASES
1972,18,HAWAII,HI,US,STATE,2,CASES
1972,20,HAWAII,HI,US,STATE,6,CASES
1972,21,HAWAII,HI,US,STATE,3,CASES
1972,22,HAWAII,HI,US,STATE,2,CASES
1972,23,HAWAII,HI,US,STATE,3,CASES
1972,25,HAWAII,HI,US,STATE,1,CASES
1972,27,HAWAII,HI,US,STATE,2,CASES
1972,29,HAWAII,HI,US,STATE,3,CASES
1972,30,HAWAII,HI,US,STATE,1,CASES
1972,35,HAWAII,HI,US,STATE,1,CASES
1972,37,HAWAII,HI,US,STATE,1,CASES
1972,38,HAWAII,HI,US,STATE,1,CASES
1973,1,HAWAII,HI,US,STATE,2,CASES
1973,6,HAWAII,HI,US,STATE,1,CASES
1973,7,HAWAII,HI,US,STATE,1,CASES
1973,10,HAWAII,HI,US,STATE,1,CASES
1973,14,HAWAII,HI,US,STATE,1,CASES
1973,15,HAWAII,HI,US,STATE,1,CASES
1973,18,HAWAII,HI,US,STATE,1,CASES
1973,19,HAWAII,HI,US,STATE,1,CASES
1973,20,HAWAII,HI,US,STATE,1,CASES
1973,21,HAWAII,HI,US,STATE,1,CASES
1973,23,HAWAII,HI,US,STATE,1,CASES
1973,25,HAWAII,HI,US,STATE,1,CASES
1973,26,HAWAII,HI,US,STATE,1,CASES
1973,29,HAWAII,HI,US,STATE,2,CASES
1973,32,HAWAII,HI,US,STATE,1,CASES
1973,44,HAWAII,HI,US,STATE,1,CASES
1974,7,HAWAII,HI,US,STATE,1,CASES
1974,11,HAWAII,HI,US,STATE,2,CASES
1974,14,HAWAII,HI,US,STATE,6,CASES
1974,15,HAWAII,HI,US,STATE,8,CASES
1974,16,HAWAII,HI,US,STATE,4,CASES
1974,17,HAWAII,HI,US,STATE,26,CASES
1974,18,HAWAII,HI,US,STATE,4,CASES
1974,20,HAWAII,HI,US,STATE,1,CASES
1974,21,HAWAII,HI,US,STATE,1,CASES
1974,22,HAWAII,HI,US,STATE,1,CASES
1974,29,HAWAII,HI,US,STATE,3,CASES
1974,33,HAWAII,HI,US,STATE,1,CASES
1974,36,HAWAII,HI,US,STATE,2,CASES
1974,37,HAWAII,HI,US,STATE,2,CASES
1975,14,HAWAII,HI,US,STATE,34,CASES
1975,16,HAWAII,HI,US,STATE,5,CASES
1975,17,HAWAII,HI,US,STATE,4,CASES
1975,18,HAWAII,HI,US,STATE,1,CASES
1975,19,HAWAII,HI,US,STATE,2,CASES
1975,22,HAWAII,HI,US,STATE,2,CASES
1975,23,HAWAII,HI,US,STATE,1,CASES
1975,24,HAWAII,HI,US,STATE,1,CASES
1975,25,HAWAII,HI,US,STATE,2,CASES
1975,26,HAWAII,HI,US,STATE,3,CASES
1975,27,HAWAII,HI,US,STATE,3,CASES
1975,28,HAWAII,HI,US,STATE,1,CASES
1975,29,HAWAII,HI,US,STATE,2,CASES
1975,30,HAWAII,HI,US,STATE,1,CASES
1975,31,HAWAII,HI,US,STATE,1,CASES
1975,33,HAWAII,HI,US,STATE,1,CASES
1975,47,HAWAII,HI,US,STATE,1,CASES
1976,2,HAWAII,HI,US,STATE,2,CASES
1976,27,HAWAII,HI,US,STATE,1,CASES
1976,48,HAWAII,HI,US,STATE,3,CASES
1977,12,HAWAII,HI,US,STATE,1,CASES
1977,14,HAWAII,HI,US,STATE,5,CASES
1977,17,HAWAII,HI,US,STATE,2,CASES
1977,18,HAWAII,HI,US,STATE,3,CASES
1977,19,HAWAII,HI,US,STATE,1,CASES
1977,20,HAWAII,HI,US,STATE,7,CASES
1977,22,HAWAII,HI,US,STATE,3,CASES
1977,23,HAWAII,HI,US,STATE,12,CASES
1977,32,HAWAII,HI,US,STATE,1,CASES
1977,48,HAWAII,HI,US,STATE,1,CASES
1977,51,HAWAII,HI,US,STATE,3,CASES
1977,52,HAWAII,HI,US,STATE,5,CASES
1978,4,HAWAII,HI,US,STATE,4,CASES
1978,6,HAWAII,HI,US,STATE,1,CASES
1978,19,HAWAII,HI,US,STATE,2,CASES
1978,26,HAWAII,HI,US,STATE,1,CASES
1978,29,HAWAII,HI,US,STATE,1,CASES
1978,30,HAWAII,HI,US,STATE,2,CASES
1978,31,HAWAII,HI,US,STATE,1,CASES
1978,32,HAWAII,HI,US,STATE,1,CASES
1978,40,HAWAII,HI,US,STATE,3,CASES
1979,5,HAWAII,HI,US,STATE,3,CASES
1979,6,HAWAII,HI,US,STATE,4,CASES
1979,7,HAWAII,HI,US,STATE,1,CASES
1979,8,HAWAII,HI,US,STATE,21,CASES
1979,9,HAWAII,HI,US,STATE,3,CASES
1979,10,HAWAII,HI,US,STATE,2,CASES
1979,11,HAWAII,HI,US,STATE,5,CASES
1979,12,HAWAII,HI,US,STATE,7,CASES
1979,13,HAWAII,HI,US,STATE,3,CASES
1979,14,HAWAII,HI,US,STATE,2,CASES
1979,15,HAWAII,HI,US,STATE,2,CASES
1979,16,HAWAII,HI,US,STATE,1,CASES
1979,17,HAWAII,HI,US,STATE,1,CASES
1979,19,HAWAII,HI,US,STATE,5,CASES
1979,20,HAWAII,HI,US,STATE,2,CASES
1979,21,HAWAII,HI,US,STATE,2,CASES
1979,22,HAWAII,HI,US,STATE,1,CASES
1979,25,HAWAII,HI,US,STATE,1,CASES
1979,26,HAWAII,HI,US,STATE,1,CASES
1979,27,HAWAII,HI,US,STATE,1,CASES
1979,29,HAWAII,HI,US,STATE,1,CASES
1979,35,HAWAII,HI,US,STATE,1,CASES
1979,38,HAWAII,HI,US,STATE,1,CASES
1979,41,HAWAII,HI,US,STATE,1,CASES
1979,42,HAWAII,HI,US,STATE,1,CASES
1979,44,HAWAII,HI,US,STATE,1,CASES
1979,52,HAWAII,HI,US,STATE,3,CASES
1980,1,HAWAII,HI,US,STATE,2,CASES
1980,9,HAWAII,HI,US,STATE,1,CASES
1980,21,HAWAII,HI,US,STATE,2,CASES
1980,32,HAWAII,HI,US,STATE,1,CASES
1980,40,HAWAII,HI,US,STATE,1,CASES
1980,50,HAWAII,HI,US,STATE,1,CASES
1981,1,HAWAII,HI,US,STATE,1,CASES
1981,17,HAWAII,HI,US,STATE,2,CASES
1981,36,HAWAII,HI,US,STATE,2,CASES
1981,37,HAWAII,HI,US,STATE,3,CASES
1982,1,HAWAII,HI,US,STATE,1,CASES
1982,13,HAWAII,HI,US,STATE,1,CASES
1982,22,HAWAII,HI,US,STATE,1,CASES
1982,31,HAWAII,HI,US,STATE,1,CASES
1982,37,HAWAII,HI,US,STATE,1,CASES
