year,week,loc,state,country,loc_type,number,event
1972,1,KENTUCKY,KY,US,STATE,33,CASES
1972,3,KENTUCKY,KY,US,STATE,38,CASES
1972,4,KENTUCKY,KY,US,STATE,63,CASES
1972,5,KENTUCKY,KY,US,STATE,195,CASES
1972,6,KENTUCKY,KY,US,STATE,175,CASES
1972,7,KENTUCKY,KY,US,STATE,97,CASES
1972,8,KENTUCKY,KY,US,STATE,101,CASES
1972,9,KENTUCKY,KY,US,STATE,190,CASES
1972,10,KENTUCKY,KY,US,STATE,74,CASES
1972,11,KENTUCKY,KY,US,STATE,127,CASES
1972,12,KENTUCKY,KY,US,STATE,159,CASES
1972,13,KENTUCKY,KY,US,STATE,193,CASES
1972,14,KENTUCKY,KY,US,STATE,89,CASES
1972,16,KENTUCKY,KY,US,STATE,190,CASES
1972,17,KENTUCKY,KY,US,STATE,107,CASES
1972,18,KENTUCKY,KY,US,STATE,218,CASES
1972,19,KENTUCKY,KY,US,STATE,70,CASES
1972,20,KENTUCKY,KY,US,STATE,64,CASES
1972,21,KENTUCKY,KY,US,STATE,94,CASES
1972,23,KENTUCKY,KY,US,STATE,75,CASES
1972,24,KENTUCKY,KY,US,STATE,47,CASES
1972,25,KENTUCKY,KY,US,STATE,64,CASES
1972,26,KENTUCKY,KY,US,STATE,28,CASES
1972,27,KENTUCKY,KY,US,STATE,12,CASES
1972,28,KENTUCKY,KY,US,STATE,28,CASES
1972,29,KENTUCKY,KY,US,STATE,39,CASES
1972,30,KENTUCKY,KY,US,STATE,13,CASES
1972,32,KENTUCKY,KY,US,STATE,56,CASES
1972,33,KENTUCKY,KY,US,STATE,10,CASES
1972,36,KENTUCKY,KY,US,STATE,5,CASES
1972,37,KENTUCKY,KY,US,STATE,2,CASES
1972,39,KENTUCKY,KY,US,STATE,6,CASES
1972,40,KENTUCKY,KY,US,STATE,2,CASES
1972,41,KENTUCKY,KY,US,STATE,8,CASES
1972,42,KENTUCKY,KY,US,STATE,15,CASES
1972,43,KENTUCKY,KY,US,STATE,15,CASES
1972,44,KENTUCKY,KY,US,STATE,14,CASES
1972,45,KENTUCKY,KY,US,STATE,93,CASES
1972,46,KENTUCKY,KY,US,STATE,8,CASES
1972,47,KENTUCKY,KY,US,STATE,21,CASES
1972,48,KENTUCKY,KY,US,STATE,1,CASES
1972,49,KENTUCKY,KY,US,STATE,87,CASES
1972,50,KENTUCKY,KY,US,STATE,80,CASES
1972,51,KENTUCKY,KY,US,STATE,65,CASES
1973,1,KENTUCKY,KY,US,STATE,102,CASES
1973,3,KENTUCKY,KY,US,STATE,159,CASES
1973,4,KENTUCKY,KY,US,STATE,163,CASES
1973,5,KENTUCKY,KY,US,STATE,148,CASES
1973,6,KENTUCKY,KY,US,STATE,508,CASES
1973,7,KENTUCKY,KY,US,STATE,232,CASES
1973,8,KENTUCKY,KY,US,STATE,143,CASES
1973,9,KENTUCKY,KY,US,STATE,132,CASES
1973,10,KENTUCKY,KY,US,STATE,355,CASES
1973,11,KENTUCKY,KY,US,STATE,202,CASES
1973,12,KENTUCKY,KY,US,STATE,169,CASES
1973,13,KENTUCKY,KY,US,STATE,71,CASES
1973,14,KENTUCKY,KY,US,STATE,69,CASES
1973,15,KENTUCKY,KY,US,STATE,54,CASES
1973,16,KENTUCKY,KY,US,STATE,114,CASES
1973,17,KENTUCKY,KY,US,STATE,26,CASES
1973,18,KENTUCKY,KY,US,STATE,42,CASES
1973,19,KENTUCKY,KY,US,STATE,110,CASES
1973,20,KENTUCKY,KY,US,STATE,40,CASES
1973,21,KENTUCKY,KY,US,STATE,172,CASES
1973,22,KENTUCKY,KY,US,STATE,48,CASES
1973,23,KENTUCKY,KY,US,STATE,64,CASES
1973,24,KENTUCKY,KY,US,STATE,67,CASES
1973,25,KENTUCKY,KY,US,STATE,72,CASES
1973,26,KENTUCKY,KY,US,STATE,14,CASES
1973,27,KENTUCKY,KY,US,STATE,17,CASES
1973,28,KENTUCKY,KY,US,STATE,7,CASES
1973,29,KENTUCKY,KY,US,STATE,3,CASES
1973,30,KENTUCKY,KY,US,STATE,1,CASES
1973,31,KENTUCKY,KY,US,STATE,9,CASES
1973,32,KENTUCKY,KY,US,STATE,11,CASES
1973,33,KENTUCKY,KY,US,STATE,8,CASES
1973,35,KENTUCKY,KY,US,STATE,6,CASES
1973,36,KENTUCKY,KY,US,STATE,5,CASES
1973,37,KENTUCKY,KY,US,STATE,2,CASES
1973,38,KENTUCKY,KY,US,STATE,2,CASES
1973,39,KENTUCKY,KY,US,STATE,1,CASES
1973,40,KENTUCKY,KY,US,STATE,2,CASES
1973,41,KENTUCKY,KY,US,STATE,9,CASES
1973,42,KENTUCKY,KY,US,STATE,2,CASES
1973,43,KENTUCKY,KY,US,STATE,11,CASES
1973,44,KENTUCKY,KY,US,STATE,3,CASES
1973,45,KENTUCKY,KY,US,STATE,8,CASES
1973,46,KENTUCKY,KY,US,STATE,12,CASES
1973,47,KENTUCKY,KY,US,STATE,19,CASES
1973,48,KENTUCKY,KY,US,STATE,10,CASES
1973,49,KENTUCKY,KY,US,STATE,50,CASES
1973,50,KENTUCKY,KY,US,STATE,61,CASES
1973,51,KENTUCKY,KY,US,STATE,53,CASES
1973,52,KENTUCKY,KY,US,STATE,6,CASES
1974,1,KENTUCKY,KY,US,STATE,43,CASES
1974,2,KENTUCKY,KY,US,STATE,13,CASES
1974,3,KENTUCKY,KY,US,STATE,72,CASES
1974,4,KENTUCKY,KY,US,STATE,131,CASES
1974,5,KENTUCKY,KY,US,STATE,64,CASES
1974,6,KENTUCKY,KY,US,STATE,100,CASES
1974,7,KENTUCKY,KY,US,STATE,113,CASES
1974,8,KENTUCKY,KY,US,STATE,19,CASES
1974,9,KENTUCKY,KY,US,STATE,44,CASES
1974,10,KENTUCKY,KY,US,STATE,101,CASES
1974,11,KENTUCKY,KY,US,STATE,115,CASES
1974,12,KENTUCKY,KY,US,STATE,36,CASES
1974,13,KENTUCKY,KY,US,STATE,59,CASES
1974,14,KENTUCKY,KY,US,STATE,95,CASES
1974,15,KENTUCKY,KY,US,STATE,74,CASES
1974,16,KENTUCKY,KY,US,STATE,7,CASES
1974,17,KENTUCKY,KY,US,STATE,24,CASES
1974,18,KENTUCKY,KY,US,STATE,72,CASES
1974,19,KENTUCKY,KY,US,STATE,51,CASES
1974,20,KENTUCKY,KY,US,STATE,163,CASES
1974,21,KENTUCKY,KY,US,STATE,62,CASES
1974,22,KENTUCKY,KY,US,STATE,13,CASES
1974,23,KENTUCKY,KY,US,STATE,115,CASES
1974,24,KENTUCKY,KY,US,STATE,28,CASES
1974,25,KENTUCKY,KY,US,STATE,3,CASES
1974,26,KENTUCKY,KY,US,STATE,38,CASES
1974,27,KENTUCKY,KY,US,STATE,37,CASES
1974,28,KENTUCKY,KY,US,STATE,55,CASES
1974,29,KENTUCKY,KY,US,STATE,7,CASES
1974,30,KENTUCKY,KY,US,STATE,2,CASES
1974,31,KENTUCKY,KY,US,STATE,6,CASES
1974,32,KENTUCKY,KY,US,STATE,15,CASES
1974,33,KENTUCKY,KY,US,STATE,2,CASES
1974,34,KENTUCKY,KY,US,STATE,8,CASES
1974,35,KENTUCKY,KY,US,STATE,5,CASES
1974,36,KENTUCKY,KY,US,STATE,6,CASES
1974,37,KENTUCKY,KY,US,STATE,4,CASES
1974,39,KENTUCKY,KY,US,STATE,3,CASES
1974,40,KENTUCKY,KY,US,STATE,2,CASES
1974,41,KENTUCKY,KY,US,STATE,4,CASES
1974,42,KENTUCKY,KY,US,STATE,5,CASES
1974,43,KENTUCKY,KY,US,STATE,6,CASES
1974,44,KENTUCKY,KY,US,STATE,10,CASES
1974,46,KENTUCKY,KY,US,STATE,57,CASES
1974,48,KENTUCKY,KY,US,STATE,47,CASES
1974,49,KENTUCKY,KY,US,STATE,40,CASES
1974,50,KENTUCKY,KY,US,STATE,9,CASES
1974,51,KENTUCKY,KY,US,STATE,46,CASES
1974,52,KENTUCKY,KY,US,STATE,30,CASES
1975,1,KENTUCKY,KY,US,STATE,38,CASES
1975,2,KENTUCKY,KY,US,STATE,167,CASES
1975,3,KENTUCKY,KY,US,STATE,80,CASES
1975,4,KENTUCKY,KY,US,STATE,96,CASES
1975,5,KENTUCKY,KY,US,STATE,71,CASES
1975,6,KENTUCKY,KY,US,STATE,120,CASES
1975,7,KENTUCKY,KY,US,STATE,104,CASES
1975,8,KENTUCKY,KY,US,STATE,89,CASES
1975,9,KENTUCKY,KY,US,STATE,112,CASES
1975,10,KENTUCKY,KY,US,STATE,125,CASES
1975,11,KENTUCKY,KY,US,STATE,17,CASES
1975,12,KENTUCKY,KY,US,STATE,90,CASES
1975,13,KENTUCKY,KY,US,STATE,97,CASES
1975,14,KENTUCKY,KY,US,STATE,132,CASES
1975,15,KENTUCKY,KY,US,STATE,102,CASES
1975,16,KENTUCKY,KY,US,STATE,78,CASES
1975,17,KENTUCKY,KY,US,STATE,76,CASES
1975,18,KENTUCKY,KY,US,STATE,135,CASES
1975,19,KENTUCKY,KY,US,STATE,31,CASES
1975,20,KENTUCKY,KY,US,STATE,116,CASES
1975,21,KENTUCKY,KY,US,STATE,189,CASES
1975,22,KENTUCKY,KY,US,STATE,54,CASES
1975,23,KENTUCKY,KY,US,STATE,37,CASES
1975,24,KENTUCKY,KY,US,STATE,93,CASES
1975,25,KENTUCKY,KY,US,STATE,127,CASES
1975,26,KENTUCKY,KY,US,STATE,11,CASES
1975,28,KENTUCKY,KY,US,STATE,8,CASES
1975,29,KENTUCKY,KY,US,STATE,10,CASES
1975,30,KENTUCKY,KY,US,STATE,6,CASES
1975,31,KENTUCKY,KY,US,STATE,17,CASES
1975,32,KENTUCKY,KY,US,STATE,38,CASES
1975,33,KENTUCKY,KY,US,STATE,6,CASES
1975,34,KENTUCKY,KY,US,STATE,7,CASES
1975,35,KENTUCKY,KY,US,STATE,2,CASES
1975,36,KENTUCKY,KY,US,STATE,1,CASES
1975,37,KENTUCKY,KY,US,STATE,5,CASES
1975,38,KENTUCKY,KY,US,STATE,8,CASES
1975,39,KENTUCKY,KY,US,STATE,2,CASES
1975,40,KENTUCKY,KY,US,STATE,3,CASES
1975,41,KENTUCKY,KY,US,STATE,3,CASES
1975,42,KENTUCKY,KY,US,STATE,18,CASES
1975,43,KENTUCKY,KY,US,STATE,5,CASES
1975,45,KENTUCKY,KY,US,STATE,30,CASES
1975,46,KENTUCKY,KY,US,STATE,79,CASES
1975,47,KENTUCKY,KY,US,STATE,52,CASES
1975,48,KENTUCKY,KY,US,STATE,2,CASES
1975,49,KENTUCKY,KY,US,STATE,47,CASES
1975,50,KENTUCKY,KY,US,STATE,14,CASES
1975,51,KENTUCKY,KY,US,STATE,36,CASES
1975,52,KENTUCKY,KY,US,STATE,3,CASES
1976,1,KENTUCKY,KY,US,STATE,23,CASES
1976,2,KENTUCKY,KY,US,STATE,181,CASES
1976,3,KENTUCKY,KY,US,STATE,45,CASES
1976,4,KENTUCKY,KY,US,STATE,141,CASES
1976,5,KENTUCKY,KY,US,STATE,21,CASES
1976,6,KENTUCKY,KY,US,STATE,118,CASES
1976,7,KENTUCKY,KY,US,STATE,25,CASES
1976,8,KENTUCKY,KY,US,STATE,99,CASES
1976,9,KENTUCKY,KY,US,STATE,26,CASES
1976,10,KENTUCKY,KY,US,STATE,280,CASES
1976,11,KENTUCKY,KY,US,STATE,80,CASES
1976,12,KENTUCKY,KY,US,STATE,221,CASES
1976,13,KENTUCKY,KY,US,STATE,41,CASES
1976,14,KENTUCKY,KY,US,STATE,171,CASES
1976,15,KENTUCKY,KY,US,STATE,11,CASES
1976,16,KENTUCKY,KY,US,STATE,115,CASES
1976,17,KENTUCKY,KY,US,STATE,25,CASES
1976,18,KENTUCKY,KY,US,STATE,136,CASES
1976,19,KENTUCKY,KY,US,STATE,34,CASES
1976,20,KENTUCKY,KY,US,STATE,119,CASES
1976,21,KENTUCKY,KY,US,STATE,27,CASES
1976,22,KENTUCKY,KY,US,STATE,16,CASES
1976,23,KENTUCKY,KY,US,STATE,132,CASES
1976,24,KENTUCKY,KY,US,STATE,44,CASES
1976,25,KENTUCKY,KY,US,STATE,35,CASES
1976,26,KENTUCKY,KY,US,STATE,11,CASES
1976,27,KENTUCKY,KY,US,STATE,2,CASES
1976,28,KENTUCKY,KY,US,STATE,58,CASES
1976,29,KENTUCKY,KY,US,STATE,2,CASES
1976,30,KENTUCKY,KY,US,STATE,10,CASES
1976,31,KENTUCKY,KY,US,STATE,12,CASES
1976,32,KENTUCKY,KY,US,STATE,3,CASES
1976,33,KENTUCKY,KY,US,STATE,1,CASES
1976,36,KENTUCKY,KY,US,STATE,2,CASES
1976,37,KENTUCKY,KY,US,STATE,7,CASES
1976,38,KENTUCKY,KY,US,STATE,1,CASES
1976,39,KENTUCKY,KY,US,STATE,5,CASES
1976,40,KENTUCKY,KY,US,STATE,6,CASES
1976,41,KENTUCKY,KY,US,STATE,6,CASES
1976,42,KENTUCKY,KY,US,STATE,2,CASES
1976,43,KENTUCKY,KY,US,STATE,93,CASES
1976,44,KENTUCKY,KY,US,STATE,39,CASES
1976,45,KENTUCKY,KY,US,STATE,56,CASES
1976,46,KENTUCKY,KY,US,STATE,26,CASES
1976,47,KENTUCKY,KY,US,STATE,23,CASES
1976,48,KENTUCKY,KY,US,STATE,69,CASES
1976,49,KENTUCKY,KY,US,STATE,51,CASES
1976,50,KENTUCKY,KY,US,STATE,25,CASES
1976,51,KENTUCKY,KY,US,STATE,77,CASES
1976,52,KENTUCKY,KY,US,STATE,89,CASES
1977,2,KENTUCKY,KY,US,STATE,26,CASES
1977,3,KENTUCKY,KY,US,STATE,44,CASES
1977,4,KENTUCKY,KY,US,STATE,299,CASES
1977,5,KENTUCKY,KY,US,STATE,25,CASES
1977,6,KENTUCKY,KY,US,STATE,60,CASES
1977,7,KENTUCKY,KY,US,STATE,76,CASES
1977,8,KENTUCKY,KY,US,STATE,42,CASES
1977,9,KENTUCKY,KY,US,STATE,23,CASES
1977,10,KENTUCKY,KY,US,STATE,3,CASES
1977,11,KENTUCKY,KY,US,STATE,36,CASES
1977,12,KENTUCKY,KY,US,STATE,18,CASES
1977,13,KENTUCKY,KY,US,STATE,71,CASES
1977,14,KENTUCKY,KY,US,STATE,56,CASES
1977,15,KENTUCKY,KY,US,STATE,39,CASES
1977,16,KENTUCKY,KY,US,STATE,7,CASES
1977,17,KENTUCKY,KY,US,STATE,25,CASES
1977,18,KENTUCKY,KY,US,STATE,12,CASES
1977,19,KENTUCKY,KY,US,STATE,63,CASES
1977,20,KENTUCKY,KY,US,STATE,121,CASES
1977,21,KENTUCKY,KY,US,STATE,21,CASES
1977,22,KENTUCKY,KY,US,STATE,21,CASES
1977,23,KENTUCKY,KY,US,STATE,64,CASES
1977,25,KENTUCKY,KY,US,STATE,54,CASES
1977,26,KENTUCKY,KY,US,STATE,4,CASES
1977,27,KENTUCKY,KY,US,STATE,4,CASES
1977,28,KENTUCKY,KY,US,STATE,8,CASES
1977,29,KENTUCKY,KY,US,STATE,9,CASES
1977,30,KENTUCKY,KY,US,STATE,1,CASES
1977,31,KENTUCKY,KY,US,STATE,3,CASES
1977,32,KENTUCKY,KY,US,STATE,3,CASES
1977,33,KENTUCKY,KY,US,STATE,6,CASES
1977,34,KENTUCKY,KY,US,STATE,27,CASES
1977,35,KENTUCKY,KY,US,STATE,3,CASES
1977,37,KENTUCKY,KY,US,STATE,1,CASES
1977,38,KENTUCKY,KY,US,STATE,20,CASES
1977,39,KENTUCKY,KY,US,STATE,15,CASES
1977,40,KENTUCKY,KY,US,STATE,1,CASES
1977,41,KENTUCKY,KY,US,STATE,2,CASES
1977,42,KENTUCKY,KY,US,STATE,20,CASES
1977,43,KENTUCKY,KY,US,STATE,1,CASES
1977,44,KENTUCKY,KY,US,STATE,39,CASES
1977,45,KENTUCKY,KY,US,STATE,66,CASES
1977,46,KENTUCKY,KY,US,STATE,69,CASES
1977,47,KENTUCKY,KY,US,STATE,18,CASES
1977,48,KENTUCKY,KY,US,STATE,26,CASES
1977,49,KENTUCKY,KY,US,STATE,49,CASES
1977,50,KENTUCKY,KY,US,STATE,39,CASES
1977,51,KENTUCKY,KY,US,STATE,114,CASES
1977,52,KENTUCKY,KY,US,STATE,37,CASES
1978,1,KENTUCKY,KY,US,STATE,24,CASES
1978,2,KENTUCKY,KY,US,STATE,253,CASES
1978,3,KENTUCKY,KY,US,STATE,12,CASES
1978,4,KENTUCKY,KY,US,STATE,19,CASES
1978,5,KENTUCKY,KY,US,STATE,123,CASES
1978,6,KENTUCKY,KY,US,STATE,14,CASES
1978,7,KENTUCKY,KY,US,STATE,21,CASES
1978,8,KENTUCKY,KY,US,STATE,14,CASES
1978,9,KENTUCKY,KY,US,STATE,42,CASES
1978,10,KENTUCKY,KY,US,STATE,18,CASES
1978,11,KENTUCKY,KY,US,STATE,35,CASES
1978,12,KENTUCKY,KY,US,STATE,70,CASES
1978,13,KENTUCKY,KY,US,STATE,36,CASES
1978,14,KENTUCKY,KY,US,STATE,74,CASES
1978,15,KENTUCKY,KY,US,STATE,62,CASES
1978,16,KENTUCKY,KY,US,STATE,8,CASES
1978,17,KENTUCKY,KY,US,STATE,65,CASES
1978,18,KENTUCKY,KY,US,STATE,142,CASES
1978,19,KENTUCKY,KY,US,STATE,159,CASES
1978,20,KENTUCKY,KY,US,STATE,36,CASES
1978,21,KENTUCKY,KY,US,STATE,101,CASES
1978,22,KENTUCKY,KY,US,STATE,181,CASES
1978,23,KENTUCKY,KY,US,STATE,59,CASES
1978,24,KENTUCKY,KY,US,STATE,105,CASES
1978,25,KENTUCKY,KY,US,STATE,4,CASES
1978,26,KENTUCKY,KY,US,STATE,104,CASES
1978,28,KENTUCKY,KY,US,STATE,43,CASES
1978,29,KENTUCKY,KY,US,STATE,6,CASES
1978,30,KENTUCKY,KY,US,STATE,34,CASES
1978,31,KENTUCKY,KY,US,STATE,6,CASES
1978,32,KENTUCKY,KY,US,STATE,2,CASES
1978,33,KENTUCKY,KY,US,STATE,1,CASES
1978,34,KENTUCKY,KY,US,STATE,9,CASES
1978,35,KENTUCKY,KY,US,STATE,10,CASES
1978,38,KENTUCKY,KY,US,STATE,2,CASES
1978,39,KENTUCKY,KY,US,STATE,2,CASES
1978,40,KENTUCKY,KY,US,STATE,6,CASES
1978,43,KENTUCKY,KY,US,STATE,15,CASES
1978,44,KENTUCKY,KY,US,STATE,106,CASES
1978,45,KENTUCKY,KY,US,STATE,9,CASES
1978,46,KENTUCKY,KY,US,STATE,25,CASES
1978,47,KENTUCKY,KY,US,STATE,6,CASES
1978,48,KENTUCKY,KY,US,STATE,108,CASES
1978,51,KENTUCKY,KY,US,STATE,219,CASES
1978,52,KENTUCKY,KY,US,STATE,98,CASES
1979,1,KENTUCKY,KY,US,STATE,34,CASES
1979,2,KENTUCKY,KY,US,STATE,332,CASES
1979,3,KENTUCKY,KY,US,STATE,73,CASES
1979,4,KENTUCKY,KY,US,STATE,275,CASES
1979,5,KENTUCKY,KY,US,STATE,174,CASES
1979,6,KENTUCKY,KY,US,STATE,55,CASES
1979,7,KENTUCKY,KY,US,STATE,162,CASES
1979,8,KENTUCKY,KY,US,STATE,162,CASES
1979,9,KENTUCKY,KY,US,STATE,273,CASES
1979,10,KENTUCKY,KY,US,STATE,114,CASES
1979,11,KENTUCKY,KY,US,STATE,121,CASES
1979,12,KENTUCKY,KY,US,STATE,24,CASES
1979,13,KENTUCKY,KY,US,STATE,234,CASES
1979,14,KENTUCKY,KY,US,STATE,257,CASES
1979,15,KENTUCKY,KY,US,STATE,51,CASES
1979,16,KENTUCKY,KY,US,STATE,60,CASES
1979,17,KENTUCKY,KY,US,STATE,66,CASES
1979,18,KENTUCKY,KY,US,STATE,43,CASES
1979,19,KENTUCKY,KY,US,STATE,155,CASES
1979,20,KENTUCKY,KY,US,STATE,72,CASES
1979,21,KENTUCKY,KY,US,STATE,251,CASES
1979,22,KENTUCKY,KY,US,STATE,9,CASES
1979,23,KENTUCKY,KY,US,STATE,43,CASES
1979,24,KENTUCKY,KY,US,STATE,26,CASES
1979,25,KENTUCKY,KY,US,STATE,20,CASES
1979,26,KENTUCKY,KY,US,STATE,157,CASES
1979,27,KENTUCKY,KY,US,STATE,68,CASES
1979,28,KENTUCKY,KY,US,STATE,21,CASES
1979,30,KENTUCKY,KY,US,STATE,1,CASES
1979,31,KENTUCKY,KY,US,STATE,5,CASES
1979,32,KENTUCKY,KY,US,STATE,7,CASES
1979,33,KENTUCKY,KY,US,STATE,2,CASES
1979,34,KENTUCKY,KY,US,STATE,1,CASES
1979,35,KENTUCKY,KY,US,STATE,17,CASES
1979,36,KENTUCKY,KY,US,STATE,11,CASES
1979,37,KENTUCKY,KY,US,STATE,9,CASES
1979,38,KENTUCKY,KY,US,STATE,3,CASES
1979,39,KENTUCKY,KY,US,STATE,42,CASES
1979,40,KENTUCKY,KY,US,STATE,2,CASES
1979,41,KENTUCKY,KY,US,STATE,1,CASES
1979,42,KENTUCKY,KY,US,STATE,5,CASES
1979,43,KENTUCKY,KY,US,STATE,2,CASES
1979,44,KENTUCKY,KY,US,STATE,7,CASES
1979,45,KENTUCKY,KY,US,STATE,2,CASES
1979,47,KENTUCKY,KY,US,STATE,1,CASES
1979,49,KENTUCKY,KY,US,STATE,6,CASES
1979,50,KENTUCKY,KY,US,STATE,60,CASES
1979,51,KENTUCKY,KY,US,STATE,25,CASES
1980,1,KENTUCKY,KY,US,STATE,21,CASES
1980,2,KENTUCKY,KY,US,STATE,78,CASES
1980,3,KENTUCKY,KY,US,STATE,61,CASES
1980,4,KENTUCKY,KY,US,STATE,191,CASES
1980,5,KENTUCKY,KY,US,STATE,39,CASES
1980,6,KENTUCKY,KY,US,STATE,63,CASES
1980,7,KENTUCKY,KY,US,STATE,115,CASES
1980,8,KENTUCKY,KY,US,STATE,61,CASES
1980,9,KENTUCKY,KY,US,STATE,5,CASES
1980,10,KENTUCKY,KY,US,STATE,105,CASES
1980,12,KENTUCKY,KY,US,STATE,138,CASES
1980,13,KENTUCKY,KY,US,STATE,91,CASES
1980,14,KENTUCKY,KY,US,STATE,119,CASES
1980,15,KENTUCKY,KY,US,STATE,75,CASES
1980,16,KENTUCKY,KY,US,STATE,452,CASES
1980,17,KENTUCKY,KY,US,STATE,68,CASES
1980,18,KENTUCKY,KY,US,STATE,44,CASES
1980,19,KENTUCKY,KY,US,STATE,87,CASES
1980,20,KENTUCKY,KY,US,STATE,119,CASES
1980,21,KENTUCKY,KY,US,STATE,21,CASES
1980,22,KENTUCKY,KY,US,STATE,61,CASES
1980,23,KENTUCKY,KY,US,STATE,81,CASES
1980,24,KENTUCKY,KY,US,STATE,13,CASES
1980,25,KENTUCKY,KY,US,STATE,6,CASES
1980,26,KENTUCKY,KY,US,STATE,3,CASES
1980,27,KENTUCKY,KY,US,STATE,11,CASES
1980,28,KENTUCKY,KY,US,STATE,65,CASES
1980,29,KENTUCKY,KY,US,STATE,4,CASES
1980,30,KENTUCKY,KY,US,STATE,2,CASES
1980,31,KENTUCKY,KY,US,STATE,9,CASES
1980,32,KENTUCKY,KY,US,STATE,2,CASES
1980,33,KENTUCKY,KY,US,STATE,4,CASES
1980,34,KENTUCKY,KY,US,STATE,1,CASES
1980,35,KENTUCKY,KY,US,STATE,1,CASES
1980,36,KENTUCKY,KY,US,STATE,9,CASES
1980,39,KENTUCKY,KY,US,STATE,12,CASES
1980,47,KENTUCKY,KY,US,STATE,1,CASES
1980,51,KENTUCKY,KY,US,STATE,84,CASES
1981,1,KENTUCKY,KY,US,STATE,52,CASES
1981,2,KENTUCKY,KY,US,STATE,171,CASES
1981,3,KENTUCKY,KY,US,STATE,53,CASES
1981,4,KENTUCKY,KY,US,STATE,71,CASES
1981,5,KENTUCKY,KY,US,STATE,33,CASES
1981,6,KENTUCKY,KY,US,STATE,85,CASES
1981,7,KENTUCKY,KY,US,STATE,98,CASES
1981,8,KENTUCKY,KY,US,STATE,63,CASES
1981,9,KENTUCKY,KY,US,STATE,66,CASES
1981,10,KENTUCKY,KY,US,STATE,45,CASES
1981,11,KENTUCKY,KY,US,STATE,112,CASES
1981,12,KENTUCKY,KY,US,STATE,59,CASES
1981,13,KENTUCKY,KY,US,STATE,154,CASES
1981,14,KENTUCKY,KY,US,STATE,55,CASES
1981,15,KENTUCKY,KY,US,STATE,239,CASES
1981,16,KENTUCKY,KY,US,STATE,119,CASES
1981,18,KENTUCKY,KY,US,STATE,126,CASES
1981,19,KENTUCKY,KY,US,STATE,60,CASES
1981,20,KENTUCKY,KY,US,STATE,137,CASES
1981,21,KENTUCKY,KY,US,STATE,179,CASES
1981,22,KENTUCKY,KY,US,STATE,51,CASES
1981,23,KENTUCKY,KY,US,STATE,10,CASES
1981,24,KENTUCKY,KY,US,STATE,13,CASES
1981,26,KENTUCKY,KY,US,STATE,6,CASES
1981,27,KENTUCKY,KY,US,STATE,56,CASES
1981,28,KENTUCKY,KY,US,STATE,7,CASES
1981,29,KENTUCKY,KY,US,STATE,16,CASES
1981,30,KENTUCKY,KY,US,STATE,2,CASES
1981,31,KENTUCKY,KY,US,STATE,1,CASES
1981,32,KENTUCKY,KY,US,STATE,2,CASES
1981,33,KENTUCKY,KY,US,STATE,101,CASES
1981,34,KENTUCKY,KY,US,STATE,6,CASES
1981,35,KENTUCKY,KY,US,STATE,6,CASES
1981,36,KENTUCKY,KY,US,STATE,2,CASES
1981,37,KENTUCKY,KY,US,STATE,7,CASES
1981,39,KENTUCKY,KY,US,STATE,2,CASES
1981,40,KENTUCKY,KY,US,STATE,1,CASES
1981,41,KENTUCKY,KY,US,STATE,22,CASES
1981,42,KENTUCKY,KY,US,STATE,1,CASES
1981,43,KENTUCKY,KY,US,STATE,4,CASES
1981,44,KENTUCKY,KY,US,STATE,6,CASES
1981,45,KENTUCKY,KY,US,STATE,4,CASES
1981,46,KENTUCKY,KY,US,STATE,52,CASES
1981,47,KENTUCKY,KY,US,STATE,32,CASES
1981,48,KENTUCKY,KY,US,STATE,1,CASES
1981,49,KENTUCKY,KY,US,STATE,34,CASES
1981,50,KENTUCKY,KY,US,STATE,11,CASES
1981,52,KENTUCKY,KY,US,STATE,9,CASES
2010,14,KENTUCKY,KY,US,STATE,1,CASES
