year,week,loc,state,country,loc_type,number,event
1927,47,MONTANA,MT,US,STATE,1,CASES
1927,48,MONTANA,MT,US,STATE,1,CASES
1927,49,MONTANA,MT,US,STATE,1,CASES
1927,51,MONTANA,MT,US,STATE,1,CASES
1928,1,MONTANA,MT,US,STATE,1,CASES
1928,2,MONTANA,MT,US,STATE,1,CASES
1928,3,MONTANA,MT,US,STATE,4,CASES
1928,6,MONTANA,MT,US,STATE,3,CASES
1928,8,MONTANA,MT,US,STATE,2,CASES
1928,9,MONTANA,MT,US,STATE,3,CASES
1928,11,MONTANA,MT,US,STATE,1,CASES
1928,12,MONTANA,MT,US,STATE,1,CASES
1928,13,MONTANA,MT,US,STATE,2,CASES
1928,14,MONTANA,MT,US,STATE,2,CASES
1928,15,MONTANA,MT,US,STATE,6,CASES
1928,16,MONTANA,MT,US,STATE,5,CASES
1928,17,MONTANA,MT,US,STATE,4,CASES
1928,18,MONTANA,MT,US,STATE,14,CASES
1928,19,MONTANA,MT,US,STATE,11,CASES
1928,20,MONTANA,MT,US,STATE,10,CASES
1928,21,MONTANA,MT,US,STATE,36,CASES
1928,22,MONTANA,MT,US,STATE,34,CASES
1928,23,MONTANA,MT,US,STATE,13,CASES
1928,24,MONTANA,MT,US,STATE,5,CASES
1928,25,MONTANA,MT,US,STATE,2,CASES
1928,26,MONTANA,MT,US,STATE,4,CASES
1928,27,MONTANA,MT,US,STATE,15,CASES
1928,28,MONTANA,MT,US,STATE,38,CASES
1928,29,MONTANA,MT,US,STATE,12,CASES
1928,30,MONTANA,MT,US,STATE,2,CASES
1928,31,MONTANA,MT,US,STATE,28,CASES
1928,32,MONTANA,MT,US,STATE,1,CASES
1928,33,MONTANA,MT,US,STATE,2,CASES
1928,34,MONTANA,MT,US,STATE,5,CASES
1928,35,MONTANA,MT,US,STATE,2,CASES
1928,36,MONTANA,MT,US,STATE,1,CASES
1928,37,MONTANA,MT,US,STATE,3,CASES
1928,38,MONTANA,MT,US,STATE,1,CASES
1928,39,MONTANA,MT,US,STATE,4,CASES
1928,41,MONTANA,MT,US,STATE,8,CASES
1928,42,MONTANA,MT,US,STATE,14,CASES
1928,43,MONTANA,MT,US,STATE,19,CASES
1928,44,MONTANA,MT,US,STATE,10,CASES
1928,45,MONTANA,MT,US,STATE,1,CASES
1928,46,MONTANA,MT,US,STATE,49,CASES
1928,47,MONTANA,MT,US,STATE,29,CASES
1928,48,MONTANA,MT,US,STATE,83,CASES
1928,49,MONTANA,MT,US,STATE,105,CASES
1928,50,MONTANA,MT,US,STATE,72,CASES
1928,51,MONTANA,MT,US,STATE,53,CASES
1928,52,MONTANA,MT,US,STATE,25,CASES
1929,1,MONTANA,MT,US,STATE,75,CASES
1929,2,MONTANA,MT,US,STATE,72,CASES
1929,3,MONTANA,MT,US,STATE,130,CASES
1929,4,MONTANA,MT,US,STATE,139,CASES
1929,5,MONTANA,MT,US,STATE,113,CASES
1929,6,MONTANA,MT,US,STATE,214,CASES
1929,7,MONTANA,MT,US,STATE,133,CASES
1929,8,MONTANA,MT,US,STATE,116,CASES
1929,9,MONTANA,MT,US,STATE,115,CASES
1929,10,MONTANA,MT,US,STATE,149,CASES
1929,11,MONTANA,MT,US,STATE,95,CASES
1929,12,MONTANA,MT,US,STATE,130,CASES
1929,13,MONTANA,MT,US,STATE,70,CASES
1929,14,MONTANA,MT,US,STATE,110,CASES
1929,15,MONTANA,MT,US,STATE,87,CASES
1929,16,MONTANA,MT,US,STATE,66,CASES
1929,17,MONTANA,MT,US,STATE,149,CASES
1929,18,MONTANA,MT,US,STATE,375,CASES
1929,19,MONTANA,MT,US,STATE,192,CASES
1929,20,MONTANA,MT,US,STATE,81,CASES
1929,21,MONTANA,MT,US,STATE,101,CASES
1929,22,MONTANA,MT,US,STATE,35,CASES
1929,23,MONTANA,MT,US,STATE,64,CASES
1929,24,MONTANA,MT,US,STATE,30,CASES
1929,25,MONTANA,MT,US,STATE,57,CASES
1929,26,MONTANA,MT,US,STATE,15,CASES
1929,27,MONTANA,MT,US,STATE,26,CASES
1929,29,MONTANA,MT,US,STATE,7,CASES
1929,30,MONTANA,MT,US,STATE,14,CASES
1929,31,MONTANA,MT,US,STATE,45,CASES
1929,32,MONTANA,MT,US,STATE,33,CASES
1929,33,MONTANA,MT,US,STATE,10,CASES
1929,34,MONTANA,MT,US,STATE,34,CASES
1929,35,MONTANA,MT,US,STATE,10,CASES
1929,36,MONTANA,MT,US,STATE,1,CASES
1929,37,MONTANA,MT,US,STATE,11,CASES
1929,38,MONTANA,MT,US,STATE,5,CASES
1929,39,MONTANA,MT,US,STATE,112,CASES
1929,40,MONTANA,MT,US,STATE,81,CASES
1929,41,MONTANA,MT,US,STATE,198,CASES
1929,42,MONTANA,MT,US,STATE,114,CASES
1929,43,MONTANA,MT,US,STATE,68,CASES
1929,44,MONTANA,MT,US,STATE,147,CASES
1929,45,MONTANA,MT,US,STATE,146,CASES
1929,46,MONTANA,MT,US,STATE,55,CASES
1929,47,MONTANA,MT,US,STATE,52,CASES
1929,48,MONTANA,MT,US,STATE,56,CASES
1929,49,MONTANA,MT,US,STATE,73,CASES
1929,50,MONTANA,MT,US,STATE,22,CASES
1929,51,MONTANA,MT,US,STATE,14,CASES
1929,52,MONTANA,MT,US,STATE,38,CASES
1930,1,MONTANA,MT,US,STATE,10,CASES
1930,2,MONTANA,MT,US,STATE,29,CASES
1930,3,MONTANA,MT,US,STATE,12,CASES
1930,4,MONTANA,MT,US,STATE,32,CASES
1930,5,MONTANA,MT,US,STATE,20,CASES
1930,6,MONTANA,MT,US,STATE,18,CASES
1930,7,MONTANA,MT,US,STATE,21,CASES
1930,8,MONTANA,MT,US,STATE,25,CASES
1930,9,MONTANA,MT,US,STATE,63,CASES
1930,10,MONTANA,MT,US,STATE,31,CASES
1930,11,MONTANA,MT,US,STATE,32,CASES
1930,12,MONTANA,MT,US,STATE,33,CASES
1930,14,MONTANA,MT,US,STATE,4,CASES
1930,15,MONTANA,MT,US,STATE,41,CASES
1930,16,MONTANA,MT,US,STATE,5,CASES
1930,17,MONTANA,MT,US,STATE,34,CASES
1930,18,MONTANA,MT,US,STATE,3,CASES
1930,19,MONTANA,MT,US,STATE,29,CASES
1930,20,MONTANA,MT,US,STATE,10,CASES
1930,21,MONTANA,MT,US,STATE,20,CASES
1930,22,MONTANA,MT,US,STATE,10,CASES
1930,23,MONTANA,MT,US,STATE,46,CASES
1930,24,MONTANA,MT,US,STATE,25,CASES
1930,25,MONTANA,MT,US,STATE,21,CASES
1930,26,MONTANA,MT,US,STATE,3,CASES
1930,27,MONTANA,MT,US,STATE,5,CASES
1930,28,MONTANA,MT,US,STATE,2,CASES
1930,29,MONTANA,MT,US,STATE,3,CASES
1930,30,MONTANA,MT,US,STATE,7,CASES
1930,32,MONTANA,MT,US,STATE,4,CASES
1930,33,MONTANA,MT,US,STATE,4,CASES
1930,34,MONTANA,MT,US,STATE,1,CASES
1930,35,MONTANA,MT,US,STATE,2,CASES
1930,36,MONTANA,MT,US,STATE,6,CASES
1930,37,MONTANA,MT,US,STATE,2,CASES
1930,38,MONTANA,MT,US,STATE,1,CASES
1930,39,MONTANA,MT,US,STATE,2,CASES
1930,42,MONTANA,MT,US,STATE,1,CASES
1930,43,MONTANA,MT,US,STATE,1,CASES
1930,44,MONTANA,MT,US,STATE,3,CASES
1930,46,MONTANA,MT,US,STATE,1,CASES
1930,47,MONTANA,MT,US,STATE,1,CASES
1930,48,MONTANA,MT,US,STATE,5,CASES
1930,49,MONTANA,MT,US,STATE,3,CASES
1930,51,MONTANA,MT,US,STATE,1,CASES
1930,52,MONTANA,MT,US,STATE,1,CASES
1930,53,MONTANA,MT,US,STATE,3,CASES
1931,1,MONTANA,MT,US,STATE,3,CASES
1931,2,MONTANA,MT,US,STATE,3,CASES
1931,3,MONTANA,MT,US,STATE,2,CASES
1931,4,MONTANA,MT,US,STATE,4,CASES
1931,5,MONTANA,MT,US,STATE,5,CASES
1931,6,MONTANA,MT,US,STATE,1,CASES
1931,7,MONTANA,MT,US,STATE,5,CASES
1931,8,MONTANA,MT,US,STATE,1,CASES
1931,9,MONTANA,MT,US,STATE,5,CASES
1931,10,MONTANA,MT,US,STATE,1,CASES
1931,11,MONTANA,MT,US,STATE,8,CASES
1931,12,MONTANA,MT,US,STATE,7,CASES
1931,13,MONTANA,MT,US,STATE,2,CASES
1931,14,MONTANA,MT,US,STATE,72,CASES
1931,15,MONTANA,MT,US,STATE,8,CASES
1931,16,MONTANA,MT,US,STATE,7,CASES
1931,17,MONTANA,MT,US,STATE,7,CASES
1931,18,MONTANA,MT,US,STATE,14,CASES
1931,19,MONTANA,MT,US,STATE,5,CASES
1931,20,MONTANA,MT,US,STATE,13,CASES
1931,21,MONTANA,MT,US,STATE,6,CASES
1931,22,MONTANA,MT,US,STATE,37,CASES
1931,23,MONTANA,MT,US,STATE,12,CASES
1931,24,MONTANA,MT,US,STATE,8,CASES
1931,25,MONTANA,MT,US,STATE,21,CASES
1931,26,MONTANA,MT,US,STATE,3,CASES
1931,27,MONTANA,MT,US,STATE,18,CASES
1931,28,MONTANA,MT,US,STATE,10,CASES
1931,29,MONTANA,MT,US,STATE,11,CASES
1931,30,MONTANA,MT,US,STATE,22,CASES
1931,31,MONTANA,MT,US,STATE,8,CASES
1931,32,MONTANA,MT,US,STATE,6,CASES
1931,33,MONTANA,MT,US,STATE,6,CASES
1931,34,MONTANA,MT,US,STATE,13,CASES
1931,35,MONTANA,MT,US,STATE,8,CASES
1931,36,MONTANA,MT,US,STATE,6,CASES
1931,37,MONTANA,MT,US,STATE,12,CASES
1931,38,MONTANA,MT,US,STATE,3,CASES
1931,39,MONTANA,MT,US,STATE,17,CASES
1931,40,MONTANA,MT,US,STATE,10,CASES
1931,41,MONTANA,MT,US,STATE,23,CASES
1931,42,MONTANA,MT,US,STATE,25,CASES
1931,43,MONTANA,MT,US,STATE,18,CASES
1931,44,MONTANA,MT,US,STATE,71,CASES
1931,45,MONTANA,MT,US,STATE,54,CASES
1931,46,MONTANA,MT,US,STATE,60,CASES
1931,47,MONTANA,MT,US,STATE,329,CASES
1931,48,MONTANA,MT,US,STATE,126,CASES
1931,49,MONTANA,MT,US,STATE,177,CASES
1931,50,MONTANA,MT,US,STATE,104,CASES
1931,51,MONTANA,MT,US,STATE,43,CASES
1931,52,MONTANA,MT,US,STATE,98,CASES
1932,1,MONTANA,MT,US,STATE,221,CASES
1932,2,MONTANA,MT,US,STATE,117,CASES
1932,3,MONTANA,MT,US,STATE,103,CASES
1932,4,MONTANA,MT,US,STATE,80,CASES
1932,5,MONTANA,MT,US,STATE,94,CASES
1932,6,MONTANA,MT,US,STATE,30,CASES
1932,7,MONTANA,MT,US,STATE,102,CASES
1932,8,MONTANA,MT,US,STATE,56,CASES
1932,9,MONTANA,MT,US,STATE,42,CASES
1932,10,MONTANA,MT,US,STATE,81,CASES
1932,11,MONTANA,MT,US,STATE,95,CASES
1932,12,MONTANA,MT,US,STATE,113,CASES
1932,13,MONTANA,MT,US,STATE,178,CASES
1932,14,MONTANA,MT,US,STATE,138,CASES
1932,15,MONTANA,MT,US,STATE,166,CASES
1932,16,MONTANA,MT,US,STATE,73,CASES
1932,17,MONTANA,MT,US,STATE,88,CASES
1932,18,MONTANA,MT,US,STATE,100,CASES
1932,19,MONTANA,MT,US,STATE,149,CASES
1932,20,MONTANA,MT,US,STATE,117,CASES
1932,21,MONTANA,MT,US,STATE,56,CASES
1932,22,MONTANA,MT,US,STATE,43,CASES
1932,23,MONTANA,MT,US,STATE,110,CASES
1932,24,MONTANA,MT,US,STATE,166,CASES
1932,25,MONTANA,MT,US,STATE,53,CASES
1932,26,MONTANA,MT,US,STATE,38,CASES
1932,27,MONTANA,MT,US,STATE,24,CASES
1932,28,MONTANA,MT,US,STATE,6,CASES
1932,29,MONTANA,MT,US,STATE,7,CASES
1932,30,MONTANA,MT,US,STATE,56,CASES
1932,31,MONTANA,MT,US,STATE,32,CASES
1932,32,MONTANA,MT,US,STATE,15,CASES
1932,33,MONTANA,MT,US,STATE,33,CASES
1932,34,MONTANA,MT,US,STATE,106,CASES
1932,35,MONTANA,MT,US,STATE,27,CASES
1932,36,MONTANA,MT,US,STATE,29,CASES
1932,37,MONTANA,MT,US,STATE,21,CASES
1932,38,MONTANA,MT,US,STATE,45,CASES
1932,39,MONTANA,MT,US,STATE,45,CASES
1932,40,MONTANA,MT,US,STATE,93,CASES
1932,41,MONTANA,MT,US,STATE,64,CASES
1932,42,MONTANA,MT,US,STATE,208,CASES
1932,43,MONTANA,MT,US,STATE,85,CASES
1932,44,MONTANA,MT,US,STATE,79,CASES
1932,45,MONTANA,MT,US,STATE,85,CASES
1932,46,MONTANA,MT,US,STATE,153,CASES
1932,47,MONTANA,MT,US,STATE,138,CASES
1932,48,MONTANA,MT,US,STATE,371,CASES
1932,49,MONTANA,MT,US,STATE,216,CASES
1932,50,MONTANA,MT,US,STATE,449,CASES
1932,51,MONTANA,MT,US,STATE,191,CASES
1932,52,MONTANA,MT,US,STATE,256,CASES
1933,1,MONTANA,MT,US,STATE,175,CASES
1933,2,MONTANA,MT,US,STATE,194,CASES
1933,3,MONTANA,MT,US,STATE,214,CASES
1933,4,MONTANA,MT,US,STATE,152,CASES
1933,5,MONTANA,MT,US,STATE,187,CASES
1933,6,MONTANA,MT,US,STATE,149,CASES
1933,7,MONTANA,MT,US,STATE,154,CASES
1933,8,MONTANA,MT,US,STATE,105,CASES
1933,9,MONTANA,MT,US,STATE,205,CASES
1933,10,MONTANA,MT,US,STATE,94,CASES
1933,11,MONTANA,MT,US,STATE,31,CASES
1933,12,MONTANA,MT,US,STATE,57,CASES
1933,13,MONTANA,MT,US,STATE,33,CASES
1933,14,MONTANA,MT,US,STATE,44,CASES
1933,15,MONTANA,MT,US,STATE,39,CASES
1933,16,MONTANA,MT,US,STATE,42,CASES
1933,17,MONTANA,MT,US,STATE,17,CASES
1933,18,MONTANA,MT,US,STATE,38,CASES
1933,19,MONTANA,MT,US,STATE,24,CASES
1933,20,MONTANA,MT,US,STATE,56,CASES
1933,21,MONTANA,MT,US,STATE,50,CASES
1933,22,MONTANA,MT,US,STATE,28,CASES
1933,23,MONTANA,MT,US,STATE,18,CASES
1933,24,MONTANA,MT,US,STATE,20,CASES
1933,25,MONTANA,MT,US,STATE,44,CASES
1933,26,MONTANA,MT,US,STATE,38,CASES
1933,27,MONTANA,MT,US,STATE,17,CASES
1933,28,MONTANA,MT,US,STATE,2,CASES
1933,29,MONTANA,MT,US,STATE,2,CASES
1933,30,MONTANA,MT,US,STATE,8,CASES
1933,31,MONTANA,MT,US,STATE,2,CASES
1933,32,MONTANA,MT,US,STATE,2,CASES
1933,34,MONTANA,MT,US,STATE,1,CASES
1933,35,MONTANA,MT,US,STATE,4,CASES
1933,36,MONTANA,MT,US,STATE,1,CASES
1933,37,MONTANA,MT,US,STATE,1,CASES
1933,38,MONTANA,MT,US,STATE,2,CASES
1933,39,MONTANA,MT,US,STATE,1,CASES
1933,40,MONTANA,MT,US,STATE,1,CASES
1933,41,MONTANA,MT,US,STATE,1,CASES
1933,42,MONTANA,MT,US,STATE,4,CASES
1933,44,MONTANA,MT,US,STATE,3,CASES
1933,45,MONTANA,MT,US,STATE,1,CASES
1933,47,MONTANA,MT,US,STATE,2,CASES
1933,49,MONTANA,MT,US,STATE,2,CASES
1933,50,MONTANA,MT,US,STATE,2,CASES
1933,52,MONTANA,MT,US,STATE,3,CASES
1934,2,MONTANA,MT,US,STATE,4,CASES
1934,3,MONTANA,MT,US,STATE,7,CASES
1934,4,MONTANA,MT,US,STATE,11,CASES
1934,5,MONTANA,MT,US,STATE,8,CASES
1934,6,MONTANA,MT,US,STATE,27,CASES
1934,7,MONTANA,MT,US,STATE,16,CASES
1934,8,MONTANA,MT,US,STATE,32,CASES
1934,9,MONTANA,MT,US,STATE,12,CASES
1934,10,MONTANA,MT,US,STATE,57,CASES
1934,11,MONTANA,MT,US,STATE,18,CASES
1934,12,MONTANA,MT,US,STATE,62,CASES
1934,13,MONTANA,MT,US,STATE,24,CASES
1934,14,MONTANA,MT,US,STATE,46,CASES
1934,15,MONTANA,MT,US,STATE,109,CASES
1934,16,MONTANA,MT,US,STATE,40,CASES
1934,17,MONTANA,MT,US,STATE,58,CASES
1934,18,MONTANA,MT,US,STATE,108,CASES
1934,19,MONTANA,MT,US,STATE,89,CASES
1934,20,MONTANA,MT,US,STATE,97,CASES
1934,21,MONTANA,MT,US,STATE,107,CASES
1934,22,MONTANA,MT,US,STATE,25,CASES
1934,23,MONTANA,MT,US,STATE,48,CASES
1934,24,MONTANA,MT,US,STATE,37,CASES
1934,25,MONTANA,MT,US,STATE,21,CASES
1934,26,MONTANA,MT,US,STATE,4,CASES
1934,27,MONTANA,MT,US,STATE,10,CASES
1934,28,MONTANA,MT,US,STATE,13,CASES
1934,29,MONTANA,MT,US,STATE,4,CASES
1934,30,MONTANA,MT,US,STATE,11,CASES
1934,31,MONTANA,MT,US,STATE,10,CASES
1934,32,MONTANA,MT,US,STATE,14,CASES
1934,33,MONTANA,MT,US,STATE,9,CASES
1934,34,MONTANA,MT,US,STATE,8,CASES
1934,35,MONTANA,MT,US,STATE,4,CASES
1934,36,MONTANA,MT,US,STATE,12,CASES
1934,37,MONTANA,MT,US,STATE,20,CASES
1934,38,MONTANA,MT,US,STATE,1,CASES
1934,39,MONTANA,MT,US,STATE,4,CASES
1934,40,MONTANA,MT,US,STATE,49,CASES
1934,41,MONTANA,MT,US,STATE,32,CASES
1934,42,MONTANA,MT,US,STATE,47,CASES
1934,43,MONTANA,MT,US,STATE,47,CASES
1934,44,MONTANA,MT,US,STATE,106,CASES
1934,45,MONTANA,MT,US,STATE,72,CASES
1934,46,MONTANA,MT,US,STATE,36,CASES
1934,47,MONTANA,MT,US,STATE,53,CASES
1934,48,MONTANA,MT,US,STATE,18,CASES
1934,49,MONTANA,MT,US,STATE,66,CASES
1934,50,MONTANA,MT,US,STATE,81,CASES
1934,51,MONTANA,MT,US,STATE,78,CASES
1934,52,MONTANA,MT,US,STATE,68,CASES
1935,1,MONTANA,MT,US,STATE,88,CASES
1935,2,MONTANA,MT,US,STATE,108,CASES
1935,3,MONTANA,MT,US,STATE,288,CASES
1935,4,MONTANA,MT,US,STATE,56,CASES
1935,5,MONTANA,MT,US,STATE,107,CASES
1935,6,MONTANA,MT,US,STATE,223,CASES
1935,7,MONTANA,MT,US,STATE,135,CASES
1935,8,MONTANA,MT,US,STATE,237,CASES
1935,9,MONTANA,MT,US,STATE,180,CASES
1935,10,MONTANA,MT,US,STATE,111,CASES
1935,11,MONTANA,MT,US,STATE,273,CASES
1935,12,MONTANA,MT,US,STATE,309,CASES
1935,13,MONTANA,MT,US,STATE,457,CASES
1935,14,MONTANA,MT,US,STATE,601,CASES
1935,15,MONTANA,MT,US,STATE,439,CASES
1935,16,MONTANA,MT,US,STATE,609,CASES
1935,17,MONTANA,MT,US,STATE,426,CASES
1935,18,MONTANA,MT,US,STATE,445,CASES
1935,19,MONTANA,MT,US,STATE,364,CASES
1935,20,MONTANA,MT,US,STATE,592,CASES
1935,21,MONTANA,MT,US,STATE,389,CASES
1935,22,MONTANA,MT,US,STATE,282,CASES
1935,23,MONTANA,MT,US,STATE,324,CASES
1935,24,MONTANA,MT,US,STATE,202,CASES
1935,25,MONTANA,MT,US,STATE,112,CASES
1935,26,MONTANA,MT,US,STATE,85,CASES
1935,27,MONTANA,MT,US,STATE,38,CASES
1935,28,MONTANA,MT,US,STATE,35,CASES
1935,29,MONTANA,MT,US,STATE,49,CASES
1935,30,MONTANA,MT,US,STATE,15,CASES
1935,31,MONTANA,MT,US,STATE,17,CASES
1935,32,MONTANA,MT,US,STATE,8,CASES
1935,33,MONTANA,MT,US,STATE,9,CASES
1935,34,MONTANA,MT,US,STATE,4,CASES
1935,35,MONTANA,MT,US,STATE,4,CASES
1935,36,MONTANA,MT,US,STATE,3,CASES
1935,37,MONTANA,MT,US,STATE,3,CASES
1935,38,MONTANA,MT,US,STATE,8,CASES
1935,39,MONTANA,MT,US,STATE,5,CASES
1935,40,MONTANA,MT,US,STATE,14,CASES
1935,41,MONTANA,MT,US,STATE,16,CASES
1935,42,MONTANA,MT,US,STATE,27,CASES
1935,43,MONTANA,MT,US,STATE,10,CASES
1935,45,MONTANA,MT,US,STATE,15,CASES
1935,46,MONTANA,MT,US,STATE,22,CASES
1935,47,MONTANA,MT,US,STATE,19,CASES
1935,48,MONTANA,MT,US,STATE,16,CASES
1935,49,MONTANA,MT,US,STATE,5,CASES
1935,50,MONTANA,MT,US,STATE,15,CASES
1935,51,MONTANA,MT,US,STATE,20,CASES
1935,52,MONTANA,MT,US,STATE,5,CASES
1936,1,MONTANA,MT,US,STATE,17,CASES
1936,2,MONTANA,MT,US,STATE,9,CASES
1936,3,MONTANA,MT,US,STATE,7,CASES
1936,4,MONTANA,MT,US,STATE,54,CASES
1936,5,MONTANA,MT,US,STATE,39,CASES
1936,6,MONTANA,MT,US,STATE,20,CASES
1936,7,MONTANA,MT,US,STATE,56,CASES
1936,8,MONTANA,MT,US,STATE,30,CASES
1936,9,MONTANA,MT,US,STATE,16,CASES
1936,10,MONTANA,MT,US,STATE,18,CASES
1936,11,MONTANA,MT,US,STATE,13,CASES
1936,12,MONTANA,MT,US,STATE,13,CASES
1936,13,MONTANA,MT,US,STATE,9,CASES
1936,14,MONTANA,MT,US,STATE,15,CASES
1936,15,MONTANA,MT,US,STATE,15,CASES
1936,16,MONTANA,MT,US,STATE,6,CASES
1936,17,MONTANA,MT,US,STATE,17,CASES
1936,18,MONTANA,MT,US,STATE,17,CASES
1936,20,MONTANA,MT,US,STATE,5,CASES
1936,21,MONTANA,MT,US,STATE,4,CASES
1936,22,MONTANA,MT,US,STATE,8,CASES
1936,23,MONTANA,MT,US,STATE,2,CASES
1936,24,MONTANA,MT,US,STATE,14,CASES
1936,25,MONTANA,MT,US,STATE,3,CASES
1936,26,MONTANA,MT,US,STATE,4,CASES
1936,27,MONTANA,MT,US,STATE,8,CASES
1936,28,MONTANA,MT,US,STATE,2,CASES
1936,29,MONTANA,MT,US,STATE,2,CASES
1936,30,MONTANA,MT,US,STATE,5,CASES
1936,31,MONTANA,MT,US,STATE,1,CASES
1936,32,MONTANA,MT,US,STATE,1,CASES
1936,37,MONTANA,MT,US,STATE,1,CASES
1936,38,MONTANA,MT,US,STATE,1,CASES
1936,40,MONTANA,MT,US,STATE,2,CASES
1936,42,MONTANA,MT,US,STATE,1,CASES
1936,43,MONTANA,MT,US,STATE,2,CASES
1936,44,MONTANA,MT,US,STATE,1,CASES
1936,45,MONTANA,MT,US,STATE,1,CASES
1936,46,MONTANA,MT,US,STATE,4,CASES
1936,47,MONTANA,MT,US,STATE,1,CASES
1936,48,MONTANA,MT,US,STATE,4,CASES
1936,49,MONTANA,MT,US,STATE,4,CASES
1936,53,MONTANA,MT,US,STATE,3,CASES
1937,1,MONTANA,MT,US,STATE,2,CASES
1937,2,MONTANA,MT,US,STATE,1,CASES
1937,3,MONTANA,MT,US,STATE,3,CASES
1937,4,MONTANA,MT,US,STATE,4,CASES
1937,5,MONTANA,MT,US,STATE,19,CASES
1937,6,MONTANA,MT,US,STATE,7,CASES
1937,8,MONTANA,MT,US,STATE,2,CASES
1937,9,MONTANA,MT,US,STATE,62,CASES
1937,10,MONTANA,MT,US,STATE,46,CASES
1937,11,MONTANA,MT,US,STATE,18,CASES
1937,12,MONTANA,MT,US,STATE,60,CASES
1937,13,MONTANA,MT,US,STATE,8,CASES
1937,14,MONTANA,MT,US,STATE,39,CASES
1937,16,MONTANA,MT,US,STATE,19,CASES
1937,17,MONTANA,MT,US,STATE,4,CASES
1937,18,MONTANA,MT,US,STATE,27,CASES
1937,19,MONTANA,MT,US,STATE,10,CASES
1937,20,MONTANA,MT,US,STATE,29,CASES
1937,21,MONTANA,MT,US,STATE,1,CASES
1937,22,MONTANA,MT,US,STATE,3,CASES
1937,23,MONTANA,MT,US,STATE,3,CASES
1937,24,MONTANA,MT,US,STATE,5,CASES
1937,25,MONTANA,MT,US,STATE,11,CASES
1937,26,MONTANA,MT,US,STATE,4,CASES
1937,27,MONTANA,MT,US,STATE,8,CASES
1937,28,MONTANA,MT,US,STATE,8,CASES
1937,29,MONTANA,MT,US,STATE,4,CASES
1937,30,MONTANA,MT,US,STATE,10,CASES
1937,31,MONTANA,MT,US,STATE,3,CASES
1937,32,MONTANA,MT,US,STATE,3,CASES
1937,33,MONTANA,MT,US,STATE,13,CASES
1937,34,MONTANA,MT,US,STATE,3,CASES
1937,35,MONTANA,MT,US,STATE,7,CASES
1937,36,MONTANA,MT,US,STATE,2,CASES
1937,37,MONTANA,MT,US,STATE,8,CASES
1937,38,MONTANA,MT,US,STATE,3,CASES
1937,39,MONTANA,MT,US,STATE,16,CASES
1937,40,MONTANA,MT,US,STATE,10,CASES
1937,41,MONTANA,MT,US,STATE,22,CASES
1937,42,MONTANA,MT,US,STATE,2,CASES
1937,43,MONTANA,MT,US,STATE,34,CASES
1937,44,MONTANA,MT,US,STATE,13,CASES
1937,45,MONTANA,MT,US,STATE,2,CASES
1937,46,MONTANA,MT,US,STATE,23,CASES
1937,47,MONTANA,MT,US,STATE,14,CASES
1937,48,MONTANA,MT,US,STATE,10,CASES
1937,49,MONTANA,MT,US,STATE,11,CASES
1937,50,MONTANA,MT,US,STATE,1,CASES
1937,52,MONTANA,MT,US,STATE,2,CASES
1938,1,MONTANA,MT,US,STATE,8,CASES
1938,2,MONTANA,MT,US,STATE,1,CASES
1938,3,MONTANA,MT,US,STATE,2,CASES
1938,4,MONTANA,MT,US,STATE,6,CASES
1938,5,MONTANA,MT,US,STATE,9,CASES
1938,6,MONTANA,MT,US,STATE,5,CASES
1938,7,MONTANA,MT,US,STATE,8,CASES
1938,8,MONTANA,MT,US,STATE,30,CASES
1938,9,MONTANA,MT,US,STATE,49,CASES
1938,10,MONTANA,MT,US,STATE,80,CASES
1938,11,MONTANA,MT,US,STATE,5,CASES
1938,12,MONTANA,MT,US,STATE,73,CASES
1938,13,MONTANA,MT,US,STATE,22,CASES
1938,14,MONTANA,MT,US,STATE,20,CASES
1938,15,MONTANA,MT,US,STATE,16,CASES
1938,16,MONTANA,MT,US,STATE,23,CASES
1938,17,MONTANA,MT,US,STATE,49,CASES
1938,18,MONTANA,MT,US,STATE,35,CASES
1938,19,MONTANA,MT,US,STATE,42,CASES
1938,20,MONTANA,MT,US,STATE,62,CASES
1938,21,MONTANA,MT,US,STATE,84,CASES
1938,22,MONTANA,MT,US,STATE,90,CASES
1938,23,MONTANA,MT,US,STATE,97,CASES
1938,24,MONTANA,MT,US,STATE,56,CASES
1938,25,MONTANA,MT,US,STATE,532,CASES
1938,26,MONTANA,MT,US,STATE,4,CASES
1938,28,MONTANA,MT,US,STATE,368,CASES
1938,29,MONTANA,MT,US,STATE,319,CASES
1938,30,MONTANA,MT,US,STATE,164,CASES
1938,31,MONTANA,MT,US,STATE,348,CASES
1938,32,MONTANA,MT,US,STATE,223,CASES
1938,33,MONTANA,MT,US,STATE,174,CASES
1938,34,MONTANA,MT,US,STATE,290,CASES
1938,35,MONTANA,MT,US,STATE,97,CASES
1938,36,MONTANA,MT,US,STATE,145,CASES
1938,37,MONTANA,MT,US,STATE,11,CASES
1938,38,MONTANA,MT,US,STATE,48,CASES
1938,39,MONTANA,MT,US,STATE,21,CASES
1938,40,MONTANA,MT,US,STATE,522,CASES
1938,41,MONTANA,MT,US,STATE,57,CASES
1938,42,MONTANA,MT,US,STATE,948,CASES
1938,43,MONTANA,MT,US,STATE,91,CASES
1938,44,MONTANA,MT,US,STATE,1470,CASES
1938,45,MONTANA,MT,US,STATE,140,CASES
1938,46,MONTANA,MT,US,STATE,1093,CASES
1938,47,MONTANA,MT,US,STATE,1703,CASES
1938,48,MONTANA,MT,US,STATE,2032,CASES
1938,49,MONTANA,MT,US,STATE,2293,CASES
1938,50,MONTANA,MT,US,STATE,2302,CASES
1938,51,MONTANA,MT,US,STATE,1674,CASES
1938,52,MONTANA,MT,US,STATE,281,CASES
1939,1,MONTANA,MT,US,STATE,2706,CASES
1939,2,MONTANA,MT,US,STATE,3871,CASES
1939,3,MONTANA,MT,US,STATE,5523,CASES
1939,4,MONTANA,MT,US,STATE,3791,CASES
1939,5,MONTANA,MT,US,STATE,579,CASES
1939,6,MONTANA,MT,US,STATE,440,CASES
1939,7,MONTANA,MT,US,STATE,366,CASES
1939,8,MONTANA,MT,US,STATE,444,CASES
1939,9,MONTANA,MT,US,STATE,363,CASES
1939,10,MONTANA,MT,US,STATE,494,CASES
1939,11,MONTANA,MT,US,STATE,304,CASES
1939,12,MONTANA,MT,US,STATE,250,CASES
1939,13,MONTANA,MT,US,STATE,166,CASES
1939,14,MONTANA,MT,US,STATE,191,CASES
1939,15,MONTANA,MT,US,STATE,235,CASES
1939,16,MONTANA,MT,US,STATE,127,CASES
1939,17,MONTANA,MT,US,STATE,1620,CASES
1939,18,MONTANA,MT,US,STATE,459,CASES
1939,19,MONTANA,MT,US,STATE,5860,CASES
1939,20,MONTANA,MT,US,STATE,1432,CASES
1939,21,MONTANA,MT,US,STATE,232,CASES
1939,22,MONTANA,MT,US,STATE,1161,CASES
1939,23,MONTANA,MT,US,STATE,154,CASES
1939,24,MONTANA,MT,US,STATE,786,CASES
1939,25,MONTANA,MT,US,STATE,72,CASES
1939,26,MONTANA,MT,US,STATE,52,CASES
1939,27,MONTANA,MT,US,STATE,45,CASES
1939,28,MONTANA,MT,US,STATE,29,CASES
1939,29,MONTANA,MT,US,STATE,42,CASES
1939,30,MONTANA,MT,US,STATE,16,CASES
1939,31,MONTANA,MT,US,STATE,12,CASES
1939,32,MONTANA,MT,US,STATE,159,CASES
1939,33,MONTANA,MT,US,STATE,84,CASES
1939,34,MONTANA,MT,US,STATE,6,CASES
1939,35,MONTANA,MT,US,STATE,11,CASES
1939,36,MONTANA,MT,US,STATE,1,CASES
1939,37,MONTANA,MT,US,STATE,5,CASES
1939,38,MONTANA,MT,US,STATE,47,CASES
1939,39,MONTANA,MT,US,STATE,75,CASES
1939,40,MONTANA,MT,US,STATE,112,CASES
1939,41,MONTANA,MT,US,STATE,608,CASES
1939,42,MONTANA,MT,US,STATE,13,CASES
1939,43,MONTANA,MT,US,STATE,477,CASES
1939,44,MONTANA,MT,US,STATE,68,CASES
1939,45,MONTANA,MT,US,STATE,8,CASES
1939,46,MONTANA,MT,US,STATE,206,CASES
1939,47,MONTANA,MT,US,STATE,16,CASES
1939,48,MONTANA,MT,US,STATE,84,CASES
1939,49,MONTANA,MT,US,STATE,178,CASES
1939,50,MONTANA,MT,US,STATE,75,CASES
1939,51,MONTANA,MT,US,STATE,14,CASES
1939,52,MONTANA,MT,US,STATE,56,CASES
1940,1,MONTANA,MT,US,STATE,15,CASES
1940,2,MONTANA,MT,US,STATE,11,CASES
1940,3,MONTANA,MT,US,STATE,12,CASES
1940,4,MONTANA,MT,US,STATE,32,CASES
1940,5,MONTANA,MT,US,STATE,63,CASES
1940,6,MONTANA,MT,US,STATE,28,CASES
1940,7,MONTANA,MT,US,STATE,38,CASES
1940,8,MONTANA,MT,US,STATE,33,CASES
1940,9,MONTANA,MT,US,STATE,22,CASES
1940,10,MONTANA,MT,US,STATE,28,CASES
1940,11,MONTANA,MT,US,STATE,31,CASES
1940,12,MONTANA,MT,US,STATE,20,CASES
1940,13,MONTANA,MT,US,STATE,35,CASES
1940,14,MONTANA,MT,US,STATE,16,CASES
1940,15,MONTANA,MT,US,STATE,23,CASES
1940,16,MONTANA,MT,US,STATE,25,CASES
1940,17,MONTANA,MT,US,STATE,40,CASES
1940,19,MONTANA,MT,US,STATE,57,CASES
1940,20,MONTANA,MT,US,STATE,78,CASES
1940,21,MONTANA,MT,US,STATE,81,CASES
1940,22,MONTANA,MT,US,STATE,31,CASES
1940,23,MONTANA,MT,US,STATE,86,CASES
1940,24,MONTANA,MT,US,STATE,50,CASES
1940,25,MONTANA,MT,US,STATE,49,CASES
1940,26,MONTANA,MT,US,STATE,31,CASES
1940,27,MONTANA,MT,US,STATE,31,CASES
1940,28,MONTANA,MT,US,STATE,22,CASES
1940,29,MONTANA,MT,US,STATE,7,CASES
1940,30,MONTANA,MT,US,STATE,11,CASES
1940,31,MONTANA,MT,US,STATE,17,CASES
1940,32,MONTANA,MT,US,STATE,8,CASES
1940,34,MONTANA,MT,US,STATE,5,CASES
1940,35,MONTANA,MT,US,STATE,9,CASES
1940,36,MONTANA,MT,US,STATE,4,CASES
1940,37,MONTANA,MT,US,STATE,3,CASES
1940,39,MONTANA,MT,US,STATE,16,CASES
1940,40,MONTANA,MT,US,STATE,33,CASES
1940,41,MONTANA,MT,US,STATE,17,CASES
1940,42,MONTANA,MT,US,STATE,14,CASES
1940,43,MONTANA,MT,US,STATE,7,CASES
1940,44,MONTANA,MT,US,STATE,3,CASES
1940,45,MONTANA,MT,US,STATE,1,CASES
1940,46,MONTANA,MT,US,STATE,0,CASES
1940,47,MONTANA,MT,US,STATE,4,CASES
1940,48,MONTANA,MT,US,STATE,4,CASES
1940,49,MONTANA,MT,US,STATE,6,CASES
1940,50,MONTANA,MT,US,STATE,4,CASES
1940,52,MONTANA,MT,US,STATE,3,CASES
1941,1,MONTANA,MT,US,STATE,2,CASES
1941,2,MONTANA,MT,US,STATE,7,CASES
1941,3,MONTANA,MT,US,STATE,5,CASES
1941,4,MONTANA,MT,US,STATE,3,CASES
1941,5,MONTANA,MT,US,STATE,4,CASES
1941,6,MONTANA,MT,US,STATE,8,CASES
1941,7,MONTANA,MT,US,STATE,6,CASES
1941,9,MONTANA,MT,US,STATE,9,CASES
1941,10,MONTANA,MT,US,STATE,1,CASES
1941,11,MONTANA,MT,US,STATE,5,CASES
1941,12,MONTANA,MT,US,STATE,9,CASES
1941,13,MONTANA,MT,US,STATE,44,CASES
1941,14,MONTANA,MT,US,STATE,17,CASES
1941,15,MONTANA,MT,US,STATE,74,CASES
1941,17,MONTANA,MT,US,STATE,30,CASES
1941,18,MONTANA,MT,US,STATE,51,CASES
1941,19,MONTANA,MT,US,STATE,35,CASES
1941,20,MONTANA,MT,US,STATE,36,CASES
1941,21,MONTANA,MT,US,STATE,63,CASES
1941,22,MONTANA,MT,US,STATE,24,CASES
1941,23,MONTANA,MT,US,STATE,40,CASES
1941,24,MONTANA,MT,US,STATE,26,CASES
1941,25,MONTANA,MT,US,STATE,9,CASES
1941,26,MONTANA,MT,US,STATE,6,CASES
1941,27,MONTANA,MT,US,STATE,7,CASES
1941,28,MONTANA,MT,US,STATE,21,CASES
1941,29,MONTANA,MT,US,STATE,6,CASES
1941,30,MONTANA,MT,US,STATE,3,CASES
1941,31,MONTANA,MT,US,STATE,0,CASES
1941,32,MONTANA,MT,US,STATE,1,CASES
1941,34,MONTANA,MT,US,STATE,3,CASES
1941,35,MONTANA,MT,US,STATE,3,CASES
1941,36,MONTANA,MT,US,STATE,2,CASES
1941,37,MONTANA,MT,US,STATE,3,CASES
1941,38,MONTANA,MT,US,STATE,3,CASES
1941,39,MONTANA,MT,US,STATE,14,CASES
1941,40,MONTANA,MT,US,STATE,3,CASES
1941,41,MONTANA,MT,US,STATE,11,CASES
1941,42,MONTANA,MT,US,STATE,3,CASES
1941,44,MONTANA,MT,US,STATE,19,CASES
1941,45,MONTANA,MT,US,STATE,15,CASES
1941,46,MONTANA,MT,US,STATE,9,CASES
1941,47,MONTANA,MT,US,STATE,26,CASES
1941,48,MONTANA,MT,US,STATE,25,CASES
1941,49,MONTANA,MT,US,STATE,52,CASES
1941,50,MONTANA,MT,US,STATE,28,CASES
1941,51,MONTANA,MT,US,STATE,80,CASES
1941,52,MONTANA,MT,US,STATE,41,CASES
1941,53,MONTANA,MT,US,STATE,41,CASES
1942,1,MONTANA,MT,US,STATE,52,CASES
1942,2,MONTANA,MT,US,STATE,59,CASES
1942,3,MONTANA,MT,US,STATE,54,CASES
1942,4,MONTANA,MT,US,STATE,77,CASES
1942,5,MONTANA,MT,US,STATE,168,CASES
1942,6,MONTANA,MT,US,STATE,96,CASES
1942,7,MONTANA,MT,US,STATE,168,CASES
1942,8,MONTANA,MT,US,STATE,125,CASES
1942,10,MONTANA,MT,US,STATE,80,CASES
1942,11,MONTANA,MT,US,STATE,87,CASES
1942,12,MONTANA,MT,US,STATE,53,CASES
1942,13,MONTANA,MT,US,STATE,150,CASES
1942,14,MONTANA,MT,US,STATE,76,CASES
1942,15,MONTANA,MT,US,STATE,106,CASES
1942,16,MONTANA,MT,US,STATE,158,CASES
1942,17,MONTANA,MT,US,STATE,158,CASES
1942,18,MONTANA,MT,US,STATE,81,CASES
1942,19,MONTANA,MT,US,STATE,207,CASES
1942,20,MONTANA,MT,US,STATE,113,CASES
1942,21,MONTANA,MT,US,STATE,145,CASES
1942,22,MONTANA,MT,US,STATE,88,CASES
1942,23,MONTANA,MT,US,STATE,148,CASES
1942,24,MONTANA,MT,US,STATE,70,CASES
1942,25,MONTANA,MT,US,STATE,74,CASES
1942,26,MONTANA,MT,US,STATE,35,CASES
1942,27,MONTANA,MT,US,STATE,44,CASES
1942,28,MONTANA,MT,US,STATE,31,CASES
1942,29,MONTANA,MT,US,STATE,25,CASES
1942,30,MONTANA,MT,US,STATE,18,CASES
1942,31,MONTANA,MT,US,STATE,19,CASES
1942,32,MONTANA,MT,US,STATE,3,CASES
1942,33,MONTANA,MT,US,STATE,11,CASES
1942,34,MONTANA,MT,US,STATE,9,CASES
1942,35,MONTANA,MT,US,STATE,10,CASES
1942,36,MONTANA,MT,US,STATE,2,CASES
1942,37,MONTANA,MT,US,STATE,0,CASES
1942,38,MONTANA,MT,US,STATE,3,CASES
1942,39,MONTANA,MT,US,STATE,1,CASES
1942,40,MONTANA,MT,US,STATE,6,CASES
1942,42,MONTANA,MT,US,STATE,3,CASES
1942,43,MONTANA,MT,US,STATE,9,CASES
1942,44,MONTANA,MT,US,STATE,11,CASES
1942,45,MONTANA,MT,US,STATE,4,CASES
1942,46,MONTANA,MT,US,STATE,7,CASES
1942,47,MONTANA,MT,US,STATE,13,CASES
1942,48,MONTANA,MT,US,STATE,15,CASES
1942,49,MONTANA,MT,US,STATE,95,CASES
1942,50,MONTANA,MT,US,STATE,75,CASES
1942,51,MONTANA,MT,US,STATE,26,CASES
1942,52,MONTANA,MT,US,STATE,69,CASES
1943,1,MONTANA,MT,US,STATE,38,CASES
1943,2,MONTANA,MT,US,STATE,26,CASES
1943,3,MONTANA,MT,US,STATE,54,CASES
1943,4,MONTANA,MT,US,STATE,84,CASES
1943,5,MONTANA,MT,US,STATE,163,CASES
1943,6,MONTANA,MT,US,STATE,160,CASES
1943,7,MONTANA,MT,US,STATE,248,CASES
1943,8,MONTANA,MT,US,STATE,129,CASES
1943,9,MONTANA,MT,US,STATE,162,CASES
1943,10,MONTANA,MT,US,STATE,204,CASES
1943,11,MONTANA,MT,US,STATE,343,CASES
1943,12,MONTANA,MT,US,STATE,320,CASES
1943,13,MONTANA,MT,US,STATE,374,CASES
1943,14,MONTANA,MT,US,STATE,295,CASES
1943,15,MONTANA,MT,US,STATE,197,CASES
1943,16,MONTANA,MT,US,STATE,251,CASES
1943,17,MONTANA,MT,US,STATE,197,CASES
1943,18,MONTANA,MT,US,STATE,145,CASES
1943,19,MONTANA,MT,US,STATE,134,CASES
1943,20,MONTANA,MT,US,STATE,175,CASES
1943,21,MONTANA,MT,US,STATE,258,CASES
1943,23,MONTANA,MT,US,STATE,110,CASES
1943,24,MONTANA,MT,US,STATE,115,CASES
1943,25,MONTANA,MT,US,STATE,121,CASES
1943,26,MONTANA,MT,US,STATE,96,CASES
1943,27,MONTANA,MT,US,STATE,69,CASES
1943,28,MONTANA,MT,US,STATE,45,CASES
1943,30,MONTANA,MT,US,STATE,49,CASES
1943,31,MONTANA,MT,US,STATE,28,CASES
1943,32,MONTANA,MT,US,STATE,36,CASES
1943,33,MONTANA,MT,US,STATE,21,CASES
1943,34,MONTANA,MT,US,STATE,22,CASES
1943,35,MONTANA,MT,US,STATE,24,CASES
1943,36,MONTANA,MT,US,STATE,13,CASES
1943,38,MONTANA,MT,US,STATE,17,CASES
1943,39,MONTANA,MT,US,STATE,51,CASES
1943,40,MONTANA,MT,US,STATE,37,CASES
1943,41,MONTANA,MT,US,STATE,52,CASES
1943,42,MONTANA,MT,US,STATE,55,CASES
1943,43,MONTANA,MT,US,STATE,70,CASES
1943,44,MONTANA,MT,US,STATE,57,CASES
1943,45,MONTANA,MT,US,STATE,78,CASES
1943,46,MONTANA,MT,US,STATE,85,CASES
1943,48,MONTANA,MT,US,STATE,112,CASES
1943,49,MONTANA,MT,US,STATE,103,CASES
1943,51,MONTANA,MT,US,STATE,126,CASES
1943,52,MONTANA,MT,US,STATE,134,CASES
1944,2,MONTANA,MT,US,STATE,145,CASES
1944,3,MONTANA,MT,US,STATE,297,CASES
1944,4,MONTANA,MT,US,STATE,246,CASES
1944,5,MONTANA,MT,US,STATE,218,CASES
1944,7,MONTANA,MT,US,STATE,253,CASES
1944,8,MONTANA,MT,US,STATE,208,CASES
1944,9,MONTANA,MT,US,STATE,186,CASES
1944,10,MONTANA,MT,US,STATE,172,CASES
1944,11,MONTANA,MT,US,STATE,105,CASES
1944,12,MONTANA,MT,US,STATE,194,CASES
1944,13,MONTANA,MT,US,STATE,262,CASES
1944,14,MONTANA,MT,US,STATE,116,CASES
1944,15,MONTANA,MT,US,STATE,124,CASES
1944,16,MONTANA,MT,US,STATE,132,CASES
1944,18,MONTANA,MT,US,STATE,105,CASES
1944,19,MONTANA,MT,US,STATE,118,CASES
1944,20,MONTANA,MT,US,STATE,118,CASES
1944,21,MONTANA,MT,US,STATE,74,CASES
1944,22,MONTANA,MT,US,STATE,74,CASES
1944,23,MONTANA,MT,US,STATE,43,CASES
1944,24,MONTANA,MT,US,STATE,38,CASES
1944,26,MONTANA,MT,US,STATE,15,CASES
1944,27,MONTANA,MT,US,STATE,8,CASES
1944,28,MONTANA,MT,US,STATE,4,CASES
1944,29,MONTANA,MT,US,STATE,3,CASES
1944,30,MONTANA,MT,US,STATE,1,CASES
1944,31,MONTANA,MT,US,STATE,2,CASES
1944,32,MONTANA,MT,US,STATE,1,CASES
1944,33,MONTANA,MT,US,STATE,0,CASES
1944,34,MONTANA,MT,US,STATE,1,CASES
1944,35,MONTANA,MT,US,STATE,0,CASES
1944,36,MONTANA,MT,US,STATE,0,CASES
1944,37,MONTANA,MT,US,STATE,2,CASES
1944,38,MONTANA,MT,US,STATE,2,CASES
1944,39,MONTANA,MT,US,STATE,1,CASES
1944,40,MONTANA,MT,US,STATE,2,CASES
1944,41,MONTANA,MT,US,STATE,2,CASES
1944,42,MONTANA,MT,US,STATE,4,CASES
1944,43,MONTANA,MT,US,STATE,2,CASES
1944,44,MONTANA,MT,US,STATE,2,CASES
1944,45,MONTANA,MT,US,STATE,2,CASES
1944,46,MONTANA,MT,US,STATE,3,CASES
1944,47,MONTANA,MT,US,STATE,1,CASES
1944,49,MONTANA,MT,US,STATE,3,CASES
1944,50,MONTANA,MT,US,STATE,1,CASES
1944,51,MONTANA,MT,US,STATE,1,CASES
1944,52,MONTANA,MT,US,STATE,3,CASES
1945,1,MONTANA,MT,US,STATE,2,CASES
1945,2,MONTANA,MT,US,STATE,5,CASES
1945,3,MONTANA,MT,US,STATE,2,CASES
1945,4,MONTANA,MT,US,STATE,5,CASES
1945,5,MONTANA,MT,US,STATE,4,CASES
1945,6,MONTANA,MT,US,STATE,6,CASES
1945,7,MONTANA,MT,US,STATE,8,CASES
1945,8,MONTANA,MT,US,STATE,12,CASES
1945,9,MONTANA,MT,US,STATE,6,CASES
1945,10,MONTANA,MT,US,STATE,1,CASES
1945,11,MONTANA,MT,US,STATE,17,CASES
1945,12,MONTANA,MT,US,STATE,11,CASES
1945,13,MONTANA,MT,US,STATE,10,CASES
1945,14,MONTANA,MT,US,STATE,16,CASES
1945,15,MONTANA,MT,US,STATE,17,CASES
1945,16,MONTANA,MT,US,STATE,13,CASES
1945,17,MONTANA,MT,US,STATE,14,CASES
1945,18,MONTANA,MT,US,STATE,14,CASES
1945,19,MONTANA,MT,US,STATE,19,CASES
1945,20,MONTANA,MT,US,STATE,8,CASES
1945,21,MONTANA,MT,US,STATE,16,CASES
1945,22,MONTANA,MT,US,STATE,7,CASES
1945,23,MONTANA,MT,US,STATE,7,CASES
1945,24,MONTANA,MT,US,STATE,4,CASES
1945,25,MONTANA,MT,US,STATE,5,CASES
1945,26,MONTANA,MT,US,STATE,4,CASES
1945,27,MONTANA,MT,US,STATE,3,CASES
1945,28,MONTANA,MT,US,STATE,4,CASES
1945,30,MONTANA,MT,US,STATE,1,CASES
1945,31,MONTANA,MT,US,STATE,2,CASES
1945,32,MONTANA,MT,US,STATE,9,CASES
1945,33,MONTANA,MT,US,STATE,3,CASES
1945,34,MONTANA,MT,US,STATE,2,CASES
1945,35,MONTANA,MT,US,STATE,24,CASES
1945,36,MONTANA,MT,US,STATE,0,CASES
1945,37,MONTANA,MT,US,STATE,6,CASES
1945,38,MONTANA,MT,US,STATE,18,CASES
1945,39,MONTANA,MT,US,STATE,63,CASES
1945,40,MONTANA,MT,US,STATE,45,CASES
1945,41,MONTANA,MT,US,STATE,15,CASES
1945,42,MONTANA,MT,US,STATE,22,CASES
1945,43,MONTANA,MT,US,STATE,17,CASES
1945,44,MONTANA,MT,US,STATE,17,CASES
1945,45,MONTANA,MT,US,STATE,30,CASES
1945,46,MONTANA,MT,US,STATE,10,CASES
1945,49,MONTANA,MT,US,STATE,6,CASES
1945,51,MONTANA,MT,US,STATE,8,CASES
1945,52,MONTANA,MT,US,STATE,2,CASES
1946,1,MONTANA,MT,US,STATE,2,CASES
1946,2,MONTANA,MT,US,STATE,8,CASES
1946,3,MONTANA,MT,US,STATE,13,CASES
1946,4,MONTANA,MT,US,STATE,10,CASES
1946,5,MONTANA,MT,US,STATE,15,CASES
1946,6,MONTANA,MT,US,STATE,55,CASES
1946,7,MONTANA,MT,US,STATE,57,CASES
1946,8,MONTANA,MT,US,STATE,11,CASES
1946,9,MONTANA,MT,US,STATE,11,CASES
1946,10,MONTANA,MT,US,STATE,23,CASES
1946,11,MONTANA,MT,US,STATE,23,CASES
1946,12,MONTANA,MT,US,STATE,26,CASES
1946,13,MONTANA,MT,US,STATE,45,CASES
1946,14,MONTANA,MT,US,STATE,45,CASES
1946,15,MONTANA,MT,US,STATE,123,CASES
1946,16,MONTANA,MT,US,STATE,64,CASES
1946,17,MONTANA,MT,US,STATE,48,CASES
1946,18,MONTANA,MT,US,STATE,54,CASES
1946,19,MONTANA,MT,US,STATE,85,CASES
1946,20,MONTANA,MT,US,STATE,182,CASES
1946,21,MONTANA,MT,US,STATE,93,CASES
1946,22,MONTANA,MT,US,STATE,188,CASES
1946,23,MONTANA,MT,US,STATE,153,CASES
1946,24,MONTANA,MT,US,STATE,104,CASES
1946,25,MONTANA,MT,US,STATE,93,CASES
1946,26,MONTANA,MT,US,STATE,60,CASES
1946,27,MONTANA,MT,US,STATE,61,CASES
1946,28,MONTANA,MT,US,STATE,52,CASES
1946,29,MONTANA,MT,US,STATE,22,CASES
1946,30,MONTANA,MT,US,STATE,36,CASES
1946,31,MONTANA,MT,US,STATE,10,CASES
1946,32,MONTANA,MT,US,STATE,9,CASES
1946,33,MONTANA,MT,US,STATE,32,CASES
1946,34,MONTANA,MT,US,STATE,10,CASES
1946,35,MONTANA,MT,US,STATE,14,CASES
1946,36,MONTANA,MT,US,STATE,16,CASES
1946,37,MONTANA,MT,US,STATE,13,CASES
1946,38,MONTANA,MT,US,STATE,10,CASES
1946,39,MONTANA,MT,US,STATE,3,CASES
1946,40,MONTANA,MT,US,STATE,20,CASES
1946,41,MONTANA,MT,US,STATE,1,CASES
1946,42,MONTANA,MT,US,STATE,5,CASES
1946,43,MONTANA,MT,US,STATE,20,CASES
1946,44,MONTANA,MT,US,STATE,49,CASES
1946,45,MONTANA,MT,US,STATE,18,CASES
1946,46,MONTANA,MT,US,STATE,45,CASES
1946,47,MONTANA,MT,US,STATE,12,CASES
1946,48,MONTANA,MT,US,STATE,30,CASES
1946,49,MONTANA,MT,US,STATE,25,CASES
1946,50,MONTANA,MT,US,STATE,70,CASES
1946,51,MONTANA,MT,US,STATE,48,CASES
1946,52,MONTANA,MT,US,STATE,55,CASES
1947,2,MONTANA,MT,US,STATE,188,CASES
1947,3,MONTANA,MT,US,STATE,135,CASES
1947,4,MONTANA,MT,US,STATE,122,CASES
1947,5,MONTANA,MT,US,STATE,230,CASES
1947,6,MONTANA,MT,US,STATE,233,CASES
1947,7,MONTANA,MT,US,STATE,256,CASES
1947,8,MONTANA,MT,US,STATE,279,CASES
1947,9,MONTANA,MT,US,STATE,188,CASES
1947,10,MONTANA,MT,US,STATE,212,CASES
1947,11,MONTANA,MT,US,STATE,147,CASES
1947,12,MONTANA,MT,US,STATE,136,CASES
1947,13,MONTANA,MT,US,STATE,137,CASES
1947,14,MONTANA,MT,US,STATE,105,CASES
1947,15,MONTANA,MT,US,STATE,162,CASES
1947,16,MONTANA,MT,US,STATE,164,CASES
1947,17,MONTANA,MT,US,STATE,96,CASES
1947,18,MONTANA,MT,US,STATE,140,CASES
1947,19,MONTANA,MT,US,STATE,99,CASES
1947,20,MONTANA,MT,US,STATE,43,CASES
1947,21,MONTANA,MT,US,STATE,92,CASES
1947,22,MONTANA,MT,US,STATE,50,CASES
1947,23,MONTANA,MT,US,STATE,76,CASES
1947,24,MONTANA,MT,US,STATE,81,CASES
1947,25,MONTANA,MT,US,STATE,91,CASES
1947,26,MONTANA,MT,US,STATE,37,CASES
1947,27,MONTANA,MT,US,STATE,50,CASES
1947,28,MONTANA,MT,US,STATE,29,CASES
1947,29,MONTANA,MT,US,STATE,31,CASES
1947,31,MONTANA,MT,US,STATE,24,CASES
1947,32,MONTANA,MT,US,STATE,15,CASES
1947,33,MONTANA,MT,US,STATE,10,CASES
1947,34,MONTANA,MT,US,STATE,9,CASES
1947,35,MONTANA,MT,US,STATE,5,CASES
1947,36,MONTANA,MT,US,STATE,10,CASES
1947,37,MONTANA,MT,US,STATE,6,CASES
1947,38,MONTANA,MT,US,STATE,9,CASES
1947,39,MONTANA,MT,US,STATE,16,CASES
1947,40,MONTANA,MT,US,STATE,23,CASES
1947,41,MONTANA,MT,US,STATE,21,CASES
1947,42,MONTANA,MT,US,STATE,68,CASES
1947,43,MONTANA,MT,US,STATE,65,CASES
1947,44,MONTANA,MT,US,STATE,40,CASES
1947,45,MONTANA,MT,US,STATE,54,CASES
1947,46,MONTANA,MT,US,STATE,66,CASES
1947,47,MONTANA,MT,US,STATE,91,CASES
1947,48,MONTANA,MT,US,STATE,82,CASES
1947,49,MONTANA,MT,US,STATE,195,CASES
1947,51,MONTANA,MT,US,STATE,113,CASES
1947,53,MONTANA,MT,US,STATE,0,CASES
1948,1,MONTANA,MT,US,STATE,87,CASES
1948,3,MONTANA,MT,US,STATE,97,CASES
1948,4,MONTANA,MT,US,STATE,163,CASES
1948,5,MONTANA,MT,US,STATE,120,CASES
1948,6,MONTANA,MT,US,STATE,166,CASES
1948,7,MONTANA,MT,US,STATE,110,CASES
1948,8,MONTANA,MT,US,STATE,151,CASES
1948,10,MONTANA,MT,US,STATE,100,CASES
1948,11,MONTANA,MT,US,STATE,62,CASES
1948,12,MONTANA,MT,US,STATE,56,CASES
1948,13,MONTANA,MT,US,STATE,39,CASES
1948,14,MONTANA,MT,US,STATE,64,CASES
1948,15,MONTANA,MT,US,STATE,28,CASES
1948,16,MONTANA,MT,US,STATE,74,CASES
1948,17,MONTANA,MT,US,STATE,14,CASES
1948,18,MONTANA,MT,US,STATE,121,CASES
1948,19,MONTANA,MT,US,STATE,82,CASES
1948,21,MONTANA,MT,US,STATE,41,CASES
1948,23,MONTANA,MT,US,STATE,32,CASES
1948,24,MONTANA,MT,US,STATE,32,CASES
1948,25,MONTANA,MT,US,STATE,19,CASES
1948,26,MONTANA,MT,US,STATE,14,CASES
1948,27,MONTANA,MT,US,STATE,8,CASES
1948,31,MONTANA,MT,US,STATE,19,CASES
1948,32,MONTANA,MT,US,STATE,7,CASES
1948,36,MONTANA,MT,US,STATE,1,CASES
1948,37,MONTANA,MT,US,STATE,1,CASES
1948,38,MONTANA,MT,US,STATE,4,CASES
1948,39,MONTANA,MT,US,STATE,4,CASES
1948,40,MONTANA,MT,US,STATE,4,CASES
1948,41,MONTANA,MT,US,STATE,9,CASES
1948,42,MONTANA,MT,US,STATE,13,CASES
1948,43,MONTANA,MT,US,STATE,12,CASES
1948,44,MONTANA,MT,US,STATE,7,CASES
1948,45,MONTANA,MT,US,STATE,3,CASES
1948,46,MONTANA,MT,US,STATE,6,CASES
1948,47,MONTANA,MT,US,STATE,6,CASES
1948,48,MONTANA,MT,US,STATE,11,CASES
1948,49,MONTANA,MT,US,STATE,6,CASES
1948,50,MONTANA,MT,US,STATE,9,CASES
1948,51,MONTANA,MT,US,STATE,9,CASES
1949,1,MONTANA,MT,US,STATE,13,CASES
1949,2,MONTANA,MT,US,STATE,22,CASES
1949,3,MONTANA,MT,US,STATE,33,CASES
1949,4,MONTANA,MT,US,STATE,50,CASES
1949,5,MONTANA,MT,US,STATE,91,CASES
1949,6,MONTANA,MT,US,STATE,42,CASES
1949,7,MONTANA,MT,US,STATE,60,CASES
1949,8,MONTANA,MT,US,STATE,82,CASES
1949,9,MONTANA,MT,US,STATE,34,CASES
1949,10,MONTANA,MT,US,STATE,70,CASES
1949,11,MONTANA,MT,US,STATE,62,CASES
1949,12,MONTANA,MT,US,STATE,14,CASES
1949,13,MONTANA,MT,US,STATE,135,CASES
1949,14,MONTANA,MT,US,STATE,50,CASES
1949,15,MONTANA,MT,US,STATE,49,CASES
1949,16,MONTANA,MT,US,STATE,153,CASES
1949,17,MONTANA,MT,US,STATE,183,CASES
1949,18,MONTANA,MT,US,STATE,161,CASES
1949,19,MONTANA,MT,US,STATE,297,CASES
1949,20,MONTANA,MT,US,STATE,306,CASES
1949,21,MONTANA,MT,US,STATE,362,CASES
1949,22,MONTANA,MT,US,STATE,282,CASES
1949,23,MONTANA,MT,US,STATE,201,CASES
1949,24,MONTANA,MT,US,STATE,140,CASES
1949,25,MONTANA,MT,US,STATE,105,CASES
1949,26,MONTANA,MT,US,STATE,81,CASES
1949,27,MONTANA,MT,US,STATE,41,CASES
1949,28,MONTANA,MT,US,STATE,34,CASES
1949,29,MONTANA,MT,US,STATE,17,CASES
1949,30,MONTANA,MT,US,STATE,43,CASES
1949,31,MONTANA,MT,US,STATE,7,CASES
1949,32,MONTANA,MT,US,STATE,12,CASES
1949,33,MONTANA,MT,US,STATE,18,CASES
1949,34,MONTANA,MT,US,STATE,13,CASES
1949,35,MONTANA,MT,US,STATE,2,CASES
1949,36,MONTANA,MT,US,STATE,7,CASES
1949,37,MONTANA,MT,US,STATE,4,CASES
1949,38,MONTANA,MT,US,STATE,10,CASES
1949,39,MONTANA,MT,US,STATE,22,CASES
1949,40,MONTANA,MT,US,STATE,18,CASES
1949,41,MONTANA,MT,US,STATE,34,CASES
1949,42,MONTANA,MT,US,STATE,32,CASES
1949,43,MONTANA,MT,US,STATE,34,CASES
1949,44,MONTANA,MT,US,STATE,73,CASES
1949,45,MONTANA,MT,US,STATE,45,CASES
1949,46,MONTANA,MT,US,STATE,32,CASES
1949,47,MONTANA,MT,US,STATE,56,CASES
1949,48,MONTANA,MT,US,STATE,40,CASES
1949,49,MONTANA,MT,US,STATE,92,CASES
1949,50,MONTANA,MT,US,STATE,32,CASES
1949,51,MONTANA,MT,US,STATE,29,CASES
1949,52,MONTANA,MT,US,STATE,22,CASES
1950,2,MONTANA,MT,US,STATE,120,CASES
1950,3,MONTANA,MT,US,STATE,67,CASES
1950,4,MONTANA,MT,US,STATE,38,CASES
1950,5,MONTANA,MT,US,STATE,77,CASES
1950,6,MONTANA,MT,US,STATE,26,CASES
1950,7,MONTANA,MT,US,STATE,34,CASES
1950,8,MONTANA,MT,US,STATE,45,CASES
1950,9,MONTANA,MT,US,STATE,124,CASES
1950,10,MONTANA,MT,US,STATE,72,CASES
1950,11,MONTANA,MT,US,STATE,89,CASES
1950,12,MONTANA,MT,US,STATE,132,CASES
1950,13,MONTANA,MT,US,STATE,104,CASES
1950,14,MONTANA,MT,US,STATE,100,CASES
1950,15,MONTANA,MT,US,STATE,86,CASES
1950,16,MONTANA,MT,US,STATE,117,CASES
1950,17,MONTANA,MT,US,STATE,122,CASES
1950,18,MONTANA,MT,US,STATE,86,CASES
1950,18,MONTANA,MT,US,STATE,68,CASES
1950,20,MONTANA,MT,US,STATE,58,CASES
1950,21,MONTANA,MT,US,STATE,56,CASES
1950,22,MONTANA,MT,US,STATE,33,CASES
1950,23,MONTANA,MT,US,STATE,28,CASES
1950,24,MONTANA,MT,US,STATE,16,CASES
1950,25,MONTANA,MT,US,STATE,34,CASES
1950,26,MONTANA,MT,US,STATE,14,CASES
1950,28,MONTANA,MT,US,STATE,4,CASES
1950,29,MONTANA,MT,US,STATE,9,CASES
1950,30,MONTANA,MT,US,STATE,4,CASES
1950,31,MONTANA,MT,US,STATE,1,CASES
1950,32,MONTANA,MT,US,STATE,2,CASES
1950,33,MONTANA,MT,US,STATE,4,CASES
1950,34,MONTANA,MT,US,STATE,2,CASES
1950,35,MONTANA,MT,US,STATE,2,CASES
1950,36,MONTANA,MT,US,STATE,1,CASES
1950,37,MONTANA,MT,US,STATE,3,CASES
1950,38,MONTANA,MT,US,STATE,3,CASES
1950,39,MONTANA,MT,US,STATE,13,CASES
1950,40,MONTANA,MT,US,STATE,1,CASES
1950,41,MONTANA,MT,US,STATE,3,CASES
1950,42,MONTANA,MT,US,STATE,2,CASES
1950,43,MONTANA,MT,US,STATE,4,CASES
1950,44,MONTANA,MT,US,STATE,6,CASES
1950,45,MONTANA,MT,US,STATE,7,CASES
1950,46,MONTANA,MT,US,STATE,5,CASES
1950,47,MONTANA,MT,US,STATE,2,CASES
1950,48,MONTANA,MT,US,STATE,9,CASES
1950,49,MONTANA,MT,US,STATE,21,CASES
1950,50,MONTANA,MT,US,STATE,5,CASES
1950,51,MONTANA,MT,US,STATE,7,CASES
1951,1,MONTANA,MT,US,STATE,7,CASES
1951,2,MONTANA,MT,US,STATE,14,CASES
1951,3,MONTANA,MT,US,STATE,11,CASES
1951,4,MONTANA,MT,US,STATE,16,CASES
1951,5,MONTANA,MT,US,STATE,19,CASES
1951,6,MONTANA,MT,US,STATE,31,CASES
1951,7,MONTANA,MT,US,STATE,38,CASES
1951,8,MONTANA,MT,US,STATE,54,CASES
1951,9,MONTANA,MT,US,STATE,80,CASES
1951,10,MONTANA,MT,US,STATE,47,CASES
1951,11,MONTANA,MT,US,STATE,64,CASES
1951,12,MONTANA,MT,US,STATE,301,CASES
1951,13,MONTANA,MT,US,STATE,72,CASES
1951,14,MONTANA,MT,US,STATE,43,CASES
1951,15,MONTANA,MT,US,STATE,38,CASES
1951,16,MONTANA,MT,US,STATE,36,CASES
1951,17,MONTANA,MT,US,STATE,45,CASES
1951,18,MONTANA,MT,US,STATE,27,CASES
1951,19,MONTANA,MT,US,STATE,72,CASES
1951,20,MONTANA,MT,US,STATE,79,CASES
1951,21,MONTANA,MT,US,STATE,81,CASES
1951,22,MONTANA,MT,US,STATE,96,CASES
1951,23,MONTANA,MT,US,STATE,69,CASES
1951,24,MONTANA,MT,US,STATE,71,CASES
1951,25,MONTANA,MT,US,STATE,94,CASES
1951,26,MONTANA,MT,US,STATE,118,CASES
1951,27,MONTANA,MT,US,STATE,53,CASES
1951,28,MONTANA,MT,US,STATE,68,CASES
1951,29,MONTANA,MT,US,STATE,51,CASES
1951,30,MONTANA,MT,US,STATE,64,CASES
1951,31,MONTANA,MT,US,STATE,41,CASES
1951,32,MONTANA,MT,US,STATE,27,CASES
1951,33,MONTANA,MT,US,STATE,19,CASES
1951,34,MONTANA,MT,US,STATE,16,CASES
1951,35,MONTANA,MT,US,STATE,10,CASES
1951,36,MONTANA,MT,US,STATE,9,CASES
1951,37,MONTANA,MT,US,STATE,22,CASES
1951,38,MONTANA,MT,US,STATE,32,CASES
1951,39,MONTANA,MT,US,STATE,6,CASES
1951,40,MONTANA,MT,US,STATE,83,CASES
1951,41,MONTANA,MT,US,STATE,80,CASES
1951,42,MONTANA,MT,US,STATE,21,CASES
1951,43,MONTANA,MT,US,STATE,35,CASES
1951,44,MONTANA,MT,US,STATE,31,CASES
1951,45,MONTANA,MT,US,STATE,24,CASES
1951,46,MONTANA,MT,US,STATE,45,CASES
1951,47,MONTANA,MT,US,STATE,47,CASES
1951,48,MONTANA,MT,US,STATE,35,CASES
1951,49,MONTANA,MT,US,STATE,41,CASES
1952,1,MONTANA,MT,US,STATE,82,CASES
1951,5,MONTANA,MT,US,STATE,7,CASES
1952,2,MONTANA,MT,US,STATE,81,CASES
1952,3,MONTANA,MT,US,STATE,144,CASES
1952,4,MONTANA,MT,US,STATE,163,CASES
1952,5,MONTANA,MT,US,STATE,53,CASES
1952,6,MONTANA,MT,US,STATE,61,CASES
1952,7,MONTANA,MT,US,STATE,111,CASES
1952,8,MONTANA,MT,US,STATE,101,CASES
1952,10,MONTANA,MT,US,STATE,146,CASES
1952,11,MONTANA,MT,US,STATE,66,CASES
1952,12,MONTANA,MT,US,STATE,113,CASES
1952,13,MONTANA,MT,US,STATE,166,CASES
1952,14,MONTANA,MT,US,STATE,78,CASES
1952,15,MONTANA,MT,US,STATE,74,CASES
1952,16,MONTANA,MT,US,STATE,124,CASES
1952,17,MONTANA,MT,US,STATE,298,CASES
1952,19,MONTANA,MT,US,STATE,63,CASES
1952,20,MONTANA,MT,US,STATE,470,CASES
1952,21,MONTANA,MT,US,STATE,353,CASES
1952,22,MONTANA,MT,US,STATE,114,CASES
1952,19,MONTANA,MT,US,STATE,127,CASES
1952,24,MONTANA,MT,US,STATE,64,CASES
1952,25,MONTANA,MT,US,STATE,77,CASES
1952,26,MONTANA,MT,US,STATE,49,CASES
1952,27,MONTANA,MT,US,STATE,40,CASES
1952,28,MONTANA,MT,US,STATE,57,CASES
1952,29,MONTANA,MT,US,STATE,67,CASES
1952,30,MONTANA,MT,US,STATE,12,CASES
1952,31,MONTANA,MT,US,STATE,22,CASES
1952,32,MONTANA,MT,US,STATE,24,CASES
1952,33,MONTANA,MT,US,STATE,19,CASES
1952,34,MONTANA,MT,US,STATE,20,CASES
1952,35,MONTANA,MT,US,STATE,30,CASES
1952,36,MONTANA,MT,US,STATE,4,CASES
1952,37,MONTANA,MT,US,STATE,45,CASES
1952,38,MONTANA,MT,US,STATE,21,CASES
1952,39,MONTANA,MT,US,STATE,28,CASES
1952,40,MONTANA,MT,US,STATE,3,CASES
1952,41,MONTANA,MT,US,STATE,45,CASES
1952,42,MONTANA,MT,US,STATE,20,CASES
1952,43,MONTANA,MT,US,STATE,12,CASES
1952,44,MONTANA,MT,US,STATE,69,CASES
1952,45,MONTANA,MT,US,STATE,27,CASES
1952,46,MONTANA,MT,US,STATE,45,CASES
1952,47,MONTANA,MT,US,STATE,49,CASES
1952,48,MONTANA,MT,US,STATE,25,CASES
1952,49,MONTANA,MT,US,STATE,86,CASES
1952,50,MONTANA,MT,US,STATE,39,CASES
1952,51,MONTANA,MT,US,STATE,39,CASES
1952,52,MONTANA,MT,US,STATE,58,CASES
1953,1,MONTANA,MT,US,STATE,3,CASES
1953,3,MONTANA,MT,US,STATE,61,CASES
1952,53,MONTANA,MT,US,STATE,144,CASES
1953,4,MONTANA,MT,US,STATE,28,CASES
1952,53,MONTANA,MT,US,STATE,163,CASES
1953,5,MONTANA,MT,US,STATE,231,CASES
1953,6,MONTANA,MT,US,STATE,148,CASES
1953,7,MONTANA,MT,US,STATE,142,CASES
1953,8,MONTANA,MT,US,STATE,105,CASES
1953,9,MONTANA,MT,US,STATE,79,CASES
1953,10,MONTANA,MT,US,STATE,93,CASES
1953,11,MONTANA,MT,US,STATE,68,CASES
1953,12,MONTANA,MT,US,STATE,86,CASES
1953,13,MONTANA,MT,US,STATE,106,CASES
1953,14,MONTANA,MT,US,STATE,107,CASES
1953,15,MONTANA,MT,US,STATE,65,CASES
1953,16,MONTANA,MT,US,STATE,81,CASES
1953,17,MONTANA,MT,US,STATE,96,CASES
1953,18,MONTANA,MT,US,STATE,32,CASES
1953,19,MONTANA,MT,US,STATE,226,CASES
1953,20,MONTANA,MT,US,STATE,92,CASES
1953,21,MONTANA,MT,US,STATE,91,CASES
1953,22,MONTANA,MT,US,STATE,31,CASES
1953,23,MONTANA,MT,US,STATE,56,CASES
1953,24,MONTANA,MT,US,STATE,69,CASES
1953,25,MONTANA,MT,US,STATE,45,CASES
1953,26,MONTANA,MT,US,STATE,73,CASES
1953,27,MONTANA,MT,US,STATE,17,CASES
1953,28,MONTANA,MT,US,STATE,10,CASES
1953,29,MONTANA,MT,US,STATE,5,CASES
1953,30,MONTANA,MT,US,STATE,10,CASES
1953,31,MONTANA,MT,US,STATE,10,CASES
1953,32,MONTANA,MT,US,STATE,10,CASES
1953,33,MONTANA,MT,US,STATE,3,CASES
1953,34,MONTANA,MT,US,STATE,7,CASES
1953,35,MONTANA,MT,US,STATE,6,CASES
1953,36,MONTANA,MT,US,STATE,2,CASES
1953,37,MONTANA,MT,US,STATE,4,CASES
1953,38,MONTANA,MT,US,STATE,8,CASES
1953,39,MONTANA,MT,US,STATE,8,CASES
1953,40,MONTANA,MT,US,STATE,12,CASES
1953,41,MONTANA,MT,US,STATE,109,CASES
1953,42,MONTANA,MT,US,STATE,88,CASES
1953,43,MONTANA,MT,US,STATE,49,CASES
1953,44,MONTANA,MT,US,STATE,13,CASES
1953,45,MONTANA,MT,US,STATE,68,CASES
1953,46,MONTANA,MT,US,STATE,16,CASES
1953,48,MONTANA,MT,US,STATE,178,CASES
1953,49,MONTANA,MT,US,STATE,121,CASES
1953,50,MONTANA,MT,US,STATE,72,CASES
1954,1,MONTANA,MT,US,STATE,224,CASES
1954,2,MONTANA,MT,US,STATE,104,CASES
1954,3,MONTANA,MT,US,STATE,97,CASES
1954,4,MONTANA,MT,US,STATE,56,CASES
1954,5,MONTANA,MT,US,STATE,150,CASES
1954,6,MONTANA,MT,US,STATE,99,CASES
1954,7,MONTANA,MT,US,STATE,166,CASES
1954,8,MONTANA,MT,US,STATE,129,CASES
1954,9,MONTANA,MT,US,STATE,84,CASES
1954,10,MONTANA,MT,US,STATE,63,CASES
1954,11,MONTANA,MT,US,STATE,117,CASES
1954,12,MONTANA,MT,US,STATE,87,CASES
1954,13,MONTANA,MT,US,STATE,137,CASES
1954,14,MONTANA,MT,US,STATE,71,CASES
1954,15,MONTANA,MT,US,STATE,53,CASES
1954,16,MONTANA,MT,US,STATE,98,CASES
1954,17,MONTANA,MT,US,STATE,61,CASES
1954,18,MONTANA,MT,US,STATE,297,CASES
1954,19,MONTANA,MT,US,STATE,280,CASES
1954,20,MONTANA,MT,US,STATE,418,CASES
1954,21,MONTANA,MT,US,STATE,250,CASES
1954,22,MONTANA,MT,US,STATE,270,CASES
1954,23,MONTANA,MT,US,STATE,360,CASES
1954,24,MONTANA,MT,US,STATE,258,CASES
1954,25,MONTANA,MT,US,STATE,207,CASES
1954,26,MONTANA,MT,US,STATE,90,CASES
1954,27,MONTANA,MT,US,STATE,165,CASES
1954,28,MONTANA,MT,US,STATE,40,CASES
1954,29,MONTANA,MT,US,STATE,82,CASES
1954,30,MONTANA,MT,US,STATE,50,CASES
1954,31,MONTANA,MT,US,STATE,25,CASES
1954,32,MONTANA,MT,US,STATE,12,CASES
1954,33,MONTANA,MT,US,STATE,1,CASES
1954,34,MONTANA,MT,US,STATE,13,CASES
1954,36,MONTANA,MT,US,STATE,4,CASES
1954,37,MONTANA,MT,US,STATE,17,CASES
1954,38,MONTANA,MT,US,STATE,10,CASES
1954,40,MONTANA,MT,US,STATE,5,CASES
1954,41,MONTANA,MT,US,STATE,3,CASES
1954,42,MONTANA,MT,US,STATE,1,CASES
1954,43,MONTANA,MT,US,STATE,2,CASES
1954,44,MONTANA,MT,US,STATE,4,CASES
1954,45,MONTANA,MT,US,STATE,1,CASES
1954,47,MONTANA,MT,US,STATE,1,CASES
1954,48,MONTANA,MT,US,STATE,2,CASES
1954,49,MONTANA,MT,US,STATE,1,CASES
1954,50,MONTANA,MT,US,STATE,1,CASES
1954,52,MONTANA,MT,US,STATE,14,CASES
1955,1,MONTANA,MT,US,STATE,18,CASES
1955,2,MONTANA,MT,US,STATE,31,CASES
1955,3,MONTANA,MT,US,STATE,24,CASES
1955,4,MONTANA,MT,US,STATE,4,CASES
1955,5,MONTANA,MT,US,STATE,13,CASES
1955,6,MONTANA,MT,US,STATE,5,CASES
1955,8,MONTANA,MT,US,STATE,27,CASES
1955,9,MONTANA,MT,US,STATE,5,CASES
1955,10,MONTANA,MT,US,STATE,11,CASES
1955,11,MONTANA,MT,US,STATE,3,CASES
1955,12,MONTANA,MT,US,STATE,8,CASES
1955,13,MONTANA,MT,US,STATE,2,CASES
1955,14,MONTANA,MT,US,STATE,65,CASES
1955,15,MONTANA,MT,US,STATE,26,CASES
1955,16,MONTANA,MT,US,STATE,18,CASES
1955,17,MONTANA,MT,US,STATE,25,CASES
1955,18,MONTANA,MT,US,STATE,29,CASES
1955,19,MONTANA,MT,US,STATE,44,CASES
1955,20,MONTANA,MT,US,STATE,68,CASES
1955,21,MONTANA,MT,US,STATE,64,CASES
1955,22,MONTANA,MT,US,STATE,66,CASES
1955,23,MONTANA,MT,US,STATE,157,CASES
1955,24,MONTANA,MT,US,STATE,132,CASES
1955,25,MONTANA,MT,US,STATE,63,CASES
1955,27,MONTANA,MT,US,STATE,96,CASES
1955,28,MONTANA,MT,US,STATE,131,CASES
1955,29,MONTANA,MT,US,STATE,84,CASES
1955,30,MONTANA,MT,US,STATE,111,CASES
1955,31,MONTANA,MT,US,STATE,20,CASES
1955,32,MONTANA,MT,US,STATE,42,CASES
1955,33,MONTANA,MT,US,STATE,62,CASES
1955,34,MONTANA,MT,US,STATE,39,CASES
1955,36,MONTANA,MT,US,STATE,14,CASES
1955,37,MONTANA,MT,US,STATE,13,CASES
1955,38,MONTANA,MT,US,STATE,17,CASES
1955,39,MONTANA,MT,US,STATE,45,CASES
1955,40,MONTANA,MT,US,STATE,7,CASES
1955,41,MONTANA,MT,US,STATE,46,CASES
1955,42,MONTANA,MT,US,STATE,75,CASES
1955,43,MONTANA,MT,US,STATE,173,CASES
1955,44,MONTANA,MT,US,STATE,127,CASES
1955,45,MONTANA,MT,US,STATE,179,CASES
1955,46,MONTANA,MT,US,STATE,54,CASES
1955,47,MONTANA,MT,US,STATE,113,CASES
1955,48,MONTANA,MT,US,STATE,82,CASES
1955,49,MONTANA,MT,US,STATE,91,CASES
1955,51,MONTANA,MT,US,STATE,180,CASES
1955,52,MONTANA,MT,US,STATE,173,CASES
1956,1,MONTANA,MT,US,STATE,106,CASES
1956,2,MONTANA,MT,US,STATE,140,CASES
1956,3,MONTANA,MT,US,STATE,126,CASES
1956,4,MONTANA,MT,US,STATE,280,CASES
1956,5,MONTANA,MT,US,STATE,210,CASES
1956,6,MONTANA,MT,US,STATE,226,CASES
1956,7,MONTANA,MT,US,STATE,207,CASES
1956,8,MONTANA,MT,US,STATE,253,CASES
1956,9,MONTANA,MT,US,STATE,247,CASES
1956,10,MONTANA,MT,US,STATE,328,CASES
1956,11,MONTANA,MT,US,STATE,389,CASES
1956,12,MONTANA,MT,US,STATE,519,CASES
1956,14,MONTANA,MT,US,STATE,340,CASES
1956,15,MONTANA,MT,US,STATE,333,CASES
1956,16,MONTANA,MT,US,STATE,214,CASES
1956,17,MONTANA,MT,US,STATE,271,CASES
1956,18,MONTANA,MT,US,STATE,268,CASES
1956,19,MONTANA,MT,US,STATE,165,CASES
1956,20,MONTANA,MT,US,STATE,353,CASES
1956,21,MONTANA,MT,US,STATE,265,CASES
1956,22,MONTANA,MT,US,STATE,156,CASES
1956,23,MONTANA,MT,US,STATE,101,CASES
1956,24,MONTANA,MT,US,STATE,134,CASES
1956,25,MONTANA,MT,US,STATE,170,CASES
1956,26,MONTANA,MT,US,STATE,99,CASES
1956,27,MONTANA,MT,US,STATE,91,CASES
1956,28,MONTANA,MT,US,STATE,75,CASES
1956,29,MONTANA,MT,US,STATE,42,CASES
1956,30,MONTANA,MT,US,STATE,33,CASES
1956,31,MONTANA,MT,US,STATE,31,CASES
1956,32,MONTANA,MT,US,STATE,11,CASES
1956,33,MONTANA,MT,US,STATE,5,CASES
1956,34,MONTANA,MT,US,STATE,5,CASES
1956,35,MONTANA,MT,US,STATE,5,CASES
1956,36,MONTANA,MT,US,STATE,8,CASES
1956,37,MONTANA,MT,US,STATE,3,CASES
1956,38,MONTANA,MT,US,STATE,4,CASES
1956,39,MONTANA,MT,US,STATE,7,CASES
1956,40,MONTANA,MT,US,STATE,9,CASES
1956,41,MONTANA,MT,US,STATE,6,CASES
1956,42,MONTANA,MT,US,STATE,20,CASES
1956,43,MONTANA,MT,US,STATE,12,CASES
1956,44,MONTANA,MT,US,STATE,1,CASES
1956,45,MONTANA,MT,US,STATE,32,CASES
1956,46,MONTANA,MT,US,STATE,35,CASES
1956,47,MONTANA,MT,US,STATE,73,CASES
1956,48,MONTANA,MT,US,STATE,40,CASES
1956,49,MONTANA,MT,US,STATE,49,CASES
1956,50,MONTANA,MT,US,STATE,73,CASES
1956,51,MONTANA,MT,US,STATE,66,CASES
1956,52,MONTANA,MT,US,STATE,33,CASES
1957,1,MONTANA,MT,US,STATE,99,CASES
1957,2,MONTANA,MT,US,STATE,79,CASES
1957,3,MONTANA,MT,US,STATE,125,CASES
1957,4,MONTANA,MT,US,STATE,37,CASES
1957,5,MONTANA,MT,US,STATE,67,CASES
1957,6,MONTANA,MT,US,STATE,66,CASES
1957,7,MONTANA,MT,US,STATE,94,CASES
1957,8,MONTANA,MT,US,STATE,92,CASES
1957,9,MONTANA,MT,US,STATE,57,CASES
1957,10,MONTANA,MT,US,STATE,43,CASES
1957,11,MONTANA,MT,US,STATE,28,CASES
1957,12,MONTANA,MT,US,STATE,71,CASES
1957,13,MONTANA,MT,US,STATE,93,CASES
1957,14,MONTANA,MT,US,STATE,22,CASES
1957,15,MONTANA,MT,US,STATE,125,CASES
1957,16,MONTANA,MT,US,STATE,51,CASES
1957,17,MONTANA,MT,US,STATE,42,CASES
1957,18,MONTANA,MT,US,STATE,126,CASES
1957,21,MONTANA,MT,US,STATE,206,CASES
1957,22,MONTANA,MT,US,STATE,83,CASES
1957,23,MONTANA,MT,US,STATE,94,CASES
1957,24,MONTANA,MT,US,STATE,119,CASES
1957,25,MONTANA,MT,US,STATE,81,CASES
1957,26,MONTANA,MT,US,STATE,79,CASES
1957,27,MONTANA,MT,US,STATE,51,CASES
1957,28,MONTANA,MT,US,STATE,41,CASES
1957,29,MONTANA,MT,US,STATE,73,CASES
1957,30,MONTANA,MT,US,STATE,31,CASES
1957,31,MONTANA,MT,US,STATE,69,CASES
1957,32,MONTANA,MT,US,STATE,23,CASES
1957,33,MONTANA,MT,US,STATE,9,CASES
1957,34,MONTANA,MT,US,STATE,39,CASES
1957,35,MONTANA,MT,US,STATE,15,CASES
1957,36,MONTANA,MT,US,STATE,38,CASES
1957,37,MONTANA,MT,US,STATE,57,CASES
1957,38,MONTANA,MT,US,STATE,45,CASES
1957,39,MONTANA,MT,US,STATE,29,CASES
1957,40,MONTANA,MT,US,STATE,21,CASES
1957,41,MONTANA,MT,US,STATE,87,CASES
1957,42,MONTANA,MT,US,STATE,33,CASES
1957,43,MONTANA,MT,US,STATE,107,CASES
1957,44,MONTANA,MT,US,STATE,38,CASES
1957,45,MONTANA,MT,US,STATE,63,CASES
1957,46,MONTANA,MT,US,STATE,43,CASES
1957,47,MONTANA,MT,US,STATE,136,CASES
1957,48,MONTANA,MT,US,STATE,124,CASES
1957,49,MONTANA,MT,US,STATE,176,CASES
1957,50,MONTANA,MT,US,STATE,155,CASES
1957,52,MONTANA,MT,US,STATE,85,CASES
1958,1,MONTANA,MT,US,STATE,75,CASES
1958,2,MONTANA,MT,US,STATE,97,CASES
1958,3,MONTANA,MT,US,STATE,51,CASES
1958,4,MONTANA,MT,US,STATE,93,CASES
1958,5,MONTANA,MT,US,STATE,105,CASES
1958,6,MONTANA,MT,US,STATE,142,CASES
1958,7,MONTANA,MT,US,STATE,132,CASES
1958,8,MONTANA,MT,US,STATE,184,CASES
1958,10,MONTANA,MT,US,STATE,137,CASES
1958,11,MONTANA,MT,US,STATE,151,CASES
1958,12,MONTANA,MT,US,STATE,236,CASES
1958,13,MONTANA,MT,US,STATE,280,CASES
1958,14,MONTANA,MT,US,STATE,198,CASES
1958,15,MONTANA,MT,US,STATE,295,CASES
1958,16,MONTANA,MT,US,STATE,359,CASES
1958,17,MONTANA,MT,US,STATE,418,CASES
1958,18,MONTANA,MT,US,STATE,428,CASES
1958,19,MONTANA,MT,US,STATE,341,CASES
1958,20,MONTANA,MT,US,STATE,218,CASES
1958,21,MONTANA,MT,US,STATE,435,CASES
1958,23,MONTANA,MT,US,STATE,252,CASES
1958,24,MONTANA,MT,US,STATE,200,CASES
1958,26,MONTANA,MT,US,STATE,119,CASES
1958,27,MONTANA,MT,US,STATE,69,CASES
1958,28,MONTANA,MT,US,STATE,67,CASES
1958,29,MONTANA,MT,US,STATE,81,CASES
1958,30,MONTANA,MT,US,STATE,142,CASES
1958,31,MONTANA,MT,US,STATE,39,CASES
1958,32,MONTANA,MT,US,STATE,21,CASES
1958,33,MONTANA,MT,US,STATE,50,CASES
1958,34,MONTANA,MT,US,STATE,7,CASES
1958,36,MONTANA,MT,US,STATE,106,CASES
1958,37,MONTANA,MT,US,STATE,22,CASES
1958,38,MONTANA,MT,US,STATE,13,CASES
1958,39,MONTANA,MT,US,STATE,52,CASES
1958,40,MONTANA,MT,US,STATE,92,CASES
1958,41,MONTANA,MT,US,STATE,72,CASES
1958,42,MONTANA,MT,US,STATE,151,CASES
1958,43,MONTANA,MT,US,STATE,99,CASES
1958,45,MONTANA,MT,US,STATE,152,CASES
1958,46,MONTANA,MT,US,STATE,226,CASES
1958,47,MONTANA,MT,US,STATE,113,CASES
1958,48,MONTANA,MT,US,STATE,225,CASES
1958,50,MONTANA,MT,US,STATE,308,CASES
1958,52,MONTANA,MT,US,STATE,43,CASES
1959,1,MONTANA,MT,US,STATE,232,CASES
1959,2,MONTANA,MT,US,STATE,335,CASES
1959,4,MONTANA,MT,US,STATE,252,CASES
1959,5,MONTANA,MT,US,STATE,277,CASES
1959,6,MONTANA,MT,US,STATE,200,CASES
1959,8,MONTANA,MT,US,STATE,172,CASES
1959,9,MONTANA,MT,US,STATE,408,CASES
1959,10,MONTANA,MT,US,STATE,241,CASES
1959,11,MONTANA,MT,US,STATE,247,CASES
1959,12,MONTANA,MT,US,STATE,120,CASES
1959,13,MONTANA,MT,US,STATE,276,CASES
1959,14,MONTANA,MT,US,STATE,82,CASES
1959,15,MONTANA,MT,US,STATE,91,CASES
1959,17,MONTANA,MT,US,STATE,78,CASES
1959,18,MONTANA,MT,US,STATE,75,CASES
1959,19,MONTANA,MT,US,STATE,115,CASES
1959,20,MONTANA,MT,US,STATE,47,CASES
1959,21,MONTANA,MT,US,STATE,107,CASES
1959,22,MONTANA,MT,US,STATE,81,CASES
1959,23,MONTANA,MT,US,STATE,24,CASES
1959,24,MONTANA,MT,US,STATE,25,CASES
1959,27,MONTANA,MT,US,STATE,29,CASES
1959,28,MONTANA,MT,US,STATE,26,CASES
1959,29,MONTANA,MT,US,STATE,18,CASES
1959,30,MONTANA,MT,US,STATE,20,CASES
1959,31,MONTANA,MT,US,STATE,8,CASES
1959,34,MONTANA,MT,US,STATE,15,CASES
1959,37,MONTANA,MT,US,STATE,7,CASES
1959,38,MONTANA,MT,US,STATE,13,CASES
1959,39,MONTANA,MT,US,STATE,12,CASES
1959,41,MONTANA,MT,US,STATE,19,CASES
1959,43,MONTANA,MT,US,STATE,60,CASES
1959,44,MONTANA,MT,US,STATE,44,CASES
1959,45,MONTANA,MT,US,STATE,73,CASES
1959,46,MONTANA,MT,US,STATE,78,CASES
1959,48,MONTANA,MT,US,STATE,62,CASES
1959,49,MONTANA,MT,US,STATE,69,CASES
1959,50,MONTANA,MT,US,STATE,63,CASES
1959,51,MONTANA,MT,US,STATE,84,CASES
1960,2,MONTANA,MT,US,STATE,80,CASES
1960,3,MONTANA,MT,US,STATE,67,CASES
1960,6,MONTANA,MT,US,STATE,113,CASES
1960,8,MONTANA,MT,US,STATE,47,CASES
1960,9,MONTANA,MT,US,STATE,62,CASES
1960,10,MONTANA,MT,US,STATE,64,CASES
1960,11,MONTANA,MT,US,STATE,41,CASES
1960,12,MONTANA,MT,US,STATE,88,CASES
1960,13,MONTANA,MT,US,STATE,66,CASES
1960,14,MONTANA,MT,US,STATE,93,CASES
1960,16,MONTANA,MT,US,STATE,65,CASES
1960,18,MONTANA,MT,US,STATE,58,CASES
1960,19,MONTANA,MT,US,STATE,74,CASES
1960,20,MONTANA,MT,US,STATE,140,CASES
1960,21,MONTANA,MT,US,STATE,78,CASES
1960,22,MONTANA,MT,US,STATE,74,CASES
1960,23,MONTANA,MT,US,STATE,63,CASES
1960,24,MONTANA,MT,US,STATE,55,CASES
1960,25,MONTANA,MT,US,STATE,78,CASES
1960,26,MONTANA,MT,US,STATE,26,CASES
1960,27,MONTANA,MT,US,STATE,28,CASES
1960,28,MONTANA,MT,US,STATE,22,CASES
1960,29,MONTANA,MT,US,STATE,47,CASES
1960,30,MONTANA,MT,US,STATE,13,CASES
1960,31,MONTANA,MT,US,STATE,43,CASES
1960,32,MONTANA,MT,US,STATE,28,CASES
1960,33,MONTANA,MT,US,STATE,17,CASES
1960,34,MONTANA,MT,US,STATE,4,CASES
1960,35,MONTANA,MT,US,STATE,5,CASES
1960,36,MONTANA,MT,US,STATE,21,CASES
1960,37,MONTANA,MT,US,STATE,16,CASES
1960,38,MONTANA,MT,US,STATE,4,CASES
1960,40,MONTANA,MT,US,STATE,8,CASES
1960,41,MONTANA,MT,US,STATE,10,CASES
1960,42,MONTANA,MT,US,STATE,11,CASES
1960,43,MONTANA,MT,US,STATE,18,CASES
1960,44,MONTANA,MT,US,STATE,20,CASES
1960,45,MONTANA,MT,US,STATE,13,CASES
1960,46,MONTANA,MT,US,STATE,22,CASES
1960,47,MONTANA,MT,US,STATE,25,CASES
1960,48,MONTANA,MT,US,STATE,40,CASES
1960,49,MONTANA,MT,US,STATE,25,CASES
1960,50,MONTANA,MT,US,STATE,189,CASES
1960,51,MONTANA,MT,US,STATE,29,CASES
1960,52,MONTANA,MT,US,STATE,42,CASES
1961,1,MONTANA,MT,US,STATE,42,CASES
1961,2,MONTANA,MT,US,STATE,79,CASES
1961,3,MONTANA,MT,US,STATE,30,CASES
1961,4,MONTANA,MT,US,STATE,49,CASES
1961,5,MONTANA,MT,US,STATE,46,CASES
1961,6,MONTANA,MT,US,STATE,55,CASES
1961,7,MONTANA,MT,US,STATE,28,CASES
1961,8,MONTANA,MT,US,STATE,87,CASES
1961,9,MONTANA,MT,US,STATE,83,CASES
1961,10,MONTANA,MT,US,STATE,68,CASES
1961,11,MONTANA,MT,US,STATE,75,CASES
1961,12,MONTANA,MT,US,STATE,63,CASES
1961,13,MONTANA,MT,US,STATE,75,CASES
1961,14,MONTANA,MT,US,STATE,71,CASES
1961,16,MONTANA,MT,US,STATE,15,CASES
1961,17,MONTANA,MT,US,STATE,35,CASES
1961,18,MONTANA,MT,US,STATE,50,CASES
1961,19,MONTANA,MT,US,STATE,35,CASES
1961,20,MONTANA,MT,US,STATE,56,CASES
1961,21,MONTANA,MT,US,STATE,49,CASES
1961,22,MONTANA,MT,US,STATE,33,CASES
1961,23,MONTANA,MT,US,STATE,40,CASES
1961,24,MONTANA,MT,US,STATE,39,CASES
1961,25,MONTANA,MT,US,STATE,47,CASES
1961,27,MONTANA,MT,US,STATE,64,CASES
1961,28,MONTANA,MT,US,STATE,20,CASES
1961,29,MONTANA,MT,US,STATE,30,CASES
1961,30,MONTANA,MT,US,STATE,38,CASES
1961,31,MONTANA,MT,US,STATE,27,CASES
1961,32,MONTANA,MT,US,STATE,15,CASES
1961,33,MONTANA,MT,US,STATE,17,CASES
1961,36,MONTANA,MT,US,STATE,8,CASES
1961,37,MONTANA,MT,US,STATE,6,CASES
1961,38,MONTANA,MT,US,STATE,24,CASES
1961,39,MONTANA,MT,US,STATE,1,CASES
1961,40,MONTANA,MT,US,STATE,29,CASES
1961,41,MONTANA,MT,US,STATE,43,CASES
1961,44,MONTANA,MT,US,STATE,55,CASES
1961,45,MONTANA,MT,US,STATE,115,CASES
1961,46,MONTANA,MT,US,STATE,100,CASES
1961,48,MONTANA,MT,US,STATE,47,CASES
1961,49,MONTANA,MT,US,STATE,120,CASES
1961,50,MONTANA,MT,US,STATE,161,CASES
1961,51,MONTANA,MT,US,STATE,51,CASES
1961,52,MONTANA,MT,US,STATE,49,CASES
1962,2,MONTANA,MT,US,STATE,131,CASES
1962,3,MONTANA,MT,US,STATE,138,CASES
1962,5,MONTANA,MT,US,STATE,253,CASES
1962,6,MONTANA,MT,US,STATE,213,CASES
1962,7,MONTANA,MT,US,STATE,209,CASES
1962,8,MONTANA,MT,US,STATE,233,CASES
1962,9,MONTANA,MT,US,STATE,223,CASES
1962,10,MONTANA,MT,US,STATE,267,CASES
1962,11,MONTANA,MT,US,STATE,163,CASES
1962,12,MONTANA,MT,US,STATE,490,CASES
1962,13,MONTANA,MT,US,STATE,228,CASES
1962,14,MONTANA,MT,US,STATE,242,CASES
1962,15,MONTANA,MT,US,STATE,369,CASES
1962,16,MONTANA,MT,US,STATE,255,CASES
1962,17,MONTANA,MT,US,STATE,276,CASES
1962,18,MONTANA,MT,US,STATE,480,CASES
1962,19,MONTANA,MT,US,STATE,648,CASES
1962,20,MONTANA,MT,US,STATE,291,CASES
1962,21,MONTANA,MT,US,STATE,348,CASES
1962,22,MONTANA,MT,US,STATE,436,CASES
1962,23,MONTANA,MT,US,STATE,157,CASES
1962,24,MONTANA,MT,US,STATE,208,CASES
1962,25,MONTANA,MT,US,STATE,104,CASES
1962,26,MONTANA,MT,US,STATE,108,CASES
1962,27,MONTANA,MT,US,STATE,136,CASES
1962,28,MONTANA,MT,US,STATE,60,CASES
1962,29,MONTANA,MT,US,STATE,77,CASES
1962,30,MONTANA,MT,US,STATE,34,CASES
1962,31,MONTANA,MT,US,STATE,62,CASES
1962,32,MONTANA,MT,US,STATE,61,CASES
1962,33,MONTANA,MT,US,STATE,33,CASES
1962,34,MONTANA,MT,US,STATE,2,CASES
1962,35,MONTANA,MT,US,STATE,9,CASES
1962,36,MONTANA,MT,US,STATE,44,CASES
1962,37,MONTANA,MT,US,STATE,20,CASES
1962,38,MONTANA,MT,US,STATE,13,CASES
1962,39,MONTANA,MT,US,STATE,15,CASES
1962,40,MONTANA,MT,US,STATE,153,CASES
1962,41,MONTANA,MT,US,STATE,52,CASES
1962,42,MONTANA,MT,US,STATE,62,CASES
1962,43,MONTANA,MT,US,STATE,176,CASES
1962,44,MONTANA,MT,US,STATE,78,CASES
1962,45,MONTANA,MT,US,STATE,25,CASES
1962,46,MONTANA,MT,US,STATE,145,CASES
1962,47,MONTANA,MT,US,STATE,76,CASES
1962,48,MONTANA,MT,US,STATE,54,CASES
1962,49,MONTANA,MT,US,STATE,28,CASES
1962,50,MONTANA,MT,US,STATE,25,CASES
1962,51,MONTANA,MT,US,STATE,124,CASES
1962,52,MONTANA,MT,US,STATE,212,CASES
1963,1,MONTANA,MT,US,STATE,244,CASES
1963,3,MONTANA,MT,US,STATE,221,CASES
1963,4,MONTANA,MT,US,STATE,86,CASES
1963,5,MONTANA,MT,US,STATE,132,CASES
1963,7,MONTANA,MT,US,STATE,64,CASES
1963,8,MONTANA,MT,US,STATE,79,CASES
1963,10,MONTANA,MT,US,STATE,83,CASES
1963,11,MONTANA,MT,US,STATE,125,CASES
1963,13,MONTANA,MT,US,STATE,145,CASES
1963,14,MONTANA,MT,US,STATE,118,CASES
1963,15,MONTANA,MT,US,STATE,94,CASES
1963,16,MONTANA,MT,US,STATE,107,CASES
1963,17,MONTANA,MT,US,STATE,104,CASES
1963,19,MONTANA,MT,US,STATE,53,CASES
1963,20,MONTANA,MT,US,STATE,65,CASES
1963,21,MONTANA,MT,US,STATE,74,CASES
1963,22,MONTANA,MT,US,STATE,36,CASES
1963,23,MONTANA,MT,US,STATE,66,CASES
1963,24,MONTANA,MT,US,STATE,55,CASES
1963,25,MONTANA,MT,US,STATE,57,CASES
1963,26,MONTANA,MT,US,STATE,38,CASES
1963,27,MONTANA,MT,US,STATE,56,CASES
1963,28,MONTANA,MT,US,STATE,57,CASES
1963,29,MONTANA,MT,US,STATE,39,CASES
1963,30,MONTANA,MT,US,STATE,38,CASES
1963,31,MONTANA,MT,US,STATE,26,CASES
1963,32,MONTANA,MT,US,STATE,12,CASES
1963,33,MONTANA,MT,US,STATE,24,CASES
1963,34,MONTANA,MT,US,STATE,25,CASES
1963,35,MONTANA,MT,US,STATE,16,CASES
1963,36,MONTANA,MT,US,STATE,21,CASES
1963,37,MONTANA,MT,US,STATE,19,CASES
1963,38,MONTANA,MT,US,STATE,31,CASES
1963,39,MONTANA,MT,US,STATE,34,CASES
1963,40,MONTANA,MT,US,STATE,17,CASES
1963,41,MONTANA,MT,US,STATE,58,CASES
1963,42,MONTANA,MT,US,STATE,63,CASES
1963,43,MONTANA,MT,US,STATE,55,CASES
1963,44,MONTANA,MT,US,STATE,58,CASES
1963,45,MONTANA,MT,US,STATE,113,CASES
1963,46,MONTANA,MT,US,STATE,89,CASES
1963,47,MONTANA,MT,US,STATE,167,CASES
1963,48,MONTANA,MT,US,STATE,51,CASES
1963,49,MONTANA,MT,US,STATE,29,CASES
1963,50,MONTANA,MT,US,STATE,128,CASES
1963,52,MONTANA,MT,US,STATE,119,CASES
1964,1,MONTANA,MT,US,STATE,55,CASES
1964,2,MONTANA,MT,US,STATE,124,CASES
1964,3,MONTANA,MT,US,STATE,48,CASES
1964,4,MONTANA,MT,US,STATE,41,CASES
1964,5,MONTANA,MT,US,STATE,68,CASES
1964,6,MONTANA,MT,US,STATE,60,CASES
1964,7,MONTANA,MT,US,STATE,66,CASES
1964,8,MONTANA,MT,US,STATE,206,CASES
1964,9,MONTANA,MT,US,STATE,105,CASES
1964,10,MONTANA,MT,US,STATE,102,CASES
1964,11,MONTANA,MT,US,STATE,101,CASES
1964,12,MONTANA,MT,US,STATE,179,CASES
1964,13,MONTANA,MT,US,STATE,71,CASES
1964,14,MONTANA,MT,US,STATE,132,CASES
1964,15,MONTANA,MT,US,STATE,124,CASES
1964,16,MONTANA,MT,US,STATE,92,CASES
1964,17,MONTANA,MT,US,STATE,130,CASES
1964,19,MONTANA,MT,US,STATE,146,CASES
1964,20,MONTANA,MT,US,STATE,104,CASES
1964,21,MONTANA,MT,US,STATE,146,CASES
1964,22,MONTANA,MT,US,STATE,121,CASES
1964,23,MONTANA,MT,US,STATE,78,CASES
1964,24,MONTANA,MT,US,STATE,87,CASES
1964,25,MONTANA,MT,US,STATE,87,CASES
1964,26,MONTANA,MT,US,STATE,66,CASES
1964,27,MONTANA,MT,US,STATE,49,CASES
1964,28,MONTANA,MT,US,STATE,62,CASES
1964,29,MONTANA,MT,US,STATE,66,CASES
1964,30,MONTANA,MT,US,STATE,51,CASES
1964,31,MONTANA,MT,US,STATE,45,CASES
1964,32,MONTANA,MT,US,STATE,44,CASES
1964,33,MONTANA,MT,US,STATE,18,CASES
1964,34,MONTANA,MT,US,STATE,10,CASES
1964,35,MONTANA,MT,US,STATE,10,CASES
1964,36,MONTANA,MT,US,STATE,9,CASES
1964,37,MONTANA,MT,US,STATE,11,CASES
1964,38,MONTANA,MT,US,STATE,11,CASES
1964,39,MONTANA,MT,US,STATE,24,CASES
1964,40,MONTANA,MT,US,STATE,49,CASES
1964,41,MONTANA,MT,US,STATE,38,CASES
1964,42,MONTANA,MT,US,STATE,78,CASES
1964,43,MONTANA,MT,US,STATE,51,CASES
1964,45,MONTANA,MT,US,STATE,177,CASES
1964,46,MONTANA,MT,US,STATE,63,CASES
1964,47,MONTANA,MT,US,STATE,156,CASES
1964,48,MONTANA,MT,US,STATE,46,CASES
1964,49,MONTANA,MT,US,STATE,172,CASES
1964,50,MONTANA,MT,US,STATE,110,CASES
1964,52,MONTANA,MT,US,STATE,203,CASES
1965,1,MONTANA,MT,US,STATE,232,CASES
1965,2,MONTANA,MT,US,STATE,236,CASES
1965,3,MONTANA,MT,US,STATE,102,CASES
1965,4,MONTANA,MT,US,STATE,255,CASES
1965,5,MONTANA,MT,US,STATE,292,CASES
1965,6,MONTANA,MT,US,STATE,135,CASES
1965,7,MONTANA,MT,US,STATE,75,CASES
1965,8,MONTANA,MT,US,STATE,257,CASES
1965,9,MONTANA,MT,US,STATE,162,CASES
1965,10,MONTANA,MT,US,STATE,216,CASES
1965,11,MONTANA,MT,US,STATE,219,CASES
1965,12,MONTANA,MT,US,STATE,135,CASES
1965,13,MONTANA,MT,US,STATE,142,CASES
1965,14,MONTANA,MT,US,STATE,157,CASES
1965,15,MONTANA,MT,US,STATE,90,CASES
1965,16,MONTANA,MT,US,STATE,89,CASES
1965,17,MONTANA,MT,US,STATE,88,CASES
1965,18,MONTANA,MT,US,STATE,54,CASES
1965,19,MONTANA,MT,US,STATE,65,CASES
1965,20,MONTANA,MT,US,STATE,94,CASES
1965,21,MONTANA,MT,US,STATE,75,CASES
1965,22,MONTANA,MT,US,STATE,57,CASES
1965,23,MONTANA,MT,US,STATE,110,CASES
1965,24,MONTANA,MT,US,STATE,72,CASES
1965,25,MONTANA,MT,US,STATE,55,CASES
1965,26,MONTANA,MT,US,STATE,77,CASES
1965,27,MONTANA,MT,US,STATE,42,CASES
1965,28,MONTANA,MT,US,STATE,30,CASES
1965,29,MONTANA,MT,US,STATE,34,CASES
1965,30,MONTANA,MT,US,STATE,4,CASES
1965,31,MONTANA,MT,US,STATE,17,CASES
1965,32,MONTANA,MT,US,STATE,22,CASES
1965,33,MONTANA,MT,US,STATE,6,CASES
1965,34,MONTANA,MT,US,STATE,6,CASES
1965,35,MONTANA,MT,US,STATE,5,CASES
1965,36,MONTANA,MT,US,STATE,4,CASES
1965,37,MONTANA,MT,US,STATE,3,CASES
1965,38,MONTANA,MT,US,STATE,10,CASES
1965,39,MONTANA,MT,US,STATE,7,CASES
1965,40,MONTANA,MT,US,STATE,8,CASES
1965,41,MONTANA,MT,US,STATE,7,CASES
1965,42,MONTANA,MT,US,STATE,18,CASES
1965,43,MONTANA,MT,US,STATE,30,CASES
1965,44,MONTANA,MT,US,STATE,24,CASES
1965,45,MONTANA,MT,US,STATE,7,CASES
1965,46,MONTANA,MT,US,STATE,3,CASES
1965,47,MONTANA,MT,US,STATE,14,CASES
1965,48,MONTANA,MT,US,STATE,32,CASES
1965,49,MONTANA,MT,US,STATE,20,CASES
1965,50,MONTANA,MT,US,STATE,7,CASES
1965,51,MONTANA,MT,US,STATE,10,CASES
1965,52,MONTANA,MT,US,STATE,17,CASES
1966,1,MONTANA,MT,US,STATE,32,CASES
1966,2,MONTANA,MT,US,STATE,47,CASES
1966,3,MONTANA,MT,US,STATE,24,CASES
1966,4,MONTANA,MT,US,STATE,95,CASES
1966,5,MONTANA,MT,US,STATE,35,CASES
1966,6,MONTANA,MT,US,STATE,22,CASES
1966,7,MONTANA,MT,US,STATE,31,CASES
1966,8,MONTANA,MT,US,STATE,93,CASES
1966,9,MONTANA,MT,US,STATE,29,CASES
1966,10,MONTANA,MT,US,STATE,107,CASES
1966,11,MONTANA,MT,US,STATE,100,CASES
1966,12,MONTANA,MT,US,STATE,73,CASES
1966,13,MONTANA,MT,US,STATE,41,CASES
1966,14,MONTANA,MT,US,STATE,89,CASES
1966,15,MONTANA,MT,US,STATE,49,CASES
1966,16,MONTANA,MT,US,STATE,123,CASES
1966,17,MONTANA,MT,US,STATE,83,CASES
1966,18,MONTANA,MT,US,STATE,82,CASES
1966,19,MONTANA,MT,US,STATE,106,CASES
1966,20,MONTANA,MT,US,STATE,124,CASES
1966,21,MONTANA,MT,US,STATE,92,CASES
1966,22,MONTANA,MT,US,STATE,104,CASES
1966,23,MONTANA,MT,US,STATE,59,CASES
1966,24,MONTANA,MT,US,STATE,21,CASES
1966,25,MONTANA,MT,US,STATE,60,CASES
1966,26,MONTANA,MT,US,STATE,15,CASES
1966,27,MONTANA,MT,US,STATE,49,CASES
1966,28,MONTANA,MT,US,STATE,4,CASES
1966,29,MONTANA,MT,US,STATE,10,CASES
1966,30,MONTANA,MT,US,STATE,1,CASES
1966,31,MONTANA,MT,US,STATE,1,CASES
1966,33,MONTANA,MT,US,STATE,1,CASES
1966,34,MONTANA,MT,US,STATE,1,CASES
1966,35,MONTANA,MT,US,STATE,5,CASES
1966,36,MONTANA,MT,US,STATE,4,CASES
1966,37,MONTANA,MT,US,STATE,1,CASES
1966,38,MONTANA,MT,US,STATE,4,CASES
1966,39,MONTANA,MT,US,STATE,3,CASES
1966,40,MONTANA,MT,US,STATE,12,CASES
1966,41,MONTANA,MT,US,STATE,6,CASES
1966,42,MONTANA,MT,US,STATE,3,CASES
1966,43,MONTANA,MT,US,STATE,7,CASES
1966,44,MONTANA,MT,US,STATE,8,CASES
1966,45,MONTANA,MT,US,STATE,15,CASES
1966,46,MONTANA,MT,US,STATE,11,CASES
1966,47,MONTANA,MT,US,STATE,8,CASES
1966,48,MONTANA,MT,US,STATE,13,CASES
1966,50,MONTANA,MT,US,STATE,3,CASES
1966,51,MONTANA,MT,US,STATE,20,CASES
1966,52,MONTANA,MT,US,STATE,2,CASES
1967,1,MONTANA,MT,US,STATE,45,CASES
1967,2,MONTANA,MT,US,STATE,11,CASES
1967,3,MONTANA,MT,US,STATE,32,CASES
1967,4,MONTANA,MT,US,STATE,24,CASES
1967,5,MONTANA,MT,US,STATE,12,CASES
1967,6,MONTANA,MT,US,STATE,14,CASES
1967,7,MONTANA,MT,US,STATE,15,CASES
1967,8,MONTANA,MT,US,STATE,8,CASES
1967,9,MONTANA,MT,US,STATE,6,CASES
1967,10,MONTANA,MT,US,STATE,3,CASES
1967,11,MONTANA,MT,US,STATE,4,CASES
1967,12,MONTANA,MT,US,STATE,3,CASES
1967,13,MONTANA,MT,US,STATE,1,CASES
1967,14,MONTANA,MT,US,STATE,3,CASES
1967,15,MONTANA,MT,US,STATE,2,CASES
1967,16,MONTANA,MT,US,STATE,1,CASES
1967,17,MONTANA,MT,US,STATE,20,CASES
1967,18,MONTANA,MT,US,STATE,33,CASES
1967,19,MONTANA,MT,US,STATE,1,CASES
1967,20,MONTANA,MT,US,STATE,8,CASES
1967,21,MONTANA,MT,US,STATE,3,CASES
1967,22,MONTANA,MT,US,STATE,3,CASES
1967,23,MONTANA,MT,US,STATE,4,CASES
1967,24,MONTANA,MT,US,STATE,10,CASES
1967,25,MONTANA,MT,US,STATE,6,CASES
1967,26,MONTANA,MT,US,STATE,7,CASES
1967,30,MONTANA,MT,US,STATE,2,CASES
1967,33,MONTANA,MT,US,STATE,4,CASES
1967,34,MONTANA,MT,US,STATE,1,CASES
1967,38,MONTANA,MT,US,STATE,5,CASES
1967,39,MONTANA,MT,US,STATE,2,CASES
1967,40,MONTANA,MT,US,STATE,7,CASES
1967,41,MONTANA,MT,US,STATE,7,CASES
1967,42,MONTANA,MT,US,STATE,3,CASES
1967,43,MONTANA,MT,US,STATE,12,CASES
1967,44,MONTANA,MT,US,STATE,1,CASES
1967,46,MONTANA,MT,US,STATE,7,CASES
1967,47,MONTANA,MT,US,STATE,2,CASES
1967,49,MONTANA,MT,US,STATE,3,CASES
1967,50,MONTANA,MT,US,STATE,3,CASES
1967,51,MONTANA,MT,US,STATE,3,CASES
1967,52,MONTANA,MT,US,STATE,2,CASES
1968,3,MONTANA,MT,US,STATE,1,CASES
1968,4,MONTANA,MT,US,STATE,1,CASES
1968,5,MONTANA,MT,US,STATE,4,CASES
1968,6,MONTANA,MT,US,STATE,1,CASES
1968,7,MONTANA,MT,US,STATE,2,CASES
1968,9,MONTANA,MT,US,STATE,52,CASES
1968,10,MONTANA,MT,US,STATE,1,CASES
1968,15,MONTANA,MT,US,STATE,1,CASES
1968,20,MONTANA,MT,US,STATE,1,CASES
1968,22,MONTANA,MT,US,STATE,1,CASES
1968,23,MONTANA,MT,US,STATE,1,CASES
1968,31,MONTANA,MT,US,STATE,1,CASES
1968,38,MONTANA,MT,US,STATE,1,CASES
1969,8,MONTANA,MT,US,STATE,1,CASES
1969,10,MONTANA,MT,US,STATE,1,CASES
1969,15,MONTANA,MT,US,STATE,1,CASES
1969,20,MONTANA,MT,US,STATE,4,CASES
1969,24,MONTANA,MT,US,STATE,2,CASES
1969,29,MONTANA,MT,US,STATE,1,CASES
1969,36,MONTANA,MT,US,STATE,1,CASES
1969,38,MONTANA,MT,US,STATE,1,CASES
1969,40,MONTANA,MT,US,STATE,17,CASES
1969,43,MONTANA,MT,US,STATE,27,CASES
1969,44,MONTANA,MT,US,STATE,4,CASES
1969,45,MONTANA,MT,US,STATE,8,CASES
1969,46,MONTANA,MT,US,STATE,20,CASES
1969,49,MONTANA,MT,US,STATE,16,CASES
1969,50,MONTANA,MT,US,STATE,14,CASES
1970,2,MONTANA,MT,US,STATE,2,CASES
1970,4,MONTANA,MT,US,STATE,6,CASES
1970,8,MONTANA,MT,US,STATE,1,CASES
1970,10,MONTANA,MT,US,STATE,1,CASES
1970,13,MONTANA,MT,US,STATE,3,CASES
1970,15,MONTANA,MT,US,STATE,1,CASES
1970,20,MONTANA,MT,US,STATE,1,CASES
1970,23,MONTANA,MT,US,STATE,5,CASES
1970,24,MONTANA,MT,US,STATE,2,CASES
1970,26,MONTANA,MT,US,STATE,9,CASES
1970,28,MONTANA,MT,US,STATE,3,CASES
1970,29,MONTANA,MT,US,STATE,6,CASES
1970,30,MONTANA,MT,US,STATE,9,CASES
1970,31,MONTANA,MT,US,STATE,3,CASES
1970,33,MONTANA,MT,US,STATE,1,CASES
1970,34,MONTANA,MT,US,STATE,7,CASES
1970,35,MONTANA,MT,US,STATE,1,CASES
1970,37,MONTANA,MT,US,STATE,1,CASES
1970,43,MONTANA,MT,US,STATE,33,CASES
1970,45,MONTANA,MT,US,STATE,1,CASES
1970,49,MONTANA,MT,US,STATE,9,CASES
1970,50,MONTANA,MT,US,STATE,4,CASES
1971,1,MONTANA,MT,US,STATE,7,CASES
1971,2,MONTANA,MT,US,STATE,15,CASES
1971,3,MONTANA,MT,US,STATE,4,CASES
1971,4,MONTANA,MT,US,STATE,9,CASES
1971,5,MONTANA,MT,US,STATE,24,CASES
1971,7,MONTANA,MT,US,STATE,10,CASES
1971,9,MONTANA,MT,US,STATE,18,CASES
1971,10,MONTANA,MT,US,STATE,32,CASES
1971,11,MONTANA,MT,US,STATE,25,CASES
1971,12,MONTANA,MT,US,STATE,20,CASES
1971,13,MONTANA,MT,US,STATE,88,CASES
1971,14,MONTANA,MT,US,STATE,119,CASES
1971,15,MONTANA,MT,US,STATE,99,CASES
1971,16,MONTANA,MT,US,STATE,67,CASES
1971,17,MONTANA,MT,US,STATE,58,CASES
1971,18,MONTANA,MT,US,STATE,103,CASES
1971,19,MONTANA,MT,US,STATE,13,CASES
1971,20,MONTANA,MT,US,STATE,24,CASES
1971,21,MONTANA,MT,US,STATE,13,CASES
1971,22,MONTANA,MT,US,STATE,15,CASES
1971,23,MONTANA,MT,US,STATE,10,CASES
1971,24,MONTANA,MT,US,STATE,4,CASES
1971,25,MONTANA,MT,US,STATE,1,CASES
1971,26,MONTANA,MT,US,STATE,1,CASES
1971,28,MONTANA,MT,US,STATE,1,CASES
1971,31,MONTANA,MT,US,STATE,1,CASES
1971,32,MONTANA,MT,US,STATE,1,CASES
1971,33,MONTANA,MT,US,STATE,4,CASES
1971,34,MONTANA,MT,US,STATE,1,CASES
1971,35,MONTANA,MT,US,STATE,1,CASES
1971,36,MONTANA,MT,US,STATE,1,CASES
1972,5,MONTANA,MT,US,STATE,3,CASES
1972,7,MONTANA,MT,US,STATE,2,CASES
1972,8,MONTANA,MT,US,STATE,3,CASES
1972,9,MONTANA,MT,US,STATE,2,CASES
1972,11,MONTANA,MT,US,STATE,1,CASES
1972,32,MONTANA,MT,US,STATE,3,CASES
1972,36,MONTANA,MT,US,STATE,1,CASES
1973,3,MONTANA,MT,US,STATE,1,CASES
1973,10,MONTANA,MT,US,STATE,1,CASES
1973,13,MONTANA,MT,US,STATE,2,CASES
1973,14,MONTANA,MT,US,STATE,1,CASES
1973,15,MONTANA,MT,US,STATE,7,CASES
1973,24,MONTANA,MT,US,STATE,1,CASES
1973,28,MONTANA,MT,US,STATE,2,CASES
1973,31,MONTANA,MT,US,STATE,1,CASES
1973,36,MONTANA,MT,US,STATE,1,CASES
1973,44,MONTANA,MT,US,STATE,106,CASES
1973,45,MONTANA,MT,US,STATE,48,CASES
1973,46,MONTANA,MT,US,STATE,40,CASES
1973,47,MONTANA,MT,US,STATE,12,CASES
1973,48,MONTANA,MT,US,STATE,37,CASES
1973,49,MONTANA,MT,US,STATE,32,CASES
1973,50,MONTANA,MT,US,STATE,12,CASES
1973,51,MONTANA,MT,US,STATE,33,CASES
1973,52,MONTANA,MT,US,STATE,21,CASES
1974,2,MONTANA,MT,US,STATE,67,CASES
1974,3,MONTANA,MT,US,STATE,18,CASES
1974,4,MONTANA,MT,US,STATE,9,CASES
1974,5,MONTANA,MT,US,STATE,1,CASES
1974,6,MONTANA,MT,US,STATE,8,CASES
1974,7,MONTANA,MT,US,STATE,4,CASES
1974,8,MONTANA,MT,US,STATE,2,CASES
1974,9,MONTANA,MT,US,STATE,1,CASES
1974,12,MONTANA,MT,US,STATE,9,CASES
1974,13,MONTANA,MT,US,STATE,29,CASES
1974,14,MONTANA,MT,US,STATE,25,CASES
1974,15,MONTANA,MT,US,STATE,20,CASES
1974,16,MONTANA,MT,US,STATE,20,CASES
1974,17,MONTANA,MT,US,STATE,1,CASES
1974,18,MONTANA,MT,US,STATE,22,CASES
1974,19,MONTANA,MT,US,STATE,67,CASES
1974,21,MONTANA,MT,US,STATE,11,CASES
1974,22,MONTANA,MT,US,STATE,27,CASES
1974,24,MONTANA,MT,US,STATE,6,CASES
1974,25,MONTANA,MT,US,STATE,1,CASES
1974,26,MONTANA,MT,US,STATE,9,CASES
1974,28,MONTANA,MT,US,STATE,2,CASES
1974,29,MONTANA,MT,US,STATE,1,CASES
1974,36,MONTANA,MT,US,STATE,1,CASES
1975,17,MONTANA,MT,US,STATE,6,CASES
1975,18,MONTANA,MT,US,STATE,1,CASES
1975,19,MONTANA,MT,US,STATE,2,CASES
1975,20,MONTANA,MT,US,STATE,2,CASES
1975,22,MONTANA,MT,US,STATE,13,CASES
1975,23,MONTANA,MT,US,STATE,2,CASES
1975,24,MONTANA,MT,US,STATE,9,CASES
1975,26,MONTANA,MT,US,STATE,3,CASES
1975,27,MONTANA,MT,US,STATE,2,CASES
1975,28,MONTANA,MT,US,STATE,1,CASES
1975,29,MONTANA,MT,US,STATE,1,CASES
1975,30,MONTANA,MT,US,STATE,2,CASES
1975,32,MONTANA,MT,US,STATE,1,CASES
1975,33,MONTANA,MT,US,STATE,8,CASES
1976,5,MONTANA,MT,US,STATE,17,CASES
1976,6,MONTANA,MT,US,STATE,2,CASES
1976,9,MONTANA,MT,US,STATE,20,CASES
1976,10,MONTANA,MT,US,STATE,7,CASES
1976,11,MONTANA,MT,US,STATE,3,CASES
1976,12,MONTANA,MT,US,STATE,16,CASES
1976,13,MONTANA,MT,US,STATE,7,CASES
1976,14,MONTANA,MT,US,STATE,44,CASES
1976,15,MONTANA,MT,US,STATE,24,CASES
1976,16,MONTANA,MT,US,STATE,19,CASES
1976,17,MONTANA,MT,US,STATE,24,CASES
1976,18,MONTANA,MT,US,STATE,5,CASES
1976,20,MONTANA,MT,US,STATE,18,CASES
1976,21,MONTANA,MT,US,STATE,6,CASES
1976,22,MONTANA,MT,US,STATE,9,CASES
1976,23,MONTANA,MT,US,STATE,12,CASES
1976,24,MONTANA,MT,US,STATE,5,CASES
1976,25,MONTANA,MT,US,STATE,6,CASES
1976,26,MONTANA,MT,US,STATE,2,CASES
1976,27,MONTANA,MT,US,STATE,1,CASES
1976,33,MONTANA,MT,US,STATE,1,CASES
1976,34,MONTANA,MT,US,STATE,1,CASES
1976,41,MONTANA,MT,US,STATE,27,CASES
1976,42,MONTANA,MT,US,STATE,15,CASES
1976,44,MONTANA,MT,US,STATE,5,CASES
1976,45,MONTANA,MT,US,STATE,3,CASES
1976,46,MONTANA,MT,US,STATE,2,CASES
1976,47,MONTANA,MT,US,STATE,1,CASES
1976,48,MONTANA,MT,US,STATE,40,CASES
1976,49,MONTANA,MT,US,STATE,37,CASES
1976,50,MONTANA,MT,US,STATE,10,CASES
1976,51,MONTANA,MT,US,STATE,100,CASES
1976,52,MONTANA,MT,US,STATE,18,CASES
1977,2,MONTANA,MT,US,STATE,35,CASES
1977,3,MONTANA,MT,US,STATE,9,CASES
1977,4,MONTANA,MT,US,STATE,19,CASES
1977,5,MONTANA,MT,US,STATE,16,CASES
1977,6,MONTANA,MT,US,STATE,45,CASES
1977,7,MONTANA,MT,US,STATE,24,CASES
1977,8,MONTANA,MT,US,STATE,93,CASES
1977,11,MONTANA,MT,US,STATE,110,CASES
1977,12,MONTANA,MT,US,STATE,30,CASES
1977,13,MONTANA,MT,US,STATE,49,CASES
1977,14,MONTANA,MT,US,STATE,24,CASES
1977,15,MONTANA,MT,US,STATE,101,CASES
1977,16,MONTANA,MT,US,STATE,37,CASES
1977,17,MONTANA,MT,US,STATE,56,CASES
1977,18,MONTANA,MT,US,STATE,41,CASES
1977,19,MONTANA,MT,US,STATE,27,CASES
1977,20,MONTANA,MT,US,STATE,52,CASES
1977,21,MONTANA,MT,US,STATE,17,CASES
1977,22,MONTANA,MT,US,STATE,23,CASES
1977,23,MONTANA,MT,US,STATE,26,CASES
1977,24,MONTANA,MT,US,STATE,9,CASES
1977,25,MONTANA,MT,US,STATE,48,CASES
1977,26,MONTANA,MT,US,STATE,6,CASES
1977,27,MONTANA,MT,US,STATE,12,CASES
1977,28,MONTANA,MT,US,STATE,6,CASES
1977,29,MONTANA,MT,US,STATE,1,CASES
1977,30,MONTANA,MT,US,STATE,2,CASES
1977,32,MONTANA,MT,US,STATE,3,CASES
1977,34,MONTANA,MT,US,STATE,3,CASES
1977,36,MONTANA,MT,US,STATE,2,CASES
1977,46,MONTANA,MT,US,STATE,1,CASES
1977,51,MONTANA,MT,US,STATE,7,CASES
1977,52,MONTANA,MT,US,STATE,2,CASES
1978,1,MONTANA,MT,US,STATE,18,CASES
1978,2,MONTANA,MT,US,STATE,4,CASES
1978,10,MONTANA,MT,US,STATE,3,CASES
1978,11,MONTANA,MT,US,STATE,4,CASES
1978,13,MONTANA,MT,US,STATE,26,CASES
1978,14,MONTANA,MT,US,STATE,7,CASES
1978,15,MONTANA,MT,US,STATE,10,CASES
1978,16,MONTANA,MT,US,STATE,4,CASES
1978,17,MONTANA,MT,US,STATE,1,CASES
1978,18,MONTANA,MT,US,STATE,3,CASES
1978,19,MONTANA,MT,US,STATE,4,CASES
1978,20,MONTANA,MT,US,STATE,11,CASES
1978,22,MONTANA,MT,US,STATE,2,CASES
1978,23,MONTANA,MT,US,STATE,1,CASES
1978,24,MONTANA,MT,US,STATE,6,CASES
1978,32,MONTANA,MT,US,STATE,3,CASES
1978,49,MONTANA,MT,US,STATE,1,CASES
1978,50,MONTANA,MT,US,STATE,1,CASES
1979,1,MONTANA,MT,US,STATE,2,CASES
1979,2,MONTANA,MT,US,STATE,1,CASES
1979,3,MONTANA,MT,US,STATE,3,CASES
1979,4,MONTANA,MT,US,STATE,2,CASES
1979,5,MONTANA,MT,US,STATE,6,CASES
1979,6,MONTANA,MT,US,STATE,1,CASES
1979,8,MONTANA,MT,US,STATE,1,CASES
1979,10,MONTANA,MT,US,STATE,2,CASES
1979,12,MONTANA,MT,US,STATE,4,CASES
1979,13,MONTANA,MT,US,STATE,1,CASES
1979,14,MONTANA,MT,US,STATE,7,CASES
1979,15,MONTANA,MT,US,STATE,14,CASES
1979,16,MONTANA,MT,US,STATE,2,CASES
1979,17,MONTANA,MT,US,STATE,3,CASES
1979,20,MONTANA,MT,US,STATE,1,CASES
1979,21,MONTANA,MT,US,STATE,4,CASES
1979,22,MONTANA,MT,US,STATE,1,CASES
1979,24,MONTANA,MT,US,STATE,2,CASES
1979,29,MONTANA,MT,US,STATE,2,CASES
1979,44,MONTANA,MT,US,STATE,3,CASES
1980,10,MONTANA,MT,US,STATE,1,CASES
