year,week,loc,state,country,loc_type,number,event
1975,10,NORTH CAROLINA,NC,US,STATE,12,CASES
1975,11,NORTH CAROLINA,NC,US,STATE,14,CASES
1975,12,NORTH CAROLINA,NC,US,STATE,5,CASES
1975,15,NORTH CAROLINA,NC,US,STATE,3,CASES
1975,16,NORTH CAROLINA,NC,US,STATE,10,CASES
1975,17,NORTH CAROLINA,NC,US,STATE,3,CASES
1975,20,NORTH CAROLINA,NC,US,STATE,3,CASES
1975,21,NORTH CAROLINA,NC,US,STATE,4,CASES
1975,22,NORTH CAROLINA,NC,US,STATE,1,CASES
1975,23,NORTH CAROLINA,NC,US,STATE,2,CASES
1975,24,NORTH CAROLINA,NC,US,STATE,8,CASES
1975,25,NORTH CAROLINA,NC,US,STATE,7,CASES
1975,26,NORTH CAROLINA,NC,US,STATE,1,CASES
1975,27,NORTH CAROLINA,NC,US,STATE,4,CASES
1975,28,NORTH CAROLINA,NC,US,STATE,3,CASES
1975,29,NORTH CAROLINA,NC,US,STATE,1,CASES
1975,30,NORTH CAROLINA,NC,US,STATE,3,CASES
1975,31,NORTH CAROLINA,NC,US,STATE,6,CASES
1975,32,NORTH CAROLINA,NC,US,STATE,6,CASES
1975,33,NORTH CAROLINA,NC,US,STATE,1,CASES
1975,34,NORTH CAROLINA,NC,US,STATE,5,CASES
1975,38,NORTH CAROLINA,NC,US,STATE,1,CASES
1975,39,NORTH CAROLINA,NC,US,STATE,1,CASES
1975,40,NORTH CAROLINA,NC,US,STATE,1,CASES
1975,45,NORTH CAROLINA,NC,US,STATE,2,CASES
1975,46,NORTH CAROLINA,NC,US,STATE,2,CASES
1975,47,NORTH CAROLINA,NC,US,STATE,4,CASES
1975,48,NORTH CAROLINA,NC,US,STATE,1,CASES
1975,49,NORTH CAROLINA,NC,US,STATE,3,CASES
1975,50,NORTH CAROLINA,NC,US,STATE,8,CASES
1975,51,NORTH CAROLINA,NC,US,STATE,1,CASES
1976,1,NORTH CAROLINA,NC,US,STATE,1,CASES
1976,4,NORTH CAROLINA,NC,US,STATE,71,CASES
1976,5,NORTH CAROLINA,NC,US,STATE,6,CASES
1976,6,NORTH CAROLINA,NC,US,STATE,9,CASES
1976,7,NORTH CAROLINA,NC,US,STATE,7,CASES
1976,8,NORTH CAROLINA,NC,US,STATE,95,CASES
1976,9,NORTH CAROLINA,NC,US,STATE,3,CASES
1976,10,NORTH CAROLINA,NC,US,STATE,10,CASES
1976,11,NORTH CAROLINA,NC,US,STATE,47,CASES
1976,12,NORTH CAROLINA,NC,US,STATE,4,CASES
1976,13,NORTH CAROLINA,NC,US,STATE,1,CASES
1976,15,NORTH CAROLINA,NC,US,STATE,6,CASES
1976,16,NORTH CAROLINA,NC,US,STATE,9,CASES
1976,17,NORTH CAROLINA,NC,US,STATE,3,CASES
1976,19,NORTH CAROLINA,NC,US,STATE,9,CASES
1976,20,NORTH CAROLINA,NC,US,STATE,13,CASES
1976,21,NORTH CAROLINA,NC,US,STATE,20,CASES
1976,23,NORTH CAROLINA,NC,US,STATE,27,CASES
1976,24,NORTH CAROLINA,NC,US,STATE,6,CASES
1976,25,NORTH CAROLINA,NC,US,STATE,7,CASES
1976,26,NORTH CAROLINA,NC,US,STATE,2,CASES
1976,27,NORTH CAROLINA,NC,US,STATE,3,CASES
1976,29,NORTH CAROLINA,NC,US,STATE,1,CASES
1976,30,NORTH CAROLINA,NC,US,STATE,1,CASES
1976,32,NORTH CAROLINA,NC,US,STATE,2,CASES
1976,34,NORTH CAROLINA,NC,US,STATE,1,CASES
1976,35,NORTH CAROLINA,NC,US,STATE,1,CASES
1976,37,NORTH CAROLINA,NC,US,STATE,3,CASES
1976,39,NORTH CAROLINA,NC,US,STATE,1,CASES
1976,41,NORTH CAROLINA,NC,US,STATE,2,CASES
1976,42,NORTH CAROLINA,NC,US,STATE,1,CASES
1976,43,NORTH CAROLINA,NC,US,STATE,3,CASES
1976,44,NORTH CAROLINA,NC,US,STATE,1,CASES
1976,45,NORTH CAROLINA,NC,US,STATE,1,CASES
1976,47,NORTH CAROLINA,NC,US,STATE,1,CASES
1976,49,NORTH CAROLINA,NC,US,STATE,2,CASES
1976,52,NORTH CAROLINA,NC,US,STATE,1,CASES
1977,2,NORTH CAROLINA,NC,US,STATE,3,CASES
1977,9,NORTH CAROLINA,NC,US,STATE,4,CASES
1977,10,NORTH CAROLINA,NC,US,STATE,3,CASES
1977,11,NORTH CAROLINA,NC,US,STATE,1,CASES
1977,13,NORTH CAROLINA,NC,US,STATE,2,CASES
1977,15,NORTH CAROLINA,NC,US,STATE,1,CASES
1977,16,NORTH CAROLINA,NC,US,STATE,2,CASES
1977,17,NORTH CAROLINA,NC,US,STATE,1,CASES
1977,19,NORTH CAROLINA,NC,US,STATE,1,CASES
1977,20,NORTH CAROLINA,NC,US,STATE,8,CASES
1977,21,NORTH CAROLINA,NC,US,STATE,2,CASES
1977,22,NORTH CAROLINA,NC,US,STATE,1,CASES
1977,23,NORTH CAROLINA,NC,US,STATE,1,CASES
1977,25,NORTH CAROLINA,NC,US,STATE,1,CASES
1977,26,NORTH CAROLINA,NC,US,STATE,4,CASES
1977,27,NORTH CAROLINA,NC,US,STATE,1,CASES
1977,28,NORTH CAROLINA,NC,US,STATE,1,CASES
1977,29,NORTH CAROLINA,NC,US,STATE,7,CASES
1977,30,NORTH CAROLINA,NC,US,STATE,2,CASES
1977,31,NORTH CAROLINA,NC,US,STATE,2,CASES
1977,34,NORTH CAROLINA,NC,US,STATE,2,CASES
1977,36,NORTH CAROLINA,NC,US,STATE,1,CASES
1977,37,NORTH CAROLINA,NC,US,STATE,2,CASES
1977,40,NORTH CAROLINA,NC,US,STATE,1,CASES
1977,42,NORTH CAROLINA,NC,US,STATE,2,CASES
1977,44,NORTH CAROLINA,NC,US,STATE,3,CASES
1977,45,NORTH CAROLINA,NC,US,STATE,3,CASES
1977,46,NORTH CAROLINA,NC,US,STATE,3,CASES
1977,47,NORTH CAROLINA,NC,US,STATE,3,CASES
1977,48,NORTH CAROLINA,NC,US,STATE,2,CASES
1977,49,NORTH CAROLINA,NC,US,STATE,2,CASES
1977,50,NORTH CAROLINA,NC,US,STATE,1,CASES
1977,51,NORTH CAROLINA,NC,US,STATE,6,CASES
1977,52,NORTH CAROLINA,NC,US,STATE,1,CASES
1978,1,NORTH CAROLINA,NC,US,STATE,1,CASES
1978,2,NORTH CAROLINA,NC,US,STATE,6,CASES
1978,3,NORTH CAROLINA,NC,US,STATE,3,CASES
1978,4,NORTH CAROLINA,NC,US,STATE,3,CASES
1978,5,NORTH CAROLINA,NC,US,STATE,5,CASES
1978,6,NORTH CAROLINA,NC,US,STATE,3,CASES
1978,8,NORTH CAROLINA,NC,US,STATE,5,CASES
1978,11,NORTH CAROLINA,NC,US,STATE,2,CASES
1978,12,NORTH CAROLINA,NC,US,STATE,2,CASES
1978,13,NORTH CAROLINA,NC,US,STATE,1,CASES
1978,14,NORTH CAROLINA,NC,US,STATE,2,CASES
1978,15,NORTH CAROLINA,NC,US,STATE,2,CASES
1978,16,NORTH CAROLINA,NC,US,STATE,2,CASES
1978,18,NORTH CAROLINA,NC,US,STATE,3,CASES
1978,19,NORTH CAROLINA,NC,US,STATE,3,CASES
1978,20,NORTH CAROLINA,NC,US,STATE,2,CASES
1978,22,NORTH CAROLINA,NC,US,STATE,1,CASES
1978,23,NORTH CAROLINA,NC,US,STATE,2,CASES
1978,24,NORTH CAROLINA,NC,US,STATE,1,CASES
1978,25,NORTH CAROLINA,NC,US,STATE,1,CASES
1978,26,NORTH CAROLINA,NC,US,STATE,3,CASES
1978,27,NORTH CAROLINA,NC,US,STATE,3,CASES
1978,31,NORTH CAROLINA,NC,US,STATE,3,CASES
1978,32,NORTH CAROLINA,NC,US,STATE,5,CASES
1978,33,NORTH CAROLINA,NC,US,STATE,1,CASES
1978,34,NORTH CAROLINA,NC,US,STATE,1,CASES
1978,37,NORTH CAROLINA,NC,US,STATE,1,CASES
1978,38,NORTH CAROLINA,NC,US,STATE,1,CASES
1978,39,NORTH CAROLINA,NC,US,STATE,1,CASES
1978,42,NORTH CAROLINA,NC,US,STATE,2,CASES
1978,44,NORTH CAROLINA,NC,US,STATE,2,CASES
1978,45,NORTH CAROLINA,NC,US,STATE,2,CASES
1978,46,NORTH CAROLINA,NC,US,STATE,1,CASES
1978,48,NORTH CAROLINA,NC,US,STATE,3,CASES
1978,51,NORTH CAROLINA,NC,US,STATE,2,CASES
1979,1,NORTH CAROLINA,NC,US,STATE,2,CASES
1979,2,NORTH CAROLINA,NC,US,STATE,1,CASES
1979,5,NORTH CAROLINA,NC,US,STATE,1,CASES
1979,9,NORTH CAROLINA,NC,US,STATE,2,CASES
1979,11,NORTH CAROLINA,NC,US,STATE,2,CASES
1979,12,NORTH CAROLINA,NC,US,STATE,9,CASES
1979,13,NORTH CAROLINA,NC,US,STATE,3,CASES
1979,14,NORTH CAROLINA,NC,US,STATE,2,CASES
1979,15,NORTH CAROLINA,NC,US,STATE,11,CASES
1979,17,NORTH CAROLINA,NC,US,STATE,2,CASES
1979,18,NORTH CAROLINA,NC,US,STATE,4,CASES
1979,19,NORTH CAROLINA,NC,US,STATE,3,CASES
1979,21,NORTH CAROLINA,NC,US,STATE,4,CASES
1979,22,NORTH CAROLINA,NC,US,STATE,1,CASES
1979,23,NORTH CAROLINA,NC,US,STATE,1,CASES
1979,24,NORTH CAROLINA,NC,US,STATE,6,CASES
1979,25,NORTH CAROLINA,NC,US,STATE,3,CASES
1979,26,NORTH CAROLINA,NC,US,STATE,1,CASES
1979,31,NORTH CAROLINA,NC,US,STATE,4,CASES
1979,32,NORTH CAROLINA,NC,US,STATE,2,CASES
1979,33,NORTH CAROLINA,NC,US,STATE,2,CASES
1979,34,NORTH CAROLINA,NC,US,STATE,1,CASES
1979,36,NORTH CAROLINA,NC,US,STATE,2,CASES
1979,37,NORTH CAROLINA,NC,US,STATE,1,CASES
1979,38,NORTH CAROLINA,NC,US,STATE,2,CASES
1979,40,NORTH CAROLINA,NC,US,STATE,1,CASES
1979,41,NORTH CAROLINA,NC,US,STATE,1,CASES
1979,42,NORTH CAROLINA,NC,US,STATE,2,CASES
1979,43,NORTH CAROLINA,NC,US,STATE,1,CASES
1979,45,NORTH CAROLINA,NC,US,STATE,1,CASES
1979,47,NORTH CAROLINA,NC,US,STATE,3,CASES
1979,48,NORTH CAROLINA,NC,US,STATE,4,CASES
1979,50,NORTH CAROLINA,NC,US,STATE,2,CASES
1979,51,NORTH CAROLINA,NC,US,STATE,2,CASES
1979,52,NORTH CAROLINA,NC,US,STATE,1,CASES
1980,2,NORTH CAROLINA,NC,US,STATE,5,CASES
1980,3,NORTH CAROLINA,NC,US,STATE,12,CASES
1980,4,NORTH CAROLINA,NC,US,STATE,6,CASES
1980,5,NORTH CAROLINA,NC,US,STATE,3,CASES
1980,6,NORTH CAROLINA,NC,US,STATE,10,CASES
1980,7,NORTH CAROLINA,NC,US,STATE,3,CASES
1980,8,NORTH CAROLINA,NC,US,STATE,2,CASES
1980,9,NORTH CAROLINA,NC,US,STATE,5,CASES
1980,10,NORTH CAROLINA,NC,US,STATE,1,CASES
1980,11,NORTH CAROLINA,NC,US,STATE,6,CASES
1980,12,NORTH CAROLINA,NC,US,STATE,2,CASES
1980,13,NORTH CAROLINA,NC,US,STATE,4,CASES
1980,14,NORTH CAROLINA,NC,US,STATE,2,CASES
1980,15,NORTH CAROLINA,NC,US,STATE,1,CASES
1980,16,NORTH CAROLINA,NC,US,STATE,1,CASES
1980,17,NORTH CAROLINA,NC,US,STATE,3,CASES
1980,18,NORTH CAROLINA,NC,US,STATE,3,CASES
1980,19,NORTH CAROLINA,NC,US,STATE,1,CASES
1980,20,NORTH CAROLINA,NC,US,STATE,1,CASES
1980,21,NORTH CAROLINA,NC,US,STATE,2,CASES
1980,22,NORTH CAROLINA,NC,US,STATE,1,CASES
1980,23,NORTH CAROLINA,NC,US,STATE,3,CASES
1980,24,NORTH CAROLINA,NC,US,STATE,2,CASES
1980,25,NORTH CAROLINA,NC,US,STATE,2,CASES
1980,29,NORTH CAROLINA,NC,US,STATE,2,CASES
1980,30,NORTH CAROLINA,NC,US,STATE,2,CASES
1980,32,NORTH CAROLINA,NC,US,STATE,1,CASES
1980,33,NORTH CAROLINA,NC,US,STATE,2,CASES
1980,36,NORTH CAROLINA,NC,US,STATE,1,CASES
1980,37,NORTH CAROLINA,NC,US,STATE,3,CASES
1980,41,NORTH CAROLINA,NC,US,STATE,1,CASES
1980,45,NORTH CAROLINA,NC,US,STATE,1,CASES
1980,47,NORTH CAROLINA,NC,US,STATE,3,CASES
1980,48,NORTH CAROLINA,NC,US,STATE,2,CASES
1980,50,NORTH CAROLINA,NC,US,STATE,1,CASES
1980,53,NORTH CAROLINA,NC,US,STATE,1,CASES
1981,3,NORTH CAROLINA,NC,US,STATE,2,CASES
1981,4,NORTH CAROLINA,NC,US,STATE,1,CASES
1981,11,NORTH CAROLINA,NC,US,STATE,1,CASES
1981,18,NORTH CAROLINA,NC,US,STATE,1,CASES
1981,20,NORTH CAROLINA,NC,US,STATE,5,CASES
1981,22,NORTH CAROLINA,NC,US,STATE,1,CASES
1981,23,NORTH CAROLINA,NC,US,STATE,1,CASES
1981,30,NORTH CAROLINA,NC,US,STATE,1,CASES
1981,32,NORTH CAROLINA,NC,US,STATE,1,CASES
1981,34,NORTH CAROLINA,NC,US,STATE,1,CASES
1981,39,NORTH CAROLINA,NC,US,STATE,2,CASES
1981,40,NORTH CAROLINA,NC,US,STATE,1,CASES
1981,42,NORTH CAROLINA,NC,US,STATE,2,CASES
1981,43,NORTH CAROLINA,NC,US,STATE,2,CASES
1981,50,NORTH CAROLINA,NC,US,STATE,1,CASES
1982,3,NORTH CAROLINA,NC,US,STATE,2,CASES
1982,6,NORTH CAROLINA,NC,US,STATE,1,CASES
1982,7,NORTH CAROLINA,NC,US,STATE,1,CASES
1982,16,NORTH CAROLINA,NC,US,STATE,1,CASES
1982,18,NORTH CAROLINA,NC,US,STATE,1,CASES
1982,19,NORTH CAROLINA,NC,US,STATE,1,CASES
1982,22,NORTH CAROLINA,NC,US,STATE,1,CASES
1982,23,NORTH CAROLINA,NC,US,STATE,1,CASES
1982,26,NORTH CAROLINA,NC,US,STATE,1,CASES
1982,29,NORTH CAROLINA,NC,US,STATE,1,CASES
1982,36,NORTH CAROLINA,NC,US,STATE,1,CASES
1982,39,NORTH CAROLINA,NC,US,STATE,1,CASES
1982,40,NORTH CAROLINA,NC,US,STATE,3,CASES
1982,43,NORTH CAROLINA,NC,US,STATE,3,CASES
1982,44,NORTH CAROLINA,NC,US,STATE,1,CASES
1982,49,NORTH CAROLINA,NC,US,STATE,1,CASES
1982,50,NORTH CAROLINA,NC,US,STATE,1,CASES
1982,51,NORTH CAROLINA,NC,US,STATE,1,CASES
1983,5,NORTH CAROLINA,NC,US,STATE,1,CASES
1983,7,NORTH CAROLINA,NC,US,STATE,2,CASES
1983,10,NORTH CAROLINA,NC,US,STATE,1,CASES
1983,24,NORTH CAROLINA,NC,US,STATE,1,CASES
1983,29,NORTH CAROLINA,NC,US,STATE,1,CASES
1983,31,NORTH CAROLINA,NC,US,STATE,1,CASES
1983,33,NORTH CAROLINA,NC,US,STATE,1,CASES
1983,34,NORTH CAROLINA,NC,US,STATE,1,CASES
1983,35,NORTH CAROLINA,NC,US,STATE,1,CASES
1983,37,NORTH CAROLINA,NC,US,STATE,1,CASES
1983,41,NORTH CAROLINA,NC,US,STATE,2,CASES
1983,45,NORTH CAROLINA,NC,US,STATE,1,CASES
1983,49,NORTH CAROLINA,NC,US,STATE,1,CASES
1983,52,NORTH CAROLINA,NC,US,STATE,17,CASES
1984,2,NORTH CAROLINA,NC,US,STATE,1,CASES
1984,3,NORTH CAROLINA,NC,US,STATE,1,CASES
1984,5,NORTH CAROLINA,NC,US,STATE,1,CASES
1984,8,NORTH CAROLINA,NC,US,STATE,2,CASES
1984,9,NORTH CAROLINA,NC,US,STATE,3,CASES
1984,11,NORTH CAROLINA,NC,US,STATE,1,CASES
1984,12,NORTH CAROLINA,NC,US,STATE,1,CASES
1984,19,NORTH CAROLINA,NC,US,STATE,2,CASES
1984,20,NORTH CAROLINA,NC,US,STATE,1,CASES
1984,21,NORTH CAROLINA,NC,US,STATE,1,CASES
1984,22,NORTH CAROLINA,NC,US,STATE,1,CASES
1984,26,NORTH CAROLINA,NC,US,STATE,1,CASES
1984,29,NORTH CAROLINA,NC,US,STATE,2,CASES
1984,30,NORTH CAROLINA,NC,US,STATE,1,CASES
1984,31,NORTH CAROLINA,NC,US,STATE,1,CASES
1984,45,NORTH CAROLINA,NC,US,STATE,2,CASES
1984,46,NORTH CAROLINA,NC,US,STATE,1,CASES
1984,47,NORTH CAROLINA,NC,US,STATE,1,CASES
1984,49,NORTH CAROLINA,NC,US,STATE,1,CASES
1984,51,NORTH CAROLINA,NC,US,STATE,1,CASES
1985,6,NORTH CAROLINA,NC,US,STATE,1,CASES
1985,8,NORTH CAROLINA,NC,US,STATE,2,CASES
1985,11,NORTH CAROLINA,NC,US,STATE,3,CASES
1985,13,NORTH CAROLINA,NC,US,STATE,1,CASES
1985,18,NORTH CAROLINA,NC,US,STATE,1,CASES
1985,22,NORTH CAROLINA,NC,US,STATE,1,CASES
1985,29,NORTH CAROLINA,NC,US,STATE,2,CASES
1985,38,NORTH CAROLINA,NC,US,STATE,1,CASES
1985,39,NORTH CAROLINA,NC,US,STATE,1,CASES
1985,42,NORTH CAROLINA,NC,US,STATE,1,CASES
1985,43,NORTH CAROLINA,NC,US,STATE,1,CASES
1985,44,NORTH CAROLINA,NC,US,STATE,2,CASES
1985,45,NORTH CAROLINA,NC,US,STATE,2,CASES
1985,50,NORTH CAROLINA,NC,US,STATE,1,CASES
1986,3,NORTH CAROLINA,NC,US,STATE,1,CASES
1986,6,NORTH CAROLINA,NC,US,STATE,2,CASES
1986,8,NORTH CAROLINA,NC,US,STATE,1,CASES
1986,15,NORTH CAROLINA,NC,US,STATE,3,CASES
1986,20,NORTH CAROLINA,NC,US,STATE,2,CASES
1986,22,NORTH CAROLINA,NC,US,STATE,1,CASES
1986,23,NORTH CAROLINA,NC,US,STATE,1,CASES
1986,26,NORTH CAROLINA,NC,US,STATE,1,CASES
1986,28,NORTH CAROLINA,NC,US,STATE,2,CASES
1986,39,NORTH CAROLINA,NC,US,STATE,2,CASES
1986,40,NORTH CAROLINA,NC,US,STATE,3,CASES
1986,41,NORTH CAROLINA,NC,US,STATE,1,CASES
1986,43,NORTH CAROLINA,NC,US,STATE,1,CASES
1986,44,NORTH CAROLINA,NC,US,STATE,1,CASES
1986,47,NORTH CAROLINA,NC,US,STATE,5,CASES
1986,48,NORTH CAROLINA,NC,US,STATE,1,CASES
1987,3,NORTH CAROLINA,NC,US,STATE,1,CASES
1987,5,NORTH CAROLINA,NC,US,STATE,1,CASES
1987,19,NORTH CAROLINA,NC,US,STATE,1,CASES
1987,20,NORTH CAROLINA,NC,US,STATE,1,CASES
1987,23,NORTH CAROLINA,NC,US,STATE,5,CASES
1987,24,NORTH CAROLINA,NC,US,STATE,1,CASES
1987,25,NORTH CAROLINA,NC,US,STATE,2,CASES
1987,27,NORTH CAROLINA,NC,US,STATE,2,CASES
1987,30,NORTH CAROLINA,NC,US,STATE,2,CASES
1987,36,NORTH CAROLINA,NC,US,STATE,1,CASES
1987,41,NORTH CAROLINA,NC,US,STATE,7,CASES
1987,42,NORTH CAROLINA,NC,US,STATE,1,CASES
1987,45,NORTH CAROLINA,NC,US,STATE,2,CASES
1987,46,NORTH CAROLINA,NC,US,STATE,2,CASES
1987,48,NORTH CAROLINA,NC,US,STATE,1,CASES
1987,51,NORTH CAROLINA,NC,US,STATE,1,CASES
1988,1,NORTH CAROLINA,NC,US,STATE,2,CASES
1988,4,NORTH CAROLINA,NC,US,STATE,1,CASES
1988,7,NORTH CAROLINA,NC,US,STATE,1,CASES
1988,8,NORTH CAROLINA,NC,US,STATE,3,CASES
1988,11,NORTH CAROLINA,NC,US,STATE,2,CASES
1988,12,NORTH CAROLINA,NC,US,STATE,1,CASES
1988,13,NORTH CAROLINA,NC,US,STATE,6,CASES
1988,14,NORTH CAROLINA,NC,US,STATE,1,CASES
1988,15,NORTH CAROLINA,NC,US,STATE,1,CASES
1988,16,NORTH CAROLINA,NC,US,STATE,1,CASES
1988,17,NORTH CAROLINA,NC,US,STATE,2,CASES
1988,18,NORTH CAROLINA,NC,US,STATE,1,CASES
1988,19,NORTH CAROLINA,NC,US,STATE,1,CASES
1988,20,NORTH CAROLINA,NC,US,STATE,4,CASES
1988,21,NORTH CAROLINA,NC,US,STATE,1,CASES
1988,22,NORTH CAROLINA,NC,US,STATE,3,CASES
1988,24,NORTH CAROLINA,NC,US,STATE,2,CASES
1988,26,NORTH CAROLINA,NC,US,STATE,2,CASES
1988,30,NORTH CAROLINA,NC,US,STATE,3,CASES
1988,34,NORTH CAROLINA,NC,US,STATE,2,CASES
1988,36,NORTH CAROLINA,NC,US,STATE,1,CASES
1988,37,NORTH CAROLINA,NC,US,STATE,2,CASES
1988,39,NORTH CAROLINA,NC,US,STATE,2,CASES
1988,40,NORTH CAROLINA,NC,US,STATE,1,CASES
1988,41,NORTH CAROLINA,NC,US,STATE,3,CASES
1988,43,NORTH CAROLINA,NC,US,STATE,1,CASES
1988,44,NORTH CAROLINA,NC,US,STATE,1,CASES
1988,51,NORTH CAROLINA,NC,US,STATE,1,CASES
1989,1,NORTH CAROLINA,NC,US,STATE,1,CASES
1989,2,NORTH CAROLINA,NC,US,STATE,1,CASES
1989,7,NORTH CAROLINA,NC,US,STATE,3,CASES
1989,9,NORTH CAROLINA,NC,US,STATE,1,CASES
1989,13,NORTH CAROLINA,NC,US,STATE,1,CASES
1989,18,NORTH CAROLINA,NC,US,STATE,3,CASES
1989,19,NORTH CAROLINA,NC,US,STATE,2,CASES
1989,21,NORTH CAROLINA,NC,US,STATE,1,CASES
1989,23,NORTH CAROLINA,NC,US,STATE,2,CASES
1989,25,NORTH CAROLINA,NC,US,STATE,1,CASES
1989,27,NORTH CAROLINA,NC,US,STATE,1,CASES
1989,28,NORTH CAROLINA,NC,US,STATE,2,CASES
1989,29,NORTH CAROLINA,NC,US,STATE,1,CASES
1989,31,NORTH CAROLINA,NC,US,STATE,3,CASES
1989,32,NORTH CAROLINA,NC,US,STATE,3,CASES
1989,33,NORTH CAROLINA,NC,US,STATE,1,CASES
1989,38,NORTH CAROLINA,NC,US,STATE,1,CASES
1989,39,NORTH CAROLINA,NC,US,STATE,1,CASES
1989,40,NORTH CAROLINA,NC,US,STATE,1,CASES
1989,41,NORTH CAROLINA,NC,US,STATE,1,CASES
1989,42,NORTH CAROLINA,NC,US,STATE,1,CASES
1989,43,NORTH CAROLINA,NC,US,STATE,2,CASES
1989,44,NORTH CAROLINA,NC,US,STATE,3,CASES
1989,48,NORTH CAROLINA,NC,US,STATE,4,CASES
1989,49,NORTH CAROLINA,NC,US,STATE,2,CASES
1989,50,NORTH CAROLINA,NC,US,STATE,1,CASES
1989,51,NORTH CAROLINA,NC,US,STATE,1,CASES
1990,1,NORTH CAROLINA,NC,US,STATE,4,CASES
1990,2,NORTH CAROLINA,NC,US,STATE,1,CASES
1990,3,NORTH CAROLINA,NC,US,STATE,1,CASES
1990,4,NORTH CAROLINA,NC,US,STATE,5,CASES
1990,5,NORTH CAROLINA,NC,US,STATE,8,CASES
1990,7,NORTH CAROLINA,NC,US,STATE,3,CASES
1990,8,NORTH CAROLINA,NC,US,STATE,3,CASES
1990,9,NORTH CAROLINA,NC,US,STATE,1,CASES
1990,10,NORTH CAROLINA,NC,US,STATE,1,CASES
1990,13,NORTH CAROLINA,NC,US,STATE,6,CASES
1990,14,NORTH CAROLINA,NC,US,STATE,1,CASES
1990,15,NORTH CAROLINA,NC,US,STATE,13,CASES
1990,16,NORTH CAROLINA,NC,US,STATE,4,CASES
1990,17,NORTH CAROLINA,NC,US,STATE,2,CASES
1990,19,NORTH CAROLINA,NC,US,STATE,52,CASES
1990,21,NORTH CAROLINA,NC,US,STATE,2,CASES
1990,22,NORTH CAROLINA,NC,US,STATE,20,CASES
1990,23,NORTH CAROLINA,NC,US,STATE,5,CASES
1990,24,NORTH CAROLINA,NC,US,STATE,21,CASES
1990,25,NORTH CAROLINA,NC,US,STATE,5,CASES
1990,26,NORTH CAROLINA,NC,US,STATE,6,CASES
1990,27,NORTH CAROLINA,NC,US,STATE,21,CASES
1990,29,NORTH CAROLINA,NC,US,STATE,19,CASES
1990,30,NORTH CAROLINA,NC,US,STATE,9,CASES
1990,31,NORTH CAROLINA,NC,US,STATE,7,CASES
1990,36,NORTH CAROLINA,NC,US,STATE,35,CASES
1990,37,NORTH CAROLINA,NC,US,STATE,25,CASES
1990,38,NORTH CAROLINA,NC,US,STATE,1,CASES
1990,40,NORTH CAROLINA,NC,US,STATE,13,CASES
1990,46,NORTH CAROLINA,NC,US,STATE,7,CASES
1990,47,NORTH CAROLINA,NC,US,STATE,3,CASES
1990,50,NORTH CAROLINA,NC,US,STATE,11,CASES
1990,51,NORTH CAROLINA,NC,US,STATE,12,CASES
1991,4,NORTH CAROLINA,NC,US,STATE,20,CASES
1991,5,NORTH CAROLINA,NC,US,STATE,11,CASES
1991,6,NORTH CAROLINA,NC,US,STATE,1,CASES
1991,7,NORTH CAROLINA,NC,US,STATE,12,CASES
1991,9,NORTH CAROLINA,NC,US,STATE,1,CASES
1991,10,NORTH CAROLINA,NC,US,STATE,17,CASES
1991,11,NORTH CAROLINA,NC,US,STATE,1,CASES
1991,12,NORTH CAROLINA,NC,US,STATE,3,CASES
1991,14,NORTH CAROLINA,NC,US,STATE,3,CASES
1991,16,NORTH CAROLINA,NC,US,STATE,2,CASES
1991,17,NORTH CAROLINA,NC,US,STATE,8,CASES
1991,19,NORTH CAROLINA,NC,US,STATE,30,CASES
1991,20,NORTH CAROLINA,NC,US,STATE,2,CASES
1991,21,NORTH CAROLINA,NC,US,STATE,10,CASES
1991,22,NORTH CAROLINA,NC,US,STATE,24,CASES
1991,24,NORTH CAROLINA,NC,US,STATE,5,CASES
1991,25,NORTH CAROLINA,NC,US,STATE,13,CASES
1991,27,NORTH CAROLINA,NC,US,STATE,24,CASES
1991,28,NORTH CAROLINA,NC,US,STATE,3,CASES
1991,30,NORTH CAROLINA,NC,US,STATE,5,CASES
1991,31,NORTH CAROLINA,NC,US,STATE,4,CASES
1991,32,NORTH CAROLINA,NC,US,STATE,7,CASES
1991,34,NORTH CAROLINA,NC,US,STATE,3,CASES
1991,35,NORTH CAROLINA,NC,US,STATE,5,CASES
1991,36,NORTH CAROLINA,NC,US,STATE,1,CASES
1991,37,NORTH CAROLINA,NC,US,STATE,2,CASES
1991,38,NORTH CAROLINA,NC,US,STATE,3,CASES
1991,41,NORTH CAROLINA,NC,US,STATE,6,CASES
1991,43,NORTH CAROLINA,NC,US,STATE,1,CASES
1991,45,NORTH CAROLINA,NC,US,STATE,2,CASES
1991,47,NORTH CAROLINA,NC,US,STATE,9,CASES
1991,52,NORTH CAROLINA,NC,US,STATE,19,CASES
1992,5,NORTH CAROLINA,NC,US,STATE,20,CASES
1992,6,NORTH CAROLINA,NC,US,STATE,6,CASES
1992,10,NORTH CAROLINA,NC,US,STATE,19,CASES
1992,11,NORTH CAROLINA,NC,US,STATE,2,CASES
1992,12,NORTH CAROLINA,NC,US,STATE,21,CASES
1992,17,NORTH CAROLINA,NC,US,STATE,14,CASES
1992,22,NORTH CAROLINA,NC,US,STATE,41,CASES
1992,28,NORTH CAROLINA,NC,US,STATE,2,CASES
1992,32,NORTH CAROLINA,NC,US,STATE,55,CASES
1992,41,NORTH CAROLINA,NC,US,STATE,12,CASES
1992,45,NORTH CAROLINA,NC,US,STATE,16,CASES
1992,48,NORTH CAROLINA,NC,US,STATE,1,CASES
1992,49,NORTH CAROLINA,NC,US,STATE,6,CASES
1993,11,NORTH CAROLINA,NC,US,STATE,2,CASES
1993,13,NORTH CAROLINA,NC,US,STATE,2,CASES
1993,16,NORTH CAROLINA,NC,US,STATE,3,CASES
1993,17,NORTH CAROLINA,NC,US,STATE,1,CASES
1993,18,NORTH CAROLINA,NC,US,STATE,3,CASES
1993,19,NORTH CAROLINA,NC,US,STATE,18,CASES
1993,20,NORTH CAROLINA,NC,US,STATE,18,CASES
1993,22,NORTH CAROLINA,NC,US,STATE,19,CASES
1993,23,NORTH CAROLINA,NC,US,STATE,37,CASES
1993,24,NORTH CAROLINA,NC,US,STATE,1,CASES
1993,25,NORTH CAROLINA,NC,US,STATE,10,CASES
1993,26,NORTH CAROLINA,NC,US,STATE,10,CASES
1993,30,NORTH CAROLINA,NC,US,STATE,19,CASES
1993,42,NORTH CAROLINA,NC,US,STATE,2,CASES
1993,44,NORTH CAROLINA,NC,US,STATE,23,CASES
1993,47,NORTH CAROLINA,NC,US,STATE,2,CASES
1994,2,NORTH CAROLINA,NC,US,STATE,1,CASES
1994,3,NORTH CAROLINA,NC,US,STATE,7,CASES
1994,4,NORTH CAROLINA,NC,US,STATE,2,CASES
1994,5,NORTH CAROLINA,NC,US,STATE,4,CASES
1994,6,NORTH CAROLINA,NC,US,STATE,2,CASES
1994,12,NORTH CAROLINA,NC,US,STATE,1,CASES
1994,13,NORTH CAROLINA,NC,US,STATE,3,CASES
1994,16,NORTH CAROLINA,NC,US,STATE,4,CASES
1994,17,NORTH CAROLINA,NC,US,STATE,1,CASES
1994,19,NORTH CAROLINA,NC,US,STATE,1,CASES
1994,29,NORTH CAROLINA,NC,US,STATE,9,CASES
1994,32,NORTH CAROLINA,NC,US,STATE,2,CASES
1994,44,NORTH CAROLINA,NC,US,STATE,1,CASES
1996,23,NORTH CAROLINA,NC,US,STATE,8,CASES
1996,24,NORTH CAROLINA,NC,US,STATE,1,CASES
1996,25,NORTH CAROLINA,NC,US,STATE,1,CASES
1996,27,NORTH CAROLINA,NC,US,STATE,1,CASES
1996,31,NORTH CAROLINA,NC,US,STATE,3,CASES
1996,33,NORTH CAROLINA,NC,US,STATE,3,CASES
1996,37,NORTH CAROLINA,NC,US,STATE,2,CASES
1996,42,NORTH CAROLINA,NC,US,STATE,1,CASES
1996,49,NORTH CAROLINA,NC,US,STATE,1,CASES
1997,8,NORTH CAROLINA,NC,US,STATE,1,CASES
1997,9,NORTH CAROLINA,NC,US,STATE,3,CASES
1997,11,NORTH CAROLINA,NC,US,STATE,1,CASES
1997,22,NORTH CAROLINA,NC,US,STATE,1,CASES
1997,33,NORTH CAROLINA,NC,US,STATE,1,CASES
1997,36,NORTH CAROLINA,NC,US,STATE,1,CASES
1997,42,NORTH CAROLINA,NC,US,STATE,1,CASES
1997,48,NORTH CAROLINA,NC,US,STATE,1,CASES
1997,49,NORTH CAROLINA,NC,US,STATE,1,CASES
1998,2,NORTH CAROLINA,NC,US,STATE,3,CASES
1998,5,NORTH CAROLINA,NC,US,STATE,1,CASES
1998,8,NORTH CAROLINA,NC,US,STATE,1,CASES
1998,12,NORTH CAROLINA,NC,US,STATE,1,CASES
1998,19,NORTH CAROLINA,NC,US,STATE,1,CASES
1998,25,NORTH CAROLINA,NC,US,STATE,1,CASES
1998,27,NORTH CAROLINA,NC,US,STATE,1,CASES
1998,35,NORTH CAROLINA,NC,US,STATE,1,CASES
1998,44,NORTH CAROLINA,NC,US,STATE,1,CASES
1999,3,NORTH CAROLINA,NC,US,STATE,1,CASES
1999,12,NORTH CAROLINA,NC,US,STATE,2,CASES
1999,14,NORTH CAROLINA,NC,US,STATE,1,CASES
1999,16,NORTH CAROLINA,NC,US,STATE,1,CASES
1999,24,NORTH CAROLINA,NC,US,STATE,2,CASES
1999,25,NORTH CAROLINA,NC,US,STATE,1,CASES
1999,51,NORTH CAROLINA,NC,US,STATE,1,CASES
2000,7,NORTH CAROLINA,NC,US,STATE,1,CASES
2000,8,NORTH CAROLINA,NC,US,STATE,1,CASES
2000,17,NORTH CAROLINA,NC,US,STATE,1,CASES
2000,22,NORTH CAROLINA,NC,US,STATE,1,CASES
2000,27,NORTH CAROLINA,NC,US,STATE,1,CASES
2000,43,NORTH CAROLINA,NC,US,STATE,1,CASES
2000,45,NORTH CAROLINA,NC,US,STATE,1,CASES
2001,21,NORTH CAROLINA,NC,US,STATE,1,CASES
2001,35,NORTH CAROLINA,NC,US,STATE,2,CASES
2001,39,NORTH CAROLINA,NC,US,STATE,1,CASES
2001,42,NORTH CAROLINA,NC,US,STATE,1,CASES
2011,17,NORTH CAROLINA,NC,US,STATE,2,CASES
2011,18,NORTH CAROLINA,NC,US,STATE,2,CASES
2011,34,NORTH CAROLINA,NC,US,STATE,1,CASES
2011,35,NORTH CAROLINA,NC,US,STATE,2,CASES
2011,44,NORTH CAROLINA,NC,US,STATE,1,CASES
2011,45,NORTH CAROLINA,NC,US,STATE,1,CASES
2012,12,NORTH CAROLINA,NC,US,STATE,1,CASES
2013,18,NORTH CAROLINA,NC,US,STATE,1,CASES
