year,week,loc,state,country,loc_type,number,event
1928,7,NORTH DAKOTA,ND,US,STATE,2,CASES
1928,8,NORTH DAKOTA,ND,US,STATE,2,CASES
1928,10,NORTH DAKOTA,ND,US,STATE,3,CASES
1928,14,NORTH DAKOTA,ND,US,STATE,19,CASES
1928,15,NORTH DAKOTA,ND,US,STATE,44,CASES
1928,16,NORTH DAKOTA,ND,US,STATE,16,CASES
1928,17,NORTH DAKOTA,ND,US,STATE,132,CASES
1928,18,NORTH DAKOTA,ND,US,STATE,259,CASES
1928,19,NORTH DAKOTA,ND,US,STATE,55,CASES
1928,20,NORTH DAKOTA,ND,US,STATE,30,CASES
1928,21,NORTH DAKOTA,ND,US,STATE,28,CASES
1928,22,NORTH DAKOTA,ND,US,STATE,12,CASES
1928,23,NORTH DAKOTA,ND,US,STATE,127,CASES
1928,24,NORTH DAKOTA,ND,US,STATE,2,CASES
1928,25,NORTH DAKOTA,ND,US,STATE,2,CASES
1928,27,NORTH DAKOTA,ND,US,STATE,4,CASES
1928,28,NORTH DAKOTA,ND,US,STATE,3,CASES
1928,29,NORTH DAKOTA,ND,US,STATE,1,CASES
1928,32,NORTH DAKOTA,ND,US,STATE,1,CASES
1928,34,NORTH DAKOTA,ND,US,STATE,2,CASES
1928,36,NORTH DAKOTA,ND,US,STATE,9,CASES
1928,37,NORTH DAKOTA,ND,US,STATE,8,CASES
1928,38,NORTH DAKOTA,ND,US,STATE,1,CASES
1928,39,NORTH DAKOTA,ND,US,STATE,2,CASES
1928,42,NORTH DAKOTA,ND,US,STATE,3,CASES
1928,44,NORTH DAKOTA,ND,US,STATE,2,CASES
1928,47,NORTH DAKOTA,ND,US,STATE,16,CASES
1928,49,NORTH DAKOTA,ND,US,STATE,194,CASES
1928,50,NORTH DAKOTA,ND,US,STATE,7355,CASES
1928,51,NORTH DAKOTA,ND,US,STATE,21346,CASES
1928,52,NORTH DAKOTA,ND,US,STATE,1644,CASES
1929,1,NORTH DAKOTA,ND,US,STATE,2528,CASES
1929,2,NORTH DAKOTA,ND,US,STATE,546,CASES
1929,3,NORTH DAKOTA,ND,US,STATE,172,CASES
1929,4,NORTH DAKOTA,ND,US,STATE,39,CASES
1929,5,NORTH DAKOTA,ND,US,STATE,122,CASES
1929,6,NORTH DAKOTA,ND,US,STATE,13,CASES
1929,7,NORTH DAKOTA,ND,US,STATE,50,CASES
1929,35,NORTH DAKOTA,ND,US,STATE,3,CASES
1930,4,NORTH DAKOTA,ND,US,STATE,9,CASES
1932,48,NORTH DAKOTA,ND,US,STATE,1,CASES
1932,52,NORTH DAKOTA,ND,US,STATE,4618,CASES
1933,1,NORTH DAKOTA,ND,US,STATE,1888,CASES
1933,2,NORTH DAKOTA,ND,US,STATE,2470,CASES
1933,3,NORTH DAKOTA,ND,US,STATE,2517,CASES
1933,4,NORTH DAKOTA,ND,US,STATE,655,CASES
1933,5,NORTH DAKOTA,ND,US,STATE,699,CASES
1933,6,NORTH DAKOTA,ND,US,STATE,28,CASES
1933,7,NORTH DAKOTA,ND,US,STATE,228,CASES
1933,8,NORTH DAKOTA,ND,US,STATE,10,CASES
1933,9,NORTH DAKOTA,ND,US,STATE,57,CASES
1933,10,NORTH DAKOTA,ND,US,STATE,26,CASES
1933,31,NORTH DAKOTA,ND,US,STATE,5,CASES
1933,35,NORTH DAKOTA,ND,US,STATE,3,CASES
1933,37,NORTH DAKOTA,ND,US,STATE,1,CASES
1933,42,NORTH DAKOTA,ND,US,STATE,1,CASES
1933,44,NORTH DAKOTA,ND,US,STATE,4,CASES
1933,46,NORTH DAKOTA,ND,US,STATE,1,CASES
1933,47,NORTH DAKOTA,ND,US,STATE,1,CASES
1933,48,NORTH DAKOTA,ND,US,STATE,2,CASES
1933,50,NORTH DAKOTA,ND,US,STATE,2,CASES
1934,2,NORTH DAKOTA,ND,US,STATE,5,CASES
1934,3,NORTH DAKOTA,ND,US,STATE,4,CASES
1934,4,NORTH DAKOTA,ND,US,STATE,3,CASES
1934,5,NORTH DAKOTA,ND,US,STATE,5,CASES
1934,6,NORTH DAKOTA,ND,US,STATE,38,CASES
1934,8,NORTH DAKOTA,ND,US,STATE,10,CASES
1934,9,NORTH DAKOTA,ND,US,STATE,55,CASES
1934,10,NORTH DAKOTA,ND,US,STATE,29,CASES
1934,11,NORTH DAKOTA,ND,US,STATE,29,CASES
1934,13,NORTH DAKOTA,ND,US,STATE,2,CASES
1934,14,NORTH DAKOTA,ND,US,STATE,1,CASES
1934,15,NORTH DAKOTA,ND,US,STATE,1,CASES
1934,18,NORTH DAKOTA,ND,US,STATE,2,CASES
1934,28,NORTH DAKOTA,ND,US,STATE,2,CASES
1934,38,NORTH DAKOTA,ND,US,STATE,1,CASES
1934,40,NORTH DAKOTA,ND,US,STATE,5,CASES
1934,46,NORTH DAKOTA,ND,US,STATE,2,CASES
1934,50,NORTH DAKOTA,ND,US,STATE,11,CASES
1934,51,NORTH DAKOTA,ND,US,STATE,6,CASES
1934,52,NORTH DAKOTA,ND,US,STATE,32,CASES
1935,1,NORTH DAKOTA,ND,US,STATE,319,CASES
1935,2,NORTH DAKOTA,ND,US,STATE,7,CASES
1935,3,NORTH DAKOTA,ND,US,STATE,88,CASES
1935,4,NORTH DAKOTA,ND,US,STATE,11,CASES
1935,5,NORTH DAKOTA,ND,US,STATE,31,CASES
1935,6,NORTH DAKOTA,ND,US,STATE,33,CASES
1935,7,NORTH DAKOTA,ND,US,STATE,23,CASES
1935,8,NORTH DAKOTA,ND,US,STATE,75,CASES
1935,9,NORTH DAKOTA,ND,US,STATE,9,CASES
1935,10,NORTH DAKOTA,ND,US,STATE,27,CASES
1935,11,NORTH DAKOTA,ND,US,STATE,3,CASES
1935,13,NORTH DAKOTA,ND,US,STATE,18,CASES
1935,14,NORTH DAKOTA,ND,US,STATE,3,CASES
1935,15,NORTH DAKOTA,ND,US,STATE,1,CASES
1935,16,NORTH DAKOTA,ND,US,STATE,13,CASES
1935,17,NORTH DAKOTA,ND,US,STATE,16,CASES
1935,18,NORTH DAKOTA,ND,US,STATE,5,CASES
1935,19,NORTH DAKOTA,ND,US,STATE,2,CASES
1935,21,NORTH DAKOTA,ND,US,STATE,4,CASES
1935,22,NORTH DAKOTA,ND,US,STATE,4,CASES
1935,23,NORTH DAKOTA,ND,US,STATE,1,CASES
1935,25,NORTH DAKOTA,ND,US,STATE,1,CASES
1935,26,NORTH DAKOTA,ND,US,STATE,11,CASES
1935,27,NORTH DAKOTA,ND,US,STATE,17,CASES
1935,28,NORTH DAKOTA,ND,US,STATE,9,CASES
1935,32,NORTH DAKOTA,ND,US,STATE,6,CASES
1935,33,NORTH DAKOTA,ND,US,STATE,5,CASES
1935,34,NORTH DAKOTA,ND,US,STATE,18,CASES
1935,38,NORTH DAKOTA,ND,US,STATE,1,CASES
1935,46,NORTH DAKOTA,ND,US,STATE,5,CASES
1935,47,NORTH DAKOTA,ND,US,STATE,13,CASES
1935,49,NORTH DAKOTA,ND,US,STATE,8,CASES
1935,50,NORTH DAKOTA,ND,US,STATE,10,CASES
1935,51,NORTH DAKOTA,ND,US,STATE,2,CASES
1936,1,NORTH DAKOTA,ND,US,STATE,2,CASES
1936,3,NORTH DAKOTA,ND,US,STATE,17,CASES
1936,4,NORTH DAKOTA,ND,US,STATE,16,CASES
1936,5,NORTH DAKOTA,ND,US,STATE,4,CASES
1936,6,NORTH DAKOTA,ND,US,STATE,3,CASES
1936,7,NORTH DAKOTA,ND,US,STATE,2,CASES
1936,8,NORTH DAKOTA,ND,US,STATE,10,CASES
1936,9,NORTH DAKOTA,ND,US,STATE,12,CASES
1936,10,NORTH DAKOTA,ND,US,STATE,6,CASES
1936,11,NORTH DAKOTA,ND,US,STATE,4,CASES
1936,12,NORTH DAKOTA,ND,US,STATE,5,CASES
1936,13,NORTH DAKOTA,ND,US,STATE,9,CASES
1936,14,NORTH DAKOTA,ND,US,STATE,12,CASES
1936,15,NORTH DAKOTA,ND,US,STATE,10,CASES
1936,16,NORTH DAKOTA,ND,US,STATE,7,CASES
1936,17,NORTH DAKOTA,ND,US,STATE,7,CASES
1936,18,NORTH DAKOTA,ND,US,STATE,3,CASES
1936,19,NORTH DAKOTA,ND,US,STATE,18,CASES
1936,20,NORTH DAKOTA,ND,US,STATE,12,CASES
1936,22,NORTH DAKOTA,ND,US,STATE,5,CASES
1936,29,NORTH DAKOTA,ND,US,STATE,1,CASES
1936,31,NORTH DAKOTA,ND,US,STATE,2,CASES
1936,35,NORTH DAKOTA,ND,US,STATE,1,CASES
1936,37,NORTH DAKOTA,ND,US,STATE,5,CASES
1936,38,NORTH DAKOTA,ND,US,STATE,4,CASES
1936,43,NORTH DAKOTA,ND,US,STATE,9,CASES
1936,46,NORTH DAKOTA,ND,US,STATE,6,CASES
1936,47,NORTH DAKOTA,ND,US,STATE,9,CASES
1936,48,NORTH DAKOTA,ND,US,STATE,50,CASES
1936,49,NORTH DAKOTA,ND,US,STATE,11,CASES
1936,51,NORTH DAKOTA,ND,US,STATE,3,CASES
1937,1,NORTH DAKOTA,ND,US,STATE,66,CASES
1937,2,NORTH DAKOTA,ND,US,STATE,232,CASES
1937,3,NORTH DAKOTA,ND,US,STATE,460,CASES
1937,4,NORTH DAKOTA,ND,US,STATE,225,CASES
1937,5,NORTH DAKOTA,ND,US,STATE,363,CASES
1937,6,NORTH DAKOTA,ND,US,STATE,207,CASES
1937,7,NORTH DAKOTA,ND,US,STATE,41,CASES
1937,8,NORTH DAKOTA,ND,US,STATE,7,CASES
1937,9,NORTH DAKOTA,ND,US,STATE,31,CASES
1937,10,NORTH DAKOTA,ND,US,STATE,4,CASES
1937,11,NORTH DAKOTA,ND,US,STATE,4,CASES
1937,12,NORTH DAKOTA,ND,US,STATE,6,CASES
1937,13,NORTH DAKOTA,ND,US,STATE,3,CASES
1937,14,NORTH DAKOTA,ND,US,STATE,24,CASES
1937,15,NORTH DAKOTA,ND,US,STATE,22,CASES
1937,16,NORTH DAKOTA,ND,US,STATE,27,CASES
1937,18,NORTH DAKOTA,ND,US,STATE,2,CASES
1937,19,NORTH DAKOTA,ND,US,STATE,1,CASES
1937,20,NORTH DAKOTA,ND,US,STATE,3,CASES
1937,22,NORTH DAKOTA,ND,US,STATE,36,CASES
1937,23,NORTH DAKOTA,ND,US,STATE,11,CASES
1937,24,NORTH DAKOTA,ND,US,STATE,1,CASES
1937,25,NORTH DAKOTA,ND,US,STATE,219,CASES
1937,29,NORTH DAKOTA,ND,US,STATE,5,CASES
1937,31,NORTH DAKOTA,ND,US,STATE,2,CASES
1937,32,NORTH DAKOTA,ND,US,STATE,3,CASES
1937,33,NORTH DAKOTA,ND,US,STATE,1,CASES
1937,37,NORTH DAKOTA,ND,US,STATE,2,CASES
1937,38,NORTH DAKOTA,ND,US,STATE,5,CASES
1937,41,NORTH DAKOTA,ND,US,STATE,1,CASES
1937,43,NORTH DAKOTA,ND,US,STATE,2,CASES
1937,48,NORTH DAKOTA,ND,US,STATE,2,CASES
1937,49,NORTH DAKOTA,ND,US,STATE,6,CASES
1937,50,NORTH DAKOTA,ND,US,STATE,18,CASES
1937,51,NORTH DAKOTA,ND,US,STATE,1,CASES
1938,1,NORTH DAKOTA,ND,US,STATE,5,CASES
1938,2,NORTH DAKOTA,ND,US,STATE,2,CASES
1938,3,NORTH DAKOTA,ND,US,STATE,3,CASES
1938,4,NORTH DAKOTA,ND,US,STATE,3,CASES
1938,5,NORTH DAKOTA,ND,US,STATE,2,CASES
1938,6,NORTH DAKOTA,ND,US,STATE,6,CASES
1938,8,NORTH DAKOTA,ND,US,STATE,6,CASES
1938,9,NORTH DAKOTA,ND,US,STATE,2,CASES
1938,10,NORTH DAKOTA,ND,US,STATE,2,CASES
1938,11,NORTH DAKOTA,ND,US,STATE,68,CASES
1938,12,NORTH DAKOTA,ND,US,STATE,6,CASES
1938,13,NORTH DAKOTA,ND,US,STATE,5,CASES
1938,14,NORTH DAKOTA,ND,US,STATE,39,CASES
1938,15,NORTH DAKOTA,ND,US,STATE,13,CASES
1938,16,NORTH DAKOTA,ND,US,STATE,3,CASES
1938,17,NORTH DAKOTA,ND,US,STATE,14,CASES
1938,18,NORTH DAKOTA,ND,US,STATE,8,CASES
1938,19,NORTH DAKOTA,ND,US,STATE,15,CASES
1938,20,NORTH DAKOTA,ND,US,STATE,3,CASES
1938,21,NORTH DAKOTA,ND,US,STATE,5,CASES
1938,22,NORTH DAKOTA,ND,US,STATE,6,CASES
1938,23,NORTH DAKOTA,ND,US,STATE,7,CASES
1938,25,NORTH DAKOTA,ND,US,STATE,15,CASES
1938,26,NORTH DAKOTA,ND,US,STATE,59,CASES
1938,27,NORTH DAKOTA,ND,US,STATE,7,CASES
1938,28,NORTH DAKOTA,ND,US,STATE,118,CASES
1938,29,NORTH DAKOTA,ND,US,STATE,5,CASES
1938,30,NORTH DAKOTA,ND,US,STATE,59,CASES
1938,31,NORTH DAKOTA,ND,US,STATE,7,CASES
1938,32,NORTH DAKOTA,ND,US,STATE,3,CASES
1938,33,NORTH DAKOTA,ND,US,STATE,66,CASES
1938,34,NORTH DAKOTA,ND,US,STATE,7,CASES
1938,35,NORTH DAKOTA,ND,US,STATE,52,CASES
1938,37,NORTH DAKOTA,ND,US,STATE,2,CASES
1938,38,NORTH DAKOTA,ND,US,STATE,2,CASES
1938,39,NORTH DAKOTA,ND,US,STATE,5,CASES
1938,40,NORTH DAKOTA,ND,US,STATE,37,CASES
1938,41,NORTH DAKOTA,ND,US,STATE,5,CASES
1938,42,NORTH DAKOTA,ND,US,STATE,74,CASES
1938,43,NORTH DAKOTA,ND,US,STATE,6,CASES
1938,45,NORTH DAKOTA,ND,US,STATE,1,CASES
1938,46,NORTH DAKOTA,ND,US,STATE,30,CASES
1938,47,NORTH DAKOTA,ND,US,STATE,59,CASES
1938,48,NORTH DAKOTA,ND,US,STATE,126,CASES
1938,49,NORTH DAKOTA,ND,US,STATE,103,CASES
1938,50,NORTH DAKOTA,ND,US,STATE,89,CASES
1938,51,NORTH DAKOTA,ND,US,STATE,44,CASES
1938,52,NORTH DAKOTA,ND,US,STATE,12,CASES
1939,1,NORTH DAKOTA,ND,US,STATE,249,CASES
1939,2,NORTH DAKOTA,ND,US,STATE,81,CASES
1939,3,NORTH DAKOTA,ND,US,STATE,88,CASES
1939,4,NORTH DAKOTA,ND,US,STATE,44,CASES
1939,5,NORTH DAKOTA,ND,US,STATE,27,CASES
1939,6,NORTH DAKOTA,ND,US,STATE,15,CASES
1939,7,NORTH DAKOTA,ND,US,STATE,14,CASES
1939,8,NORTH DAKOTA,ND,US,STATE,64,CASES
1939,9,NORTH DAKOTA,ND,US,STATE,364,CASES
1939,10,NORTH DAKOTA,ND,US,STATE,741,CASES
1939,11,NORTH DAKOTA,ND,US,STATE,254,CASES
1939,12,NORTH DAKOTA,ND,US,STATE,414,CASES
1939,13,NORTH DAKOTA,ND,US,STATE,149,CASES
1939,14,NORTH DAKOTA,ND,US,STATE,124,CASES
1939,15,NORTH DAKOTA,ND,US,STATE,38,CASES
1939,16,NORTH DAKOTA,ND,US,STATE,31,CASES
1939,17,NORTH DAKOTA,ND,US,STATE,26,CASES
1939,18,NORTH DAKOTA,ND,US,STATE,88,CASES
1939,19,NORTH DAKOTA,ND,US,STATE,270,CASES
1939,20,NORTH DAKOTA,ND,US,STATE,592,CASES
1939,21,NORTH DAKOTA,ND,US,STATE,2,CASES
1939,22,NORTH DAKOTA,ND,US,STATE,343,CASES
1939,23,NORTH DAKOTA,ND,US,STATE,18,CASES
1939,24,NORTH DAKOTA,ND,US,STATE,73,CASES
1939,25,NORTH DAKOTA,ND,US,STATE,17,CASES
1939,27,NORTH DAKOTA,ND,US,STATE,8,CASES
1939,28,NORTH DAKOTA,ND,US,STATE,64,CASES
1939,31,NORTH DAKOTA,ND,US,STATE,5,CASES
1939,36,NORTH DAKOTA,ND,US,STATE,1,CASES
1939,37,NORTH DAKOTA,ND,US,STATE,4,CASES
1939,38,NORTH DAKOTA,ND,US,STATE,102,CASES
1939,39,NORTH DAKOTA,ND,US,STATE,102,CASES
1939,40,NORTH DAKOTA,ND,US,STATE,5,CASES
1939,41,NORTH DAKOTA,ND,US,STATE,5,CASES
1939,42,NORTH DAKOTA,ND,US,STATE,2,CASES
1939,43,NORTH DAKOTA,ND,US,STATE,29,CASES
1939,45,NORTH DAKOTA,ND,US,STATE,4,CASES
1939,46,NORTH DAKOTA,ND,US,STATE,37,CASES
1939,47,NORTH DAKOTA,ND,US,STATE,1,CASES
1939,48,NORTH DAKOTA,ND,US,STATE,117,CASES
1939,49,NORTH DAKOTA,ND,US,STATE,7,CASES
1939,50,NORTH DAKOTA,ND,US,STATE,621,CASES
1939,51,NORTH DAKOTA,ND,US,STATE,26,CASES
1939,52,NORTH DAKOTA,ND,US,STATE,175,CASES
1940,1,NORTH DAKOTA,ND,US,STATE,46,CASES
1940,2,NORTH DAKOTA,ND,US,STATE,42,CASES
1940,3,NORTH DAKOTA,ND,US,STATE,131,CASES
1940,4,NORTH DAKOTA,ND,US,STATE,42,CASES
1940,5,NORTH DAKOTA,ND,US,STATE,19,CASES
1940,6,NORTH DAKOTA,ND,US,STATE,61,CASES
1940,7,NORTH DAKOTA,ND,US,STATE,20,CASES
1940,8,NORTH DAKOTA,ND,US,STATE,23,CASES
1940,9,NORTH DAKOTA,ND,US,STATE,44,CASES
1940,10,NORTH DAKOTA,ND,US,STATE,36,CASES
1940,11,NORTH DAKOTA,ND,US,STATE,44,CASES
1940,12,NORTH DAKOTA,ND,US,STATE,62,CASES
1940,13,NORTH DAKOTA,ND,US,STATE,6,CASES
1940,14,NORTH DAKOTA,ND,US,STATE,12,CASES
1940,15,NORTH DAKOTA,ND,US,STATE,28,CASES
1940,16,NORTH DAKOTA,ND,US,STATE,2,CASES
1940,17,NORTH DAKOTA,ND,US,STATE,9,CASES
1940,18,NORTH DAKOTA,ND,US,STATE,2,CASES
1940,19,NORTH DAKOTA,ND,US,STATE,6,CASES
1940,20,NORTH DAKOTA,ND,US,STATE,2,CASES
1940,23,NORTH DAKOTA,ND,US,STATE,14,CASES
1940,25,NORTH DAKOTA,ND,US,STATE,17,CASES
1940,27,NORTH DAKOTA,ND,US,STATE,8,CASES
1940,28,NORTH DAKOTA,ND,US,STATE,64,CASES
1940,31,NORTH DAKOTA,ND,US,STATE,5,CASES
1940,33,NORTH DAKOTA,ND,US,STATE,5,CASES
1940,35,NORTH DAKOTA,ND,US,STATE,1,CASES
1940,36,NORTH DAKOTA,ND,US,STATE,2,CASES
1940,38,NORTH DAKOTA,ND,US,STATE,1,CASES
1940,40,NORTH DAKOTA,ND,US,STATE,20,CASES
1940,41,NORTH DAKOTA,ND,US,STATE,1,CASES
1940,42,NORTH DAKOTA,ND,US,STATE,7,CASES
1940,45,NORTH DAKOTA,ND,US,STATE,1,CASES
1940,47,NORTH DAKOTA,ND,US,STATE,9,CASES
1940,48,NORTH DAKOTA,ND,US,STATE,13,CASES
1940,49,NORTH DAKOTA,ND,US,STATE,10,CASES
1940,50,NORTH DAKOTA,ND,US,STATE,28,CASES
1940,51,NORTH DAKOTA,ND,US,STATE,52,CASES
1940,52,NORTH DAKOTA,ND,US,STATE,43,CASES
1941,1,NORTH DAKOTA,ND,US,STATE,172,CASES
1941,2,NORTH DAKOTA,ND,US,STATE,83,CASES
1941,3,NORTH DAKOTA,ND,US,STATE,268,CASES
1941,4,NORTH DAKOTA,ND,US,STATE,141,CASES
1941,5,NORTH DAKOTA,ND,US,STATE,101,CASES
1941,6,NORTH DAKOTA,ND,US,STATE,84,CASES
1941,7,NORTH DAKOTA,ND,US,STATE,113,CASES
1941,9,NORTH DAKOTA,ND,US,STATE,85,CASES
1941,10,NORTH DAKOTA,ND,US,STATE,30,CASES
1941,11,NORTH DAKOTA,ND,US,STATE,21,CASES
1941,12,NORTH DAKOTA,ND,US,STATE,8,CASES
1941,14,NORTH DAKOTA,ND,US,STATE,3,CASES
1941,15,NORTH DAKOTA,ND,US,STATE,7,CASES
1941,16,NORTH DAKOTA,ND,US,STATE,6,CASES
1941,17,NORTH DAKOTA,ND,US,STATE,9,CASES
1941,18,NORTH DAKOTA,ND,US,STATE,6,CASES
1941,19,NORTH DAKOTA,ND,US,STATE,1,CASES
1941,23,NORTH DAKOTA,ND,US,STATE,2,CASES
1941,25,NORTH DAKOTA,ND,US,STATE,2,CASES
1941,27,NORTH DAKOTA,ND,US,STATE,13,CASES
1941,31,NORTH DAKOTA,ND,US,STATE,2,CASES
1941,32,NORTH DAKOTA,ND,US,STATE,5,CASES
1941,33,NORTH DAKOTA,ND,US,STATE,6,CASES
1941,34,NORTH DAKOTA,ND,US,STATE,18,CASES
1941,36,NORTH DAKOTA,ND,US,STATE,7,CASES
1941,40,NORTH DAKOTA,ND,US,STATE,3,CASES
1941,41,NORTH DAKOTA,ND,US,STATE,7,CASES
1941,43,NORTH DAKOTA,ND,US,STATE,1,CASES
1941,45,NORTH DAKOTA,ND,US,STATE,4,CASES
1941,46,NORTH DAKOTA,ND,US,STATE,12,CASES
1941,48,NORTH DAKOTA,ND,US,STATE,16,CASES
1941,49,NORTH DAKOTA,ND,US,STATE,10,CASES
1941,50,NORTH DAKOTA,ND,US,STATE,9,CASES
1941,51,NORTH DAKOTA,ND,US,STATE,4,CASES
1941,52,NORTH DAKOTA,ND,US,STATE,17,CASES
1941,53,NORTH DAKOTA,ND,US,STATE,2,CASES
1942,1,NORTH DAKOTA,ND,US,STATE,36,CASES
1942,2,NORTH DAKOTA,ND,US,STATE,13,CASES
1942,3,NORTH DAKOTA,ND,US,STATE,14,CASES
1942,4,NORTH DAKOTA,ND,US,STATE,5,CASES
1942,5,NORTH DAKOTA,ND,US,STATE,35,CASES
1942,6,NORTH DAKOTA,ND,US,STATE,32,CASES
1942,7,NORTH DAKOTA,ND,US,STATE,22,CASES
1942,8,NORTH DAKOTA,ND,US,STATE,6,CASES
1942,9,NORTH DAKOTA,ND,US,STATE,5,CASES
1942,10,NORTH DAKOTA,ND,US,STATE,9,CASES
1942,12,NORTH DAKOTA,ND,US,STATE,5,CASES
1942,14,NORTH DAKOTA,ND,US,STATE,3,CASES
1942,15,NORTH DAKOTA,ND,US,STATE,6,CASES
1942,16,NORTH DAKOTA,ND,US,STATE,74,CASES
1942,17,NORTH DAKOTA,ND,US,STATE,7,CASES
1942,19,NORTH DAKOTA,ND,US,STATE,9,CASES
1942,21,NORTH DAKOTA,ND,US,STATE,4,CASES
1942,22,NORTH DAKOTA,ND,US,STATE,1,CASES
1942,23,NORTH DAKOTA,ND,US,STATE,2,CASES
1942,25,NORTH DAKOTA,ND,US,STATE,4,CASES
1942,26,NORTH DAKOTA,ND,US,STATE,1,CASES
1942,27,NORTH DAKOTA,ND,US,STATE,1,CASES
1942,29,NORTH DAKOTA,ND,US,STATE,2,CASES
1942,30,NORTH DAKOTA,ND,US,STATE,1,CASES
1942,32,NORTH DAKOTA,ND,US,STATE,3,CASES
1942,34,NORTH DAKOTA,ND,US,STATE,5,CASES
1942,35,NORTH DAKOTA,ND,US,STATE,5,CASES
1942,37,NORTH DAKOTA,ND,US,STATE,3,CASES
1942,38,NORTH DAKOTA,ND,US,STATE,1,CASES
1942,39,NORTH DAKOTA,ND,US,STATE,3,CASES
1942,40,NORTH DAKOTA,ND,US,STATE,8,CASES
1942,41,NORTH DAKOTA,ND,US,STATE,5,CASES
1942,42,NORTH DAKOTA,ND,US,STATE,7,CASES
1942,45,NORTH DAKOTA,ND,US,STATE,14,CASES
1942,46,NORTH DAKOTA,ND,US,STATE,2,CASES
1942,48,NORTH DAKOTA,ND,US,STATE,16,CASES
1942,49,NORTH DAKOTA,ND,US,STATE,1,CASES
1942,50,NORTH DAKOTA,ND,US,STATE,12,CASES
1942,51,NORTH DAKOTA,ND,US,STATE,24,CASES
1942,52,NORTH DAKOTA,ND,US,STATE,15,CASES
1943,1,NORTH DAKOTA,ND,US,STATE,49,CASES
1943,2,NORTH DAKOTA,ND,US,STATE,46,CASES
1943,3,NORTH DAKOTA,ND,US,STATE,41,CASES
1943,4,NORTH DAKOTA,ND,US,STATE,23,CASES
1943,5,NORTH DAKOTA,ND,US,STATE,28,CASES
1943,6,NORTH DAKOTA,ND,US,STATE,1,CASES
1943,7,NORTH DAKOTA,ND,US,STATE,6,CASES
1943,8,NORTH DAKOTA,ND,US,STATE,20,CASES
1943,11,NORTH DAKOTA,ND,US,STATE,1,CASES
1943,12,NORTH DAKOTA,ND,US,STATE,9,CASES
1943,13,NORTH DAKOTA,ND,US,STATE,3,CASES
1943,14,NORTH DAKOTA,ND,US,STATE,11,CASES
1943,15,NORTH DAKOTA,ND,US,STATE,4,CASES
1943,17,NORTH DAKOTA,ND,US,STATE,4,CASES
1943,18,NORTH DAKOTA,ND,US,STATE,27,CASES
1943,19,NORTH DAKOTA,ND,US,STATE,25,CASES
1943,20,NORTH DAKOTA,ND,US,STATE,3,CASES
1943,21,NORTH DAKOTA,ND,US,STATE,40,CASES
1943,22,NORTH DAKOTA,ND,US,STATE,3,CASES
1943,23,NORTH DAKOTA,ND,US,STATE,2,CASES
1943,25,NORTH DAKOTA,ND,US,STATE,36,CASES
1943,27,NORTH DAKOTA,ND,US,STATE,1,CASES
1943,29,NORTH DAKOTA,ND,US,STATE,2,CASES
1943,31,NORTH DAKOTA,ND,US,STATE,4,CASES
1943,33,NORTH DAKOTA,ND,US,STATE,4,CASES
1943,35,NORTH DAKOTA,ND,US,STATE,13,CASES
1943,36,NORTH DAKOTA,ND,US,STATE,1,CASES
1943,37,NORTH DAKOTA,ND,US,STATE,3,CASES
1943,39,NORTH DAKOTA,ND,US,STATE,10,CASES
1943,40,NORTH DAKOTA,ND,US,STATE,5,CASES
1943,41,NORTH DAKOTA,ND,US,STATE,4,CASES
1943,42,NORTH DAKOTA,ND,US,STATE,2,CASES
1943,44,NORTH DAKOTA,ND,US,STATE,4,CASES
1943,47,NORTH DAKOTA,ND,US,STATE,5,CASES
1943,48,NORTH DAKOTA,ND,US,STATE,23,CASES
1943,49,NORTH DAKOTA,ND,US,STATE,4331,CASES
1943,50,NORTH DAKOTA,ND,US,STATE,1141,CASES
1943,51,NORTH DAKOTA,ND,US,STATE,1443,CASES
1943,52,NORTH DAKOTA,ND,US,STATE,595,CASES
1944,1,NORTH DAKOTA,ND,US,STATE,421,CASES
1944,2,NORTH DAKOTA,ND,US,STATE,301,CASES
1944,3,NORTH DAKOTA,ND,US,STATE,105,CASES
1944,4,NORTH DAKOTA,ND,US,STATE,14,CASES
1944,5,NORTH DAKOTA,ND,US,STATE,12,CASES
1944,6,NORTH DAKOTA,ND,US,STATE,24,CASES
1944,7,NORTH DAKOTA,ND,US,STATE,10,CASES
1944,8,NORTH DAKOTA,ND,US,STATE,4,CASES
1944,9,NORTH DAKOTA,ND,US,STATE,211,CASES
1944,10,NORTH DAKOTA,ND,US,STATE,13,CASES
1944,11,NORTH DAKOTA,ND,US,STATE,22,CASES
1944,12,NORTH DAKOTA,ND,US,STATE,28,CASES
1944,13,NORTH DAKOTA,ND,US,STATE,8,CASES
1944,14,NORTH DAKOTA,ND,US,STATE,0,CASES
1944,15,NORTH DAKOTA,ND,US,STATE,20,CASES
1944,16,NORTH DAKOTA,ND,US,STATE,52,CASES
1944,17,NORTH DAKOTA,ND,US,STATE,1,CASES
1944,18,NORTH DAKOTA,ND,US,STATE,55,CASES
1944,19,NORTH DAKOTA,ND,US,STATE,25,CASES
1944,21,NORTH DAKOTA,ND,US,STATE,0,CASES
1944,27,NORTH DAKOTA,ND,US,STATE,1,CASES
1944,28,NORTH DAKOTA,ND,US,STATE,1,CASES
1944,33,NORTH DAKOTA,ND,US,STATE,4,CASES
1944,35,NORTH DAKOTA,ND,US,STATE,5,CASES
1944,37,NORTH DAKOTA,ND,US,STATE,3,CASES
1944,38,NORTH DAKOTA,ND,US,STATE,1,CASES
1944,47,NORTH DAKOTA,ND,US,STATE,5,CASES
1944,48,NORTH DAKOTA,ND,US,STATE,20,CASES
1944,49,NORTH DAKOTA,ND,US,STATE,10,CASES
1944,50,NORTH DAKOTA,ND,US,STATE,2,CASES
1944,51,NORTH DAKOTA,ND,US,STATE,10,CASES
1944,52,NORTH DAKOTA,ND,US,STATE,3,CASES
1945,1,NORTH DAKOTA,ND,US,STATE,8,CASES
1945,3,NORTH DAKOTA,ND,US,STATE,3,CASES
1945,4,NORTH DAKOTA,ND,US,STATE,1,CASES
1945,7,NORTH DAKOTA,ND,US,STATE,20,CASES
1945,8,NORTH DAKOTA,ND,US,STATE,57,CASES
1945,9,NORTH DAKOTA,ND,US,STATE,40,CASES
1945,10,NORTH DAKOTA,ND,US,STATE,1,CASES
1945,11,NORTH DAKOTA,ND,US,STATE,1,CASES
1945,12,NORTH DAKOTA,ND,US,STATE,12,CASES
1945,13,NORTH DAKOTA,ND,US,STATE,8,CASES
1945,14,NORTH DAKOTA,ND,US,STATE,5,CASES
1945,16,NORTH DAKOTA,ND,US,STATE,7,CASES
1945,18,NORTH DAKOTA,ND,US,STATE,33,CASES
1945,19,NORTH DAKOTA,ND,US,STATE,2,CASES
1945,20,NORTH DAKOTA,ND,US,STATE,1,CASES
1945,21,NORTH DAKOTA,ND,US,STATE,7,CASES
1945,22,NORTH DAKOTA,ND,US,STATE,3,CASES
1945,23,NORTH DAKOTA,ND,US,STATE,1,CASES
1945,25,NORTH DAKOTA,ND,US,STATE,10,CASES
1945,26,NORTH DAKOTA,ND,US,STATE,2,CASES
1945,29,NORTH DAKOTA,ND,US,STATE,11,CASES
1945,33,NORTH DAKOTA,ND,US,STATE,3,CASES
1945,34,NORTH DAKOTA,ND,US,STATE,4,CASES
1945,35,NORTH DAKOTA,ND,US,STATE,8,CASES
1945,39,NORTH DAKOTA,ND,US,STATE,1,CASES
1945,40,NORTH DAKOTA,ND,US,STATE,8,CASES
1945,41,NORTH DAKOTA,ND,US,STATE,3,CASES
1945,42,NORTH DAKOTA,ND,US,STATE,2,CASES
1945,46,NORTH DAKOTA,ND,US,STATE,10,CASES
1945,47,NORTH DAKOTA,ND,US,STATE,48,CASES
1945,48,NORTH DAKOTA,ND,US,STATE,647,CASES
1945,49,NORTH DAKOTA,ND,US,STATE,277,CASES
1945,50,NORTH DAKOTA,ND,US,STATE,1244,CASES
1945,51,NORTH DAKOTA,ND,US,STATE,1134,CASES
1945,52,NORTH DAKOTA,ND,US,STATE,679,CASES
1946,1,NORTH DAKOTA,ND,US,STATE,25,CASES
1946,2,NORTH DAKOTA,ND,US,STATE,68,CASES
1946,3,NORTH DAKOTA,ND,US,STATE,28,CASES
1946,4,NORTH DAKOTA,ND,US,STATE,40,CASES
1946,5,NORTH DAKOTA,ND,US,STATE,21,CASES
1946,6,NORTH DAKOTA,ND,US,STATE,5,CASES
1946,7,NORTH DAKOTA,ND,US,STATE,9,CASES
1946,8,NORTH DAKOTA,ND,US,STATE,6,CASES
1946,9,NORTH DAKOTA,ND,US,STATE,11,CASES
1946,10,NORTH DAKOTA,ND,US,STATE,8,CASES
1946,11,NORTH DAKOTA,ND,US,STATE,4,CASES
1946,12,NORTH DAKOTA,ND,US,STATE,6,CASES
1946,13,NORTH DAKOTA,ND,US,STATE,10,CASES
1946,19,NORTH DAKOTA,ND,US,STATE,2,CASES
1946,21,NORTH DAKOTA,ND,US,STATE,5,CASES
1946,25,NORTH DAKOTA,ND,US,STATE,4,CASES
1946,26,NORTH DAKOTA,ND,US,STATE,3,CASES
1946,31,NORTH DAKOTA,ND,US,STATE,20,CASES
1946,32,NORTH DAKOTA,ND,US,STATE,2,CASES
1946,38,NORTH DAKOTA,ND,US,STATE,5,CASES
1946,39,NORTH DAKOTA,ND,US,STATE,4,CASES
1946,40,NORTH DAKOTA,ND,US,STATE,10,CASES
1946,41,NORTH DAKOTA,ND,US,STATE,1,CASES
1946,42,NORTH DAKOTA,ND,US,STATE,1,CASES
1946,44,NORTH DAKOTA,ND,US,STATE,9,CASES
1946,50,NORTH DAKOTA,ND,US,STATE,14,CASES
1946,52,NORTH DAKOTA,ND,US,STATE,16,CASES
1947,2,NORTH DAKOTA,ND,US,STATE,37,CASES
1947,3,NORTH DAKOTA,ND,US,STATE,34,CASES
1947,4,NORTH DAKOTA,ND,US,STATE,1,CASES
1947,5,NORTH DAKOTA,ND,US,STATE,43,CASES
1947,6,NORTH DAKOTA,ND,US,STATE,2,CASES
1947,7,NORTH DAKOTA,ND,US,STATE,30,CASES
1947,8,NORTH DAKOTA,ND,US,STATE,21,CASES
1947,9,NORTH DAKOTA,ND,US,STATE,12,CASES
1947,10,NORTH DAKOTA,ND,US,STATE,2,CASES
1947,11,NORTH DAKOTA,ND,US,STATE,95,CASES
1947,12,NORTH DAKOTA,ND,US,STATE,190,CASES
1947,13,NORTH DAKOTA,ND,US,STATE,20,CASES
1947,14,NORTH DAKOTA,ND,US,STATE,82,CASES
1947,15,NORTH DAKOTA,ND,US,STATE,2,CASES
1947,16,NORTH DAKOTA,ND,US,STATE,7,CASES
1947,17,NORTH DAKOTA,ND,US,STATE,4,CASES
1947,18,NORTH DAKOTA,ND,US,STATE,6,CASES
1947,19,NORTH DAKOTA,ND,US,STATE,21,CASES
1947,20,NORTH DAKOTA,ND,US,STATE,3,CASES
1947,25,NORTH DAKOTA,ND,US,STATE,2,CASES
1947,35,NORTH DAKOTA,ND,US,STATE,1,CASES
1947,36,NORTH DAKOTA,ND,US,STATE,1,CASES
1947,42,NORTH DAKOTA,ND,US,STATE,1,CASES
1947,46,NORTH DAKOTA,ND,US,STATE,1,CASES
1947,48,NORTH DAKOTA,ND,US,STATE,1,CASES
1947,50,NORTH DAKOTA,ND,US,STATE,2,CASES
1948,1,NORTH DAKOTA,ND,US,STATE,1,CASES
1948,2,NORTH DAKOTA,ND,US,STATE,13,CASES
1948,3,NORTH DAKOTA,ND,US,STATE,1,CASES
1948,6,NORTH DAKOTA,ND,US,STATE,6,CASES
1948,8,NORTH DAKOTA,ND,US,STATE,6,CASES
1948,9,NORTH DAKOTA,ND,US,STATE,12,CASES
1948,13,NORTH DAKOTA,ND,US,STATE,4,CASES
1948,14,NORTH DAKOTA,ND,US,STATE,1,CASES
1948,20,NORTH DAKOTA,ND,US,STATE,3,CASES
1948,33,NORTH DAKOTA,ND,US,STATE,5,CASES
1948,34,NORTH DAKOTA,ND,US,STATE,4,CASES
1948,35,NORTH DAKOTA,ND,US,STATE,11,CASES
1948,46,NORTH DAKOTA,ND,US,STATE,2,CASES
1948,47,NORTH DAKOTA,ND,US,STATE,1,CASES
1948,51,NORTH DAKOTA,ND,US,STATE,1,CASES
1948,52,NORTH DAKOTA,ND,US,STATE,3,CASES
1949,4,NORTH DAKOTA,ND,US,STATE,5,CASES
1949,5,NORTH DAKOTA,ND,US,STATE,9,CASES
1949,6,NORTH DAKOTA,ND,US,STATE,2,CASES
1949,8,NORTH DAKOTA,ND,US,STATE,3,CASES
1949,9,NORTH DAKOTA,ND,US,STATE,2,CASES
1949,10,NORTH DAKOTA,ND,US,STATE,13,CASES
1949,11,NORTH DAKOTA,ND,US,STATE,21,CASES
1949,12,NORTH DAKOTA,ND,US,STATE,44,CASES
1949,13,NORTH DAKOTA,ND,US,STATE,11,CASES
1949,14,NORTH DAKOTA,ND,US,STATE,14,CASES
1949,16,NORTH DAKOTA,ND,US,STATE,17,CASES
1949,17,NORTH DAKOTA,ND,US,STATE,3,CASES
1949,18,NORTH DAKOTA,ND,US,STATE,1,CASES
1949,20,NORTH DAKOTA,ND,US,STATE,10,CASES
1949,21,NORTH DAKOTA,ND,US,STATE,5,CASES
1949,22,NORTH DAKOTA,ND,US,STATE,2,CASES
1949,23,NORTH DAKOTA,ND,US,STATE,1,CASES
1949,33,NORTH DAKOTA,ND,US,STATE,12,CASES
1949,38,NORTH DAKOTA,ND,US,STATE,12,CASES
1949,39,NORTH DAKOTA,ND,US,STATE,12,CASES
1949,40,NORTH DAKOTA,ND,US,STATE,10,CASES
1949,41,NORTH DAKOTA,ND,US,STATE,2,CASES
1949,42,NORTH DAKOTA,ND,US,STATE,1,CASES
1949,43,NORTH DAKOTA,ND,US,STATE,1,CASES
1949,44,NORTH DAKOTA,ND,US,STATE,8,CASES
1949,45,NORTH DAKOTA,ND,US,STATE,1,CASES
1949,46,NORTH DAKOTA,ND,US,STATE,23,CASES
1949,47,NORTH DAKOTA,ND,US,STATE,12,CASES
1949,48,NORTH DAKOTA,ND,US,STATE,1,CASES
1949,49,NORTH DAKOTA,ND,US,STATE,20,CASES
1949,50,NORTH DAKOTA,ND,US,STATE,15,CASES
1949,52,NORTH DAKOTA,ND,US,STATE,1,CASES
1950,1,NORTH DAKOTA,ND,US,STATE,2,CASES
1950,4,NORTH DAKOTA,ND,US,STATE,1,CASES
1950,5,NORTH DAKOTA,ND,US,STATE,12,CASES
1950,6,NORTH DAKOTA,ND,US,STATE,2,CASES
1950,7,NORTH DAKOTA,ND,US,STATE,156,CASES
1950,8,NORTH DAKOTA,ND,US,STATE,46,CASES
1950,9,NORTH DAKOTA,ND,US,STATE,73,CASES
1950,10,NORTH DAKOTA,ND,US,STATE,63,CASES
1950,11,NORTH DAKOTA,ND,US,STATE,17,CASES
1950,12,NORTH DAKOTA,ND,US,STATE,43,CASES
1950,13,NORTH DAKOTA,ND,US,STATE,65,CASES
1950,14,NORTH DAKOTA,ND,US,STATE,71,CASES
1950,15,NORTH DAKOTA,ND,US,STATE,78,CASES
1950,16,NORTH DAKOTA,ND,US,STATE,34,CASES
1950,17,NORTH DAKOTA,ND,US,STATE,28,CASES
1950,18,NORTH DAKOTA,ND,US,STATE,11,CASES
1950,18,NORTH DAKOTA,ND,US,STATE,14,CASES
1950,20,NORTH DAKOTA,ND,US,STATE,20,CASES
1950,21,NORTH DAKOTA,ND,US,STATE,12,CASES
1950,22,NORTH DAKOTA,ND,US,STATE,6,CASES
1950,23,NORTH DAKOTA,ND,US,STATE,9,CASES
1950,24,NORTH DAKOTA,ND,US,STATE,1,CASES
1950,25,NORTH DAKOTA,ND,US,STATE,1,CASES
1950,32,NORTH DAKOTA,ND,US,STATE,2,CASES
1950,34,NORTH DAKOTA,ND,US,STATE,1,CASES
1950,36,NORTH DAKOTA,ND,US,STATE,2,CASES
1950,44,NORTH DAKOTA,ND,US,STATE,4,CASES
1950,46,NORTH DAKOTA,ND,US,STATE,3,CASES
1950,48,NORTH DAKOTA,ND,US,STATE,2,CASES
1950,49,NORTH DAKOTA,ND,US,STATE,10,CASES
1950,50,NORTH DAKOTA,ND,US,STATE,8,CASES
1950,51,NORTH DAKOTA,ND,US,STATE,13,CASES
1950,52,NORTH DAKOTA,ND,US,STATE,4,CASES
1951,1,NORTH DAKOTA,ND,US,STATE,12,CASES
1951,2,NORTH DAKOTA,ND,US,STATE,20,CASES
1951,3,NORTH DAKOTA,ND,US,STATE,11,CASES
1951,4,NORTH DAKOTA,ND,US,STATE,2,CASES
1951,5,NORTH DAKOTA,ND,US,STATE,18,CASES
1951,6,NORTH DAKOTA,ND,US,STATE,13,CASES
1951,7,NORTH DAKOTA,ND,US,STATE,2,CASES
1951,8,NORTH DAKOTA,ND,US,STATE,8,CASES
1951,9,NORTH DAKOTA,ND,US,STATE,6,CASES
1951,10,NORTH DAKOTA,ND,US,STATE,27,CASES
1951,11,NORTH DAKOTA,ND,US,STATE,5,CASES
1951,12,NORTH DAKOTA,ND,US,STATE,11,CASES
1951,13,NORTH DAKOTA,ND,US,STATE,23,CASES
1951,14,NORTH DAKOTA,ND,US,STATE,21,CASES
1951,15,NORTH DAKOTA,ND,US,STATE,26,CASES
1951,16,NORTH DAKOTA,ND,US,STATE,50,CASES
1951,17,NORTH DAKOTA,ND,US,STATE,28,CASES
1951,18,NORTH DAKOTA,ND,US,STATE,44,CASES
1951,19,NORTH DAKOTA,ND,US,STATE,39,CASES
1951,20,NORTH DAKOTA,ND,US,STATE,15,CASES
1951,21,NORTH DAKOTA,ND,US,STATE,12,CASES
1951,22,NORTH DAKOTA,ND,US,STATE,12,CASES
1951,24,NORTH DAKOTA,ND,US,STATE,8,CASES
1951,25,NORTH DAKOTA,ND,US,STATE,3,CASES
1951,26,NORTH DAKOTA,ND,US,STATE,10,CASES
1951,27,NORTH DAKOTA,ND,US,STATE,4,CASES
1951,29,NORTH DAKOTA,ND,US,STATE,8,CASES
1951,34,NORTH DAKOTA,ND,US,STATE,3,CASES
1951,35,NORTH DAKOTA,ND,US,STATE,1,CASES
1951,37,NORTH DAKOTA,ND,US,STATE,2,CASES
1951,40,NORTH DAKOTA,ND,US,STATE,6,CASES
1951,41,NORTH DAKOTA,ND,US,STATE,2,CASES
1951,43,NORTH DAKOTA,ND,US,STATE,2,CASES
1951,44,NORTH DAKOTA,ND,US,STATE,5,CASES
1951,46,NORTH DAKOTA,ND,US,STATE,16,CASES
1951,47,NORTH DAKOTA,ND,US,STATE,9,CASES
1951,49,NORTH DAKOTA,ND,US,STATE,5,CASES
