year,week,loc,state,country,loc_type,number,event
1937,43,NORTH DAKOTA,ND,US,STATE,41,CASES
1937,44,NORTH DAKOTA,ND,US,STATE,31,CASES
1937,45,NORTH DAKOTA,ND,US,STATE,20,CASES
1937,46,NORTH DAKOTA,ND,US,STATE,34,CASES
1937,47,NORTH DAKOTA,ND,US,STATE,22,CASES
1937,48,NORTH DAKOTA,ND,US,STATE,24,CASES
1937,49,NORTH DAKOTA,ND,US,STATE,12,CASES
1937,50,NORTH DAKOTA,ND,US,STATE,44,CASES
1937,51,NORTH DAKOTA,ND,US,STATE,23,CASES
1938,1,NORTH DAKOTA,ND,US,STATE,25,CASES
1938,2,NORTH DAKOTA,ND,US,STATE,14,CASES
1938,3,NORTH DAKOTA,ND,US,STATE,63,CASES
1938,4,NORTH DAKOTA,ND,US,STATE,80,CASES
1938,5,NORTH DAKOTA,ND,US,STATE,31,CASES
1938,6,NORTH DAKOTA,ND,US,STATE,15,CASES
1938,7,NORTH DAKOTA,ND,US,STATE,19,CASES
1938,8,NORTH DAKOTA,ND,US,STATE,0,CASES
1938,9,NORTH DAKOTA,ND,US,STATE,24,CASES
1938,10,NORTH DAKOTA,ND,US,STATE,20,CASES
1938,11,NORTH DAKOTA,ND,US,STATE,29,CASES
1938,12,NORTH DAKOTA,ND,US,STATE,9,CASES
1938,13,NORTH DAKOTA,ND,US,STATE,35,CASES
1938,14,NORTH DAKOTA,ND,US,STATE,4,CASES
1938,15,NORTH DAKOTA,ND,US,STATE,21,CASES
1938,16,NORTH DAKOTA,ND,US,STATE,18,CASES
1938,17,NORTH DAKOTA,ND,US,STATE,18,CASES
1938,18,NORTH DAKOTA,ND,US,STATE,57,CASES
1938,19,NORTH DAKOTA,ND,US,STATE,29,CASES
1938,20,NORTH DAKOTA,ND,US,STATE,23,CASES
1938,21,NORTH DAKOTA,ND,US,STATE,17,CASES
1938,22,NORTH DAKOTA,ND,US,STATE,25,CASES
1938,23,NORTH DAKOTA,ND,US,STATE,14,CASES
1938,24,NORTH DAKOTA,ND,US,STATE,37,CASES
1938,25,NORTH DAKOTA,ND,US,STATE,103,CASES
1938,26,NORTH DAKOTA,ND,US,STATE,140,CASES
1938,27,NORTH DAKOTA,ND,US,STATE,96,CASES
1938,28,NORTH DAKOTA,ND,US,STATE,377,CASES
1938,29,NORTH DAKOTA,ND,US,STATE,214,CASES
1938,30,NORTH DAKOTA,ND,US,STATE,355,CASES
1938,31,NORTH DAKOTA,ND,US,STATE,118,CASES
1938,32,NORTH DAKOTA,ND,US,STATE,355,CASES
1938,33,NORTH DAKOTA,ND,US,STATE,318,CASES
1938,34,NORTH DAKOTA,ND,US,STATE,162,CASES
1938,35,NORTH DAKOTA,ND,US,STATE,443,CASES
1938,36,NORTH DAKOTA,ND,US,STATE,207,CASES
1938,37,NORTH DAKOTA,ND,US,STATE,340,CASES
1938,38,NORTH DAKOTA,ND,US,STATE,17,CASES
1938,39,NORTH DAKOTA,ND,US,STATE,22,CASES
1938,40,NORTH DAKOTA,ND,US,STATE,258,CASES
1938,41,NORTH DAKOTA,ND,US,STATE,16,CASES
1938,42,NORTH DAKOTA,ND,US,STATE,155,CASES
1938,43,NORTH DAKOTA,ND,US,STATE,18,CASES
1938,44,NORTH DAKOTA,ND,US,STATE,52,CASES
1938,45,NORTH DAKOTA,ND,US,STATE,4,CASES
1938,46,NORTH DAKOTA,ND,US,STATE,59,CASES
1938,47,NORTH DAKOTA,ND,US,STATE,133,CASES
1938,48,NORTH DAKOTA,ND,US,STATE,59,CASES
1938,49,NORTH DAKOTA,ND,US,STATE,59,CASES
1938,50,NORTH DAKOTA,ND,US,STATE,30,CASES
1938,51,NORTH DAKOTA,ND,US,STATE,4,CASES
1938,52,NORTH DAKOTA,ND,US,STATE,7,CASES
1939,1,NORTH DAKOTA,ND,US,STATE,168,CASES
1939,2,NORTH DAKOTA,ND,US,STATE,22,CASES
1939,3,NORTH DAKOTA,ND,US,STATE,212,CASES
1939,4,NORTH DAKOTA,ND,US,STATE,7,CASES
1939,5,NORTH DAKOTA,ND,US,STATE,33,CASES
1939,6,NORTH DAKOTA,ND,US,STATE,10,CASES
1939,7,NORTH DAKOTA,ND,US,STATE,7,CASES
1939,8,NORTH DAKOTA,ND,US,STATE,10,CASES
1939,9,NORTH DAKOTA,ND,US,STATE,13,CASES
1939,10,NORTH DAKOTA,ND,US,STATE,6,CASES
1939,11,NORTH DAKOTA,ND,US,STATE,4,CASES
1939,12,NORTH DAKOTA,ND,US,STATE,9,CASES
1939,13,NORTH DAKOTA,ND,US,STATE,0,CASES
1939,14,NORTH DAKOTA,ND,US,STATE,25,CASES
1939,15,NORTH DAKOTA,ND,US,STATE,3,CASES
1939,16,NORTH DAKOTA,ND,US,STATE,44,CASES
1939,17,NORTH DAKOTA,ND,US,STATE,37,CASES
1939,18,NORTH DAKOTA,ND,US,STATE,4,CASES
1939,19,NORTH DAKOTA,ND,US,STATE,37,CASES
1939,20,NORTH DAKOTA,ND,US,STATE,117,CASES
1939,21,NORTH DAKOTA,ND,US,STATE,1,CASES
1939,22,NORTH DAKOTA,ND,US,STATE,1,CASES
1939,23,NORTH DAKOTA,ND,US,STATE,18,CASES
1939,24,NORTH DAKOTA,ND,US,STATE,7,CASES
1939,25,NORTH DAKOTA,ND,US,STATE,9,CASES
1939,26,NORTH DAKOTA,ND,US,STATE,7,CASES
1939,27,NORTH DAKOTA,ND,US,STATE,110,CASES
1939,28,NORTH DAKOTA,ND,US,STATE,58,CASES
1939,29,NORTH DAKOTA,ND,US,STATE,7,CASES
1939,30,NORTH DAKOTA,ND,US,STATE,27,CASES
1939,31,NORTH DAKOTA,ND,US,STATE,9,CASES
1939,32,NORTH DAKOTA,ND,US,STATE,73,CASES
1939,33,NORTH DAKOTA,ND,US,STATE,7,CASES
1939,34,NORTH DAKOTA,ND,US,STATE,31,CASES
1939,35,NORTH DAKOTA,ND,US,STATE,34,CASES
1939,36,NORTH DAKOTA,ND,US,STATE,110,CASES
1939,37,NORTH DAKOTA,ND,US,STATE,32,CASES
1939,38,NORTH DAKOTA,ND,US,STATE,58,CASES
1939,39,NORTH DAKOTA,ND,US,STATE,73,CASES
1939,40,NORTH DAKOTA,ND,US,STATE,190,CASES
1939,41,NORTH DAKOTA,ND,US,STATE,44,CASES
1939,42,NORTH DAKOTA,ND,US,STATE,3,CASES
1939,43,NORTH DAKOTA,ND,US,STATE,29,CASES
1939,44,NORTH DAKOTA,ND,US,STATE,36,CASES
1939,45,NORTH DAKOTA,ND,US,STATE,4,CASES
1939,46,NORTH DAKOTA,ND,US,STATE,95,CASES
1939,47,NORTH DAKOTA,ND,US,STATE,6,CASES
1939,48,NORTH DAKOTA,ND,US,STATE,241,CASES
1939,49,NORTH DAKOTA,ND,US,STATE,95,CASES
1939,50,NORTH DAKOTA,ND,US,STATE,66,CASES
1939,51,NORTH DAKOTA,ND,US,STATE,2,CASES
1939,52,NORTH DAKOTA,ND,US,STATE,15,CASES
1940,2,NORTH DAKOTA,ND,US,STATE,13,CASES
1940,3,NORTH DAKOTA,ND,US,STATE,17,CASES
1940,4,NORTH DAKOTA,ND,US,STATE,0,CASES
1940,6,NORTH DAKOTA,ND,US,STATE,18,CASES
1940,7,NORTH DAKOTA,ND,US,STATE,3,CASES
1940,8,NORTH DAKOTA,ND,US,STATE,7,CASES
1940,9,NORTH DAKOTA,ND,US,STATE,13,CASES
1940,10,NORTH DAKOTA,ND,US,STATE,8,CASES
1940,11,NORTH DAKOTA,ND,US,STATE,3,CASES
1940,12,NORTH DAKOTA,ND,US,STATE,1,CASES
1940,13,NORTH DAKOTA,ND,US,STATE,27,CASES
1940,14,NORTH DAKOTA,ND,US,STATE,0,CASES
1940,15,NORTH DAKOTA,ND,US,STATE,12,CASES
1940,16,NORTH DAKOTA,ND,US,STATE,2,CASES
1940,17,NORTH DAKOTA,ND,US,STATE,16,CASES
1940,18,NORTH DAKOTA,ND,US,STATE,7,CASES
1940,19,NORTH DAKOTA,ND,US,STATE,11,CASES
1940,20,NORTH DAKOTA,ND,US,STATE,2,CASES
1940,21,NORTH DAKOTA,ND,US,STATE,3,CASES
1940,22,NORTH DAKOTA,ND,US,STATE,5,CASES
1940,23,NORTH DAKOTA,ND,US,STATE,15,CASES
1940,24,NORTH DAKOTA,ND,US,STATE,15,CASES
1940,25,NORTH DAKOTA,ND,US,STATE,13,CASES
1940,26,NORTH DAKOTA,ND,US,STATE,10,CASES
1940,27,NORTH DAKOTA,ND,US,STATE,6,CASES
1940,28,NORTH DAKOTA,ND,US,STATE,9,CASES
1940,29,NORTH DAKOTA,ND,US,STATE,10,CASES
1940,30,NORTH DAKOTA,ND,US,STATE,7,CASES
1940,31,NORTH DAKOTA,ND,US,STATE,3,CASES
1940,32,NORTH DAKOTA,ND,US,STATE,13,CASES
1940,33,NORTH DAKOTA,ND,US,STATE,23,CASES
1940,34,NORTH DAKOTA,ND,US,STATE,21,CASES
1940,35,NORTH DAKOTA,ND,US,STATE,7,CASES
1940,36,NORTH DAKOTA,ND,US,STATE,3,CASES
1940,37,NORTH DAKOTA,ND,US,STATE,4,CASES
1940,38,NORTH DAKOTA,ND,US,STATE,3,CASES
1940,39,NORTH DAKOTA,ND,US,STATE,26,CASES
1940,40,NORTH DAKOTA,ND,US,STATE,12,CASES
1940,41,NORTH DAKOTA,ND,US,STATE,23,CASES
1940,42,NORTH DAKOTA,ND,US,STATE,34,CASES
1940,43,NORTH DAKOTA,ND,US,STATE,27,CASES
1940,44,NORTH DAKOTA,ND,US,STATE,28,CASES
1940,45,NORTH DAKOTA,ND,US,STATE,16,CASES
1940,46,NORTH DAKOTA,ND,US,STATE,19,CASES
1940,47,NORTH DAKOTA,ND,US,STATE,9,CASES
1940,48,NORTH DAKOTA,ND,US,STATE,32,CASES
1940,49,NORTH DAKOTA,ND,US,STATE,17,CASES
1940,50,NORTH DAKOTA,ND,US,STATE,11,CASES
1940,51,NORTH DAKOTA,ND,US,STATE,11,CASES
1940,52,NORTH DAKOTA,ND,US,STATE,18,CASES
1941,1,NORTH DAKOTA,ND,US,STATE,16,CASES
1941,2,NORTH DAKOTA,ND,US,STATE,14,CASES
1941,3,NORTH DAKOTA,ND,US,STATE,15,CASES
1941,4,NORTH DAKOTA,ND,US,STATE,32,CASES
1941,5,NORTH DAKOTA,ND,US,STATE,15,CASES
1941,6,NORTH DAKOTA,ND,US,STATE,18,CASES
1941,7,NORTH DAKOTA,ND,US,STATE,7,CASES
1941,9,NORTH DAKOTA,ND,US,STATE,14,CASES
1941,10,NORTH DAKOTA,ND,US,STATE,30,CASES
1941,11,NORTH DAKOTA,ND,US,STATE,8,CASES
1941,12,NORTH DAKOTA,ND,US,STATE,17,CASES
1941,13,NORTH DAKOTA,ND,US,STATE,26,CASES
1941,14,NORTH DAKOTA,ND,US,STATE,16,CASES
1941,15,NORTH DAKOTA,ND,US,STATE,25,CASES
1941,16,NORTH DAKOTA,ND,US,STATE,23,CASES
1941,17,NORTH DAKOTA,ND,US,STATE,23,CASES
1941,18,NORTH DAKOTA,ND,US,STATE,36,CASES
1941,19,NORTH DAKOTA,ND,US,STATE,33,CASES
1941,20,NORTH DAKOTA,ND,US,STATE,29,CASES
1941,21,NORTH DAKOTA,ND,US,STATE,20,CASES
1941,22,NORTH DAKOTA,ND,US,STATE,10,CASES
1941,23,NORTH DAKOTA,ND,US,STATE,28,CASES
1941,24,NORTH DAKOTA,ND,US,STATE,17,CASES
1941,25,NORTH DAKOTA,ND,US,STATE,16,CASES
1941,26,NORTH DAKOTA,ND,US,STATE,20,CASES
1941,27,NORTH DAKOTA,ND,US,STATE,28,CASES
1941,28,NORTH DAKOTA,ND,US,STATE,20,CASES
1941,29,NORTH DAKOTA,ND,US,STATE,19,CASES
1941,30,NORTH DAKOTA,ND,US,STATE,17,CASES
1941,31,NORTH DAKOTA,ND,US,STATE,30,CASES
1941,32,NORTH DAKOTA,ND,US,STATE,2,CASES
1941,33,NORTH DAKOTA,ND,US,STATE,22,CASES
1941,34,NORTH DAKOTA,ND,US,STATE,18,CASES
1941,35,NORTH DAKOTA,ND,US,STATE,13,CASES
1941,36,NORTH DAKOTA,ND,US,STATE,22,CASES
1941,37,NORTH DAKOTA,ND,US,STATE,5,CASES
1941,38,NORTH DAKOTA,ND,US,STATE,10,CASES
1941,39,NORTH DAKOTA,ND,US,STATE,33,CASES
1941,40,NORTH DAKOTA,ND,US,STATE,27,CASES
1941,41,NORTH DAKOTA,ND,US,STATE,13,CASES
1941,42,NORTH DAKOTA,ND,US,STATE,12,CASES
1941,43,NORTH DAKOTA,ND,US,STATE,24,CASES
1941,44,NORTH DAKOTA,ND,US,STATE,8,CASES
1941,45,NORTH DAKOTA,ND,US,STATE,9,CASES
1941,46,NORTH DAKOTA,ND,US,STATE,13,CASES
1941,47,NORTH DAKOTA,ND,US,STATE,9,CASES
1941,48,NORTH DAKOTA,ND,US,STATE,10,CASES
1941,49,NORTH DAKOTA,ND,US,STATE,10,CASES
1941,50,NORTH DAKOTA,ND,US,STATE,13,CASES
1941,51,NORTH DAKOTA,ND,US,STATE,3,CASES
1941,52,NORTH DAKOTA,ND,US,STATE,2,CASES
1941,53,NORTH DAKOTA,ND,US,STATE,9,CASES
1942,1,NORTH DAKOTA,ND,US,STATE,6,CASES
1942,2,NORTH DAKOTA,ND,US,STATE,2,CASES
1942,3,NORTH DAKOTA,ND,US,STATE,21,CASES
1942,4,NORTH DAKOTA,ND,US,STATE,15,CASES
1942,5,NORTH DAKOTA,ND,US,STATE,8,CASES
1942,6,NORTH DAKOTA,ND,US,STATE,13,CASES
1942,7,NORTH DAKOTA,ND,US,STATE,15,CASES
1942,8,NORTH DAKOTA,ND,US,STATE,13,CASES
1942,9,NORTH DAKOTA,ND,US,STATE,30,CASES
1942,10,NORTH DAKOTA,ND,US,STATE,5,CASES
1942,11,NORTH DAKOTA,ND,US,STATE,1,CASES
1942,12,NORTH DAKOTA,ND,US,STATE,8,CASES
1942,14,NORTH DAKOTA,ND,US,STATE,13,CASES
1942,15,NORTH DAKOTA,ND,US,STATE,17,CASES
1942,16,NORTH DAKOTA,ND,US,STATE,17,CASES
1942,17,NORTH DAKOTA,ND,US,STATE,3,CASES
1942,18,NORTH DAKOTA,ND,US,STATE,13,CASES
1942,19,NORTH DAKOTA,ND,US,STATE,7,CASES
1942,20,NORTH DAKOTA,ND,US,STATE,10,CASES
1942,21,NORTH DAKOTA,ND,US,STATE,9,CASES
1942,22,NORTH DAKOTA,ND,US,STATE,6,CASES
1942,23,NORTH DAKOTA,ND,US,STATE,8,CASES
1942,24,NORTH DAKOTA,ND,US,STATE,2,CASES
1942,25,NORTH DAKOTA,ND,US,STATE,17,CASES
1942,26,NORTH DAKOTA,ND,US,STATE,0,CASES
1942,27,NORTH DAKOTA,ND,US,STATE,2,CASES
1942,28,NORTH DAKOTA,ND,US,STATE,0,CASES
1942,29,NORTH DAKOTA,ND,US,STATE,4,CASES
1942,30,NORTH DAKOTA,ND,US,STATE,5,CASES
1942,31,NORTH DAKOTA,ND,US,STATE,11,CASES
1942,32,NORTH DAKOTA,ND,US,STATE,13,CASES
1942,33,NORTH DAKOTA,ND,US,STATE,3,CASES
1942,34,NORTH DAKOTA,ND,US,STATE,6,CASES
1942,35,NORTH DAKOTA,ND,US,STATE,11,CASES
1942,36,NORTH DAKOTA,ND,US,STATE,6,CASES
1942,37,NORTH DAKOTA,ND,US,STATE,4,CASES
1942,38,NORTH DAKOTA,ND,US,STATE,15,CASES
1942,39,NORTH DAKOTA,ND,US,STATE,22,CASES
1942,40,NORTH DAKOTA,ND,US,STATE,6,CASES
1942,41,NORTH DAKOTA,ND,US,STATE,11,CASES
1942,42,NORTH DAKOTA,ND,US,STATE,3,CASES
1942,43,NORTH DAKOTA,ND,US,STATE,6,CASES
1942,44,NORTH DAKOTA,ND,US,STATE,15,CASES
1942,45,NORTH DAKOTA,ND,US,STATE,7,CASES
1942,46,NORTH DAKOTA,ND,US,STATE,10,CASES
1942,47,NORTH DAKOTA,ND,US,STATE,5,CASES
1942,48,NORTH DAKOTA,ND,US,STATE,19,CASES
1942,49,NORTH DAKOTA,ND,US,STATE,20,CASES
1942,50,NORTH DAKOTA,ND,US,STATE,15,CASES
1942,51,NORTH DAKOTA,ND,US,STATE,7,CASES
1942,52,NORTH DAKOTA,ND,US,STATE,16,CASES
1943,1,NORTH DAKOTA,ND,US,STATE,21,CASES
1943,2,NORTH DAKOTA,ND,US,STATE,21,CASES
1943,3,NORTH DAKOTA,ND,US,STATE,0,CASES
1943,4,NORTH DAKOTA,ND,US,STATE,11,CASES
1943,5,NORTH DAKOTA,ND,US,STATE,9,CASES
1943,6,NORTH DAKOTA,ND,US,STATE,3,CASES
1943,7,NORTH DAKOTA,ND,US,STATE,5,CASES
1943,8,NORTH DAKOTA,ND,US,STATE,13,CASES
1943,9,NORTH DAKOTA,ND,US,STATE,22,CASES
1943,10,NORTH DAKOTA,ND,US,STATE,10,CASES
1943,11,NORTH DAKOTA,ND,US,STATE,12,CASES
1943,12,NORTH DAKOTA,ND,US,STATE,17,CASES
1943,13,NORTH DAKOTA,ND,US,STATE,16,CASES
1943,14,NORTH DAKOTA,ND,US,STATE,17,CASES
1943,15,NORTH DAKOTA,ND,US,STATE,2,CASES
1943,16,NORTH DAKOTA,ND,US,STATE,6,CASES
1943,17,NORTH DAKOTA,ND,US,STATE,1,CASES
1943,18,NORTH DAKOTA,ND,US,STATE,28,CASES
1943,19,NORTH DAKOTA,ND,US,STATE,12,CASES
1943,20,NORTH DAKOTA,ND,US,STATE,4,CASES
1943,21,NORTH DAKOTA,ND,US,STATE,1,CASES
1943,22,NORTH DAKOTA,ND,US,STATE,2,CASES
1943,23,NORTH DAKOTA,ND,US,STATE,11,CASES
1943,24,NORTH DAKOTA,ND,US,STATE,1,CASES
1943,25,NORTH DAKOTA,ND,US,STATE,7,CASES
1943,26,NORTH DAKOTA,ND,US,STATE,6,CASES
1943,27,NORTH DAKOTA,ND,US,STATE,20,CASES
1943,28,NORTH DAKOTA,ND,US,STATE,25,CASES
1943,29,NORTH DAKOTA,ND,US,STATE,35,CASES
1943,30,NORTH DAKOTA,ND,US,STATE,57,CASES
1943,31,NORTH DAKOTA,ND,US,STATE,21,CASES
1943,32,NORTH DAKOTA,ND,US,STATE,29,CASES
1943,33,NORTH DAKOTA,ND,US,STATE,13,CASES
1943,34,NORTH DAKOTA,ND,US,STATE,27,CASES
1943,35,NORTH DAKOTA,ND,US,STATE,42,CASES
1943,36,NORTH DAKOTA,ND,US,STATE,79,CASES
1943,37,NORTH DAKOTA,ND,US,STATE,7,CASES
1943,38,NORTH DAKOTA,ND,US,STATE,31,CASES
1943,39,NORTH DAKOTA,ND,US,STATE,13,CASES
1943,40,NORTH DAKOTA,ND,US,STATE,11,CASES
1943,41,NORTH DAKOTA,ND,US,STATE,35,CASES
1943,42,NORTH DAKOTA,ND,US,STATE,11,CASES
1943,43,NORTH DAKOTA,ND,US,STATE,8,CASES
1943,44,NORTH DAKOTA,ND,US,STATE,6,CASES
1943,45,NORTH DAKOTA,ND,US,STATE,20,CASES
1943,46,NORTH DAKOTA,ND,US,STATE,5,CASES
1943,47,NORTH DAKOTA,ND,US,STATE,5,CASES
1943,48,NORTH DAKOTA,ND,US,STATE,2,CASES
1943,49,NORTH DAKOTA,ND,US,STATE,20,CASES
1943,50,NORTH DAKOTA,ND,US,STATE,6,CASES
1943,51,NORTH DAKOTA,ND,US,STATE,31,CASES
1943,52,NORTH DAKOTA,ND,US,STATE,2,CASES
1944,1,NORTH DAKOTA,ND,US,STATE,1,CASES
1944,2,NORTH DAKOTA,ND,US,STATE,13,CASES
1944,3,NORTH DAKOTA,ND,US,STATE,3,CASES
1944,4,NORTH DAKOTA,ND,US,STATE,4,CASES
1944,5,NORTH DAKOTA,ND,US,STATE,7,CASES
1944,6,NORTH DAKOTA,ND,US,STATE,5,CASES
1944,7,NORTH DAKOTA,ND,US,STATE,2,CASES
1944,8,NORTH DAKOTA,ND,US,STATE,4,CASES
1944,9,NORTH DAKOTA,ND,US,STATE,8,CASES
1944,10,NORTH DAKOTA,ND,US,STATE,3,CASES
1944,11,NORTH DAKOTA,ND,US,STATE,2,CASES
1944,12,NORTH DAKOTA,ND,US,STATE,2,CASES
1944,13,NORTH DAKOTA,ND,US,STATE,2,CASES
1944,14,NORTH DAKOTA,ND,US,STATE,9,CASES
1944,15,NORTH DAKOTA,ND,US,STATE,7,CASES
1944,16,NORTH DAKOTA,ND,US,STATE,0,CASES
1944,17,NORTH DAKOTA,ND,US,STATE,2,CASES
1944,18,NORTH DAKOTA,ND,US,STATE,1,CASES
1944,19,NORTH DAKOTA,ND,US,STATE,1,CASES
1944,20,NORTH DAKOTA,ND,US,STATE,0,CASES
1944,21,NORTH DAKOTA,ND,US,STATE,0,CASES
1944,22,NORTH DAKOTA,ND,US,STATE,5,CASES
1944,23,NORTH DAKOTA,ND,US,STATE,3,CASES
1944,24,NORTH DAKOTA,ND,US,STATE,1,CASES
1944,25,NORTH DAKOTA,ND,US,STATE,13,CASES
1944,26,NORTH DAKOTA,ND,US,STATE,5,CASES
1944,27,NORTH DAKOTA,ND,US,STATE,14,CASES
1944,28,NORTH DAKOTA,ND,US,STATE,16,CASES
1944,29,NORTH DAKOTA,ND,US,STATE,6,CASES
1944,30,NORTH DAKOTA,ND,US,STATE,10,CASES
1944,31,NORTH DAKOTA,ND,US,STATE,3,CASES
1944,32,NORTH DAKOTA,ND,US,STATE,70,CASES
1944,33,NORTH DAKOTA,ND,US,STATE,9,CASES
1944,34,NORTH DAKOTA,ND,US,STATE,12,CASES
1944,35,NORTH DAKOTA,ND,US,STATE,39,CASES
1944,36,NORTH DAKOTA,ND,US,STATE,6,CASES
1944,37,NORTH DAKOTA,ND,US,STATE,10,CASES
1944,38,NORTH DAKOTA,ND,US,STATE,6,CASES
1944,39,NORTH DAKOTA,ND,US,STATE,4,CASES
1944,40,NORTH DAKOTA,ND,US,STATE,13,CASES
1944,41,NORTH DAKOTA,ND,US,STATE,6,CASES
1944,42,NORTH DAKOTA,ND,US,STATE,3,CASES
1944,43,NORTH DAKOTA,ND,US,STATE,6,CASES
1944,44,NORTH DAKOTA,ND,US,STATE,10,CASES
1944,45,NORTH DAKOTA,ND,US,STATE,8,CASES
1944,46,NORTH DAKOTA,ND,US,STATE,10,CASES
1944,47,NORTH DAKOTA,ND,US,STATE,12,CASES
1944,48,NORTH DAKOTA,ND,US,STATE,10,CASES
1944,49,NORTH DAKOTA,ND,US,STATE,3,CASES
1944,50,NORTH DAKOTA,ND,US,STATE,5,CASES
1944,51,NORTH DAKOTA,ND,US,STATE,11,CASES
1944,52,NORTH DAKOTA,ND,US,STATE,4,CASES
1945,1,NORTH DAKOTA,ND,US,STATE,1,CASES
1945,2,NORTH DAKOTA,ND,US,STATE,4,CASES
1945,3,NORTH DAKOTA,ND,US,STATE,8,CASES
1945,4,NORTH DAKOTA,ND,US,STATE,0,CASES
1945,5,NORTH DAKOTA,ND,US,STATE,2,CASES
1945,6,NORTH DAKOTA,ND,US,STATE,2,CASES
1945,7,NORTH DAKOTA,ND,US,STATE,1,CASES
1945,8,NORTH DAKOTA,ND,US,STATE,0,CASES
1945,9,NORTH DAKOTA,ND,US,STATE,1,CASES
1945,10,NORTH DAKOTA,ND,US,STATE,0,CASES
1945,11,NORTH DAKOTA,ND,US,STATE,1,CASES
1945,12,NORTH DAKOTA,ND,US,STATE,1,CASES
1945,13,NORTH DAKOTA,ND,US,STATE,0,CASES
1945,14,NORTH DAKOTA,ND,US,STATE,0,CASES
1945,15,NORTH DAKOTA,ND,US,STATE,1,CASES
1945,16,NORTH DAKOTA,ND,US,STATE,1,CASES
1945,17,NORTH DAKOTA,ND,US,STATE,5,CASES
1945,18,NORTH DAKOTA,ND,US,STATE,11,CASES
1945,19,NORTH DAKOTA,ND,US,STATE,1,CASES
1945,20,NORTH DAKOTA,ND,US,STATE,1,CASES
1945,21,NORTH DAKOTA,ND,US,STATE,4,CASES
1945,22,NORTH DAKOTA,ND,US,STATE,1,CASES
1945,23,NORTH DAKOTA,ND,US,STATE,0,CASES
1945,24,NORTH DAKOTA,ND,US,STATE,0,CASES
1945,25,NORTH DAKOTA,ND,US,STATE,2,CASES
1945,26,NORTH DAKOTA,ND,US,STATE,0,CASES
1945,27,NORTH DAKOTA,ND,US,STATE,1,CASES
1945,28,NORTH DAKOTA,ND,US,STATE,0,CASES
1945,29,NORTH DAKOTA,ND,US,STATE,2,CASES
1945,30,NORTH DAKOTA,ND,US,STATE,3,CASES
1945,31,NORTH DAKOTA,ND,US,STATE,0,CASES
1945,32,NORTH DAKOTA,ND,US,STATE,3,CASES
1945,33,NORTH DAKOTA,ND,US,STATE,2,CASES
1945,34,NORTH DAKOTA,ND,US,STATE,2,CASES
1945,35,NORTH DAKOTA,ND,US,STATE,4,CASES
1945,36,NORTH DAKOTA,ND,US,STATE,2,CASES
1945,37,NORTH DAKOTA,ND,US,STATE,4,CASES
1945,38,NORTH DAKOTA,ND,US,STATE,0,CASES
1945,39,NORTH DAKOTA,ND,US,STATE,5,CASES
1945,40,NORTH DAKOTA,ND,US,STATE,1,CASES
1945,41,NORTH DAKOTA,ND,US,STATE,0,CASES
1945,42,NORTH DAKOTA,ND,US,STATE,0,CASES
1945,43,NORTH DAKOTA,ND,US,STATE,1,CASES
1945,44,NORTH DAKOTA,ND,US,STATE,0,CASES
1945,45,NORTH DAKOTA,ND,US,STATE,0,CASES
1945,46,NORTH DAKOTA,ND,US,STATE,3,CASES
1945,47,NORTH DAKOTA,ND,US,STATE,12,CASES
1945,48,NORTH DAKOTA,ND,US,STATE,4,CASES
1945,49,NORTH DAKOTA,ND,US,STATE,3,CASES
1945,50,NORTH DAKOTA,ND,US,STATE,3,CASES
1946,2,NORTH DAKOTA,ND,US,STATE,4,CASES
1946,4,NORTH DAKOTA,ND,US,STATE,2,CASES
1946,7,NORTH DAKOTA,ND,US,STATE,2,CASES
1946,9,NORTH DAKOTA,ND,US,STATE,1,CASES
1946,14,NORTH DAKOTA,ND,US,STATE,2,CASES
1946,15,NORTH DAKOTA,ND,US,STATE,6,CASES
1946,16,NORTH DAKOTA,ND,US,STATE,1,CASES
1946,18,NORTH DAKOTA,ND,US,STATE,1,CASES
1946,21,NORTH DAKOTA,ND,US,STATE,2,CASES
1946,25,NORTH DAKOTA,ND,US,STATE,3,CASES
1946,26,NORTH DAKOTA,ND,US,STATE,2,CASES
1946,28,NORTH DAKOTA,ND,US,STATE,2,CASES
1946,30,NORTH DAKOTA,ND,US,STATE,1,CASES
1946,31,NORTH DAKOTA,ND,US,STATE,1,CASES
1946,32,NORTH DAKOTA,ND,US,STATE,1,CASES
1946,34,NORTH DAKOTA,ND,US,STATE,1,CASES
1946,35,NORTH DAKOTA,ND,US,STATE,1,CASES
1946,36,NORTH DAKOTA,ND,US,STATE,6,CASES
1946,37,NORTH DAKOTA,ND,US,STATE,1,CASES
1946,39,NORTH DAKOTA,ND,US,STATE,2,CASES
1946,41,NORTH DAKOTA,ND,US,STATE,1,CASES
1946,45,NORTH DAKOTA,ND,US,STATE,1,CASES
1946,47,NORTH DAKOTA,ND,US,STATE,2,CASES
1946,50,NORTH DAKOTA,ND,US,STATE,3,CASES
1946,51,NORTH DAKOTA,ND,US,STATE,1,CASES
1947,4,NORTH DAKOTA,ND,US,STATE,1,CASES
1947,7,NORTH DAKOTA,ND,US,STATE,5,CASES
1947,9,NORTH DAKOTA,ND,US,STATE,1,CASES
1947,16,NORTH DAKOTA,ND,US,STATE,1,CASES
1947,18,NORTH DAKOTA,ND,US,STATE,2,CASES
1947,21,NORTH DAKOTA,ND,US,STATE,4,CASES
1947,22,NORTH DAKOTA,ND,US,STATE,101,CASES
1947,23,NORTH DAKOTA,ND,US,STATE,1,CASES
1947,24,NORTH DAKOTA,ND,US,STATE,5,CASES
1947,25,NORTH DAKOTA,ND,US,STATE,1,CASES
1947,26,NORTH DAKOTA,ND,US,STATE,3,CASES
1947,28,NORTH DAKOTA,ND,US,STATE,10,CASES
1947,29,NORTH DAKOTA,ND,US,STATE,4,CASES
1947,30,NORTH DAKOTA,ND,US,STATE,4,CASES
1947,31,NORTH DAKOTA,ND,US,STATE,1,CASES
1947,32,NORTH DAKOTA,ND,US,STATE,13,CASES
1947,33,NORTH DAKOTA,ND,US,STATE,8,CASES
1947,34,NORTH DAKOTA,ND,US,STATE,17,CASES
1947,35,NORTH DAKOTA,ND,US,STATE,7,CASES
1947,36,NORTH DAKOTA,ND,US,STATE,1,CASES
1947,37,NORTH DAKOTA,ND,US,STATE,4,CASES
1947,38,NORTH DAKOTA,ND,US,STATE,6,CASES
1947,39,NORTH DAKOTA,ND,US,STATE,3,CASES
1947,40,NORTH DAKOTA,ND,US,STATE,11,CASES
1947,41,NORTH DAKOTA,ND,US,STATE,11,CASES
1947,42,NORTH DAKOTA,ND,US,STATE,23,CASES
1947,43,NORTH DAKOTA,ND,US,STATE,23,CASES
1947,44,NORTH DAKOTA,ND,US,STATE,11,CASES
1947,45,NORTH DAKOTA,ND,US,STATE,10,CASES
1947,46,NORTH DAKOTA,ND,US,STATE,6,CASES
1947,47,NORTH DAKOTA,ND,US,STATE,36,CASES
1947,48,NORTH DAKOTA,ND,US,STATE,17,CASES
1947,49,NORTH DAKOTA,ND,US,STATE,9,CASES
1947,50,NORTH DAKOTA,ND,US,STATE,7,CASES
1947,51,NORTH DAKOTA,ND,US,STATE,15,CASES
1947,52,NORTH DAKOTA,ND,US,STATE,3,CASES
1947,53,NORTH DAKOTA,ND,US,STATE,1,CASES
1948,1,NORTH DAKOTA,ND,US,STATE,7,CASES
1948,2,NORTH DAKOTA,ND,US,STATE,5,CASES
1948,3,NORTH DAKOTA,ND,US,STATE,26,CASES
1948,4,NORTH DAKOTA,ND,US,STATE,6,CASES
1948,5,NORTH DAKOTA,ND,US,STATE,22,CASES
1948,6,NORTH DAKOTA,ND,US,STATE,16,CASES
1948,7,NORTH DAKOTA,ND,US,STATE,14,CASES
1948,8,NORTH DAKOTA,ND,US,STATE,29,CASES
1948,9,NORTH DAKOTA,ND,US,STATE,21,CASES
1948,10,NORTH DAKOTA,ND,US,STATE,15,CASES
1948,11,NORTH DAKOTA,ND,US,STATE,5,CASES
1948,12,NORTH DAKOTA,ND,US,STATE,8,CASES
1948,13,NORTH DAKOTA,ND,US,STATE,4,CASES
1948,14,NORTH DAKOTA,ND,US,STATE,3,CASES
1948,15,NORTH DAKOTA,ND,US,STATE,9,CASES
1948,17,NORTH DAKOTA,ND,US,STATE,2,CASES
1948,18,NORTH DAKOTA,ND,US,STATE,2,CASES
1948,19,NORTH DAKOTA,ND,US,STATE,1,CASES
1948,20,NORTH DAKOTA,ND,US,STATE,6,CASES
1948,21,NORTH DAKOTA,ND,US,STATE,1,CASES
1948,22,NORTH DAKOTA,ND,US,STATE,2,CASES
1948,23,NORTH DAKOTA,ND,US,STATE,10,CASES
1948,24,NORTH DAKOTA,ND,US,STATE,1,CASES
1948,25,NORTH DAKOTA,ND,US,STATE,3,CASES
1948,26,NORTH DAKOTA,ND,US,STATE,1,CASES
1948,27,NORTH DAKOTA,ND,US,STATE,5,CASES
1948,28,NORTH DAKOTA,ND,US,STATE,6,CASES
1948,29,NORTH DAKOTA,ND,US,STATE,8,CASES
1948,30,NORTH DAKOTA,ND,US,STATE,1,CASES
1948,31,NORTH DAKOTA,ND,US,STATE,1,CASES
1948,32,NORTH DAKOTA,ND,US,STATE,2,CASES
1948,33,NORTH DAKOTA,ND,US,STATE,3,CASES
1948,34,NORTH DAKOTA,ND,US,STATE,4,CASES
1948,35,NORTH DAKOTA,ND,US,STATE,6,CASES
1948,36,NORTH DAKOTA,ND,US,STATE,1,CASES
1948,37,NORTH DAKOTA,ND,US,STATE,1,CASES
1948,38,NORTH DAKOTA,ND,US,STATE,6,CASES
1948,44,NORTH DAKOTA,ND,US,STATE,24,CASES
1948,45,NORTH DAKOTA,ND,US,STATE,1,CASES
1948,48,NORTH DAKOTA,ND,US,STATE,6,CASES
1948,49,NORTH DAKOTA,ND,US,STATE,3,CASES
1948,52,NORTH DAKOTA,ND,US,STATE,2,CASES
1949,1,NORTH DAKOTA,ND,US,STATE,1,CASES
1949,2,NORTH DAKOTA,ND,US,STATE,1,CASES
1949,3,NORTH DAKOTA,ND,US,STATE,6,CASES
1949,4,NORTH DAKOTA,ND,US,STATE,4,CASES
1949,5,NORTH DAKOTA,ND,US,STATE,10,CASES
1949,6,NORTH DAKOTA,ND,US,STATE,9,CASES
1949,7,NORTH DAKOTA,ND,US,STATE,4,CASES
1949,8,NORTH DAKOTA,ND,US,STATE,3,CASES
1949,9,NORTH DAKOTA,ND,US,STATE,17,CASES
1949,10,NORTH DAKOTA,ND,US,STATE,7,CASES
1949,11,NORTH DAKOTA,ND,US,STATE,2,CASES
1949,13,NORTH DAKOTA,ND,US,STATE,9,CASES
1949,14,NORTH DAKOTA,ND,US,STATE,3,CASES
1949,15,NORTH DAKOTA,ND,US,STATE,5,CASES
1949,19,NORTH DAKOTA,ND,US,STATE,4,CASES
1949,20,NORTH DAKOTA,ND,US,STATE,2,CASES
1949,22,NORTH DAKOTA,ND,US,STATE,1,CASES
1949,25,NORTH DAKOTA,ND,US,STATE,1,CASES
1949,26,NORTH DAKOTA,ND,US,STATE,2,CASES
1949,28,NORTH DAKOTA,ND,US,STATE,3,CASES
1949,29,NORTH DAKOTA,ND,US,STATE,14,CASES
1949,30,NORTH DAKOTA,ND,US,STATE,7,CASES
1949,32,NORTH DAKOTA,ND,US,STATE,8,CASES
1949,33,NORTH DAKOTA,ND,US,STATE,1,CASES
1949,34,NORTH DAKOTA,ND,US,STATE,1,CASES
1949,35,NORTH DAKOTA,ND,US,STATE,1,CASES
1949,37,NORTH DAKOTA,ND,US,STATE,1,CASES
1949,38,NORTH DAKOTA,ND,US,STATE,1,CASES
1949,41,NORTH DAKOTA,ND,US,STATE,4,CASES
1949,43,NORTH DAKOTA,ND,US,STATE,3,CASES
1949,44,NORTH DAKOTA,ND,US,STATE,2,CASES
1949,46,NORTH DAKOTA,ND,US,STATE,1,CASES
1949,47,NORTH DAKOTA,ND,US,STATE,3,CASES
1949,48,NORTH DAKOTA,ND,US,STATE,1,CASES
1949,50,NORTH DAKOTA,ND,US,STATE,3,CASES
1949,51,NORTH DAKOTA,ND,US,STATE,3,CASES
1949,52,NORTH DAKOTA,ND,US,STATE,3,CASES
1950,1,NORTH DAKOTA,ND,US,STATE,1,CASES
1950,2,NORTH DAKOTA,ND,US,STATE,1,CASES
1950,3,NORTH DAKOTA,ND,US,STATE,1,CASES
1950,5,NORTH DAKOTA,ND,US,STATE,6,CASES
1950,7,NORTH DAKOTA,ND,US,STATE,5,CASES
1950,8,NORTH DAKOTA,ND,US,STATE,1,CASES
1950,9,NORTH DAKOTA,ND,US,STATE,3,CASES
1950,10,NORTH DAKOTA,ND,US,STATE,2,CASES
1950,13,NORTH DAKOTA,ND,US,STATE,3,CASES
1950,16,NORTH DAKOTA,ND,US,STATE,1,CASES
1950,17,NORTH DAKOTA,ND,US,STATE,3,CASES
1950,18,NORTH DAKOTA,ND,US,STATE,1,CASES
1950,20,NORTH DAKOTA,ND,US,STATE,1,CASES
1950,21,NORTH DAKOTA,ND,US,STATE,4,CASES
1950,23,NORTH DAKOTA,ND,US,STATE,7,CASES
1950,24,NORTH DAKOTA,ND,US,STATE,3,CASES
1950,25,NORTH DAKOTA,ND,US,STATE,24,CASES
1950,26,NORTH DAKOTA,ND,US,STATE,15,CASES
1950,27,NORTH DAKOTA,ND,US,STATE,8,CASES
1950,29,NORTH DAKOTA,ND,US,STATE,9,CASES
1950,30,NORTH DAKOTA,ND,US,STATE,4,CASES
1950,32,NORTH DAKOTA,ND,US,STATE,1,CASES
1950,33,NORTH DAKOTA,ND,US,STATE,7,CASES
1950,34,NORTH DAKOTA,ND,US,STATE,13,CASES
1950,35,NORTH DAKOTA,ND,US,STATE,9,CASES
1950,36,NORTH DAKOTA,ND,US,STATE,10,CASES
1950,37,NORTH DAKOTA,ND,US,STATE,22,CASES
1950,38,NORTH DAKOTA,ND,US,STATE,19,CASES
1950,39,NORTH DAKOTA,ND,US,STATE,15,CASES
1950,40,NORTH DAKOTA,ND,US,STATE,8,CASES
1950,41,NORTH DAKOTA,ND,US,STATE,5,CASES
1950,42,NORTH DAKOTA,ND,US,STATE,26,CASES
1950,43,NORTH DAKOTA,ND,US,STATE,11,CASES
1950,44,NORTH DAKOTA,ND,US,STATE,19,CASES
1950,45,NORTH DAKOTA,ND,US,STATE,5,CASES
1950,46,NORTH DAKOTA,ND,US,STATE,3,CASES
1950,47,NORTH DAKOTA,ND,US,STATE,3,CASES
1950,48,NORTH DAKOTA,ND,US,STATE,19,CASES
1950,49,NORTH DAKOTA,ND,US,STATE,3,CASES
1950,51,NORTH DAKOTA,ND,US,STATE,23,CASES
1950,52,NORTH DAKOTA,ND,US,STATE,3,CASES
1951,1,NORTH DAKOTA,ND,US,STATE,9,CASES
1951,2,NORTH DAKOTA,ND,US,STATE,8,CASES
1951,3,NORTH DAKOTA,ND,US,STATE,5,CASES
1951,4,NORTH DAKOTA,ND,US,STATE,24,CASES
1951,5,NORTH DAKOTA,ND,US,STATE,4,CASES
1951,6,NORTH DAKOTA,ND,US,STATE,3,CASES
1951,7,NORTH DAKOTA,ND,US,STATE,3,CASES
1951,8,NORTH DAKOTA,ND,US,STATE,13,CASES
1951,9,NORTH DAKOTA,ND,US,STATE,4,CASES
1951,10,NORTH DAKOTA,ND,US,STATE,1,CASES
1951,11,NORTH DAKOTA,ND,US,STATE,2,CASES
1951,12,NORTH DAKOTA,ND,US,STATE,2,CASES
1951,13,NORTH DAKOTA,ND,US,STATE,4,CASES
1951,14,NORTH DAKOTA,ND,US,STATE,2,CASES
1951,15,NORTH DAKOTA,ND,US,STATE,2,CASES
1951,16,NORTH DAKOTA,ND,US,STATE,6,CASES
1951,17,NORTH DAKOTA,ND,US,STATE,4,CASES
1951,18,NORTH DAKOTA,ND,US,STATE,3,CASES
1951,19,NORTH DAKOTA,ND,US,STATE,28,CASES
1951,20,NORTH DAKOTA,ND,US,STATE,5,CASES
1951,21,NORTH DAKOTA,ND,US,STATE,17,CASES
1951,23,NORTH DAKOTA,ND,US,STATE,6,CASES
1951,24,NORTH DAKOTA,ND,US,STATE,3,CASES
1951,25,NORTH DAKOTA,ND,US,STATE,19,CASES
1951,26,NORTH DAKOTA,ND,US,STATE,9,CASES
1951,27,NORTH DAKOTA,ND,US,STATE,2,CASES
1951,28,NORTH DAKOTA,ND,US,STATE,1,CASES
1951,29,NORTH DAKOTA,ND,US,STATE,5,CASES
1951,30,NORTH DAKOTA,ND,US,STATE,2,CASES
1951,31,NORTH DAKOTA,ND,US,STATE,3,CASES
1951,35,NORTH DAKOTA,ND,US,STATE,4,CASES
1951,36,NORTH DAKOTA,ND,US,STATE,3,CASES
1951,37,NORTH DAKOTA,ND,US,STATE,5,CASES
1951,38,NORTH DAKOTA,ND,US,STATE,3,CASES
1951,40,NORTH DAKOTA,ND,US,STATE,3,CASES
1951,43,NORTH DAKOTA,ND,US,STATE,1,CASES
1951,44,NORTH DAKOTA,ND,US,STATE,4,CASES
1951,45,NORTH DAKOTA,ND,US,STATE,1,CASES
1951,46,NORTH DAKOTA,ND,US,STATE,1,CASES
1951,47,NORTH DAKOTA,ND,US,STATE,2,CASES
1951,48,NORTH DAKOTA,ND,US,STATE,1,CASES
1951,49,NORTH DAKOTA,ND,US,STATE,4,CASES
1952,1,NORTH DAKOTA,ND,US,STATE,1,CASES
1952,2,NORTH DAKOTA,ND,US,STATE,8,CASES
1952,4,NORTH DAKOTA,ND,US,STATE,24,CASES
1952,5,NORTH DAKOTA,ND,US,STATE,4,CASES
1952,6,NORTH DAKOTA,ND,US,STATE,3,CASES
1952,7,NORTH DAKOTA,ND,US,STATE,1,CASES
1952,8,NORTH DAKOTA,ND,US,STATE,1,CASES
1952,9,NORTH DAKOTA,ND,US,STATE,4,CASES
1952,10,NORTH DAKOTA,ND,US,STATE,3,CASES
1952,11,NORTH DAKOTA,ND,US,STATE,2,CASES
1952,12,NORTH DAKOTA,ND,US,STATE,1,CASES
1952,13,NORTH DAKOTA,ND,US,STATE,2,CASES
1952,14,NORTH DAKOTA,ND,US,STATE,2,CASES
1952,15,NORTH DAKOTA,ND,US,STATE,2,CASES
1952,16,NORTH DAKOTA,ND,US,STATE,6,CASES
1952,18,NORTH DAKOTA,ND,US,STATE,3,CASES
1952,19,NORTH DAKOTA,ND,US,STATE,5,CASES
1952,20,NORTH DAKOTA,ND,US,STATE,5,CASES
1952,21,NORTH DAKOTA,ND,US,STATE,17,CASES
1952,22,NORTH DAKOTA,ND,US,STATE,14,CASES
1952,23,NORTH DAKOTA,ND,US,STATE,4,CASES
1952,24,NORTH DAKOTA,ND,US,STATE,3,CASES
1952,25,NORTH DAKOTA,ND,US,STATE,19,CASES
1952,26,NORTH DAKOTA,ND,US,STATE,5,CASES
1952,27,NORTH DAKOTA,ND,US,STATE,2,CASES
1952,30,NORTH DAKOTA,ND,US,STATE,2,CASES
1952,31,NORTH DAKOTA,ND,US,STATE,3,CASES
1952,32,NORTH DAKOTA,ND,US,STATE,1,CASES
1952,35,NORTH DAKOTA,ND,US,STATE,4,CASES
1952,36,NORTH DAKOTA,ND,US,STATE,3,CASES
1952,39,NORTH DAKOTA,ND,US,STATE,11,CASES
1952,40,NORTH DAKOTA,ND,US,STATE,2,CASES
1952,43,NORTH DAKOTA,ND,US,STATE,1,CASES
1952,44,NORTH DAKOTA,ND,US,STATE,4,CASES
1952,45,NORTH DAKOTA,ND,US,STATE,1,CASES
1952,46,NORTH DAKOTA,ND,US,STATE,1,CASES
1952,47,NORTH DAKOTA,ND,US,STATE,2,CASES
1952,48,NORTH DAKOTA,ND,US,STATE,1,CASES
1952,49,NORTH DAKOTA,ND,US,STATE,4,CASES
1952,53,NORTH DAKOTA,ND,US,STATE,1,CASES
1953,3,NORTH DAKOTA,ND,US,STATE,1,CASES
1953,10,NORTH DAKOTA,ND,US,STATE,1,CASES
1953,15,NORTH DAKOTA,ND,US,STATE,1,CASES
1954,8,NORTH DAKOTA,ND,US,STATE,2,CASES
1954,10,NORTH DAKOTA,ND,US,STATE,8,CASES
1954,11,NORTH DAKOTA,ND,US,STATE,6,CASES
1954,12,NORTH DAKOTA,ND,US,STATE,6,CASES
1954,13,NORTH DAKOTA,ND,US,STATE,11,CASES
1954,28,NORTH DAKOTA,ND,US,STATE,9,CASES
1954,30,NORTH DAKOTA,ND,US,STATE,20,CASES
1954,31,NORTH DAKOTA,ND,US,STATE,14,CASES
1954,32,NORTH DAKOTA,ND,US,STATE,17,CASES
1954,33,NORTH DAKOTA,ND,US,STATE,6,CASES
1954,34,NORTH DAKOTA,ND,US,STATE,8,CASES
1954,35,NORTH DAKOTA,ND,US,STATE,7,CASES
1954,36,NORTH DAKOTA,ND,US,STATE,16,CASES
1954,37,NORTH DAKOTA,ND,US,STATE,7,CASES
1954,38,NORTH DAKOTA,ND,US,STATE,12,CASES
1954,39,NORTH DAKOTA,ND,US,STATE,14,CASES
1954,40,NORTH DAKOTA,ND,US,STATE,3,CASES
1954,41,NORTH DAKOTA,ND,US,STATE,4,CASES
1954,42,NORTH DAKOTA,ND,US,STATE,4,CASES
1954,43,NORTH DAKOTA,ND,US,STATE,3,CASES
1954,44,NORTH DAKOTA,ND,US,STATE,2,CASES
1954,45,NORTH DAKOTA,ND,US,STATE,1,CASES
1954,46,NORTH DAKOTA,ND,US,STATE,13,CASES
1954,47,NORTH DAKOTA,ND,US,STATE,3,CASES
1954,48,NORTH DAKOTA,ND,US,STATE,6,CASES
1954,49,NORTH DAKOTA,ND,US,STATE,14,CASES
1954,50,NORTH DAKOTA,ND,US,STATE,12,CASES
1954,51,NORTH DAKOTA,ND,US,STATE,9,CASES
1954,52,NORTH DAKOTA,ND,US,STATE,6,CASES
1955,1,NORTH DAKOTA,ND,US,STATE,16,CASES
1955,2,NORTH DAKOTA,ND,US,STATE,7,CASES
1955,3,NORTH DAKOTA,ND,US,STATE,12,CASES
1955,4,NORTH DAKOTA,ND,US,STATE,13,CASES
1955,5,NORTH DAKOTA,ND,US,STATE,10,CASES
1955,7,NORTH DAKOTA,ND,US,STATE,8,CASES
1955,8,NORTH DAKOTA,ND,US,STATE,12,CASES
1955,9,NORTH DAKOTA,ND,US,STATE,3,CASES
1955,10,NORTH DAKOTA,ND,US,STATE,7,CASES
1955,11,NORTH DAKOTA,ND,US,STATE,2,CASES
1955,12,NORTH DAKOTA,ND,US,STATE,7,CASES
1955,13,NORTH DAKOTA,ND,US,STATE,14,CASES
1955,14,NORTH DAKOTA,ND,US,STATE,7,CASES
1955,15,NORTH DAKOTA,ND,US,STATE,4,CASES
1955,16,NORTH DAKOTA,ND,US,STATE,17,CASES
1955,17,NORTH DAKOTA,ND,US,STATE,10,CASES
1955,18,NORTH DAKOTA,ND,US,STATE,24,CASES
1955,19,NORTH DAKOTA,ND,US,STATE,7,CASES
1955,20,NORTH DAKOTA,ND,US,STATE,3,CASES
1955,21,NORTH DAKOTA,ND,US,STATE,2,CASES
1955,22,NORTH DAKOTA,ND,US,STATE,4,CASES
1955,23,NORTH DAKOTA,ND,US,STATE,11,CASES
1955,24,NORTH DAKOTA,ND,US,STATE,3,CASES
1955,25,NORTH DAKOTA,ND,US,STATE,4,CASES
1955,26,NORTH DAKOTA,ND,US,STATE,6,CASES
1955,27,NORTH DAKOTA,ND,US,STATE,6,CASES
1955,28,NORTH DAKOTA,ND,US,STATE,25,CASES
1955,29,NORTH DAKOTA,ND,US,STATE,15,CASES
1955,30,NORTH DAKOTA,ND,US,STATE,4,CASES
1955,31,NORTH DAKOTA,ND,US,STATE,3,CASES
1955,32,NORTH DAKOTA,ND,US,STATE,7,CASES
1955,33,NORTH DAKOTA,ND,US,STATE,8,CASES
1955,34,NORTH DAKOTA,ND,US,STATE,11,CASES
1955,35,NORTH DAKOTA,ND,US,STATE,1,CASES
1955,36,NORTH DAKOTA,ND,US,STATE,8,CASES
1955,37,NORTH DAKOTA,ND,US,STATE,10,CASES
1955,38,NORTH DAKOTA,ND,US,STATE,6,CASES
1955,39,NORTH DAKOTA,ND,US,STATE,8,CASES
1955,40,NORTH DAKOTA,ND,US,STATE,4,CASES
1955,41,NORTH DAKOTA,ND,US,STATE,6,CASES
1955,42,NORTH DAKOTA,ND,US,STATE,4,CASES
1955,43,NORTH DAKOTA,ND,US,STATE,6,CASES
1955,45,NORTH DAKOTA,ND,US,STATE,3,CASES
1955,46,NORTH DAKOTA,ND,US,STATE,2,CASES
1955,47,NORTH DAKOTA,ND,US,STATE,1,CASES
1955,48,NORTH DAKOTA,ND,US,STATE,3,CASES
1955,49,NORTH DAKOTA,ND,US,STATE,1,CASES
1955,50,NORTH DAKOTA,ND,US,STATE,4,CASES
1978,3,NORTH DAKOTA,ND,US,STATE,3,CASES
1978,36,NORTH DAKOTA,ND,US,STATE,1,CASES
1978,37,NORTH DAKOTA,ND,US,STATE,1,CASES
1978,38,NORTH DAKOTA,ND,US,STATE,3,CASES
1980,14,NORTH DAKOTA,ND,US,STATE,1,CASES
1980,44,NORTH DAKOTA,ND,US,STATE,2,CASES
1983,14,NORTH DAKOTA,ND,US,STATE,1,CASES
1985,5,NORTH DAKOTA,ND,US,STATE,2,CASES
1985,11,NORTH DAKOTA,ND,US,STATE,1,CASES
1985,14,NORTH DAKOTA,ND,US,STATE,1,CASES
1985,26,NORTH DAKOTA,ND,US,STATE,1,CASES
1986,32,NORTH DAKOTA,ND,US,STATE,1,CASES
1992,8,NORTH DAKOTA,ND,US,STATE,1,CASES
1996,27,NORTH DAKOTA,ND,US,STATE,1,CASES
1997,6,NORTH DAKOTA,ND,US,STATE,1,CASES
1997,7,NORTH DAKOTA,ND,US,STATE,1,CASES
1997,16,NORTH DAKOTA,ND,US,STATE,1,CASES
1998,45,NORTH DAKOTA,ND,US,STATE,1,CASES
1998,51,NORTH DAKOTA,ND,US,STATE,38,CASES
1998,52,NORTH DAKOTA,ND,US,STATE,3,CASES
1999,32,NORTH DAKOTA,ND,US,STATE,4,CASES
1999,45,NORTH DAKOTA,ND,US,STATE,14,CASES
2000,9,NORTH DAKOTA,ND,US,STATE,1,CASES
2000,31,NORTH DAKOTA,ND,US,STATE,1,CASES
2000,36,NORTH DAKOTA,ND,US,STATE,1,CASES
2000,39,NORTH DAKOTA,ND,US,STATE,3,CASES
2000,49,NORTH DAKOTA,ND,US,STATE,1,CASES
2001,40,NORTH DAKOTA,ND,US,STATE,4,CASES
2001,47,NORTH DAKOTA,ND,US,STATE,1,CASES
2008,22,NORTH DAKOTA,ND,US,STATE,1,CASES
2009,27,NORTH DAKOTA,ND,US,STATE,1,CASES
2009,31,NORTH DAKOTA,ND,US,STATE,1,CASES
2009,33,NORTH DAKOTA,ND,US,STATE,1,CASES
2009,45,NORTH DAKOTA,ND,US,STATE,9,CASES
2006,5,NORTH DAKOTA,ND,US,STATE,2,CASES
2006,9,NORTH DAKOTA,ND,US,STATE,2,CASES
2006,30,NORTH DAKOTA,ND,US,STATE,7,CASES
2006,31,NORTH DAKOTA,ND,US,STATE,3,CASES
2006,32,NORTH DAKOTA,ND,US,STATE,4,CASES
2006,35,NORTH DAKOTA,ND,US,STATE,6,CASES
2007,8,NORTH DAKOTA,ND,US,STATE,1,CASES
2007,17,NORTH DAKOTA,ND,US,STATE,3,CASES
2007,50,NORTH DAKOTA,ND,US,STATE,2,CASES
2010,23,NORTH DAKOTA,ND,US,STATE,4,CASES
2010,24,NORTH DAKOTA,ND,US,STATE,1,CASES
2010,27,NORTH DAKOTA,ND,US,STATE,1,CASES
2010,32,NORTH DAKOTA,ND,US,STATE,1,CASES
2010,33,NORTH DAKOTA,ND,US,STATE,30,CASES
2010,35,NORTH DAKOTA,ND,US,STATE,2,CASES
2010,37,NORTH DAKOTA,ND,US,STATE,6,CASES
2010,41,NORTH DAKOTA,ND,US,STATE,3,CASES
2010,50,NORTH DAKOTA,ND,US,STATE,1,CASES
2011,6,NORTH DAKOTA,ND,US,STATE,3,CASES
2011,11,NORTH DAKOTA,ND,US,STATE,10,CASES
2011,19,NORTH DAKOTA,ND,US,STATE,7,CASES
2011,25,NORTH DAKOTA,ND,US,STATE,4,CASES
2011,28,NORTH DAKOTA,ND,US,STATE,5,CASES
2011,30,NORTH DAKOTA,ND,US,STATE,1,CASES
2011,34,NORTH DAKOTA,ND,US,STATE,6,CASES
2011,36,NORTH DAKOTA,ND,US,STATE,1,CASES
2011,40,NORTH DAKOTA,ND,US,STATE,3,CASES
2011,41,NORTH DAKOTA,ND,US,STATE,1,CASES
2011,47,NORTH DAKOTA,ND,US,STATE,10,CASES
2011,51,NORTH DAKOTA,ND,US,STATE,8,CASES
1940,5,NORTH DAKOTA,ND,US,STATE,26,CASES
1951,22,NORTH DAKOTA,ND,US,STATE,14,CASES
2012,9,NORTH DAKOTA,ND,US,STATE,12,CASES
2012,29,NORTH DAKOTA,ND,US,STATE,12,CASES
2012,30,NORTH DAKOTA,ND,US,STATE,3,CASES
2012,38,NORTH DAKOTA,ND,US,STATE,3,CASES
2012,40,NORTH DAKOTA,ND,US,STATE,8,CASES
2012,41,NORTH DAKOTA,ND,US,STATE,45,CASES
2012,43,NORTH DAKOTA,ND,US,STATE,19,CASES
2012,47,NORTH DAKOTA,ND,US,STATE,12,CASES
