year,week,loc,state,country,loc_type,number,event
1927,52,NEW HAMPSHIRE,NH,US,STATE,32,CASES
1928,4,NEW HAMPSHIRE,NH,US,STATE,17,CASES
1928,6,NEW HAMPSHIRE,NH,US,STATE,20,CASES
1928,7,NEW HAMPSHIRE,NH,US,STATE,24,CASES
1928,9,NEW HAMPSHIRE,NH,US,STATE,11,CASES
1928,10,NEW HAMPSHIRE,NH,US,STATE,9,CASES
1928,13,NEW HAMPSHIRE,NH,US,STATE,11,CASES
1928,31,NEW HAMPSHIRE,NH,US,STATE,10,CASES
1928,33,NEW HAMPSHIRE,NH,US,STATE,6,CASES
1928,34,NEW HAMPSHIRE,NH,US,STATE,5,CASES
1928,37,NEW HAMPSHIRE,NH,US,STATE,2,CASES
1928,39,NEW HAMPSHIRE,NH,US,STATE,9,CASES
1928,40,NEW HAMPSHIRE,NH,US,STATE,7,CASES
1928,41,NEW HAMPSHIRE,NH,US,STATE,11,CASES
1928,42,NEW HAMPSHIRE,NH,US,STATE,8,CASES
1928,43,NEW HAMPSHIRE,NH,US,STATE,8,CASES
1928,44,NEW HAMPSHIRE,NH,US,STATE,21,CASES
1928,46,NEW HAMPSHIRE,NH,US,STATE,13,CASES
1928,47,NEW HAMPSHIRE,NH,US,STATE,16,CASES
1928,48,NEW HAMPSHIRE,NH,US,STATE,11,CASES
1928,49,NEW HAMPSHIRE,NH,US,STATE,17,CASES
1928,52,NEW HAMPSHIRE,NH,US,STATE,2,CASES
1929,1,NEW HAMPSHIRE,NH,US,STATE,17,CASES
1929,2,NEW HAMPSHIRE,NH,US,STATE,75,CASES
1929,3,NEW HAMPSHIRE,NH,US,STATE,170,CASES
1929,4,NEW HAMPSHIRE,NH,US,STATE,74,CASES
1929,5,NEW HAMPSHIRE,NH,US,STATE,265,CASES
1929,6,NEW HAMPSHIRE,NH,US,STATE,123,CASES
1929,7,NEW HAMPSHIRE,NH,US,STATE,65,CASES
1929,8,NEW HAMPSHIRE,NH,US,STATE,40,CASES
1929,9,NEW HAMPSHIRE,NH,US,STATE,55,CASES
1929,10,NEW HAMPSHIRE,NH,US,STATE,24,CASES
1929,11,NEW HAMPSHIRE,NH,US,STATE,20,CASES
1929,12,NEW HAMPSHIRE,NH,US,STATE,14,CASES
1929,13,NEW HAMPSHIRE,NH,US,STATE,9,CASES
1929,14,NEW HAMPSHIRE,NH,US,STATE,13,CASES
1929,15,NEW HAMPSHIRE,NH,US,STATE,8,CASES
1929,17,NEW HAMPSHIRE,NH,US,STATE,6,CASES
1929,40,NEW HAMPSHIRE,NH,US,STATE,3,CASES
1929,42,NEW HAMPSHIRE,NH,US,STATE,5,CASES
1929,43,NEW HAMPSHIRE,NH,US,STATE,7,CASES
1929,46,NEW HAMPSHIRE,NH,US,STATE,11,CASES
1929,48,NEW HAMPSHIRE,NH,US,STATE,5,CASES
1930,2,NEW HAMPSHIRE,NH,US,STATE,8,CASES
1930,3,NEW HAMPSHIRE,NH,US,STATE,1,CASES
1930,4,NEW HAMPSHIRE,NH,US,STATE,9,CASES
1930,6,NEW HAMPSHIRE,NH,US,STATE,1,CASES
1930,7,NEW HAMPSHIRE,NH,US,STATE,4,CASES
1930,8,NEW HAMPSHIRE,NH,US,STATE,4,CASES
1930,11,NEW HAMPSHIRE,NH,US,STATE,9,CASES
1930,12,NEW HAMPSHIRE,NH,US,STATE,7,CASES
1930,13,NEW HAMPSHIRE,NH,US,STATE,11,CASES
1930,14,NEW HAMPSHIRE,NH,US,STATE,3,CASES
1930,15,NEW HAMPSHIRE,NH,US,STATE,2,CASES
1930,16,NEW HAMPSHIRE,NH,US,STATE,5,CASES
1930,17,NEW HAMPSHIRE,NH,US,STATE,6,CASES
1930,20,NEW HAMPSHIRE,NH,US,STATE,4,CASES
1930,22,NEW HAMPSHIRE,NH,US,STATE,2,CASES
1930,34,NEW HAMPSHIRE,NH,US,STATE,8,CASES
1930,36,NEW HAMPSHIRE,NH,US,STATE,2,CASES
1930,37,NEW HAMPSHIRE,NH,US,STATE,5,CASES
1930,52,NEW HAMPSHIRE,NH,US,STATE,12,CASES
1931,4,NEW HAMPSHIRE,NH,US,STATE,10,CASES
1931,5,NEW HAMPSHIRE,NH,US,STATE,104,CASES
1931,6,NEW HAMPSHIRE,NH,US,STATE,212,CASES
1931,8,NEW HAMPSHIRE,NH,US,STATE,21,CASES
1931,9,NEW HAMPSHIRE,NH,US,STATE,12,CASES
1931,10,NEW HAMPSHIRE,NH,US,STATE,1,CASES
1931,11,NEW HAMPSHIRE,NH,US,STATE,2,CASES
1931,12,NEW HAMPSHIRE,NH,US,STATE,1,CASES
1931,17,NEW HAMPSHIRE,NH,US,STATE,1,CASES
1931,24,NEW HAMPSHIRE,NH,US,STATE,4,CASES
1932,2,NEW HAMPSHIRE,NH,US,STATE,1,CASES
1933,4,NEW HAMPSHIRE,NH,US,STATE,1,CASES
1933,7,NEW HAMPSHIRE,NH,US,STATE,8,CASES
1933,9,NEW HAMPSHIRE,NH,US,STATE,11,CASES
1933,10,NEW HAMPSHIRE,NH,US,STATE,3,CASES
1933,11,NEW HAMPSHIRE,NH,US,STATE,4,CASES
1933,12,NEW HAMPSHIRE,NH,US,STATE,1,CASES
1933,14,NEW HAMPSHIRE,NH,US,STATE,1,CASES
1933,16,NEW HAMPSHIRE,NH,US,STATE,1,CASES
1933,51,NEW HAMPSHIRE,NH,US,STATE,2,CASES
1934,1,NEW HAMPSHIRE,NH,US,STATE,2,CASES
1934,4,NEW HAMPSHIRE,NH,US,STATE,1,CASES
1934,8,NEW HAMPSHIRE,NH,US,STATE,1,CASES
1934,10,NEW HAMPSHIRE,NH,US,STATE,2,CASES
1935,1,NEW HAMPSHIRE,NH,US,STATE,1,CASES
1935,3,NEW HAMPSHIRE,NH,US,STATE,5,CASES
1935,14,NEW HAMPSHIRE,NH,US,STATE,19,CASES
1935,15,NEW HAMPSHIRE,NH,US,STATE,3,CASES
1935,18,NEW HAMPSHIRE,NH,US,STATE,1,CASES
1936,7,NEW HAMPSHIRE,NH,US,STATE,15,CASES
1936,9,NEW HAMPSHIRE,NH,US,STATE,1,CASES
1936,13,NEW HAMPSHIRE,NH,US,STATE,2,CASES
1936,16,NEW HAMPSHIRE,NH,US,STATE,1,CASES
1936,39,NEW HAMPSHIRE,NH,US,STATE,6,CASES
1936,41,NEW HAMPSHIRE,NH,US,STATE,2,CASES
1937,2,NEW HAMPSHIRE,NH,US,STATE,66,CASES
1937,3,NEW HAMPSHIRE,NH,US,STATE,3,CASES
1937,4,NEW HAMPSHIRE,NH,US,STATE,1,CASES
1937,5,NEW HAMPSHIRE,NH,US,STATE,7,CASES
1937,6,NEW HAMPSHIRE,NH,US,STATE,57,CASES
1937,29,NEW HAMPSHIRE,NH,US,STATE,1,CASES
1937,45,NEW HAMPSHIRE,NH,US,STATE,4,CASES
1938,4,NEW HAMPSHIRE,NH,US,STATE,10,CASES
1938,5,NEW HAMPSHIRE,NH,US,STATE,2,CASES
1938,6,NEW HAMPSHIRE,NH,US,STATE,4,CASES
1938,7,NEW HAMPSHIRE,NH,US,STATE,2,CASES
1938,8,NEW HAMPSHIRE,NH,US,STATE,4,CASES
1938,12,NEW HAMPSHIRE,NH,US,STATE,1,CASES
1938,29,NEW HAMPSHIRE,NH,US,STATE,1,CASES
1938,43,NEW HAMPSHIRE,NH,US,STATE,1,CASES
1939,4,NEW HAMPSHIRE,NH,US,STATE,10,CASES
1939,11,NEW HAMPSHIRE,NH,US,STATE,40,CASES
1939,43,NEW HAMPSHIRE,NH,US,STATE,1,CASES
1940,4,NEW HAMPSHIRE,NH,US,STATE,1,CASES
1940,6,NEW HAMPSHIRE,NH,US,STATE,2,CASES
1940,11,NEW HAMPSHIRE,NH,US,STATE,40,CASES
1940,51,NEW HAMPSHIRE,NH,US,STATE,2,CASES
1941,2,NEW HAMPSHIRE,NH,US,STATE,1000,CASES
1941,3,NEW HAMPSHIRE,NH,US,STATE,1000,CASES
1941,4,NEW HAMPSHIRE,NH,US,STATE,44,CASES
1941,5,NEW HAMPSHIRE,NH,US,STATE,27,CASES
1941,6,NEW HAMPSHIRE,NH,US,STATE,5,CASES
1941,9,NEW HAMPSHIRE,NH,US,STATE,10,CASES
1941,10,NEW HAMPSHIRE,NH,US,STATE,8,CASES
1941,11,NEW HAMPSHIRE,NH,US,STATE,3,CASES
1941,12,NEW HAMPSHIRE,NH,US,STATE,3,CASES
1941,15,NEW HAMPSHIRE,NH,US,STATE,2,CASES
1941,19,NEW HAMPSHIRE,NH,US,STATE,2,CASES
1941,31,NEW HAMPSHIRE,NH,US,STATE,1,CASES
1941,47,NEW HAMPSHIRE,NH,US,STATE,2,CASES
1941,50,NEW HAMPSHIRE,NH,US,STATE,1,CASES
1941,53,NEW HAMPSHIRE,NH,US,STATE,4,CASES
1942,4,NEW HAMPSHIRE,NH,US,STATE,27,CASES
1942,9,NEW HAMPSHIRE,NH,US,STATE,20,CASES
1942,12,NEW HAMPSHIRE,NH,US,STATE,5,CASES
1942,13,NEW HAMPSHIRE,NH,US,STATE,6,CASES
1942,16,NEW HAMPSHIRE,NH,US,STATE,2,CASES
1942,22,NEW HAMPSHIRE,NH,US,STATE,8,CASES
1942,43,NEW HAMPSHIRE,NH,US,STATE,4,CASES
1942,44,NEW HAMPSHIRE,NH,US,STATE,2,CASES
1942,45,NEW HAMPSHIRE,NH,US,STATE,1,CASES
1942,47,NEW HAMPSHIRE,NH,US,STATE,2,CASES
1943,1,NEW HAMPSHIRE,NH,US,STATE,3,CASES
1943,12,NEW HAMPSHIRE,NH,US,STATE,1,CASES
1943,13,NEW HAMPSHIRE,NH,US,STATE,5,CASES
1943,16,NEW HAMPSHIRE,NH,US,STATE,1,CASES
1943,22,NEW HAMPSHIRE,NH,US,STATE,8,CASES
1943,26,NEW HAMPSHIRE,NH,US,STATE,2,CASES
1943,27,NEW HAMPSHIRE,NH,US,STATE,1,CASES
1943,39,NEW HAMPSHIRE,NH,US,STATE,1,CASES
1943,42,NEW HAMPSHIRE,NH,US,STATE,5,CASES
1943,47,NEW HAMPSHIRE,NH,US,STATE,2,CASES
1943,50,NEW HAMPSHIRE,NH,US,STATE,2,CASES
1944,1,NEW HAMPSHIRE,NH,US,STATE,3,CASES
1944,3,NEW HAMPSHIRE,NH,US,STATE,12,CASES
1944,5,NEW HAMPSHIRE,NH,US,STATE,20,CASES
1944,9,NEW HAMPSHIRE,NH,US,STATE,4,CASES
1944,14,NEW HAMPSHIRE,NH,US,STATE,0,CASES
1944,17,NEW HAMPSHIRE,NH,US,STATE,3,CASES
1944,18,NEW HAMPSHIRE,NH,US,STATE,2,CASES
1944,21,NEW HAMPSHIRE,NH,US,STATE,0,CASES
1945,3,NEW HAMPSHIRE,NH,US,STATE,12,CASES
1945,17,NEW HAMPSHIRE,NH,US,STATE,1,CASES
1945,50,NEW HAMPSHIRE,NH,US,STATE,149,CASES
1945,52,NEW HAMPSHIRE,NH,US,STATE,2,CASES
1946,1,NEW HAMPSHIRE,NH,US,STATE,3,CASES
1946,2,NEW HAMPSHIRE,NH,US,STATE,1,CASES
1946,4,NEW HAMPSHIRE,NH,US,STATE,2,CASES
1946,5,NEW HAMPSHIRE,NH,US,STATE,3,CASES
1946,6,NEW HAMPSHIRE,NH,US,STATE,6,CASES
1946,7,NEW HAMPSHIRE,NH,US,STATE,2,CASES
1946,12,NEW HAMPSHIRE,NH,US,STATE,2,CASES
1946,13,NEW HAMPSHIRE,NH,US,STATE,3,CASES
1946,14,NEW HAMPSHIRE,NH,US,STATE,1,CASES
1946,15,NEW HAMPSHIRE,NH,US,STATE,1,CASES
1946,23,NEW HAMPSHIRE,NH,US,STATE,1,CASES
1946,39,NEW HAMPSHIRE,NH,US,STATE,1,CASES
1946,49,NEW HAMPSHIRE,NH,US,STATE,1,CASES
1946,50,NEW HAMPSHIRE,NH,US,STATE,1,CASES
1946,52,NEW HAMPSHIRE,NH,US,STATE,1,CASES
1947,3,NEW HAMPSHIRE,NH,US,STATE,2,CASES
1947,7,NEW HAMPSHIRE,NH,US,STATE,2,CASES
1947,8,NEW HAMPSHIRE,NH,US,STATE,1,CASES
1947,10,NEW HAMPSHIRE,NH,US,STATE,1,CASES
1947,11,NEW HAMPSHIRE,NH,US,STATE,5,CASES
1947,12,NEW HAMPSHIRE,NH,US,STATE,2,CASES
1947,13,NEW HAMPSHIRE,NH,US,STATE,1,CASES
1947,14,NEW HAMPSHIRE,NH,US,STATE,1,CASES
1947,15,NEW HAMPSHIRE,NH,US,STATE,8,CASES
1947,16,NEW HAMPSHIRE,NH,US,STATE,16,CASES
1947,17,NEW HAMPSHIRE,NH,US,STATE,21,CASES
1947,22,NEW HAMPSHIRE,NH,US,STATE,2,CASES
1947,31,NEW HAMPSHIRE,NH,US,STATE,3,CASES
1947,40,NEW HAMPSHIRE,NH,US,STATE,3,CASES
1947,47,NEW HAMPSHIRE,NH,US,STATE,4,CASES
1947,48,NEW HAMPSHIRE,NH,US,STATE,6,CASES
1947,49,NEW HAMPSHIRE,NH,US,STATE,7,CASES
1947,50,NEW HAMPSHIRE,NH,US,STATE,1,CASES
1947,51,NEW HAMPSHIRE,NH,US,STATE,2,CASES
1948,3,NEW HAMPSHIRE,NH,US,STATE,1,CASES
1948,4,NEW HAMPSHIRE,NH,US,STATE,1,CASES
1948,5,NEW HAMPSHIRE,NH,US,STATE,1,CASES
1948,22,NEW HAMPSHIRE,NH,US,STATE,2,CASES
1948,33,NEW HAMPSHIRE,NH,US,STATE,1,CASES
1948,39,NEW HAMPSHIRE,NH,US,STATE,1,CASES
1948,44,NEW HAMPSHIRE,NH,US,STATE,1,CASES
1948,48,NEW HAMPSHIRE,NH,US,STATE,1,CASES
1948,49,NEW HAMPSHIRE,NH,US,STATE,1,CASES
1948,51,NEW HAMPSHIRE,NH,US,STATE,1,CASES
1949,1,NEW HAMPSHIRE,NH,US,STATE,1,CASES
1949,2,NEW HAMPSHIRE,NH,US,STATE,2,CASES
1949,3,NEW HAMPSHIRE,NH,US,STATE,2,CASES
1949,7,NEW HAMPSHIRE,NH,US,STATE,2,CASES
1949,8,NEW HAMPSHIRE,NH,US,STATE,2,CASES
1949,9,NEW HAMPSHIRE,NH,US,STATE,4,CASES
1949,10,NEW HAMPSHIRE,NH,US,STATE,1,CASES
1949,11,NEW HAMPSHIRE,NH,US,STATE,1,CASES
1949,12,NEW HAMPSHIRE,NH,US,STATE,1,CASES
1949,13,NEW HAMPSHIRE,NH,US,STATE,11,CASES
1949,14,NEW HAMPSHIRE,NH,US,STATE,2,CASES
1949,15,NEW HAMPSHIRE,NH,US,STATE,4,CASES
1949,16,NEW HAMPSHIRE,NH,US,STATE,1,CASES
1949,17,NEW HAMPSHIRE,NH,US,STATE,3,CASES
1949,20,NEW HAMPSHIRE,NH,US,STATE,1,CASES
1949,21,NEW HAMPSHIRE,NH,US,STATE,1,CASES
1949,23,NEW HAMPSHIRE,NH,US,STATE,1,CASES
1949,49,NEW HAMPSHIRE,NH,US,STATE,1,CASES
1949,50,NEW HAMPSHIRE,NH,US,STATE,1,CASES
1950,1,NEW HAMPSHIRE,NH,US,STATE,1,CASES
1950,6,NEW HAMPSHIRE,NH,US,STATE,1,CASES
1950,8,NEW HAMPSHIRE,NH,US,STATE,1,CASES
1950,9,NEW HAMPSHIRE,NH,US,STATE,2,CASES
1950,10,NEW HAMPSHIRE,NH,US,STATE,1,CASES
1950,12,NEW HAMPSHIRE,NH,US,STATE,2,CASES
1950,13,NEW HAMPSHIRE,NH,US,STATE,2,CASES
1950,14,NEW HAMPSHIRE,NH,US,STATE,5,CASES
1950,15,NEW HAMPSHIRE,NH,US,STATE,5,CASES
1950,16,NEW HAMPSHIRE,NH,US,STATE,12,CASES
1950,17,NEW HAMPSHIRE,NH,US,STATE,4,CASES
1950,39,NEW HAMPSHIRE,NH,US,STATE,2,CASES
1950,42,NEW HAMPSHIRE,NH,US,STATE,4,CASES
1950,43,NEW HAMPSHIRE,NH,US,STATE,3,CASES
1950,45,NEW HAMPSHIRE,NH,US,STATE,2,CASES
1950,47,NEW HAMPSHIRE,NH,US,STATE,1,CASES
1950,50,NEW HAMPSHIRE,NH,US,STATE,1,CASES
1950,51,NEW HAMPSHIRE,NH,US,STATE,2,CASES
1951,1,NEW HAMPSHIRE,NH,US,STATE,1,CASES
1951,3,NEW HAMPSHIRE,NH,US,STATE,2,CASES
1951,5,NEW HAMPSHIRE,NH,US,STATE,3,CASES
1951,7,NEW HAMPSHIRE,NH,US,STATE,1,CASES
1951,8,NEW HAMPSHIRE,NH,US,STATE,40,CASES
1951,9,NEW HAMPSHIRE,NH,US,STATE,166,CASES
1951,10,NEW HAMPSHIRE,NH,US,STATE,537,CASES
1951,11,NEW HAMPSHIRE,NH,US,STATE,664,CASES
1951,12,NEW HAMPSHIRE,NH,US,STATE,191,CASES
1951,13,NEW HAMPSHIRE,NH,US,STATE,94,CASES
1951,14,NEW HAMPSHIRE,NH,US,STATE,34,CASES
1951,15,NEW HAMPSHIRE,NH,US,STATE,9,CASES
1951,16,NEW HAMPSHIRE,NH,US,STATE,1,CASES
1951,17,NEW HAMPSHIRE,NH,US,STATE,9,CASES
1951,18,NEW HAMPSHIRE,NH,US,STATE,2,CASES
1951,21,NEW HAMPSHIRE,NH,US,STATE,1,CASES
1951,38,NEW HAMPSHIRE,NH,US,STATE,3,CASES
1951,46,NEW HAMPSHIRE,NH,US,STATE,4,CASES
1951,47,NEW HAMPSHIRE,NH,US,STATE,1,CASES
