year,week,loc,state,country,loc_type,number,event
1968,2,NEW HAMPSHIRE,NH,US,STATE,10,CASES
1968,3,NEW HAMPSHIRE,NH,US,STATE,7,CASES
1968,4,NEW HAMPSHIRE,NH,US,STATE,4,CASES
1968,5,NEW HAMPSHIRE,NH,US,STATE,10,CASES
1968,6,NEW HAMPSHIRE,NH,US,STATE,8,CASES
1968,7,NEW HAMPSHIRE,NH,US,STATE,19,CASES
1968,8,NEW HAMPSHIRE,NH,US,STATE,11,CASES
1968,9,NEW HAMPSHIRE,NH,US,STATE,9,CASES
1968,10,NEW HAMPSHIRE,NH,US,STATE,33,CASES
1968,11,NEW HAMPSHIRE,NH,US,STATE,17,CASES
1968,12,NEW HAMPSHIRE,NH,US,STATE,22,CASES
1968,13,NEW HAMPSHIRE,NH,US,STATE,8,CASES
1968,14,NEW HAMPSHIRE,NH,US,STATE,4,CASES
1968,15,NEW HAMPSHIRE,NH,US,STATE,8,CASES
1968,16,NEW HAMPSHIRE,NH,US,STATE,1,CASES
1968,17,NEW HAMPSHIRE,NH,US,STATE,5,CASES
1968,18,NEW HAMPSHIRE,NH,US,STATE,2,CASES
1968,19,NEW HAMPSHIRE,NH,US,STATE,6,CASES
1968,20,NEW HAMPSHIRE,NH,US,STATE,4,CASES
1968,21,NEW HAMPSHIRE,NH,US,STATE,11,CASES
1968,22,NEW HAMPSHIRE,NH,US,STATE,15,CASES
1968,23,NEW HAMPSHIRE,NH,US,STATE,2,CASES
1968,24,NEW HAMPSHIRE,NH,US,STATE,4,CASES
1968,25,NEW HAMPSHIRE,NH,US,STATE,1,CASES
1968,27,NEW HAMPSHIRE,NH,US,STATE,2,CASES
1968,28,NEW HAMPSHIRE,NH,US,STATE,2,CASES
1968,29,NEW HAMPSHIRE,NH,US,STATE,1,CASES
1968,31,NEW HAMPSHIRE,NH,US,STATE,2,CASES
1968,32,NEW HAMPSHIRE,NH,US,STATE,2,CASES
1968,37,NEW HAMPSHIRE,NH,US,STATE,2,CASES
1968,38,NEW HAMPSHIRE,NH,US,STATE,2,CASES
1968,39,NEW HAMPSHIRE,NH,US,STATE,8,CASES
1968,40,NEW HAMPSHIRE,NH,US,STATE,3,CASES
1968,41,NEW HAMPSHIRE,NH,US,STATE,2,CASES
1968,42,NEW HAMPSHIRE,NH,US,STATE,9,CASES
1968,46,NEW HAMPSHIRE,NH,US,STATE,16,CASES
1968,47,NEW HAMPSHIRE,NH,US,STATE,19,CASES
1968,48,NEW HAMPSHIRE,NH,US,STATE,1,CASES
1968,49,NEW HAMPSHIRE,NH,US,STATE,2,CASES
1968,50,NEW HAMPSHIRE,NH,US,STATE,9,CASES
1969,2,NEW HAMPSHIRE,NH,US,STATE,1,CASES
1969,3,NEW HAMPSHIRE,NH,US,STATE,13,CASES
1969,4,NEW HAMPSHIRE,NH,US,STATE,1,CASES
1969,5,NEW HAMPSHIRE,NH,US,STATE,7,CASES
1969,9,NEW HAMPSHIRE,NH,US,STATE,1,CASES
1969,10,NEW HAMPSHIRE,NH,US,STATE,4,CASES
1969,12,NEW HAMPSHIRE,NH,US,STATE,5,CASES
1969,13,NEW HAMPSHIRE,NH,US,STATE,1,CASES
1969,15,NEW HAMPSHIRE,NH,US,STATE,2,CASES
1969,16,NEW HAMPSHIRE,NH,US,STATE,3,CASES
1969,17,NEW HAMPSHIRE,NH,US,STATE,1,CASES
1969,18,NEW HAMPSHIRE,NH,US,STATE,2,CASES
1969,19,NEW HAMPSHIRE,NH,US,STATE,1,CASES
1969,20,NEW HAMPSHIRE,NH,US,STATE,1,CASES
1969,21,NEW HAMPSHIRE,NH,US,STATE,3,CASES
1969,22,NEW HAMPSHIRE,NH,US,STATE,3,CASES
1969,23,NEW HAMPSHIRE,NH,US,STATE,6,CASES
1969,25,NEW HAMPSHIRE,NH,US,STATE,1,CASES
1969,26,NEW HAMPSHIRE,NH,US,STATE,2,CASES
1969,27,NEW HAMPSHIRE,NH,US,STATE,1,CASES
1969,29,NEW HAMPSHIRE,NH,US,STATE,1,CASES
1969,33,NEW HAMPSHIRE,NH,US,STATE,4,CASES
1969,38,NEW HAMPSHIRE,NH,US,STATE,1,CASES
1969,39,NEW HAMPSHIRE,NH,US,STATE,1,CASES
1969,40,NEW HAMPSHIRE,NH,US,STATE,6,CASES
1969,41,NEW HAMPSHIRE,NH,US,STATE,5,CASES
1969,42,NEW HAMPSHIRE,NH,US,STATE,2,CASES
1969,43,NEW HAMPSHIRE,NH,US,STATE,15,CASES
1969,44,NEW HAMPSHIRE,NH,US,STATE,9,CASES
1969,45,NEW HAMPSHIRE,NH,US,STATE,10,CASES
1969,46,NEW HAMPSHIRE,NH,US,STATE,13,CASES
1969,47,NEW HAMPSHIRE,NH,US,STATE,2,CASES
1969,48,NEW HAMPSHIRE,NH,US,STATE,29,CASES
1969,49,NEW HAMPSHIRE,NH,US,STATE,19,CASES
1969,50,NEW HAMPSHIRE,NH,US,STATE,24,CASES
1969,51,NEW HAMPSHIRE,NH,US,STATE,23,CASES
1969,52,NEW HAMPSHIRE,NH,US,STATE,2,CASES
1970,1,NEW HAMPSHIRE,NH,US,STATE,43,CASES
1970,2,NEW HAMPSHIRE,NH,US,STATE,35,CASES
1970,3,NEW HAMPSHIRE,NH,US,STATE,30,CASES
1970,4,NEW HAMPSHIRE,NH,US,STATE,18,CASES
1970,5,NEW HAMPSHIRE,NH,US,STATE,18,CASES
1970,6,NEW HAMPSHIRE,NH,US,STATE,10,CASES
1970,7,NEW HAMPSHIRE,NH,US,STATE,10,CASES
1970,8,NEW HAMPSHIRE,NH,US,STATE,9,CASES
1970,9,NEW HAMPSHIRE,NH,US,STATE,3,CASES
1970,10,NEW HAMPSHIRE,NH,US,STATE,10,CASES
1970,11,NEW HAMPSHIRE,NH,US,STATE,5,CASES
1970,12,NEW HAMPSHIRE,NH,US,STATE,2,CASES
1970,13,NEW HAMPSHIRE,NH,US,STATE,1,CASES
1970,14,NEW HAMPSHIRE,NH,US,STATE,5,CASES
1970,15,NEW HAMPSHIRE,NH,US,STATE,1,CASES
1970,16,NEW HAMPSHIRE,NH,US,STATE,2,CASES
1970,17,NEW HAMPSHIRE,NH,US,STATE,14,CASES
1970,19,NEW HAMPSHIRE,NH,US,STATE,2,CASES
1970,20,NEW HAMPSHIRE,NH,US,STATE,1,CASES
1970,21,NEW HAMPSHIRE,NH,US,STATE,3,CASES
1970,22,NEW HAMPSHIRE,NH,US,STATE,7,CASES
1970,23,NEW HAMPSHIRE,NH,US,STATE,4,CASES
1970,24,NEW HAMPSHIRE,NH,US,STATE,72,CASES
1970,25,NEW HAMPSHIRE,NH,US,STATE,3,CASES
1970,26,NEW HAMPSHIRE,NH,US,STATE,1,CASES
1970,29,NEW HAMPSHIRE,NH,US,STATE,1,CASES
1970,31,NEW HAMPSHIRE,NH,US,STATE,1,CASES
1970,32,NEW HAMPSHIRE,NH,US,STATE,1,CASES
1970,33,NEW HAMPSHIRE,NH,US,STATE,8,CASES
1970,34,NEW HAMPSHIRE,NH,US,STATE,1,CASES
1970,35,NEW HAMPSHIRE,NH,US,STATE,2,CASES
1970,36,NEW HAMPSHIRE,NH,US,STATE,2,CASES
1970,38,NEW HAMPSHIRE,NH,US,STATE,2,CASES
1970,39,NEW HAMPSHIRE,NH,US,STATE,1,CASES
1970,42,NEW HAMPSHIRE,NH,US,STATE,6,CASES
1970,45,NEW HAMPSHIRE,NH,US,STATE,10,CASES
1970,46,NEW HAMPSHIRE,NH,US,STATE,19,CASES
1970,47,NEW HAMPSHIRE,NH,US,STATE,4,CASES
1970,49,NEW HAMPSHIRE,NH,US,STATE,32,CASES
1970,50,NEW HAMPSHIRE,NH,US,STATE,18,CASES
1970,51,NEW HAMPSHIRE,NH,US,STATE,6,CASES
1970,52,NEW HAMPSHIRE,NH,US,STATE,8,CASES
1971,2,NEW HAMPSHIRE,NH,US,STATE,37,CASES
1971,4,NEW HAMPSHIRE,NH,US,STATE,44,CASES
1971,5,NEW HAMPSHIRE,NH,US,STATE,5,CASES
1971,6,NEW HAMPSHIRE,NH,US,STATE,28,CASES
1971,7,NEW HAMPSHIRE,NH,US,STATE,2,CASES
1971,9,NEW HAMPSHIRE,NH,US,STATE,8,CASES
1971,10,NEW HAMPSHIRE,NH,US,STATE,54,CASES
1971,11,NEW HAMPSHIRE,NH,US,STATE,1,CASES
1971,12,NEW HAMPSHIRE,NH,US,STATE,3,CASES
1971,13,NEW HAMPSHIRE,NH,US,STATE,85,CASES
1971,14,NEW HAMPSHIRE,NH,US,STATE,2,CASES
1971,15,NEW HAMPSHIRE,NH,US,STATE,4,CASES
1971,16,NEW HAMPSHIRE,NH,US,STATE,100,CASES
1971,17,NEW HAMPSHIRE,NH,US,STATE,42,CASES
1971,18,NEW HAMPSHIRE,NH,US,STATE,10,CASES
1971,20,NEW HAMPSHIRE,NH,US,STATE,62,CASES
1971,22,NEW HAMPSHIRE,NH,US,STATE,28,CASES
1971,23,NEW HAMPSHIRE,NH,US,STATE,15,CASES
1971,24,NEW HAMPSHIRE,NH,US,STATE,11,CASES
1971,25,NEW HAMPSHIRE,NH,US,STATE,4,CASES
1971,27,NEW HAMPSHIRE,NH,US,STATE,7,CASES
1971,28,NEW HAMPSHIRE,NH,US,STATE,7,CASES
1971,29,NEW HAMPSHIRE,NH,US,STATE,4,CASES
1971,31,NEW HAMPSHIRE,NH,US,STATE,3,CASES
1971,34,NEW HAMPSHIRE,NH,US,STATE,2,CASES
1971,36,NEW HAMPSHIRE,NH,US,STATE,2,CASES
1971,37,NEW HAMPSHIRE,NH,US,STATE,2,CASES
1971,38,NEW HAMPSHIRE,NH,US,STATE,4,CASES
1971,39,NEW HAMPSHIRE,NH,US,STATE,1,CASES
1971,41,NEW HAMPSHIRE,NH,US,STATE,1,CASES
1971,42,NEW HAMPSHIRE,NH,US,STATE,1,CASES
1971,44,NEW HAMPSHIRE,NH,US,STATE,6,CASES
1971,45,NEW HAMPSHIRE,NH,US,STATE,1,CASES
1971,47,NEW HAMPSHIRE,NH,US,STATE,3,CASES
1971,48,NEW HAMPSHIRE,NH,US,STATE,3,CASES
1971,49,NEW HAMPSHIRE,NH,US,STATE,3,CASES
1971,50,NEW HAMPSHIRE,NH,US,STATE,4,CASES
1972,1,NEW HAMPSHIRE,NH,US,STATE,2,CASES
1972,3,NEW HAMPSHIRE,NH,US,STATE,3,CASES
1972,4,NEW HAMPSHIRE,NH,US,STATE,4,CASES
1972,5,NEW HAMPSHIRE,NH,US,STATE,3,CASES
1972,6,NEW HAMPSHIRE,NH,US,STATE,3,CASES
1972,7,NEW HAMPSHIRE,NH,US,STATE,17,CASES
1972,9,NEW HAMPSHIRE,NH,US,STATE,2,CASES
1972,11,NEW HAMPSHIRE,NH,US,STATE,6,CASES
1972,13,NEW HAMPSHIRE,NH,US,STATE,12,CASES
1972,14,NEW HAMPSHIRE,NH,US,STATE,6,CASES
1972,15,NEW HAMPSHIRE,NH,US,STATE,12,CASES
1972,16,NEW HAMPSHIRE,NH,US,STATE,1,CASES
1972,18,NEW HAMPSHIRE,NH,US,STATE,30,CASES
1972,21,NEW HAMPSHIRE,NH,US,STATE,2,CASES
1972,22,NEW HAMPSHIRE,NH,US,STATE,14,CASES
1972,23,NEW HAMPSHIRE,NH,US,STATE,5,CASES
1972,24,NEW HAMPSHIRE,NH,US,STATE,4,CASES
1972,26,NEW HAMPSHIRE,NH,US,STATE,1,CASES
1972,27,NEW HAMPSHIRE,NH,US,STATE,6,CASES
1972,28,NEW HAMPSHIRE,NH,US,STATE,3,CASES
1972,29,NEW HAMPSHIRE,NH,US,STATE,2,CASES
1972,30,NEW HAMPSHIRE,NH,US,STATE,1,CASES
1972,32,NEW HAMPSHIRE,NH,US,STATE,2,CASES
1972,35,NEW HAMPSHIRE,NH,US,STATE,1,CASES
1972,36,NEW HAMPSHIRE,NH,US,STATE,1,CASES
1972,39,NEW HAMPSHIRE,NH,US,STATE,1,CASES
1972,41,NEW HAMPSHIRE,NH,US,STATE,1,CASES
1972,42,NEW HAMPSHIRE,NH,US,STATE,1,CASES
1972,43,NEW HAMPSHIRE,NH,US,STATE,1,CASES
1972,45,NEW HAMPSHIRE,NH,US,STATE,2,CASES
1972,46,NEW HAMPSHIRE,NH,US,STATE,1,CASES
1972,48,NEW HAMPSHIRE,NH,US,STATE,1,CASES
1972,49,NEW HAMPSHIRE,NH,US,STATE,1,CASES
1972,51,NEW HAMPSHIRE,NH,US,STATE,2,CASES
1973,1,NEW HAMPSHIRE,NH,US,STATE,1,CASES
1973,3,NEW HAMPSHIRE,NH,US,STATE,4,CASES
1973,4,NEW HAMPSHIRE,NH,US,STATE,7,CASES
1973,5,NEW HAMPSHIRE,NH,US,STATE,8,CASES
1973,6,NEW HAMPSHIRE,NH,US,STATE,1,CASES
1973,7,NEW HAMPSHIRE,NH,US,STATE,6,CASES
1973,8,NEW HAMPSHIRE,NH,US,STATE,6,CASES
1973,10,NEW HAMPSHIRE,NH,US,STATE,11,CASES
1973,11,NEW HAMPSHIRE,NH,US,STATE,9,CASES
1973,12,NEW HAMPSHIRE,NH,US,STATE,7,CASES
1973,13,NEW HAMPSHIRE,NH,US,STATE,6,CASES
1973,15,NEW HAMPSHIRE,NH,US,STATE,5,CASES
1973,16,NEW HAMPSHIRE,NH,US,STATE,9,CASES
1973,17,NEW HAMPSHIRE,NH,US,STATE,7,CASES
1973,18,NEW HAMPSHIRE,NH,US,STATE,2,CASES
1973,20,NEW HAMPSHIRE,NH,US,STATE,7,CASES
1973,21,NEW HAMPSHIRE,NH,US,STATE,8,CASES
1973,22,NEW HAMPSHIRE,NH,US,STATE,3,CASES
1973,24,NEW HAMPSHIRE,NH,US,STATE,1,CASES
1973,25,NEW HAMPSHIRE,NH,US,STATE,10,CASES
1973,26,NEW HAMPSHIRE,NH,US,STATE,4,CASES
1973,27,NEW HAMPSHIRE,NH,US,STATE,4,CASES
1973,28,NEW HAMPSHIRE,NH,US,STATE,2,CASES
1973,29,NEW HAMPSHIRE,NH,US,STATE,3,CASES
1973,35,NEW HAMPSHIRE,NH,US,STATE,1,CASES
1973,36,NEW HAMPSHIRE,NH,US,STATE,2,CASES
1973,37,NEW HAMPSHIRE,NH,US,STATE,1,CASES
1973,39,NEW HAMPSHIRE,NH,US,STATE,2,CASES
1973,40,NEW HAMPSHIRE,NH,US,STATE,3,CASES
1973,44,NEW HAMPSHIRE,NH,US,STATE,1,CASES
1973,45,NEW HAMPSHIRE,NH,US,STATE,1,CASES
1973,46,NEW HAMPSHIRE,NH,US,STATE,2,CASES
1973,47,NEW HAMPSHIRE,NH,US,STATE,10,CASES
1973,48,NEW HAMPSHIRE,NH,US,STATE,4,CASES
1973,49,NEW HAMPSHIRE,NH,US,STATE,8,CASES
1973,50,NEW HAMPSHIRE,NH,US,STATE,8,CASES
1973,51,NEW HAMPSHIRE,NH,US,STATE,19,CASES
1973,52,NEW HAMPSHIRE,NH,US,STATE,4,CASES
1974,1,NEW HAMPSHIRE,NH,US,STATE,36,CASES
1974,2,NEW HAMPSHIRE,NH,US,STATE,2,CASES
1974,3,NEW HAMPSHIRE,NH,US,STATE,8,CASES
1974,4,NEW HAMPSHIRE,NH,US,STATE,7,CASES
1974,5,NEW HAMPSHIRE,NH,US,STATE,3,CASES
1974,7,NEW HAMPSHIRE,NH,US,STATE,4,CASES
1974,8,NEW HAMPSHIRE,NH,US,STATE,3,CASES
1974,10,NEW HAMPSHIRE,NH,US,STATE,3,CASES
1974,12,NEW HAMPSHIRE,NH,US,STATE,1,CASES
1974,13,NEW HAMPSHIRE,NH,US,STATE,4,CASES
1974,14,NEW HAMPSHIRE,NH,US,STATE,1,CASES
1974,15,NEW HAMPSHIRE,NH,US,STATE,8,CASES
1974,16,NEW HAMPSHIRE,NH,US,STATE,7,CASES
1974,19,NEW HAMPSHIRE,NH,US,STATE,7,CASES
1974,20,NEW HAMPSHIRE,NH,US,STATE,3,CASES
1974,22,NEW HAMPSHIRE,NH,US,STATE,13,CASES
1974,25,NEW HAMPSHIRE,NH,US,STATE,5,CASES
1974,26,NEW HAMPSHIRE,NH,US,STATE,1,CASES
1974,28,NEW HAMPSHIRE,NH,US,STATE,5,CASES
1974,31,NEW HAMPSHIRE,NH,US,STATE,1,CASES
1974,33,NEW HAMPSHIRE,NH,US,STATE,1,CASES
1974,37,NEW HAMPSHIRE,NH,US,STATE,1,CASES
1974,40,NEW HAMPSHIRE,NH,US,STATE,2,CASES
1974,42,NEW HAMPSHIRE,NH,US,STATE,3,CASES
1974,45,NEW HAMPSHIRE,NH,US,STATE,1,CASES
1974,49,NEW HAMPSHIRE,NH,US,STATE,1,CASES
1974,51,NEW HAMPSHIRE,NH,US,STATE,1,CASES
1974,52,NEW HAMPSHIRE,NH,US,STATE,1,CASES
1975,3,NEW HAMPSHIRE,NH,US,STATE,2,CASES
1975,5,NEW HAMPSHIRE,NH,US,STATE,2,CASES
1975,6,NEW HAMPSHIRE,NH,US,STATE,1,CASES
1975,10,NEW HAMPSHIRE,NH,US,STATE,1,CASES
1975,11,NEW HAMPSHIRE,NH,US,STATE,46,CASES
1975,12,NEW HAMPSHIRE,NH,US,STATE,1,CASES
1975,15,NEW HAMPSHIRE,NH,US,STATE,1,CASES
1975,16,NEW HAMPSHIRE,NH,US,STATE,1,CASES
1975,17,NEW HAMPSHIRE,NH,US,STATE,1,CASES
1975,21,NEW HAMPSHIRE,NH,US,STATE,1,CASES
1975,23,NEW HAMPSHIRE,NH,US,STATE,3,CASES
1975,24,NEW HAMPSHIRE,NH,US,STATE,2,CASES
1975,25,NEW HAMPSHIRE,NH,US,STATE,4,CASES
1975,42,NEW HAMPSHIRE,NH,US,STATE,4,CASES
1975,44,NEW HAMPSHIRE,NH,US,STATE,12,CASES
1975,47,NEW HAMPSHIRE,NH,US,STATE,1,CASES
1975,48,NEW HAMPSHIRE,NH,US,STATE,18,CASES
1975,50,NEW HAMPSHIRE,NH,US,STATE,7,CASES
1975,51,NEW HAMPSHIRE,NH,US,STATE,3,CASES
1975,52,NEW HAMPSHIRE,NH,US,STATE,4,CASES
1976,2,NEW HAMPSHIRE,NH,US,STATE,4,CASES
1976,3,NEW HAMPSHIRE,NH,US,STATE,1,CASES
1976,4,NEW HAMPSHIRE,NH,US,STATE,2,CASES
1976,5,NEW HAMPSHIRE,NH,US,STATE,7,CASES
1976,7,NEW HAMPSHIRE,NH,US,STATE,3,CASES
1976,9,NEW HAMPSHIRE,NH,US,STATE,1,CASES
1976,12,NEW HAMPSHIRE,NH,US,STATE,2,CASES
1976,13,NEW HAMPSHIRE,NH,US,STATE,2,CASES
1976,27,NEW HAMPSHIRE,NH,US,STATE,3,CASES
1976,39,NEW HAMPSHIRE,NH,US,STATE,1,CASES
1976,42,NEW HAMPSHIRE,NH,US,STATE,1,CASES
1976,49,NEW HAMPSHIRE,NH,US,STATE,1,CASES
1977,2,NEW HAMPSHIRE,NH,US,STATE,1,CASES
1977,4,NEW HAMPSHIRE,NH,US,STATE,8,CASES
1977,6,NEW HAMPSHIRE,NH,US,STATE,1,CASES
1977,8,NEW HAMPSHIRE,NH,US,STATE,12,CASES
1977,12,NEW HAMPSHIRE,NH,US,STATE,31,CASES
1977,14,NEW HAMPSHIRE,NH,US,STATE,2,CASES
1977,17,NEW HAMPSHIRE,NH,US,STATE,1,CASES
1977,20,NEW HAMPSHIRE,NH,US,STATE,2,CASES
1977,25,NEW HAMPSHIRE,NH,US,STATE,1,CASES
1977,28,NEW HAMPSHIRE,NH,US,STATE,1,CASES
1977,33,NEW HAMPSHIRE,NH,US,STATE,1,CASES
1977,42,NEW HAMPSHIRE,NH,US,STATE,1,CASES
1977,49,NEW HAMPSHIRE,NH,US,STATE,1,CASES
1977,50,NEW HAMPSHIRE,NH,US,STATE,2,CASES
1977,51,NEW HAMPSHIRE,NH,US,STATE,3,CASES
1977,52,NEW HAMPSHIRE,NH,US,STATE,1,CASES
1978,3,NEW HAMPSHIRE,NH,US,STATE,1,CASES
1978,10,NEW HAMPSHIRE,NH,US,STATE,2,CASES
1978,16,NEW HAMPSHIRE,NH,US,STATE,1,CASES
1978,17,NEW HAMPSHIRE,NH,US,STATE,1,CASES
1978,30,NEW HAMPSHIRE,NH,US,STATE,1,CASES
1978,31,NEW HAMPSHIRE,NH,US,STATE,1,CASES
1978,36,NEW HAMPSHIRE,NH,US,STATE,1,CASES
1978,50,NEW HAMPSHIRE,NH,US,STATE,1,CASES
1979,1,NEW HAMPSHIRE,NH,US,STATE,1,CASES
1979,2,NEW HAMPSHIRE,NH,US,STATE,1,CASES
1979,3,NEW HAMPSHIRE,NH,US,STATE,1,CASES
1979,18,NEW HAMPSHIRE,NH,US,STATE,1,CASES
1979,20,NEW HAMPSHIRE,NH,US,STATE,1,CASES
1979,46,NEW HAMPSHIRE,NH,US,STATE,1,CASES
1980,6,NEW HAMPSHIRE,NH,US,STATE,1,CASES
1980,8,NEW HAMPSHIRE,NH,US,STATE,1,CASES
1980,10,NEW HAMPSHIRE,NH,US,STATE,2,CASES
1980,14,NEW HAMPSHIRE,NH,US,STATE,1,CASES
1980,17,NEW HAMPSHIRE,NH,US,STATE,1,CASES
1980,22,NEW HAMPSHIRE,NH,US,STATE,1,CASES
1980,23,NEW HAMPSHIRE,NH,US,STATE,1,CASES
1980,25,NEW HAMPSHIRE,NH,US,STATE,1,CASES
1980,26,NEW HAMPSHIRE,NH,US,STATE,1,CASES
1980,38,NEW HAMPSHIRE,NH,US,STATE,2,CASES
1980,50,NEW HAMPSHIRE,NH,US,STATE,2,CASES
1980,51,NEW HAMPSHIRE,NH,US,STATE,1,CASES
1981,3,NEW HAMPSHIRE,NH,US,STATE,1,CASES
1981,4,NEW HAMPSHIRE,NH,US,STATE,1,CASES
1981,6,NEW HAMPSHIRE,NH,US,STATE,1,CASES
1981,10,NEW HAMPSHIRE,NH,US,STATE,1,CASES
1981,12,NEW HAMPSHIRE,NH,US,STATE,3,CASES
1981,13,NEW HAMPSHIRE,NH,US,STATE,1,CASES
1981,17,NEW HAMPSHIRE,NH,US,STATE,1,CASES
1981,19,NEW HAMPSHIRE,NH,US,STATE,1,CASES
1981,21,NEW HAMPSHIRE,NH,US,STATE,3,CASES
1981,26,NEW HAMPSHIRE,NH,US,STATE,1,CASES
1981,28,NEW HAMPSHIRE,NH,US,STATE,1,CASES
1981,29,NEW HAMPSHIRE,NH,US,STATE,1,CASES
1981,34,NEW HAMPSHIRE,NH,US,STATE,1,CASES
1981,37,NEW HAMPSHIRE,NH,US,STATE,1,CASES
1981,39,NEW HAMPSHIRE,NH,US,STATE,2,CASES
1981,50,NEW HAMPSHIRE,NH,US,STATE,2,CASES
1982,2,NEW HAMPSHIRE,NH,US,STATE,2,CASES
1982,3,NEW HAMPSHIRE,NH,US,STATE,1,CASES
1982,5,NEW HAMPSHIRE,NH,US,STATE,1,CASES
1982,6,NEW HAMPSHIRE,NH,US,STATE,1,CASES
1982,7,NEW HAMPSHIRE,NH,US,STATE,1,CASES
1982,8,NEW HAMPSHIRE,NH,US,STATE,1,CASES
1982,10,NEW HAMPSHIRE,NH,US,STATE,2,CASES
1982,14,NEW HAMPSHIRE,NH,US,STATE,2,CASES
1982,16,NEW HAMPSHIRE,NH,US,STATE,1,CASES
1982,36,NEW HAMPSHIRE,NH,US,STATE,1,CASES
1982,37,NEW HAMPSHIRE,NH,US,STATE,1,CASES
1982,39,NEW HAMPSHIRE,NH,US,STATE,1,CASES
1982,43,NEW HAMPSHIRE,NH,US,STATE,1,CASES
1982,44,NEW HAMPSHIRE,NH,US,STATE,1,CASES
1983,2,NEW HAMPSHIRE,NH,US,STATE,2,CASES
1983,3,NEW HAMPSHIRE,NH,US,STATE,2,CASES
1983,4,NEW HAMPSHIRE,NH,US,STATE,2,CASES
1983,5,NEW HAMPSHIRE,NH,US,STATE,1,CASES
1983,8,NEW HAMPSHIRE,NH,US,STATE,1,CASES
1983,9,NEW HAMPSHIRE,NH,US,STATE,1,CASES
1983,10,NEW HAMPSHIRE,NH,US,STATE,1,CASES
1983,13,NEW HAMPSHIRE,NH,US,STATE,2,CASES
1983,16,NEW HAMPSHIRE,NH,US,STATE,1,CASES
1983,20,NEW HAMPSHIRE,NH,US,STATE,1,CASES
1983,23,NEW HAMPSHIRE,NH,US,STATE,1,CASES
1983,25,NEW HAMPSHIRE,NH,US,STATE,1,CASES
1983,31,NEW HAMPSHIRE,NH,US,STATE,1,CASES
1983,33,NEW HAMPSHIRE,NH,US,STATE,1,CASES
1983,35,NEW HAMPSHIRE,NH,US,STATE,1,CASES
1983,38,NEW HAMPSHIRE,NH,US,STATE,2,CASES
1984,1,NEW HAMPSHIRE,NH,US,STATE,1,CASES
1984,14,NEW HAMPSHIRE,NH,US,STATE,1,CASES
1984,43,NEW HAMPSHIRE,NH,US,STATE,1,CASES
1984,46,NEW HAMPSHIRE,NH,US,STATE,2,CASES
1984,49,NEW HAMPSHIRE,NH,US,STATE,1,CASES
1984,50,NEW HAMPSHIRE,NH,US,STATE,1,CASES
1985,15,NEW HAMPSHIRE,NH,US,STATE,1,CASES
1985,35,NEW HAMPSHIRE,NH,US,STATE,2,CASES
1985,41,NEW HAMPSHIRE,NH,US,STATE,1,CASES
1985,47,NEW HAMPSHIRE,NH,US,STATE,1,CASES
1986,2,NEW HAMPSHIRE,NH,US,STATE,1,CASES
1986,12,NEW HAMPSHIRE,NH,US,STATE,1,CASES
1986,17,NEW HAMPSHIRE,NH,US,STATE,1,CASES
1986,27,NEW HAMPSHIRE,NH,US,STATE,2,CASES
1986,29,NEW HAMPSHIRE,NH,US,STATE,1,CASES
1986,37,NEW HAMPSHIRE,NH,US,STATE,1,CASES
1986,52,NEW HAMPSHIRE,NH,US,STATE,1,CASES
1987,3,NEW HAMPSHIRE,NH,US,STATE,3,CASES
1987,4,NEW HAMPSHIRE,NH,US,STATE,1,CASES
1987,6,NEW HAMPSHIRE,NH,US,STATE,1,CASES
1987,8,NEW HAMPSHIRE,NH,US,STATE,1,CASES
1987,22,NEW HAMPSHIRE,NH,US,STATE,2,CASES
1987,35,NEW HAMPSHIRE,NH,US,STATE,1,CASES
1987,41,NEW HAMPSHIRE,NH,US,STATE,1,CASES
1987,46,NEW HAMPSHIRE,NH,US,STATE,1,CASES
1987,52,NEW HAMPSHIRE,NH,US,STATE,1,CASES
1988,1,NEW HAMPSHIRE,NH,US,STATE,2,CASES
1988,13,NEW HAMPSHIRE,NH,US,STATE,1,CASES
1988,17,NEW HAMPSHIRE,NH,US,STATE,17,CASES
1988,19,NEW HAMPSHIRE,NH,US,STATE,7,CASES
1988,21,NEW HAMPSHIRE,NH,US,STATE,7,CASES
1988,22,NEW HAMPSHIRE,NH,US,STATE,50,CASES
1988,23,NEW HAMPSHIRE,NH,US,STATE,7,CASES
1988,24,NEW HAMPSHIRE,NH,US,STATE,1,CASES
1988,27,NEW HAMPSHIRE,NH,US,STATE,2,CASES
1988,32,NEW HAMPSHIRE,NH,US,STATE,1,CASES
1988,36,NEW HAMPSHIRE,NH,US,STATE,1,CASES
1988,38,NEW HAMPSHIRE,NH,US,STATE,2,CASES
1988,39,NEW HAMPSHIRE,NH,US,STATE,4,CASES
1988,41,NEW HAMPSHIRE,NH,US,STATE,1,CASES
1988,43,NEW HAMPSHIRE,NH,US,STATE,3,CASES
1988,49,NEW HAMPSHIRE,NH,US,STATE,1,CASES
1989,1,NEW HAMPSHIRE,NH,US,STATE,2,CASES
1989,6,NEW HAMPSHIRE,NH,US,STATE,1,CASES
1989,7,NEW HAMPSHIRE,NH,US,STATE,2,CASES
1989,8,NEW HAMPSHIRE,NH,US,STATE,1,CASES
1989,11,NEW HAMPSHIRE,NH,US,STATE,1,CASES
1989,12,NEW HAMPSHIRE,NH,US,STATE,1,CASES
1989,14,NEW HAMPSHIRE,NH,US,STATE,1,CASES
1989,16,NEW HAMPSHIRE,NH,US,STATE,1,CASES
1989,18,NEW HAMPSHIRE,NH,US,STATE,1,CASES
1989,31,NEW HAMPSHIRE,NH,US,STATE,2,CASES
1989,34,NEW HAMPSHIRE,NH,US,STATE,1,CASES
1989,43,NEW HAMPSHIRE,NH,US,STATE,1,CASES
1989,44,NEW HAMPSHIRE,NH,US,STATE,1,CASES
1990,2,NEW HAMPSHIRE,NH,US,STATE,1,CASES
1990,8,NEW HAMPSHIRE,NH,US,STATE,2,CASES
1990,9,NEW HAMPSHIRE,NH,US,STATE,1,CASES
1990,13,NEW HAMPSHIRE,NH,US,STATE,2,CASES
1990,24,NEW HAMPSHIRE,NH,US,STATE,1,CASES
1990,31,NEW HAMPSHIRE,NH,US,STATE,1,CASES
1990,38,NEW HAMPSHIRE,NH,US,STATE,1,CASES
1990,43,NEW HAMPSHIRE,NH,US,STATE,1,CASES
1990,46,NEW HAMPSHIRE,NH,US,STATE,1,CASES
1991,10,NEW HAMPSHIRE,NH,US,STATE,2,CASES
1991,12,NEW HAMPSHIRE,NH,US,STATE,1,CASES
1991,37,NEW HAMPSHIRE,NH,US,STATE,1,CASES
1991,45,NEW HAMPSHIRE,NH,US,STATE,1,CASES
1991,50,NEW HAMPSHIRE,NH,US,STATE,1,CASES
1992,21,NEW HAMPSHIRE,NH,US,STATE,1,CASES
1992,25,NEW HAMPSHIRE,NH,US,STATE,1,CASES
1992,31,NEW HAMPSHIRE,NH,US,STATE,1,CASES
1992,47,NEW HAMPSHIRE,NH,US,STATE,3,CASES
1994,2,NEW HAMPSHIRE,NH,US,STATE,1,CASES
1994,10,NEW HAMPSHIRE,NH,US,STATE,1,CASES
1994,13,NEW HAMPSHIRE,NH,US,STATE,1,CASES
1996,52,NEW HAMPSHIRE,NH,US,STATE,1,CASES
1999,4,NEW HAMPSHIRE,NH,US,STATE,1,CASES
