year,week,loc,state,country,loc_type,number,event
1927,52,NEW HAMPSHIRE,NH,US,STATE,1,CASES
1928,4,NEW HAMPSHIRE,NH,US,STATE,68,CASES
1928,5,NEW HAMPSHIRE,NH,US,STATE,16,CASES
1928,6,NEW HAMPSHIRE,NH,US,STATE,73,CASES
1928,7,NEW HAMPSHIRE,NH,US,STATE,48,CASES
1928,9,NEW HAMPSHIRE,NH,US,STATE,33,CASES
1928,10,NEW HAMPSHIRE,NH,US,STATE,17,CASES
1928,11,NEW HAMPSHIRE,NH,US,STATE,16,CASES
1928,12,NEW HAMPSHIRE,NH,US,STATE,16,CASES
1928,13,NEW HAMPSHIRE,NH,US,STATE,31,CASES
1928,14,NEW HAMPSHIRE,NH,US,STATE,7,CASES
1928,16,NEW HAMPSHIRE,NH,US,STATE,107,CASES
1928,17,NEW HAMPSHIRE,NH,US,STATE,30,CASES
1928,18,NEW HAMPSHIRE,NH,US,STATE,26,CASES
1928,19,NEW HAMPSHIRE,NH,US,STATE,5,CASES
1928,20,NEW HAMPSHIRE,NH,US,STATE,62,CASES
1928,21,NEW HAMPSHIRE,NH,US,STATE,16,CASES
1928,22,NEW HAMPSHIRE,NH,US,STATE,11,CASES
1928,23,NEW HAMPSHIRE,NH,US,STATE,26,CASES
1928,24,NEW HAMPSHIRE,NH,US,STATE,8,CASES
1928,25,NEW HAMPSHIRE,NH,US,STATE,45,CASES
1928,26,NEW HAMPSHIRE,NH,US,STATE,36,CASES
1928,28,NEW HAMPSHIRE,NH,US,STATE,25,CASES
1928,30,NEW HAMPSHIRE,NH,US,STATE,10,CASES
1928,31,NEW HAMPSHIRE,NH,US,STATE,11,CASES
1928,32,NEW HAMPSHIRE,NH,US,STATE,6,CASES
1928,33,NEW HAMPSHIRE,NH,US,STATE,12,CASES
1928,34,NEW HAMPSHIRE,NH,US,STATE,2,CASES
1928,35,NEW HAMPSHIRE,NH,US,STATE,2,CASES
1928,36,NEW HAMPSHIRE,NH,US,STATE,6,CASES
1928,37,NEW HAMPSHIRE,NH,US,STATE,114,CASES
1928,38,NEW HAMPSHIRE,NH,US,STATE,18,CASES
1928,39,NEW HAMPSHIRE,NH,US,STATE,15,CASES
1928,41,NEW HAMPSHIRE,NH,US,STATE,4,CASES
1928,42,NEW HAMPSHIRE,NH,US,STATE,89,CASES
1928,43,NEW HAMPSHIRE,NH,US,STATE,38,CASES
1928,44,NEW HAMPSHIRE,NH,US,STATE,37,CASES
1928,45,NEW HAMPSHIRE,NH,US,STATE,12,CASES
1928,46,NEW HAMPSHIRE,NH,US,STATE,13,CASES
1928,47,NEW HAMPSHIRE,NH,US,STATE,14,CASES
1928,48,NEW HAMPSHIRE,NH,US,STATE,13,CASES
1928,49,NEW HAMPSHIRE,NH,US,STATE,34,CASES
1928,50,NEW HAMPSHIRE,NH,US,STATE,18,CASES
1928,51,NEW HAMPSHIRE,NH,US,STATE,27,CASES
1928,52,NEW HAMPSHIRE,NH,US,STATE,37,CASES
1929,1,NEW HAMPSHIRE,NH,US,STATE,55,CASES
1929,2,NEW HAMPSHIRE,NH,US,STATE,38,CASES
1929,3,NEW HAMPSHIRE,NH,US,STATE,61,CASES
1929,4,NEW HAMPSHIRE,NH,US,STATE,38,CASES
1929,5,NEW HAMPSHIRE,NH,US,STATE,20,CASES
1929,6,NEW HAMPSHIRE,NH,US,STATE,95,CASES
1929,7,NEW HAMPSHIRE,NH,US,STATE,29,CASES
1929,8,NEW HAMPSHIRE,NH,US,STATE,13,CASES
1929,9,NEW HAMPSHIRE,NH,US,STATE,16,CASES
1929,10,NEW HAMPSHIRE,NH,US,STATE,36,CASES
1929,11,NEW HAMPSHIRE,NH,US,STATE,3,CASES
1929,12,NEW HAMPSHIRE,NH,US,STATE,36,CASES
1929,13,NEW HAMPSHIRE,NH,US,STATE,26,CASES
1929,14,NEW HAMPSHIRE,NH,US,STATE,37,CASES
1929,15,NEW HAMPSHIRE,NH,US,STATE,78,CASES
1929,16,NEW HAMPSHIRE,NH,US,STATE,56,CASES
1929,17,NEW HAMPSHIRE,NH,US,STATE,41,CASES
1929,18,NEW HAMPSHIRE,NH,US,STATE,46,CASES
1929,19,NEW HAMPSHIRE,NH,US,STATE,61,CASES
1929,21,NEW HAMPSHIRE,NH,US,STATE,63,CASES
1929,22,NEW HAMPSHIRE,NH,US,STATE,76,CASES
1929,23,NEW HAMPSHIRE,NH,US,STATE,73,CASES
1929,24,NEW HAMPSHIRE,NH,US,STATE,72,CASES
1929,25,NEW HAMPSHIRE,NH,US,STATE,60,CASES
1929,26,NEW HAMPSHIRE,NH,US,STATE,75,CASES
1929,27,NEW HAMPSHIRE,NH,US,STATE,20,CASES
1929,28,NEW HAMPSHIRE,NH,US,STATE,12,CASES
1929,29,NEW HAMPSHIRE,NH,US,STATE,25,CASES
1929,30,NEW HAMPSHIRE,NH,US,STATE,16,CASES
1929,31,NEW HAMPSHIRE,NH,US,STATE,13,CASES
1929,32,NEW HAMPSHIRE,NH,US,STATE,23,CASES
1929,33,NEW HAMPSHIRE,NH,US,STATE,5,CASES
1929,36,NEW HAMPSHIRE,NH,US,STATE,1,CASES
1929,37,NEW HAMPSHIRE,NH,US,STATE,1,CASES
1929,39,NEW HAMPSHIRE,NH,US,STATE,9,CASES
1929,40,NEW HAMPSHIRE,NH,US,STATE,8,CASES
1929,41,NEW HAMPSHIRE,NH,US,STATE,14,CASES
1929,42,NEW HAMPSHIRE,NH,US,STATE,23,CASES
1929,43,NEW HAMPSHIRE,NH,US,STATE,24,CASES
1929,44,NEW HAMPSHIRE,NH,US,STATE,6,CASES
1929,45,NEW HAMPSHIRE,NH,US,STATE,2,CASES
1929,46,NEW HAMPSHIRE,NH,US,STATE,15,CASES
1929,47,NEW HAMPSHIRE,NH,US,STATE,19,CASES
1929,48,NEW HAMPSHIRE,NH,US,STATE,71,CASES
1929,49,NEW HAMPSHIRE,NH,US,STATE,43,CASES
1929,50,NEW HAMPSHIRE,NH,US,STATE,28,CASES
1929,51,NEW HAMPSHIRE,NH,US,STATE,13,CASES
1929,52,NEW HAMPSHIRE,NH,US,STATE,14,CASES
1930,1,NEW HAMPSHIRE,NH,US,STATE,5,CASES
1930,2,NEW HAMPSHIRE,NH,US,STATE,27,CASES
1930,3,NEW HAMPSHIRE,NH,US,STATE,28,CASES
1930,4,NEW HAMPSHIRE,NH,US,STATE,23,CASES
1930,5,NEW HAMPSHIRE,NH,US,STATE,11,CASES
1930,6,NEW HAMPSHIRE,NH,US,STATE,58,CASES
1930,7,NEW HAMPSHIRE,NH,US,STATE,22,CASES
1930,8,NEW HAMPSHIRE,NH,US,STATE,36,CASES
1930,9,NEW HAMPSHIRE,NH,US,STATE,4,CASES
1930,10,NEW HAMPSHIRE,NH,US,STATE,13,CASES
1930,11,NEW HAMPSHIRE,NH,US,STATE,10,CASES
1930,12,NEW HAMPSHIRE,NH,US,STATE,29,CASES
1930,13,NEW HAMPSHIRE,NH,US,STATE,4,CASES
1930,14,NEW HAMPSHIRE,NH,US,STATE,16,CASES
1930,16,NEW HAMPSHIRE,NH,US,STATE,5,CASES
1930,17,NEW HAMPSHIRE,NH,US,STATE,10,CASES
1930,18,NEW HAMPSHIRE,NH,US,STATE,9,CASES
1930,19,NEW HAMPSHIRE,NH,US,STATE,22,CASES
1930,20,NEW HAMPSHIRE,NH,US,STATE,2,CASES
1930,21,NEW HAMPSHIRE,NH,US,STATE,38,CASES
1930,22,NEW HAMPSHIRE,NH,US,STATE,18,CASES
1930,23,NEW HAMPSHIRE,NH,US,STATE,50,CASES
1930,24,NEW HAMPSHIRE,NH,US,STATE,27,CASES
1930,25,NEW HAMPSHIRE,NH,US,STATE,20,CASES
1930,26,NEW HAMPSHIRE,NH,US,STATE,18,CASES
1930,27,NEW HAMPSHIRE,NH,US,STATE,2,CASES
1930,28,NEW HAMPSHIRE,NH,US,STATE,10,CASES
1930,29,NEW HAMPSHIRE,NH,US,STATE,8,CASES
1930,30,NEW HAMPSHIRE,NH,US,STATE,5,CASES
1930,31,NEW HAMPSHIRE,NH,US,STATE,7,CASES
1930,33,NEW HAMPSHIRE,NH,US,STATE,1,CASES
1930,35,NEW HAMPSHIRE,NH,US,STATE,2,CASES
1930,38,NEW HAMPSHIRE,NH,US,STATE,1,CASES
1930,49,NEW HAMPSHIRE,NH,US,STATE,19,CASES
1930,51,NEW HAMPSHIRE,NH,US,STATE,26,CASES
1930,52,NEW HAMPSHIRE,NH,US,STATE,3,CASES
1930,53,NEW HAMPSHIRE,NH,US,STATE,76,CASES
1931,1,NEW HAMPSHIRE,NH,US,STATE,21,CASES
1931,2,NEW HAMPSHIRE,NH,US,STATE,45,CASES
1931,3,NEW HAMPSHIRE,NH,US,STATE,25,CASES
1931,4,NEW HAMPSHIRE,NH,US,STATE,141,CASES
1931,5,NEW HAMPSHIRE,NH,US,STATE,132,CASES
1931,6,NEW HAMPSHIRE,NH,US,STATE,73,CASES
1931,7,NEW HAMPSHIRE,NH,US,STATE,42,CASES
1931,8,NEW HAMPSHIRE,NH,US,STATE,82,CASES
1931,9,NEW HAMPSHIRE,NH,US,STATE,18,CASES
1931,10,NEW HAMPSHIRE,NH,US,STATE,59,CASES
1931,11,NEW HAMPSHIRE,NH,US,STATE,23,CASES
1931,12,NEW HAMPSHIRE,NH,US,STATE,55,CASES
1931,13,NEW HAMPSHIRE,NH,US,STATE,54,CASES
1931,14,NEW HAMPSHIRE,NH,US,STATE,38,CASES
1931,15,NEW HAMPSHIRE,NH,US,STATE,21,CASES
1931,16,NEW HAMPSHIRE,NH,US,STATE,31,CASES
1931,17,NEW HAMPSHIRE,NH,US,STATE,33,CASES
1931,18,NEW HAMPSHIRE,NH,US,STATE,46,CASES
1931,19,NEW HAMPSHIRE,NH,US,STATE,76,CASES
1931,20,NEW HAMPSHIRE,NH,US,STATE,88,CASES
1931,21,NEW HAMPSHIRE,NH,US,STATE,85,CASES
1931,22,NEW HAMPSHIRE,NH,US,STATE,58,CASES
1931,23,NEW HAMPSHIRE,NH,US,STATE,14,CASES
1931,24,NEW HAMPSHIRE,NH,US,STATE,14,CASES
1931,25,NEW HAMPSHIRE,NH,US,STATE,17,CASES
1931,26,NEW HAMPSHIRE,NH,US,STATE,36,CASES
1931,27,NEW HAMPSHIRE,NH,US,STATE,11,CASES
1931,28,NEW HAMPSHIRE,NH,US,STATE,1,CASES
1931,30,NEW HAMPSHIRE,NH,US,STATE,4,CASES
1931,31,NEW HAMPSHIRE,NH,US,STATE,1,CASES
1931,33,NEW HAMPSHIRE,NH,US,STATE,2,CASES
1931,38,NEW HAMPSHIRE,NH,US,STATE,1,CASES
1931,39,NEW HAMPSHIRE,NH,US,STATE,2,CASES
1931,40,NEW HAMPSHIRE,NH,US,STATE,1,CASES
1931,41,NEW HAMPSHIRE,NH,US,STATE,1,CASES
1931,42,NEW HAMPSHIRE,NH,US,STATE,1,CASES
1931,43,NEW HAMPSHIRE,NH,US,STATE,1,CASES
1931,44,NEW HAMPSHIRE,NH,US,STATE,15,CASES
1931,45,NEW HAMPSHIRE,NH,US,STATE,4,CASES
1931,46,NEW HAMPSHIRE,NH,US,STATE,5,CASES
1931,47,NEW HAMPSHIRE,NH,US,STATE,10,CASES
1931,48,NEW HAMPSHIRE,NH,US,STATE,5,CASES
1931,49,NEW HAMPSHIRE,NH,US,STATE,5,CASES
1931,51,NEW HAMPSHIRE,NH,US,STATE,7,CASES
1931,52,NEW HAMPSHIRE,NH,US,STATE,2,CASES
1932,1,NEW HAMPSHIRE,NH,US,STATE,27,CASES
1932,2,NEW HAMPSHIRE,NH,US,STATE,15,CASES
1932,3,NEW HAMPSHIRE,NH,US,STATE,44,CASES
1932,4,NEW HAMPSHIRE,NH,US,STATE,30,CASES
1932,5,NEW HAMPSHIRE,NH,US,STATE,13,CASES
1932,6,NEW HAMPSHIRE,NH,US,STATE,20,CASES
1932,7,NEW HAMPSHIRE,NH,US,STATE,9,CASES
1932,8,NEW HAMPSHIRE,NH,US,STATE,16,CASES
1932,9,NEW HAMPSHIRE,NH,US,STATE,17,CASES
1932,10,NEW HAMPSHIRE,NH,US,STATE,13,CASES
1932,11,NEW HAMPSHIRE,NH,US,STATE,6,CASES
1932,12,NEW HAMPSHIRE,NH,US,STATE,8,CASES
1932,13,NEW HAMPSHIRE,NH,US,STATE,1,CASES
1932,14,NEW HAMPSHIRE,NH,US,STATE,13,CASES
1932,15,NEW HAMPSHIRE,NH,US,STATE,15,CASES
1932,16,NEW HAMPSHIRE,NH,US,STATE,29,CASES
1932,17,NEW HAMPSHIRE,NH,US,STATE,22,CASES
1932,18,NEW HAMPSHIRE,NH,US,STATE,7,CASES
1932,19,NEW HAMPSHIRE,NH,US,STATE,16,CASES
1932,20,NEW HAMPSHIRE,NH,US,STATE,98,CASES
1932,21,NEW HAMPSHIRE,NH,US,STATE,21,CASES
1932,22,NEW HAMPSHIRE,NH,US,STATE,35,CASES
1932,23,NEW HAMPSHIRE,NH,US,STATE,51,CASES
1932,24,NEW HAMPSHIRE,NH,US,STATE,79,CASES
1932,25,NEW HAMPSHIRE,NH,US,STATE,27,CASES
1932,26,NEW HAMPSHIRE,NH,US,STATE,11,CASES
1932,27,NEW HAMPSHIRE,NH,US,STATE,23,CASES
1932,28,NEW HAMPSHIRE,NH,US,STATE,14,CASES
1932,29,NEW HAMPSHIRE,NH,US,STATE,21,CASES
1932,30,NEW HAMPSHIRE,NH,US,STATE,3,CASES
1932,31,NEW HAMPSHIRE,NH,US,STATE,2,CASES
1932,32,NEW HAMPSHIRE,NH,US,STATE,3,CASES
1932,40,NEW HAMPSHIRE,NH,US,STATE,1,CASES
1932,41,NEW HAMPSHIRE,NH,US,STATE,3,CASES
1932,45,NEW HAMPSHIRE,NH,US,STATE,1,CASES
1932,47,NEW HAMPSHIRE,NH,US,STATE,1,CASES
1932,50,NEW HAMPSHIRE,NH,US,STATE,1,CASES
1932,52,NEW HAMPSHIRE,NH,US,STATE,1,CASES
1933,1,NEW HAMPSHIRE,NH,US,STATE,2,CASES
1933,3,NEW HAMPSHIRE,NH,US,STATE,1,CASES
1933,5,NEW HAMPSHIRE,NH,US,STATE,1,CASES
1933,7,NEW HAMPSHIRE,NH,US,STATE,1,CASES
1933,14,NEW HAMPSHIRE,NH,US,STATE,5,CASES
1933,16,NEW HAMPSHIRE,NH,US,STATE,4,CASES
1933,17,NEW HAMPSHIRE,NH,US,STATE,1,CASES
1933,18,NEW HAMPSHIRE,NH,US,STATE,6,CASES
1933,19,NEW HAMPSHIRE,NH,US,STATE,40,CASES
1933,20,NEW HAMPSHIRE,NH,US,STATE,37,CASES
1933,21,NEW HAMPSHIRE,NH,US,STATE,100,CASES
1933,22,NEW HAMPSHIRE,NH,US,STATE,118,CASES
1933,23,NEW HAMPSHIRE,NH,US,STATE,15,CASES
1933,24,NEW HAMPSHIRE,NH,US,STATE,55,CASES
1933,25,NEW HAMPSHIRE,NH,US,STATE,14,CASES
1933,26,NEW HAMPSHIRE,NH,US,STATE,9,CASES
1933,27,NEW HAMPSHIRE,NH,US,STATE,6,CASES
1933,28,NEW HAMPSHIRE,NH,US,STATE,6,CASES
1933,29,NEW HAMPSHIRE,NH,US,STATE,7,CASES
1933,30,NEW HAMPSHIRE,NH,US,STATE,23,CASES
1933,31,NEW HAMPSHIRE,NH,US,STATE,8,CASES
1933,32,NEW HAMPSHIRE,NH,US,STATE,3,CASES
1933,35,NEW HAMPSHIRE,NH,US,STATE,2,CASES
1933,36,NEW HAMPSHIRE,NH,US,STATE,2,CASES
1933,37,NEW HAMPSHIRE,NH,US,STATE,1,CASES
1933,42,NEW HAMPSHIRE,NH,US,STATE,2,CASES
1933,43,NEW HAMPSHIRE,NH,US,STATE,1,CASES
1933,44,NEW HAMPSHIRE,NH,US,STATE,3,CASES
1933,45,NEW HAMPSHIRE,NH,US,STATE,1,CASES
1933,46,NEW HAMPSHIRE,NH,US,STATE,12,CASES
1933,47,NEW HAMPSHIRE,NH,US,STATE,75,CASES
1933,48,NEW HAMPSHIRE,NH,US,STATE,26,CASES
1933,49,NEW HAMPSHIRE,NH,US,STATE,104,CASES
1933,50,NEW HAMPSHIRE,NH,US,STATE,12,CASES
1933,51,NEW HAMPSHIRE,NH,US,STATE,174,CASES
1933,52,NEW HAMPSHIRE,NH,US,STATE,165,CASES
1934,1,NEW HAMPSHIRE,NH,US,STATE,103,CASES
1934,2,NEW HAMPSHIRE,NH,US,STATE,85,CASES
1934,3,NEW HAMPSHIRE,NH,US,STATE,70,CASES
1934,4,NEW HAMPSHIRE,NH,US,STATE,67,CASES
1934,5,NEW HAMPSHIRE,NH,US,STATE,228,CASES
1934,6,NEW HAMPSHIRE,NH,US,STATE,181,CASES
1934,7,NEW HAMPSHIRE,NH,US,STATE,174,CASES
1934,8,NEW HAMPSHIRE,NH,US,STATE,222,CASES
1934,9,NEW HAMPSHIRE,NH,US,STATE,206,CASES
1934,10,NEW HAMPSHIRE,NH,US,STATE,126,CASES
1934,11,NEW HAMPSHIRE,NH,US,STATE,223,CASES
1934,12,NEW HAMPSHIRE,NH,US,STATE,255,CASES
1934,13,NEW HAMPSHIRE,NH,US,STATE,125,CASES
1934,14,NEW HAMPSHIRE,NH,US,STATE,188,CASES
1934,15,NEW HAMPSHIRE,NH,US,STATE,164,CASES
1934,16,NEW HAMPSHIRE,NH,US,STATE,167,CASES
1934,17,NEW HAMPSHIRE,NH,US,STATE,194,CASES
1934,18,NEW HAMPSHIRE,NH,US,STATE,157,CASES
1934,19,NEW HAMPSHIRE,NH,US,STATE,122,CASES
1934,20,NEW HAMPSHIRE,NH,US,STATE,79,CASES
1934,21,NEW HAMPSHIRE,NH,US,STATE,93,CASES
1934,22,NEW HAMPSHIRE,NH,US,STATE,101,CASES
1934,23,NEW HAMPSHIRE,NH,US,STATE,100,CASES
1934,24,NEW HAMPSHIRE,NH,US,STATE,37,CASES
1934,25,NEW HAMPSHIRE,NH,US,STATE,69,CASES
1934,26,NEW HAMPSHIRE,NH,US,STATE,113,CASES
1934,27,NEW HAMPSHIRE,NH,US,STATE,65,CASES
1934,28,NEW HAMPSHIRE,NH,US,STATE,50,CASES
1934,29,NEW HAMPSHIRE,NH,US,STATE,69,CASES
1934,30,NEW HAMPSHIRE,NH,US,STATE,7,CASES
1934,31,NEW HAMPSHIRE,NH,US,STATE,21,CASES
1934,32,NEW HAMPSHIRE,NH,US,STATE,1,CASES
1934,33,NEW HAMPSHIRE,NH,US,STATE,5,CASES
1934,39,NEW HAMPSHIRE,NH,US,STATE,11,CASES
1934,40,NEW HAMPSHIRE,NH,US,STATE,1,CASES
1934,41,NEW HAMPSHIRE,NH,US,STATE,5,CASES
1934,42,NEW HAMPSHIRE,NH,US,STATE,1,CASES
1934,43,NEW HAMPSHIRE,NH,US,STATE,1,CASES
1934,44,NEW HAMPSHIRE,NH,US,STATE,52,CASES
1934,46,NEW HAMPSHIRE,NH,US,STATE,28,CASES
1934,47,NEW HAMPSHIRE,NH,US,STATE,5,CASES
1934,48,NEW HAMPSHIRE,NH,US,STATE,17,CASES
1934,49,NEW HAMPSHIRE,NH,US,STATE,9,CASES
1934,50,NEW HAMPSHIRE,NH,US,STATE,7,CASES
1934,51,NEW HAMPSHIRE,NH,US,STATE,36,CASES
1934,52,NEW HAMPSHIRE,NH,US,STATE,24,CASES
1935,1,NEW HAMPSHIRE,NH,US,STATE,24,CASES
1935,2,NEW HAMPSHIRE,NH,US,STATE,24,CASES
1935,3,NEW HAMPSHIRE,NH,US,STATE,7,CASES
1935,4,NEW HAMPSHIRE,NH,US,STATE,6,CASES
1935,5,NEW HAMPSHIRE,NH,US,STATE,3,CASES
1935,6,NEW HAMPSHIRE,NH,US,STATE,4,CASES
1935,7,NEW HAMPSHIRE,NH,US,STATE,16,CASES
1935,8,NEW HAMPSHIRE,NH,US,STATE,17,CASES
1935,9,NEW HAMPSHIRE,NH,US,STATE,30,CASES
1935,10,NEW HAMPSHIRE,NH,US,STATE,16,CASES
1935,11,NEW HAMPSHIRE,NH,US,STATE,14,CASES
1935,12,NEW HAMPSHIRE,NH,US,STATE,8,CASES
1935,14,NEW HAMPSHIRE,NH,US,STATE,1,CASES
1935,15,NEW HAMPSHIRE,NH,US,STATE,7,CASES
1935,16,NEW HAMPSHIRE,NH,US,STATE,2,CASES
1935,17,NEW HAMPSHIRE,NH,US,STATE,3,CASES
1935,20,NEW HAMPSHIRE,NH,US,STATE,5,CASES
1935,21,NEW HAMPSHIRE,NH,US,STATE,12,CASES
1935,25,NEW HAMPSHIRE,NH,US,STATE,2,CASES
1935,26,NEW HAMPSHIRE,NH,US,STATE,2,CASES
1935,27,NEW HAMPSHIRE,NH,US,STATE,3,CASES
1935,28,NEW HAMPSHIRE,NH,US,STATE,1,CASES
1935,29,NEW HAMPSHIRE,NH,US,STATE,1,CASES
1935,31,NEW HAMPSHIRE,NH,US,STATE,1,CASES
1935,32,NEW HAMPSHIRE,NH,US,STATE,2,CASES
1935,33,NEW HAMPSHIRE,NH,US,STATE,2,CASES
1935,48,NEW HAMPSHIRE,NH,US,STATE,2,CASES
1935,50,NEW HAMPSHIRE,NH,US,STATE,1,CASES
1935,51,NEW HAMPSHIRE,NH,US,STATE,24,CASES
1935,52,NEW HAMPSHIRE,NH,US,STATE,25,CASES
1936,1,NEW HAMPSHIRE,NH,US,STATE,2,CASES
1936,2,NEW HAMPSHIRE,NH,US,STATE,42,CASES
1936,3,NEW HAMPSHIRE,NH,US,STATE,46,CASES
1936,4,NEW HAMPSHIRE,NH,US,STATE,31,CASES
1936,5,NEW HAMPSHIRE,NH,US,STATE,34,CASES
1936,6,NEW HAMPSHIRE,NH,US,STATE,18,CASES
1936,7,NEW HAMPSHIRE,NH,US,STATE,30,CASES
1936,8,NEW HAMPSHIRE,NH,US,STATE,24,CASES
1936,9,NEW HAMPSHIRE,NH,US,STATE,13,CASES
1936,10,NEW HAMPSHIRE,NH,US,STATE,55,CASES
1936,11,NEW HAMPSHIRE,NH,US,STATE,34,CASES
1936,12,NEW HAMPSHIRE,NH,US,STATE,2,CASES
1936,13,NEW HAMPSHIRE,NH,US,STATE,43,CASES
1936,14,NEW HAMPSHIRE,NH,US,STATE,35,CASES
1936,15,NEW HAMPSHIRE,NH,US,STATE,29,CASES
1936,16,NEW HAMPSHIRE,NH,US,STATE,15,CASES
1936,17,NEW HAMPSHIRE,NH,US,STATE,44,CASES
1936,18,NEW HAMPSHIRE,NH,US,STATE,50,CASES
1936,19,NEW HAMPSHIRE,NH,US,STATE,82,CASES
1936,20,NEW HAMPSHIRE,NH,US,STATE,35,CASES
1936,21,NEW HAMPSHIRE,NH,US,STATE,69,CASES
1936,22,NEW HAMPSHIRE,NH,US,STATE,8,CASES
1936,23,NEW HAMPSHIRE,NH,US,STATE,30,CASES
1936,24,NEW HAMPSHIRE,NH,US,STATE,7,CASES
1936,25,NEW HAMPSHIRE,NH,US,STATE,6,CASES
1936,26,NEW HAMPSHIRE,NH,US,STATE,26,CASES
1936,27,NEW HAMPSHIRE,NH,US,STATE,2,CASES
1936,28,NEW HAMPSHIRE,NH,US,STATE,3,CASES
1936,29,NEW HAMPSHIRE,NH,US,STATE,1,CASES
1936,30,NEW HAMPSHIRE,NH,US,STATE,2,CASES
1936,31,NEW HAMPSHIRE,NH,US,STATE,12,CASES
1936,32,NEW HAMPSHIRE,NH,US,STATE,2,CASES
1936,33,NEW HAMPSHIRE,NH,US,STATE,3,CASES
1936,37,NEW HAMPSHIRE,NH,US,STATE,2,CASES
1936,38,NEW HAMPSHIRE,NH,US,STATE,1,CASES
1936,40,NEW HAMPSHIRE,NH,US,STATE,17,CASES
1936,41,NEW HAMPSHIRE,NH,US,STATE,2,CASES
1936,42,NEW HAMPSHIRE,NH,US,STATE,2,CASES
1936,44,NEW HAMPSHIRE,NH,US,STATE,2,CASES
1936,45,NEW HAMPSHIRE,NH,US,STATE,3,CASES
1936,46,NEW HAMPSHIRE,NH,US,STATE,3,CASES
1936,47,NEW HAMPSHIRE,NH,US,STATE,4,CASES
1936,48,NEW HAMPSHIRE,NH,US,STATE,1,CASES
1936,49,NEW HAMPSHIRE,NH,US,STATE,2,CASES
1936,50,NEW HAMPSHIRE,NH,US,STATE,15,CASES
1936,53,NEW HAMPSHIRE,NH,US,STATE,1,CASES
1937,1,NEW HAMPSHIRE,NH,US,STATE,24,CASES
1937,2,NEW HAMPSHIRE,NH,US,STATE,22,CASES
1937,3,NEW HAMPSHIRE,NH,US,STATE,22,CASES
1937,4,NEW HAMPSHIRE,NH,US,STATE,12,CASES
1937,5,NEW HAMPSHIRE,NH,US,STATE,86,CASES
1937,6,NEW HAMPSHIRE,NH,US,STATE,44,CASES
1937,7,NEW HAMPSHIRE,NH,US,STATE,20,CASES
1937,8,NEW HAMPSHIRE,NH,US,STATE,76,CASES
1937,9,NEW HAMPSHIRE,NH,US,STATE,9,CASES
1937,10,NEW HAMPSHIRE,NH,US,STATE,11,CASES
1937,11,NEW HAMPSHIRE,NH,US,STATE,50,CASES
1937,12,NEW HAMPSHIRE,NH,US,STATE,47,CASES
1937,13,NEW HAMPSHIRE,NH,US,STATE,53,CASES
1937,14,NEW HAMPSHIRE,NH,US,STATE,113,CASES
1937,15,NEW HAMPSHIRE,NH,US,STATE,73,CASES
1937,16,NEW HAMPSHIRE,NH,US,STATE,26,CASES
1937,17,NEW HAMPSHIRE,NH,US,STATE,85,CASES
1937,18,NEW HAMPSHIRE,NH,US,STATE,81,CASES
1937,19,NEW HAMPSHIRE,NH,US,STATE,23,CASES
1937,20,NEW HAMPSHIRE,NH,US,STATE,34,CASES
1937,21,NEW HAMPSHIRE,NH,US,STATE,3,CASES
1937,22,NEW HAMPSHIRE,NH,US,STATE,157,CASES
1937,23,NEW HAMPSHIRE,NH,US,STATE,75,CASES
1937,24,NEW HAMPSHIRE,NH,US,STATE,76,CASES
1937,25,NEW HAMPSHIRE,NH,US,STATE,27,CASES
1937,26,NEW HAMPSHIRE,NH,US,STATE,30,CASES
1937,27,NEW HAMPSHIRE,NH,US,STATE,47,CASES
1937,28,NEW HAMPSHIRE,NH,US,STATE,6,CASES
1937,29,NEW HAMPSHIRE,NH,US,STATE,3,CASES
1937,30,NEW HAMPSHIRE,NH,US,STATE,4,CASES
1937,31,NEW HAMPSHIRE,NH,US,STATE,8,CASES
1937,33,NEW HAMPSHIRE,NH,US,STATE,4,CASES
1937,34,NEW HAMPSHIRE,NH,US,STATE,4,CASES
1937,36,NEW HAMPSHIRE,NH,US,STATE,3,CASES
1937,38,NEW HAMPSHIRE,NH,US,STATE,1,CASES
1937,39,NEW HAMPSHIRE,NH,US,STATE,1,CASES
1937,40,NEW HAMPSHIRE,NH,US,STATE,1,CASES
1937,41,NEW HAMPSHIRE,NH,US,STATE,15,CASES
1937,42,NEW HAMPSHIRE,NH,US,STATE,4,CASES
1937,43,NEW HAMPSHIRE,NH,US,STATE,40,CASES
1937,44,NEW HAMPSHIRE,NH,US,STATE,45,CASES
1937,45,NEW HAMPSHIRE,NH,US,STATE,65,CASES
1937,46,NEW HAMPSHIRE,NH,US,STATE,42,CASES
1937,47,NEW HAMPSHIRE,NH,US,STATE,28,CASES
1937,48,NEW HAMPSHIRE,NH,US,STATE,47,CASES
1937,49,NEW HAMPSHIRE,NH,US,STATE,45,CASES
1937,50,NEW HAMPSHIRE,NH,US,STATE,96,CASES
1937,52,NEW HAMPSHIRE,NH,US,STATE,103,CASES
1938,1,NEW HAMPSHIRE,NH,US,STATE,42,CASES
1938,2,NEW HAMPSHIRE,NH,US,STATE,39,CASES
1938,3,NEW HAMPSHIRE,NH,US,STATE,117,CASES
1938,4,NEW HAMPSHIRE,NH,US,STATE,62,CASES
1938,5,NEW HAMPSHIRE,NH,US,STATE,79,CASES
1938,6,NEW HAMPSHIRE,NH,US,STATE,91,CASES
1938,7,NEW HAMPSHIRE,NH,US,STATE,45,CASES
1938,8,NEW HAMPSHIRE,NH,US,STATE,23,CASES
1938,9,NEW HAMPSHIRE,NH,US,STATE,33,CASES
1938,10,NEW HAMPSHIRE,NH,US,STATE,26,CASES
1938,11,NEW HAMPSHIRE,NH,US,STATE,18,CASES
1938,12,NEW HAMPSHIRE,NH,US,STATE,11,CASES
1938,13,NEW HAMPSHIRE,NH,US,STATE,46,CASES
1938,14,NEW HAMPSHIRE,NH,US,STATE,29,CASES
1938,15,NEW HAMPSHIRE,NH,US,STATE,18,CASES
1938,16,NEW HAMPSHIRE,NH,US,STATE,37,CASES
1938,17,NEW HAMPSHIRE,NH,US,STATE,13,CASES
1938,18,NEW HAMPSHIRE,NH,US,STATE,64,CASES
1938,19,NEW HAMPSHIRE,NH,US,STATE,61,CASES
1938,20,NEW HAMPSHIRE,NH,US,STATE,42,CASES
1938,21,NEW HAMPSHIRE,NH,US,STATE,3,CASES
1938,22,NEW HAMPSHIRE,NH,US,STATE,83,CASES
1938,23,NEW HAMPSHIRE,NH,US,STATE,101,CASES
1938,24,NEW HAMPSHIRE,NH,US,STATE,56,CASES
1938,25,NEW HAMPSHIRE,NH,US,STATE,92,CASES
1938,26,NEW HAMPSHIRE,NH,US,STATE,30,CASES
1938,27,NEW HAMPSHIRE,NH,US,STATE,317,CASES
1938,28,NEW HAMPSHIRE,NH,US,STATE,6,CASES
1938,29,NEW HAMPSHIRE,NH,US,STATE,41,CASES
1938,30,NEW HAMPSHIRE,NH,US,STATE,10,CASES
1938,31,NEW HAMPSHIRE,NH,US,STATE,10,CASES
1938,33,NEW HAMPSHIRE,NH,US,STATE,10,CASES
1938,34,NEW HAMPSHIRE,NH,US,STATE,4,CASES
1938,35,NEW HAMPSHIRE,NH,US,STATE,10,CASES
1938,36,NEW HAMPSHIRE,NH,US,STATE,3,CASES
1938,37,NEW HAMPSHIRE,NH,US,STATE,2,CASES
1938,40,NEW HAMPSHIRE,NH,US,STATE,1,CASES
1938,42,NEW HAMPSHIRE,NH,US,STATE,4,CASES
1938,43,NEW HAMPSHIRE,NH,US,STATE,1,CASES
1938,44,NEW HAMPSHIRE,NH,US,STATE,45,CASES
1938,45,NEW HAMPSHIRE,NH,US,STATE,1,CASES
1938,46,NEW HAMPSHIRE,NH,US,STATE,42,CASES
1938,47,NEW HAMPSHIRE,NH,US,STATE,28,CASES
1938,48,NEW HAMPSHIRE,NH,US,STATE,47,CASES
1938,49,NEW HAMPSHIRE,NH,US,STATE,10,CASES
1938,50,NEW HAMPSHIRE,NH,US,STATE,96,CASES
1938,51,NEW HAMPSHIRE,NH,US,STATE,27,CASES
1939,1,NEW HAMPSHIRE,NH,US,STATE,10,CASES
1939,2,NEW HAMPSHIRE,NH,US,STATE,10,CASES
1939,3,NEW HAMPSHIRE,NH,US,STATE,0,CASES
1939,4,NEW HAMPSHIRE,NH,US,STATE,20,CASES
1939,5,NEW HAMPSHIRE,NH,US,STATE,1,CASES
1939,6,NEW HAMPSHIRE,NH,US,STATE,3,CASES
1939,7,NEW HAMPSHIRE,NH,US,STATE,7,CASES
1939,8,NEW HAMPSHIRE,NH,US,STATE,0,CASES
1939,9,NEW HAMPSHIRE,NH,US,STATE,9,CASES
1939,10,NEW HAMPSHIRE,NH,US,STATE,2,CASES
1939,14,NEW HAMPSHIRE,NH,US,STATE,3,CASES
1939,15,NEW HAMPSHIRE,NH,US,STATE,17,CASES
1939,16,NEW HAMPSHIRE,NH,US,STATE,1,CASES
1939,17,NEW HAMPSHIRE,NH,US,STATE,31,CASES
1939,18,NEW HAMPSHIRE,NH,US,STATE,20,CASES
1939,19,NEW HAMPSHIRE,NH,US,STATE,10,CASES
1939,20,NEW HAMPSHIRE,NH,US,STATE,30,CASES
1939,21,NEW HAMPSHIRE,NH,US,STATE,0,CASES
1939,22,NEW HAMPSHIRE,NH,US,STATE,51,CASES
1939,23,NEW HAMPSHIRE,NH,US,STATE,13,CASES
1939,24,NEW HAMPSHIRE,NH,US,STATE,335,CASES
1939,25,NEW HAMPSHIRE,NH,US,STATE,22,CASES
1939,26,NEW HAMPSHIRE,NH,US,STATE,13,CASES
1939,27,NEW HAMPSHIRE,NH,US,STATE,9,CASES
1939,28,NEW HAMPSHIRE,NH,US,STATE,7,CASES
1939,29,NEW HAMPSHIRE,NH,US,STATE,2,CASES
1939,30,NEW HAMPSHIRE,NH,US,STATE,6,CASES
1939,31,NEW HAMPSHIRE,NH,US,STATE,3,CASES
1939,32,NEW HAMPSHIRE,NH,US,STATE,30,CASES
1939,33,NEW HAMPSHIRE,NH,US,STATE,0,CASES
1939,34,NEW HAMPSHIRE,NH,US,STATE,0,CASES
1939,35,NEW HAMPSHIRE,NH,US,STATE,0,CASES
1939,36,NEW HAMPSHIRE,NH,US,STATE,0,CASES
1939,37,NEW HAMPSHIRE,NH,US,STATE,2,CASES
1939,38,NEW HAMPSHIRE,NH,US,STATE,51,CASES
1939,40,NEW HAMPSHIRE,NH,US,STATE,41,CASES
1939,41,NEW HAMPSHIRE,NH,US,STATE,162,CASES
1939,42,NEW HAMPSHIRE,NH,US,STATE,5,CASES
1939,43,NEW HAMPSHIRE,NH,US,STATE,41,CASES
1939,44,NEW HAMPSHIRE,NH,US,STATE,2,CASES
1939,45,NEW HAMPSHIRE,NH,US,STATE,4,CASES
1939,46,NEW HAMPSHIRE,NH,US,STATE,41,CASES
1939,47,NEW HAMPSHIRE,NH,US,STATE,2,CASES
1939,48,NEW HAMPSHIRE,NH,US,STATE,30,CASES
1939,49,NEW HAMPSHIRE,NH,US,STATE,41,CASES
1939,50,NEW HAMPSHIRE,NH,US,STATE,10,CASES
1939,51,NEW HAMPSHIRE,NH,US,STATE,2,CASES
1939,52,NEW HAMPSHIRE,NH,US,STATE,122,CASES
1940,1,NEW HAMPSHIRE,NH,US,STATE,5,CASES
1940,2,NEW HAMPSHIRE,NH,US,STATE,12,CASES
1940,3,NEW HAMPSHIRE,NH,US,STATE,20,CASES
1940,4,NEW HAMPSHIRE,NH,US,STATE,6,CASES
1940,5,NEW HAMPSHIRE,NH,US,STATE,16,CASES
1940,6,NEW HAMPSHIRE,NH,US,STATE,52,CASES
1940,7,NEW HAMPSHIRE,NH,US,STATE,84,CASES
1940,8,NEW HAMPSHIRE,NH,US,STATE,49,CASES
1940,9,NEW HAMPSHIRE,NH,US,STATE,23,CASES
1940,10,NEW HAMPSHIRE,NH,US,STATE,140,CASES
1940,11,NEW HAMPSHIRE,NH,US,STATE,30,CASES
1940,12,NEW HAMPSHIRE,NH,US,STATE,93,CASES
1940,13,NEW HAMPSHIRE,NH,US,STATE,144,CASES
1940,14,NEW HAMPSHIRE,NH,US,STATE,41,CASES
1940,15,NEW HAMPSHIRE,NH,US,STATE,93,CASES
1940,16,NEW HAMPSHIRE,NH,US,STATE,30,CASES
1940,17,NEW HAMPSHIRE,NH,US,STATE,15,CASES
1940,19,NEW HAMPSHIRE,NH,US,STATE,38,CASES
1940,20,NEW HAMPSHIRE,NH,US,STATE,7,CASES
1940,21,NEW HAMPSHIRE,NH,US,STATE,28,CASES
1940,22,NEW HAMPSHIRE,NH,US,STATE,11,CASES
1940,23,NEW HAMPSHIRE,NH,US,STATE,3,CASES
1940,24,NEW HAMPSHIRE,NH,US,STATE,6,CASES
1940,25,NEW HAMPSHIRE,NH,US,STATE,18,CASES
1940,26,NEW HAMPSHIRE,NH,US,STATE,6,CASES
1940,27,NEW HAMPSHIRE,NH,US,STATE,0,CASES
1940,28,NEW HAMPSHIRE,NH,US,STATE,0,CASES
1940,29,NEW HAMPSHIRE,NH,US,STATE,2,CASES
1940,30,NEW HAMPSHIRE,NH,US,STATE,0,CASES
1940,31,NEW HAMPSHIRE,NH,US,STATE,0,CASES
1940,32,NEW HAMPSHIRE,NH,US,STATE,1,CASES
1940,34,NEW HAMPSHIRE,NH,US,STATE,0,CASES
1940,35,NEW HAMPSHIRE,NH,US,STATE,0,CASES
1940,36,NEW HAMPSHIRE,NH,US,STATE,0,CASES
1940,37,NEW HAMPSHIRE,NH,US,STATE,0,CASES
1940,39,NEW HAMPSHIRE,NH,US,STATE,0,CASES
1940,40,NEW HAMPSHIRE,NH,US,STATE,0,CASES
1940,41,NEW HAMPSHIRE,NH,US,STATE,0,CASES
1940,42,NEW HAMPSHIRE,NH,US,STATE,0,CASES
1940,43,NEW HAMPSHIRE,NH,US,STATE,0,CASES
1940,44,NEW HAMPSHIRE,NH,US,STATE,0,CASES
1940,45,NEW HAMPSHIRE,NH,US,STATE,0,CASES
1940,46,NEW HAMPSHIRE,NH,US,STATE,4,CASES
1940,47,NEW HAMPSHIRE,NH,US,STATE,3,CASES
1940,48,NEW HAMPSHIRE,NH,US,STATE,0,CASES
1940,49,NEW HAMPSHIRE,NH,US,STATE,0,CASES
1940,50,NEW HAMPSHIRE,NH,US,STATE,0,CASES
1940,52,NEW HAMPSHIRE,NH,US,STATE,0,CASES
1941,1,NEW HAMPSHIRE,NH,US,STATE,11,CASES
1941,2,NEW HAMPSHIRE,NH,US,STATE,3,CASES
1941,3,NEW HAMPSHIRE,NH,US,STATE,6,CASES
1941,4,NEW HAMPSHIRE,NH,US,STATE,15,CASES
1941,5,NEW HAMPSHIRE,NH,US,STATE,48,CASES
1941,6,NEW HAMPSHIRE,NH,US,STATE,8,CASES
1941,7,NEW HAMPSHIRE,NH,US,STATE,4,CASES
1941,9,NEW HAMPSHIRE,NH,US,STATE,37,CASES
1941,10,NEW HAMPSHIRE,NH,US,STATE,81,CASES
1941,11,NEW HAMPSHIRE,NH,US,STATE,23,CASES
1941,12,NEW HAMPSHIRE,NH,US,STATE,89,CASES
1941,13,NEW HAMPSHIRE,NH,US,STATE,83,CASES
1941,14,NEW HAMPSHIRE,NH,US,STATE,86,CASES
1941,15,NEW HAMPSHIRE,NH,US,STATE,58,CASES
1941,17,NEW HAMPSHIRE,NH,US,STATE,49,CASES
1941,18,NEW HAMPSHIRE,NH,US,STATE,89,CASES
1941,19,NEW HAMPSHIRE,NH,US,STATE,48,CASES
1941,20,NEW HAMPSHIRE,NH,US,STATE,40,CASES
1941,21,NEW HAMPSHIRE,NH,US,STATE,31,CASES
1941,22,NEW HAMPSHIRE,NH,US,STATE,23,CASES
1941,23,NEW HAMPSHIRE,NH,US,STATE,10,CASES
1941,24,NEW HAMPSHIRE,NH,US,STATE,20,CASES
1941,25,NEW HAMPSHIRE,NH,US,STATE,3,CASES
1941,26,NEW HAMPSHIRE,NH,US,STATE,2,CASES
1941,27,NEW HAMPSHIRE,NH,US,STATE,0,CASES
1941,28,NEW HAMPSHIRE,NH,US,STATE,15,CASES
1941,29,NEW HAMPSHIRE,NH,US,STATE,6,CASES
1941,30,NEW HAMPSHIRE,NH,US,STATE,3,CASES
1941,31,NEW HAMPSHIRE,NH,US,STATE,3,CASES
1941,32,NEW HAMPSHIRE,NH,US,STATE,2,CASES
1941,34,NEW HAMPSHIRE,NH,US,STATE,0,CASES
1941,35,NEW HAMPSHIRE,NH,US,STATE,0,CASES
1941,36,NEW HAMPSHIRE,NH,US,STATE,1,CASES
1941,37,NEW HAMPSHIRE,NH,US,STATE,2,CASES
1941,38,NEW HAMPSHIRE,NH,US,STATE,0,CASES
1941,39,NEW HAMPSHIRE,NH,US,STATE,1,CASES
1941,40,NEW HAMPSHIRE,NH,US,STATE,7,CASES
1941,41,NEW HAMPSHIRE,NH,US,STATE,1,CASES
1941,42,NEW HAMPSHIRE,NH,US,STATE,10,CASES
1941,44,NEW HAMPSHIRE,NH,US,STATE,0,CASES
1941,45,NEW HAMPSHIRE,NH,US,STATE,1,CASES
1941,46,NEW HAMPSHIRE,NH,US,STATE,3,CASES
1941,47,NEW HAMPSHIRE,NH,US,STATE,17,CASES
1941,48,NEW HAMPSHIRE,NH,US,STATE,11,CASES
1941,49,NEW HAMPSHIRE,NH,US,STATE,8,CASES
1941,50,NEW HAMPSHIRE,NH,US,STATE,4,CASES
1941,51,NEW HAMPSHIRE,NH,US,STATE,6,CASES
1941,52,NEW HAMPSHIRE,NH,US,STATE,6,CASES
1941,53,NEW HAMPSHIRE,NH,US,STATE,18,CASES
1942,1,NEW HAMPSHIRE,NH,US,STATE,11,CASES
1942,2,NEW HAMPSHIRE,NH,US,STATE,8,CASES
1942,3,NEW HAMPSHIRE,NH,US,STATE,7,CASES
1942,4,NEW HAMPSHIRE,NH,US,STATE,3,CASES
1942,5,NEW HAMPSHIRE,NH,US,STATE,0,CASES
1942,6,NEW HAMPSHIRE,NH,US,STATE,15,CASES
1942,7,NEW HAMPSHIRE,NH,US,STATE,0,CASES
1942,8,NEW HAMPSHIRE,NH,US,STATE,8,CASES
1942,10,NEW HAMPSHIRE,NH,US,STATE,21,CASES
1942,11,NEW HAMPSHIRE,NH,US,STATE,10,CASES
1942,12,NEW HAMPSHIRE,NH,US,STATE,18,CASES
1942,13,NEW HAMPSHIRE,NH,US,STATE,8,CASES
1942,14,NEW HAMPSHIRE,NH,US,STATE,15,CASES
1942,15,NEW HAMPSHIRE,NH,US,STATE,34,CASES
1942,16,NEW HAMPSHIRE,NH,US,STATE,8,CASES
1942,17,NEW HAMPSHIRE,NH,US,STATE,22,CASES
1942,18,NEW HAMPSHIRE,NH,US,STATE,13,CASES
1942,19,NEW HAMPSHIRE,NH,US,STATE,38,CASES
1942,20,NEW HAMPSHIRE,NH,US,STATE,45,CASES
1942,21,NEW HAMPSHIRE,NH,US,STATE,40,CASES
1942,22,NEW HAMPSHIRE,NH,US,STATE,27,CASES
1942,23,NEW HAMPSHIRE,NH,US,STATE,5,CASES
1942,24,NEW HAMPSHIRE,NH,US,STATE,8,CASES
1942,25,NEW HAMPSHIRE,NH,US,STATE,5,CASES
1942,26,NEW HAMPSHIRE,NH,US,STATE,27,CASES
1942,27,NEW HAMPSHIRE,NH,US,STATE,15,CASES
1942,28,NEW HAMPSHIRE,NH,US,STATE,3,CASES
1942,29,NEW HAMPSHIRE,NH,US,STATE,0,CASES
1942,30,NEW HAMPSHIRE,NH,US,STATE,18,CASES
1942,31,NEW HAMPSHIRE,NH,US,STATE,10,CASES
1942,32,NEW HAMPSHIRE,NH,US,STATE,0,CASES
1942,33,NEW HAMPSHIRE,NH,US,STATE,0,CASES
1942,34,NEW HAMPSHIRE,NH,US,STATE,3,CASES
1942,35,NEW HAMPSHIRE,NH,US,STATE,1,CASES
1942,36,NEW HAMPSHIRE,NH,US,STATE,4,CASES
1942,37,NEW HAMPSHIRE,NH,US,STATE,0,CASES
1942,38,NEW HAMPSHIRE,NH,US,STATE,0,CASES
1942,39,NEW HAMPSHIRE,NH,US,STATE,0,CASES
1942,40,NEW HAMPSHIRE,NH,US,STATE,3,CASES
1942,42,NEW HAMPSHIRE,NH,US,STATE,1,CASES
1942,43,NEW HAMPSHIRE,NH,US,STATE,8,CASES
1942,44,NEW HAMPSHIRE,NH,US,STATE,21,CASES
1942,45,NEW HAMPSHIRE,NH,US,STATE,43,CASES
1942,46,NEW HAMPSHIRE,NH,US,STATE,30,CASES
1942,47,NEW HAMPSHIRE,NH,US,STATE,48,CASES
1942,48,NEW HAMPSHIRE,NH,US,STATE,101,CASES
1942,49,NEW HAMPSHIRE,NH,US,STATE,58,CASES
1942,50,NEW HAMPSHIRE,NH,US,STATE,13,CASES
1942,51,NEW HAMPSHIRE,NH,US,STATE,14,CASES
1942,52,NEW HAMPSHIRE,NH,US,STATE,49,CASES
1943,1,NEW HAMPSHIRE,NH,US,STATE,44,CASES
1943,2,NEW HAMPSHIRE,NH,US,STATE,173,CASES
1943,3,NEW HAMPSHIRE,NH,US,STATE,29,CASES
1943,4,NEW HAMPSHIRE,NH,US,STATE,34,CASES
1943,5,NEW HAMPSHIRE,NH,US,STATE,23,CASES
1943,6,NEW HAMPSHIRE,NH,US,STATE,8,CASES
1943,7,NEW HAMPSHIRE,NH,US,STATE,10,CASES
1943,8,NEW HAMPSHIRE,NH,US,STATE,51,CASES
1943,9,NEW HAMPSHIRE,NH,US,STATE,31,CASES
1943,10,NEW HAMPSHIRE,NH,US,STATE,18,CASES
1943,11,NEW HAMPSHIRE,NH,US,STATE,13,CASES
1943,12,NEW HAMPSHIRE,NH,US,STATE,29,CASES
1943,13,NEW HAMPSHIRE,NH,US,STATE,60,CASES
1943,14,NEW HAMPSHIRE,NH,US,STATE,27,CASES
1943,15,NEW HAMPSHIRE,NH,US,STATE,27,CASES
1943,16,NEW HAMPSHIRE,NH,US,STATE,23,CASES
1943,17,NEW HAMPSHIRE,NH,US,STATE,54,CASES
1943,18,NEW HAMPSHIRE,NH,US,STATE,74,CASES
1943,19,NEW HAMPSHIRE,NH,US,STATE,42,CASES
1943,20,NEW HAMPSHIRE,NH,US,STATE,60,CASES
1943,21,NEW HAMPSHIRE,NH,US,STATE,27,CASES
1943,23,NEW HAMPSHIRE,NH,US,STATE,36,CASES
1943,24,NEW HAMPSHIRE,NH,US,STATE,18,CASES
1943,25,NEW HAMPSHIRE,NH,US,STATE,7,CASES
1943,26,NEW HAMPSHIRE,NH,US,STATE,6,CASES
1943,27,NEW HAMPSHIRE,NH,US,STATE,11,CASES
1943,28,NEW HAMPSHIRE,NH,US,STATE,4,CASES
1943,30,NEW HAMPSHIRE,NH,US,STATE,4,CASES
1943,31,NEW HAMPSHIRE,NH,US,STATE,3,CASES
1943,32,NEW HAMPSHIRE,NH,US,STATE,0,CASES
1943,33,NEW HAMPSHIRE,NH,US,STATE,3,CASES
1943,34,NEW HAMPSHIRE,NH,US,STATE,4,CASES
1943,35,NEW HAMPSHIRE,NH,US,STATE,0,CASES
1943,36,NEW HAMPSHIRE,NH,US,STATE,0,CASES
1943,38,NEW HAMPSHIRE,NH,US,STATE,5,CASES
1943,39,NEW HAMPSHIRE,NH,US,STATE,1,CASES
1943,40,NEW HAMPSHIRE,NH,US,STATE,4,CASES
1943,41,NEW HAMPSHIRE,NH,US,STATE,4,CASES
1943,42,NEW HAMPSHIRE,NH,US,STATE,1,CASES
1943,43,NEW HAMPSHIRE,NH,US,STATE,1,CASES
1943,44,NEW HAMPSHIRE,NH,US,STATE,16,CASES
1943,45,NEW HAMPSHIRE,NH,US,STATE,12,CASES
1943,46,NEW HAMPSHIRE,NH,US,STATE,0,CASES
1943,48,NEW HAMPSHIRE,NH,US,STATE,0,CASES
1943,49,NEW HAMPSHIRE,NH,US,STATE,8,CASES
1943,51,NEW HAMPSHIRE,NH,US,STATE,2,CASES
1943,52,NEW HAMPSHIRE,NH,US,STATE,1,CASES
1944,2,NEW HAMPSHIRE,NH,US,STATE,3,CASES
1944,3,NEW HAMPSHIRE,NH,US,STATE,6,CASES
1944,4,NEW HAMPSHIRE,NH,US,STATE,9,CASES
1944,5,NEW HAMPSHIRE,NH,US,STATE,0,CASES
1944,7,NEW HAMPSHIRE,NH,US,STATE,3,CASES
1944,8,NEW HAMPSHIRE,NH,US,STATE,22,CASES
1944,9,NEW HAMPSHIRE,NH,US,STATE,0,CASES
1944,10,NEW HAMPSHIRE,NH,US,STATE,0,CASES
1944,11,NEW HAMPSHIRE,NH,US,STATE,3,CASES
1944,12,NEW HAMPSHIRE,NH,US,STATE,10,CASES
1944,13,NEW HAMPSHIRE,NH,US,STATE,0,CASES
1944,14,NEW HAMPSHIRE,NH,US,STATE,26,CASES
1944,15,NEW HAMPSHIRE,NH,US,STATE,8,CASES
1944,16,NEW HAMPSHIRE,NH,US,STATE,123,CASES
1944,18,NEW HAMPSHIRE,NH,US,STATE,23,CASES
1944,19,NEW HAMPSHIRE,NH,US,STATE,5,CASES
1944,20,NEW HAMPSHIRE,NH,US,STATE,20,CASES
1944,21,NEW HAMPSHIRE,NH,US,STATE,4,CASES
1944,22,NEW HAMPSHIRE,NH,US,STATE,61,CASES
1944,23,NEW HAMPSHIRE,NH,US,STATE,3,CASES
1944,24,NEW HAMPSHIRE,NH,US,STATE,10,CASES
1944,26,NEW HAMPSHIRE,NH,US,STATE,9,CASES
1944,27,NEW HAMPSHIRE,NH,US,STATE,31,CASES
1944,28,NEW HAMPSHIRE,NH,US,STATE,2,CASES
1944,29,NEW HAMPSHIRE,NH,US,STATE,5,CASES
1944,30,NEW HAMPSHIRE,NH,US,STATE,4,CASES
1944,31,NEW HAMPSHIRE,NH,US,STATE,4,CASES
1944,32,NEW HAMPSHIRE,NH,US,STATE,0,CASES
1944,33,NEW HAMPSHIRE,NH,US,STATE,7,CASES
1944,34,NEW HAMPSHIRE,NH,US,STATE,2,CASES
1944,35,NEW HAMPSHIRE,NH,US,STATE,0,CASES
1944,36,NEW HAMPSHIRE,NH,US,STATE,0,CASES
1944,37,NEW HAMPSHIRE,NH,US,STATE,2,CASES
1944,38,NEW HAMPSHIRE,NH,US,STATE,3,CASES
1944,39,NEW HAMPSHIRE,NH,US,STATE,0,CASES
1944,40,NEW HAMPSHIRE,NH,US,STATE,6,CASES
1944,41,NEW HAMPSHIRE,NH,US,STATE,0,CASES
1944,42,NEW HAMPSHIRE,NH,US,STATE,32,CASES
1944,43,NEW HAMPSHIRE,NH,US,STATE,11,CASES
1944,44,NEW HAMPSHIRE,NH,US,STATE,0,CASES
1944,45,NEW HAMPSHIRE,NH,US,STATE,50,CASES
1944,46,NEW HAMPSHIRE,NH,US,STATE,20,CASES
1944,47,NEW HAMPSHIRE,NH,US,STATE,0,CASES
1944,49,NEW HAMPSHIRE,NH,US,STATE,1,CASES
1944,50,NEW HAMPSHIRE,NH,US,STATE,1,CASES
1944,51,NEW HAMPSHIRE,NH,US,STATE,1,CASES
1944,52,NEW HAMPSHIRE,NH,US,STATE,0,CASES
1945,1,NEW HAMPSHIRE,NH,US,STATE,1,CASES
1945,2,NEW HAMPSHIRE,NH,US,STATE,1,CASES
1945,3,NEW HAMPSHIRE,NH,US,STATE,0,CASES
1945,4,NEW HAMPSHIRE,NH,US,STATE,0,CASES
1945,5,NEW HAMPSHIRE,NH,US,STATE,0,CASES
1945,6,NEW HAMPSHIRE,NH,US,STATE,5,CASES
1945,7,NEW HAMPSHIRE,NH,US,STATE,0,CASES
1945,8,NEW HAMPSHIRE,NH,US,STATE,0,CASES
1945,9,NEW HAMPSHIRE,NH,US,STATE,0,CASES
1945,10,NEW HAMPSHIRE,NH,US,STATE,5,CASES
1945,11,NEW HAMPSHIRE,NH,US,STATE,0,CASES
1945,12,NEW HAMPSHIRE,NH,US,STATE,0,CASES
1945,13,NEW HAMPSHIRE,NH,US,STATE,0,CASES
1945,14,NEW HAMPSHIRE,NH,US,STATE,13,CASES
1945,15,NEW HAMPSHIRE,NH,US,STATE,1,CASES
1945,17,NEW HAMPSHIRE,NH,US,STATE,60,CASES
1945,18,NEW HAMPSHIRE,NH,US,STATE,0,CASES
1945,19,NEW HAMPSHIRE,NH,US,STATE,2,CASES
1945,20,NEW HAMPSHIRE,NH,US,STATE,0,CASES
1945,21,NEW HAMPSHIRE,NH,US,STATE,7,CASES
1945,22,NEW HAMPSHIRE,NH,US,STATE,0,CASES
1945,23,NEW HAMPSHIRE,NH,US,STATE,3,CASES
1945,24,NEW HAMPSHIRE,NH,US,STATE,0,CASES
1945,25,NEW HAMPSHIRE,NH,US,STATE,0,CASES
1945,26,NEW HAMPSHIRE,NH,US,STATE,15,CASES
1945,27,NEW HAMPSHIRE,NH,US,STATE,0,CASES
1945,28,NEW HAMPSHIRE,NH,US,STATE,1,CASES
1945,30,NEW HAMPSHIRE,NH,US,STATE,1,CASES
1945,31,NEW HAMPSHIRE,NH,US,STATE,0,CASES
1945,32,NEW HAMPSHIRE,NH,US,STATE,1,CASES
1945,33,NEW HAMPSHIRE,NH,US,STATE,0,CASES
1945,34,NEW HAMPSHIRE,NH,US,STATE,0,CASES
1945,35,NEW HAMPSHIRE,NH,US,STATE,0,CASES
1945,36,NEW HAMPSHIRE,NH,US,STATE,0,CASES
1945,37,NEW HAMPSHIRE,NH,US,STATE,1,CASES
1945,38,NEW HAMPSHIRE,NH,US,STATE,0,CASES
1945,39,NEW HAMPSHIRE,NH,US,STATE,0,CASES
1945,40,NEW HAMPSHIRE,NH,US,STATE,0,CASES
1945,41,NEW HAMPSHIRE,NH,US,STATE,0,CASES
1945,42,NEW HAMPSHIRE,NH,US,STATE,0,CASES
1945,43,NEW HAMPSHIRE,NH,US,STATE,0,CASES
1945,44,NEW HAMPSHIRE,NH,US,STATE,0,CASES
1945,45,NEW HAMPSHIRE,NH,US,STATE,0,CASES
1945,46,NEW HAMPSHIRE,NH,US,STATE,9,CASES
1945,49,NEW HAMPSHIRE,NH,US,STATE,25,CASES
1945,51,NEW HAMPSHIRE,NH,US,STATE,2,CASES
1945,52,NEW HAMPSHIRE,NH,US,STATE,1,CASES
1946,2,NEW HAMPSHIRE,NH,US,STATE,12,CASES
1946,3,NEW HAMPSHIRE,NH,US,STATE,7,CASES
1946,4,NEW HAMPSHIRE,NH,US,STATE,5,CASES
1946,5,NEW HAMPSHIRE,NH,US,STATE,15,CASES
1946,6,NEW HAMPSHIRE,NH,US,STATE,4,CASES
1946,7,NEW HAMPSHIRE,NH,US,STATE,9,CASES
1946,11,NEW HAMPSHIRE,NH,US,STATE,11,CASES
1946,12,NEW HAMPSHIRE,NH,US,STATE,4,CASES
1946,13,NEW HAMPSHIRE,NH,US,STATE,13,CASES
1946,14,NEW HAMPSHIRE,NH,US,STATE,17,CASES
1946,15,NEW HAMPSHIRE,NH,US,STATE,125,CASES
1946,16,NEW HAMPSHIRE,NH,US,STATE,78,CASES
1946,17,NEW HAMPSHIRE,NH,US,STATE,31,CASES
1946,18,NEW HAMPSHIRE,NH,US,STATE,60,CASES
1946,19,NEW HAMPSHIRE,NH,US,STATE,42,CASES
1946,20,NEW HAMPSHIRE,NH,US,STATE,43,CASES
1946,21,NEW HAMPSHIRE,NH,US,STATE,37,CASES
1946,22,NEW HAMPSHIRE,NH,US,STATE,54,CASES
1946,23,NEW HAMPSHIRE,NH,US,STATE,57,CASES
1946,24,NEW HAMPSHIRE,NH,US,STATE,37,CASES
1946,25,NEW HAMPSHIRE,NH,US,STATE,101,CASES
1946,26,NEW HAMPSHIRE,NH,US,STATE,22,CASES
1946,27,NEW HAMPSHIRE,NH,US,STATE,4,CASES
1946,28,NEW HAMPSHIRE,NH,US,STATE,10,CASES
1946,29,NEW HAMPSHIRE,NH,US,STATE,4,CASES
1946,30,NEW HAMPSHIRE,NH,US,STATE,53,CASES
1946,31,NEW HAMPSHIRE,NH,US,STATE,3,CASES
1946,32,NEW HAMPSHIRE,NH,US,STATE,11,CASES
1946,33,NEW HAMPSHIRE,NH,US,STATE,21,CASES
1946,34,NEW HAMPSHIRE,NH,US,STATE,11,CASES
1946,35,NEW HAMPSHIRE,NH,US,STATE,1,CASES
1946,36,NEW HAMPSHIRE,NH,US,STATE,2,CASES
1946,37,NEW HAMPSHIRE,NH,US,STATE,4,CASES
1946,39,NEW HAMPSHIRE,NH,US,STATE,3,CASES
1946,40,NEW HAMPSHIRE,NH,US,STATE,5,CASES
1946,41,NEW HAMPSHIRE,NH,US,STATE,38,CASES
1946,43,NEW HAMPSHIRE,NH,US,STATE,16,CASES
1946,44,NEW HAMPSHIRE,NH,US,STATE,9,CASES
1946,45,NEW HAMPSHIRE,NH,US,STATE,44,CASES
1946,46,NEW HAMPSHIRE,NH,US,STATE,51,CASES
1946,47,NEW HAMPSHIRE,NH,US,STATE,56,CASES
1946,48,NEW HAMPSHIRE,NH,US,STATE,2,CASES
1946,49,NEW HAMPSHIRE,NH,US,STATE,4,CASES
1946,50,NEW HAMPSHIRE,NH,US,STATE,55,CASES
1946,51,NEW HAMPSHIRE,NH,US,STATE,1,CASES
1946,52,NEW HAMPSHIRE,NH,US,STATE,5,CASES
1947,2,NEW HAMPSHIRE,NH,US,STATE,22,CASES
1947,4,NEW HAMPSHIRE,NH,US,STATE,1,CASES
1947,5,NEW HAMPSHIRE,NH,US,STATE,8,CASES
1947,6,NEW HAMPSHIRE,NH,US,STATE,20,CASES
1947,7,NEW HAMPSHIRE,NH,US,STATE,11,CASES
1947,8,NEW HAMPSHIRE,NH,US,STATE,7,CASES
1947,9,NEW HAMPSHIRE,NH,US,STATE,19,CASES
1947,10,NEW HAMPSHIRE,NH,US,STATE,11,CASES
1947,11,NEW HAMPSHIRE,NH,US,STATE,32,CASES
1947,12,NEW HAMPSHIRE,NH,US,STATE,6,CASES
1947,13,NEW HAMPSHIRE,NH,US,STATE,5,CASES
1947,14,NEW HAMPSHIRE,NH,US,STATE,37,CASES
1947,15,NEW HAMPSHIRE,NH,US,STATE,9,CASES
1947,16,NEW HAMPSHIRE,NH,US,STATE,18,CASES
1947,17,NEW HAMPSHIRE,NH,US,STATE,7,CASES
1947,18,NEW HAMPSHIRE,NH,US,STATE,4,CASES
1947,19,NEW HAMPSHIRE,NH,US,STATE,12,CASES
1947,20,NEW HAMPSHIRE,NH,US,STATE,4,CASES
1947,21,NEW HAMPSHIRE,NH,US,STATE,2,CASES
1947,22,NEW HAMPSHIRE,NH,US,STATE,1,CASES
1947,23,NEW HAMPSHIRE,NH,US,STATE,1,CASES
1947,25,NEW HAMPSHIRE,NH,US,STATE,2,CASES
1947,26,NEW HAMPSHIRE,NH,US,STATE,2,CASES
1947,27,NEW HAMPSHIRE,NH,US,STATE,2,CASES
1947,28,NEW HAMPSHIRE,NH,US,STATE,1,CASES
1947,29,NEW HAMPSHIRE,NH,US,STATE,4,CASES
1947,30,NEW HAMPSHIRE,NH,US,STATE,53,CASES
1947,31,NEW HAMPSHIRE,NH,US,STATE,2,CASES
1947,44,NEW HAMPSHIRE,NH,US,STATE,4,CASES
1947,50,NEW HAMPSHIRE,NH,US,STATE,0,CASES
1947,51,NEW HAMPSHIRE,NH,US,STATE,2,CASES
1947,53,NEW HAMPSHIRE,NH,US,STATE,0,CASES
1948,1,NEW HAMPSHIRE,NH,US,STATE,2,CASES
1948,3,NEW HAMPSHIRE,NH,US,STATE,2,CASES
1948,6,NEW HAMPSHIRE,NH,US,STATE,1,CASES
1948,9,NEW HAMPSHIRE,NH,US,STATE,19,CASES
1948,10,NEW HAMPSHIRE,NH,US,STATE,1,CASES
1948,11,NEW HAMPSHIRE,NH,US,STATE,13,CASES
1948,12,NEW HAMPSHIRE,NH,US,STATE,5,CASES
1948,13,NEW HAMPSHIRE,NH,US,STATE,3,CASES
1948,15,NEW HAMPSHIRE,NH,US,STATE,17,CASES
1948,16,NEW HAMPSHIRE,NH,US,STATE,4,CASES
1948,17,NEW HAMPSHIRE,NH,US,STATE,19,CASES
1948,18,NEW HAMPSHIRE,NH,US,STATE,20,CASES
1948,19,NEW HAMPSHIRE,NH,US,STATE,19,CASES
1948,21,NEW HAMPSHIRE,NH,US,STATE,10,CASES
1948,23,NEW HAMPSHIRE,NH,US,STATE,47,CASES
1948,24,NEW HAMPSHIRE,NH,US,STATE,9,CASES
1948,25,NEW HAMPSHIRE,NH,US,STATE,18,CASES
1948,26,NEW HAMPSHIRE,NH,US,STATE,2,CASES
1948,27,NEW HAMPSHIRE,NH,US,STATE,15,CASES
1948,31,NEW HAMPSHIRE,NH,US,STATE,4,CASES
1948,32,NEW HAMPSHIRE,NH,US,STATE,1,CASES
1948,35,NEW HAMPSHIRE,NH,US,STATE,2,CASES
1948,37,NEW HAMPSHIRE,NH,US,STATE,6,CASES
1948,38,NEW HAMPSHIRE,NH,US,STATE,6,CASES
1948,39,NEW HAMPSHIRE,NH,US,STATE,27,CASES
1948,40,NEW HAMPSHIRE,NH,US,STATE,1,CASES
1948,41,NEW HAMPSHIRE,NH,US,STATE,9,CASES
1948,42,NEW HAMPSHIRE,NH,US,STATE,1,CASES
1948,45,NEW HAMPSHIRE,NH,US,STATE,1,CASES
1948,46,NEW HAMPSHIRE,NH,US,STATE,2,CASES
1948,47,NEW HAMPSHIRE,NH,US,STATE,18,CASES
1948,48,NEW HAMPSHIRE,NH,US,STATE,12,CASES
1948,49,NEW HAMPSHIRE,NH,US,STATE,3,CASES
1948,50,NEW HAMPSHIRE,NH,US,STATE,65,CASES
1948,51,NEW HAMPSHIRE,NH,US,STATE,9,CASES
1948,52,NEW HAMPSHIRE,NH,US,STATE,10,CASES
1949,1,NEW HAMPSHIRE,NH,US,STATE,57,CASES
1949,2,NEW HAMPSHIRE,NH,US,STATE,2,CASES
1949,3,NEW HAMPSHIRE,NH,US,STATE,25,CASES
1949,4,NEW HAMPSHIRE,NH,US,STATE,10,CASES
1949,5,NEW HAMPSHIRE,NH,US,STATE,35,CASES
1949,6,NEW HAMPSHIRE,NH,US,STATE,37,CASES
1949,7,NEW HAMPSHIRE,NH,US,STATE,1,CASES
1949,8,NEW HAMPSHIRE,NH,US,STATE,8,CASES
1949,9,NEW HAMPSHIRE,NH,US,STATE,26,CASES
1949,10,NEW HAMPSHIRE,NH,US,STATE,18,CASES
1949,11,NEW HAMPSHIRE,NH,US,STATE,110,CASES
1949,12,NEW HAMPSHIRE,NH,US,STATE,40,CASES
1949,13,NEW HAMPSHIRE,NH,US,STATE,32,CASES
1949,14,NEW HAMPSHIRE,NH,US,STATE,80,CASES
1949,15,NEW HAMPSHIRE,NH,US,STATE,63,CASES
1949,16,NEW HAMPSHIRE,NH,US,STATE,87,CASES
1949,17,NEW HAMPSHIRE,NH,US,STATE,155,CASES
1949,18,NEW HAMPSHIRE,NH,US,STATE,187,CASES
1949,19,NEW HAMPSHIRE,NH,US,STATE,59,CASES
1949,20,NEW HAMPSHIRE,NH,US,STATE,69,CASES
1949,21,NEW HAMPSHIRE,NH,US,STATE,15,CASES
1949,22,NEW HAMPSHIRE,NH,US,STATE,32,CASES
1949,23,NEW HAMPSHIRE,NH,US,STATE,15,CASES
1949,24,NEW HAMPSHIRE,NH,US,STATE,13,CASES
1949,25,NEW HAMPSHIRE,NH,US,STATE,25,CASES
1949,26,NEW HAMPSHIRE,NH,US,STATE,6,CASES
1949,27,NEW HAMPSHIRE,NH,US,STATE,6,CASES
1949,29,NEW HAMPSHIRE,NH,US,STATE,2,CASES
1949,30,NEW HAMPSHIRE,NH,US,STATE,1,CASES
1949,42,NEW HAMPSHIRE,NH,US,STATE,1,CASES
1949,46,NEW HAMPSHIRE,NH,US,STATE,10,CASES
1949,49,NEW HAMPSHIRE,NH,US,STATE,2,CASES
1950,4,NEW HAMPSHIRE,NH,US,STATE,3,CASES
1950,5,NEW HAMPSHIRE,NH,US,STATE,1,CASES
1950,6,NEW HAMPSHIRE,NH,US,STATE,4,CASES
1950,7,NEW HAMPSHIRE,NH,US,STATE,1,CASES
1950,10,NEW HAMPSHIRE,NH,US,STATE,1,CASES
1950,13,NEW HAMPSHIRE,NH,US,STATE,2,CASES
1950,18,NEW HAMPSHIRE,NH,US,STATE,3,CASES
1950,18,NEW HAMPSHIRE,NH,US,STATE,27,CASES
1950,20,NEW HAMPSHIRE,NH,US,STATE,11,CASES
1950,21,NEW HAMPSHIRE,NH,US,STATE,5,CASES
1950,22,NEW HAMPSHIRE,NH,US,STATE,2,CASES
1950,23,NEW HAMPSHIRE,NH,US,STATE,24,CASES
1950,24,NEW HAMPSHIRE,NH,US,STATE,4,CASES
1950,25,NEW HAMPSHIRE,NH,US,STATE,37,CASES
1950,26,NEW HAMPSHIRE,NH,US,STATE,8,CASES
1950,27,NEW HAMPSHIRE,NH,US,STATE,1,CASES
1950,28,NEW HAMPSHIRE,NH,US,STATE,3,CASES
1950,29,NEW HAMPSHIRE,NH,US,STATE,4,CASES
1950,36,NEW HAMPSHIRE,NH,US,STATE,2,CASES
1950,47,NEW HAMPSHIRE,NH,US,STATE,13,CASES
1950,51,NEW HAMPSHIRE,NH,US,STATE,28,CASES
1950,52,NEW HAMPSHIRE,NH,US,STATE,2,CASES
1951,4,NEW HAMPSHIRE,NH,US,STATE,5,CASES
1951,5,NEW HAMPSHIRE,NH,US,STATE,1,CASES
1951,6,NEW HAMPSHIRE,NH,US,STATE,6,CASES
1951,7,NEW HAMPSHIRE,NH,US,STATE,3,CASES
1951,8,NEW HAMPSHIRE,NH,US,STATE,176,CASES
1951,9,NEW HAMPSHIRE,NH,US,STATE,120,CASES
1951,10,NEW HAMPSHIRE,NH,US,STATE,23,CASES
1951,11,NEW HAMPSHIRE,NH,US,STATE,25,CASES
1951,12,NEW HAMPSHIRE,NH,US,STATE,15,CASES
1951,13,NEW HAMPSHIRE,NH,US,STATE,34,CASES
1951,14,NEW HAMPSHIRE,NH,US,STATE,36,CASES
1951,15,NEW HAMPSHIRE,NH,US,STATE,26,CASES
1951,16,NEW HAMPSHIRE,NH,US,STATE,27,CASES
1951,17,NEW HAMPSHIRE,NH,US,STATE,19,CASES
1951,18,NEW HAMPSHIRE,NH,US,STATE,15,CASES
1951,19,NEW HAMPSHIRE,NH,US,STATE,9,CASES
1951,20,NEW HAMPSHIRE,NH,US,STATE,12,CASES
1951,21,NEW HAMPSHIRE,NH,US,STATE,17,CASES
1951,22,NEW HAMPSHIRE,NH,US,STATE,36,CASES
1951,23,NEW HAMPSHIRE,NH,US,STATE,42,CASES
1951,24,NEW HAMPSHIRE,NH,US,STATE,78,CASES
1951,25,NEW HAMPSHIRE,NH,US,STATE,47,CASES
1951,26,NEW HAMPSHIRE,NH,US,STATE,4,CASES
1951,27,NEW HAMPSHIRE,NH,US,STATE,4,CASES
1951,29,NEW HAMPSHIRE,NH,US,STATE,10,CASES
1951,30,NEW HAMPSHIRE,NH,US,STATE,9,CASES
1951,31,NEW HAMPSHIRE,NH,US,STATE,5,CASES
1951,32,NEW HAMPSHIRE,NH,US,STATE,9,CASES
1951,33,NEW HAMPSHIRE,NH,US,STATE,3,CASES
1951,34,NEW HAMPSHIRE,NH,US,STATE,7,CASES
1951,36,NEW HAMPSHIRE,NH,US,STATE,4,CASES
1951,37,NEW HAMPSHIRE,NH,US,STATE,8,CASES
1951,38,NEW HAMPSHIRE,NH,US,STATE,3,CASES
1951,39,NEW HAMPSHIRE,NH,US,STATE,7,CASES
1951,40,NEW HAMPSHIRE,NH,US,STATE,3,CASES
1951,41,NEW HAMPSHIRE,NH,US,STATE,3,CASES
1951,42,NEW HAMPSHIRE,NH,US,STATE,11,CASES
1951,43,NEW HAMPSHIRE,NH,US,STATE,32,CASES
1951,44,NEW HAMPSHIRE,NH,US,STATE,21,CASES
1951,45,NEW HAMPSHIRE,NH,US,STATE,6,CASES
1951,46,NEW HAMPSHIRE,NH,US,STATE,25,CASES
1951,47,NEW HAMPSHIRE,NH,US,STATE,15,CASES
1951,48,NEW HAMPSHIRE,NH,US,STATE,32,CASES
1951,49,NEW HAMPSHIRE,NH,US,STATE,46,CASES
1952,1,NEW HAMPSHIRE,NH,US,STATE,163,CASES
1952,2,NEW HAMPSHIRE,NH,US,STATE,299,CASES
1952,3,NEW HAMPSHIRE,NH,US,STATE,255,CASES
1952,4,NEW HAMPSHIRE,NH,US,STATE,104,CASES
1952,5,NEW HAMPSHIRE,NH,US,STATE,129,CASES
1952,6,NEW HAMPSHIRE,NH,US,STATE,230,CASES
1952,7,NEW HAMPSHIRE,NH,US,STATE,71,CASES
1952,8,NEW HAMPSHIRE,NH,US,STATE,111,CASES
1952,10,NEW HAMPSHIRE,NH,US,STATE,92,CASES
1952,11,NEW HAMPSHIRE,NH,US,STATE,156,CASES
1952,12,NEW HAMPSHIRE,NH,US,STATE,72,CASES
1952,13,NEW HAMPSHIRE,NH,US,STATE,166,CASES
1952,14,NEW HAMPSHIRE,NH,US,STATE,233,CASES
1952,15,NEW HAMPSHIRE,NH,US,STATE,71,CASES
1952,20,NEW HAMPSHIRE,NH,US,STATE,58,CASES
1952,21,NEW HAMPSHIRE,NH,US,STATE,4,CASES
1952,22,NEW HAMPSHIRE,NH,US,STATE,7,CASES
1952,19,NEW HAMPSHIRE,NH,US,STATE,14,CASES
1952,24,NEW HAMPSHIRE,NH,US,STATE,15,CASES
1952,25,NEW HAMPSHIRE,NH,US,STATE,5,CASES
1952,26,NEW HAMPSHIRE,NH,US,STATE,16,CASES
1952,27,NEW HAMPSHIRE,NH,US,STATE,44,CASES
1952,28,NEW HAMPSHIRE,NH,US,STATE,14,CASES
1952,29,NEW HAMPSHIRE,NH,US,STATE,17,CASES
1952,30,NEW HAMPSHIRE,NH,US,STATE,8,CASES
1952,31,NEW HAMPSHIRE,NH,US,STATE,9,CASES
1952,32,NEW HAMPSHIRE,NH,US,STATE,1,CASES
1952,33,NEW HAMPSHIRE,NH,US,STATE,3,CASES
1952,35,NEW HAMPSHIRE,NH,US,STATE,1,CASES
1952,36,NEW HAMPSHIRE,NH,US,STATE,4,CASES
1952,37,NEW HAMPSHIRE,NH,US,STATE,3,CASES
1952,38,NEW HAMPSHIRE,NH,US,STATE,2,CASES
1952,39,NEW HAMPSHIRE,NH,US,STATE,2,CASES
1952,40,NEW HAMPSHIRE,NH,US,STATE,1,CASES
1952,41,NEW HAMPSHIRE,NH,US,STATE,3,CASES
1952,43,NEW HAMPSHIRE,NH,US,STATE,32,CASES
1952,44,NEW HAMPSHIRE,NH,US,STATE,21,CASES
1952,45,NEW HAMPSHIRE,NH,US,STATE,1,CASES
1952,46,NEW HAMPSHIRE,NH,US,STATE,5,CASES
1952,47,NEW HAMPSHIRE,NH,US,STATE,15,CASES
1952,48,NEW HAMPSHIRE,NH,US,STATE,3,CASES
1952,49,NEW HAMPSHIRE,NH,US,STATE,46,CASES
1952,50,NEW HAMPSHIRE,NH,US,STATE,4,CASES
1952,51,NEW HAMPSHIRE,NH,US,STATE,2,CASES
1952,52,NEW HAMPSHIRE,NH,US,STATE,3,CASES
1953,3,NEW HAMPSHIRE,NH,US,STATE,11,CASES
1952,53,NEW HAMPSHIRE,NH,US,STATE,255,CASES
1953,4,NEW HAMPSHIRE,NH,US,STATE,3,CASES
1952,53,NEW HAMPSHIRE,NH,US,STATE,104,CASES
1953,5,NEW HAMPSHIRE,NH,US,STATE,10,CASES
1953,6,NEW HAMPSHIRE,NH,US,STATE,9,CASES
1953,7,NEW HAMPSHIRE,NH,US,STATE,3,CASES
1953,8,NEW HAMPSHIRE,NH,US,STATE,11,CASES
1953,11,NEW HAMPSHIRE,NH,US,STATE,2,CASES
1953,13,NEW HAMPSHIRE,NH,US,STATE,1,CASES
1953,16,NEW HAMPSHIRE,NH,US,STATE,1,CASES
1953,17,NEW HAMPSHIRE,NH,US,STATE,2,CASES
1953,18,NEW HAMPSHIRE,NH,US,STATE,4,CASES
1953,19,NEW HAMPSHIRE,NH,US,STATE,5,CASES
1953,20,NEW HAMPSHIRE,NH,US,STATE,2,CASES
1953,22,NEW HAMPSHIRE,NH,US,STATE,30,CASES
1953,23,NEW HAMPSHIRE,NH,US,STATE,1,CASES
1953,24,NEW HAMPSHIRE,NH,US,STATE,1,CASES
1953,25,NEW HAMPSHIRE,NH,US,STATE,1,CASES
1953,29,NEW HAMPSHIRE,NH,US,STATE,1,CASES
1953,30,NEW HAMPSHIRE,NH,US,STATE,1,CASES
1953,36,NEW HAMPSHIRE,NH,US,STATE,14,CASES
1953,44,NEW HAMPSHIRE,NH,US,STATE,1,CASES
1953,45,NEW HAMPSHIRE,NH,US,STATE,1,CASES
1953,48,NEW HAMPSHIRE,NH,US,STATE,1,CASES
1953,50,NEW HAMPSHIRE,NH,US,STATE,1,CASES
1954,1,NEW HAMPSHIRE,NH,US,STATE,3,CASES
1954,2,NEW HAMPSHIRE,NH,US,STATE,4,CASES
1954,3,NEW HAMPSHIRE,NH,US,STATE,7,CASES
1954,4,NEW HAMPSHIRE,NH,US,STATE,4,CASES
1954,5,NEW HAMPSHIRE,NH,US,STATE,3,CASES
1954,6,NEW HAMPSHIRE,NH,US,STATE,4,CASES
1954,8,NEW HAMPSHIRE,NH,US,STATE,1,CASES
1954,9,NEW HAMPSHIRE,NH,US,STATE,10,CASES
1954,10,NEW HAMPSHIRE,NH,US,STATE,7,CASES
1954,11,NEW HAMPSHIRE,NH,US,STATE,10,CASES
1954,12,NEW HAMPSHIRE,NH,US,STATE,7,CASES
1954,13,NEW HAMPSHIRE,NH,US,STATE,4,CASES
1954,14,NEW HAMPSHIRE,NH,US,STATE,2,CASES
1954,16,NEW HAMPSHIRE,NH,US,STATE,2,CASES
1954,17,NEW HAMPSHIRE,NH,US,STATE,5,CASES
1954,18,NEW HAMPSHIRE,NH,US,STATE,9,CASES
1954,19,NEW HAMPSHIRE,NH,US,STATE,7,CASES
1954,20,NEW HAMPSHIRE,NH,US,STATE,13,CASES
1954,21,NEW HAMPSHIRE,NH,US,STATE,2,CASES
1954,22,NEW HAMPSHIRE,NH,US,STATE,13,CASES
1954,23,NEW HAMPSHIRE,NH,US,STATE,8,CASES
1954,24,NEW HAMPSHIRE,NH,US,STATE,29,CASES
1954,25,NEW HAMPSHIRE,NH,US,STATE,15,CASES
1954,26,NEW HAMPSHIRE,NH,US,STATE,27,CASES
1954,27,NEW HAMPSHIRE,NH,US,STATE,18,CASES
1954,28,NEW HAMPSHIRE,NH,US,STATE,14,CASES
1954,29,NEW HAMPSHIRE,NH,US,STATE,13,CASES
1954,30,NEW HAMPSHIRE,NH,US,STATE,16,CASES
1954,31,NEW HAMPSHIRE,NH,US,STATE,5,CASES
1954,32,NEW HAMPSHIRE,NH,US,STATE,10,CASES
1954,33,NEW HAMPSHIRE,NH,US,STATE,10,CASES
1954,34,NEW HAMPSHIRE,NH,US,STATE,8,CASES
1954,36,NEW HAMPSHIRE,NH,US,STATE,1,CASES
1954,38,NEW HAMPSHIRE,NH,US,STATE,6,CASES
1954,39,NEW HAMPSHIRE,NH,US,STATE,58,CASES
1954,40,NEW HAMPSHIRE,NH,US,STATE,27,CASES
1954,41,NEW HAMPSHIRE,NH,US,STATE,59,CASES
1954,42,NEW HAMPSHIRE,NH,US,STATE,16,CASES
1954,43,NEW HAMPSHIRE,NH,US,STATE,13,CASES
1954,44,NEW HAMPSHIRE,NH,US,STATE,28,CASES
1954,45,NEW HAMPSHIRE,NH,US,STATE,32,CASES
1954,46,NEW HAMPSHIRE,NH,US,STATE,123,CASES
1954,47,NEW HAMPSHIRE,NH,US,STATE,17,CASES
1954,48,NEW HAMPSHIRE,NH,US,STATE,119,CASES
1954,49,NEW HAMPSHIRE,NH,US,STATE,5,CASES
1954,50,NEW HAMPSHIRE,NH,US,STATE,20,CASES
1954,51,NEW HAMPSHIRE,NH,US,STATE,83,CASES
1954,52,NEW HAMPSHIRE,NH,US,STATE,35,CASES
1955,1,NEW HAMPSHIRE,NH,US,STATE,62,CASES
1955,2,NEW HAMPSHIRE,NH,US,STATE,107,CASES
1955,3,NEW HAMPSHIRE,NH,US,STATE,114,CASES
1955,4,NEW HAMPSHIRE,NH,US,STATE,110,CASES
1955,5,NEW HAMPSHIRE,NH,US,STATE,241,CASES
1955,6,NEW HAMPSHIRE,NH,US,STATE,355,CASES
1955,8,NEW HAMPSHIRE,NH,US,STATE,616,CASES
1955,9,NEW HAMPSHIRE,NH,US,STATE,414,CASES
1955,10,NEW HAMPSHIRE,NH,US,STATE,313,CASES
1955,11,NEW HAMPSHIRE,NH,US,STATE,373,CASES
1955,12,NEW HAMPSHIRE,NH,US,STATE,213,CASES
1955,13,NEW HAMPSHIRE,NH,US,STATE,410,CASES
1955,14,NEW HAMPSHIRE,NH,US,STATE,237,CASES
1955,15,NEW HAMPSHIRE,NH,US,STATE,203,CASES
1955,16,NEW HAMPSHIRE,NH,US,STATE,175,CASES
1955,17,NEW HAMPSHIRE,NH,US,STATE,276,CASES
1955,18,NEW HAMPSHIRE,NH,US,STATE,73,CASES
1955,19,NEW HAMPSHIRE,NH,US,STATE,54,CASES
1955,20,NEW HAMPSHIRE,NH,US,STATE,47,CASES
1955,21,NEW HAMPSHIRE,NH,US,STATE,12,CASES
1955,22,NEW HAMPSHIRE,NH,US,STATE,97,CASES
1955,23,NEW HAMPSHIRE,NH,US,STATE,49,CASES
1955,24,NEW HAMPSHIRE,NH,US,STATE,30,CASES
1955,25,NEW HAMPSHIRE,NH,US,STATE,4,CASES
1955,26,NEW HAMPSHIRE,NH,US,STATE,2,CASES
1955,27,NEW HAMPSHIRE,NH,US,STATE,5,CASES
1955,28,NEW HAMPSHIRE,NH,US,STATE,1,CASES
1955,29,NEW HAMPSHIRE,NH,US,STATE,4,CASES
1955,30,NEW HAMPSHIRE,NH,US,STATE,3,CASES
1955,40,NEW HAMPSHIRE,NH,US,STATE,1,CASES
1955,43,NEW HAMPSHIRE,NH,US,STATE,4,CASES
1955,46,NEW HAMPSHIRE,NH,US,STATE,4,CASES
1956,4,NEW HAMPSHIRE,NH,US,STATE,2,CASES
1956,9,NEW HAMPSHIRE,NH,US,STATE,2,CASES
1956,11,NEW HAMPSHIRE,NH,US,STATE,7,CASES
1956,14,NEW HAMPSHIRE,NH,US,STATE,6,CASES
1956,15,NEW HAMPSHIRE,NH,US,STATE,2,CASES
1956,16,NEW HAMPSHIRE,NH,US,STATE,1,CASES
1956,17,NEW HAMPSHIRE,NH,US,STATE,2,CASES
1956,18,NEW HAMPSHIRE,NH,US,STATE,15,CASES
1956,20,NEW HAMPSHIRE,NH,US,STATE,40,CASES
1956,21,NEW HAMPSHIRE,NH,US,STATE,3,CASES
1956,23,NEW HAMPSHIRE,NH,US,STATE,9,CASES
1956,24,NEW HAMPSHIRE,NH,US,STATE,18,CASES
1956,25,NEW HAMPSHIRE,NH,US,STATE,26,CASES
1956,26,NEW HAMPSHIRE,NH,US,STATE,1,CASES
1956,27,NEW HAMPSHIRE,NH,US,STATE,19,CASES
1956,28,NEW HAMPSHIRE,NH,US,STATE,17,CASES
1956,30,NEW HAMPSHIRE,NH,US,STATE,4,CASES
1956,31,NEW HAMPSHIRE,NH,US,STATE,7,CASES
1956,32,NEW HAMPSHIRE,NH,US,STATE,3,CASES
1956,35,NEW HAMPSHIRE,NH,US,STATE,7,CASES
1956,36,NEW HAMPSHIRE,NH,US,STATE,2,CASES
1956,42,NEW HAMPSHIRE,NH,US,STATE,1,CASES
1956,47,NEW HAMPSHIRE,NH,US,STATE,1,CASES
1956,51,NEW HAMPSHIRE,NH,US,STATE,2,CASES
1956,52,NEW HAMPSHIRE,NH,US,STATE,3,CASES
1957,1,NEW HAMPSHIRE,NH,US,STATE,1,CASES
1957,2,NEW HAMPSHIRE,NH,US,STATE,3,CASES
1957,4,NEW HAMPSHIRE,NH,US,STATE,1,CASES
1957,5,NEW HAMPSHIRE,NH,US,STATE,12,CASES
1957,6,NEW HAMPSHIRE,NH,US,STATE,1,CASES
1957,8,NEW HAMPSHIRE,NH,US,STATE,4,CASES
1957,9,NEW HAMPSHIRE,NH,US,STATE,2,CASES
1957,10,NEW HAMPSHIRE,NH,US,STATE,70,CASES
1957,11,NEW HAMPSHIRE,NH,US,STATE,10,CASES
1957,12,NEW HAMPSHIRE,NH,US,STATE,1,CASES
1957,13,NEW HAMPSHIRE,NH,US,STATE,19,CASES
1957,14,NEW HAMPSHIRE,NH,US,STATE,27,CASES
1957,15,NEW HAMPSHIRE,NH,US,STATE,26,CASES
1957,16,NEW HAMPSHIRE,NH,US,STATE,4,CASES
1957,17,NEW HAMPSHIRE,NH,US,STATE,6,CASES
1957,18,NEW HAMPSHIRE,NH,US,STATE,8,CASES
1957,20,NEW HAMPSHIRE,NH,US,STATE,26,CASES
1957,21,NEW HAMPSHIRE,NH,US,STATE,3,CASES
1957,22,NEW HAMPSHIRE,NH,US,STATE,3,CASES
1957,23,NEW HAMPSHIRE,NH,US,STATE,17,CASES
1957,24,NEW HAMPSHIRE,NH,US,STATE,6,CASES
1957,25,NEW HAMPSHIRE,NH,US,STATE,11,CASES
1957,26,NEW HAMPSHIRE,NH,US,STATE,4,CASES
1957,27,NEW HAMPSHIRE,NH,US,STATE,2,CASES
1957,29,NEW HAMPSHIRE,NH,US,STATE,5,CASES
1957,30,NEW HAMPSHIRE,NH,US,STATE,12,CASES
1957,31,NEW HAMPSHIRE,NH,US,STATE,1,CASES
1957,32,NEW HAMPSHIRE,NH,US,STATE,1,CASES
1957,34,NEW HAMPSHIRE,NH,US,STATE,1,CASES
1957,41,NEW HAMPSHIRE,NH,US,STATE,6,CASES
1957,42,NEW HAMPSHIRE,NH,US,STATE,30,CASES
1957,43,NEW HAMPSHIRE,NH,US,STATE,15,CASES
1957,44,NEW HAMPSHIRE,NH,US,STATE,2,CASES
1957,46,NEW HAMPSHIRE,NH,US,STATE,10,CASES
1957,47,NEW HAMPSHIRE,NH,US,STATE,15,CASES
1957,48,NEW HAMPSHIRE,NH,US,STATE,10,CASES
1957,49,NEW HAMPSHIRE,NH,US,STATE,2,CASES
1957,50,NEW HAMPSHIRE,NH,US,STATE,6,CASES
1957,51,NEW HAMPSHIRE,NH,US,STATE,6,CASES
1957,52,NEW HAMPSHIRE,NH,US,STATE,5,CASES
1958,1,NEW HAMPSHIRE,NH,US,STATE,26,CASES
1958,2,NEW HAMPSHIRE,NH,US,STATE,53,CASES
1958,3,NEW HAMPSHIRE,NH,US,STATE,41,CASES
1958,4,NEW HAMPSHIRE,NH,US,STATE,60,CASES
1958,5,NEW HAMPSHIRE,NH,US,STATE,32,CASES
1958,6,NEW HAMPSHIRE,NH,US,STATE,353,CASES
1958,7,NEW HAMPSHIRE,NH,US,STATE,8,CASES
1958,8,NEW HAMPSHIRE,NH,US,STATE,61,CASES
1958,10,NEW HAMPSHIRE,NH,US,STATE,56,CASES
1958,11,NEW HAMPSHIRE,NH,US,STATE,58,CASES
1958,12,NEW HAMPSHIRE,NH,US,STATE,154,CASES
1958,13,NEW HAMPSHIRE,NH,US,STATE,227,CASES
1958,14,NEW HAMPSHIRE,NH,US,STATE,38,CASES
1958,15,NEW HAMPSHIRE,NH,US,STATE,52,CASES
1958,16,NEW HAMPSHIRE,NH,US,STATE,185,CASES
1958,17,NEW HAMPSHIRE,NH,US,STATE,95,CASES
1958,18,NEW HAMPSHIRE,NH,US,STATE,85,CASES
1958,19,NEW HAMPSHIRE,NH,US,STATE,60,CASES
1958,20,NEW HAMPSHIRE,NH,US,STATE,37,CASES
1958,21,NEW HAMPSHIRE,NH,US,STATE,36,CASES
1958,22,NEW HAMPSHIRE,NH,US,STATE,14,CASES
1958,23,NEW HAMPSHIRE,NH,US,STATE,115,CASES
1958,24,NEW HAMPSHIRE,NH,US,STATE,65,CASES
1958,25,NEW HAMPSHIRE,NH,US,STATE,37,CASES
1958,26,NEW HAMPSHIRE,NH,US,STATE,14,CASES
1958,27,NEW HAMPSHIRE,NH,US,STATE,41,CASES
1958,28,NEW HAMPSHIRE,NH,US,STATE,15,CASES
1958,29,NEW HAMPSHIRE,NH,US,STATE,3,CASES
1958,30,NEW HAMPSHIRE,NH,US,STATE,6,CASES
1958,31,NEW HAMPSHIRE,NH,US,STATE,15,CASES
1958,32,NEW HAMPSHIRE,NH,US,STATE,7,CASES
1958,33,NEW HAMPSHIRE,NH,US,STATE,4,CASES
1958,36,NEW HAMPSHIRE,NH,US,STATE,2,CASES
1958,38,NEW HAMPSHIRE,NH,US,STATE,3,CASES
1958,40,NEW HAMPSHIRE,NH,US,STATE,1,CASES
1958,42,NEW HAMPSHIRE,NH,US,STATE,1,CASES
1958,45,NEW HAMPSHIRE,NH,US,STATE,18,CASES
1958,46,NEW HAMPSHIRE,NH,US,STATE,30,CASES
1958,47,NEW HAMPSHIRE,NH,US,STATE,22,CASES
1958,50,NEW HAMPSHIRE,NH,US,STATE,4,CASES
1958,52,NEW HAMPSHIRE,NH,US,STATE,4,CASES
1959,2,NEW HAMPSHIRE,NH,US,STATE,7,CASES
1959,3,NEW HAMPSHIRE,NH,US,STATE,5,CASES
1959,4,NEW HAMPSHIRE,NH,US,STATE,22,CASES
1959,5,NEW HAMPSHIRE,NH,US,STATE,30,CASES
1959,6,NEW HAMPSHIRE,NH,US,STATE,15,CASES
1959,8,NEW HAMPSHIRE,NH,US,STATE,10,CASES
1959,9,NEW HAMPSHIRE,NH,US,STATE,20,CASES
1959,10,NEW HAMPSHIRE,NH,US,STATE,10,CASES
1959,11,NEW HAMPSHIRE,NH,US,STATE,26,CASES
1959,12,NEW HAMPSHIRE,NH,US,STATE,15,CASES
1959,13,NEW HAMPSHIRE,NH,US,STATE,19,CASES
1959,14,NEW HAMPSHIRE,NH,US,STATE,25,CASES
1959,15,NEW HAMPSHIRE,NH,US,STATE,22,CASES
1959,17,NEW HAMPSHIRE,NH,US,STATE,14,CASES
1959,18,NEW HAMPSHIRE,NH,US,STATE,20,CASES
1959,20,NEW HAMPSHIRE,NH,US,STATE,6,CASES
1959,21,NEW HAMPSHIRE,NH,US,STATE,18,CASES
1959,22,NEW HAMPSHIRE,NH,US,STATE,34,CASES
1959,23,NEW HAMPSHIRE,NH,US,STATE,14,CASES
1959,25,NEW HAMPSHIRE,NH,US,STATE,3,CASES
1959,26,NEW HAMPSHIRE,NH,US,STATE,1,CASES
1959,29,NEW HAMPSHIRE,NH,US,STATE,1,CASES
1959,31,NEW HAMPSHIRE,NH,US,STATE,4,CASES
1959,33,NEW HAMPSHIRE,NH,US,STATE,7,CASES
1959,36,NEW HAMPSHIRE,NH,US,STATE,4,CASES
1959,38,NEW HAMPSHIRE,NH,US,STATE,45,CASES
1959,40,NEW HAMPSHIRE,NH,US,STATE,56,CASES
1959,42,NEW HAMPSHIRE,NH,US,STATE,1,CASES
1959,47,NEW HAMPSHIRE,NH,US,STATE,1,CASES
1959,51,NEW HAMPSHIRE,NH,US,STATE,1,CASES
1960,1,NEW HAMPSHIRE,NH,US,STATE,2,CASES
1960,2,NEW HAMPSHIRE,NH,US,STATE,2,CASES
1960,3,NEW HAMPSHIRE,NH,US,STATE,6,CASES
1960,4,NEW HAMPSHIRE,NH,US,STATE,2,CASES
1960,5,NEW HAMPSHIRE,NH,US,STATE,15,CASES
1960,6,NEW HAMPSHIRE,NH,US,STATE,5,CASES
1960,7,NEW HAMPSHIRE,NH,US,STATE,2,CASES
1960,8,NEW HAMPSHIRE,NH,US,STATE,10,CASES
1960,9,NEW HAMPSHIRE,NH,US,STATE,14,CASES
1960,10,NEW HAMPSHIRE,NH,US,STATE,11,CASES
1960,11,NEW HAMPSHIRE,NH,US,STATE,8,CASES
1960,12,NEW HAMPSHIRE,NH,US,STATE,10,CASES
1960,13,NEW HAMPSHIRE,NH,US,STATE,13,CASES
1960,14,NEW HAMPSHIRE,NH,US,STATE,28,CASES
1960,15,NEW HAMPSHIRE,NH,US,STATE,12,CASES
1960,16,NEW HAMPSHIRE,NH,US,STATE,5,CASES
1960,17,NEW HAMPSHIRE,NH,US,STATE,74,CASES
1960,18,NEW HAMPSHIRE,NH,US,STATE,55,CASES
1960,19,NEW HAMPSHIRE,NH,US,STATE,165,CASES
1960,20,NEW HAMPSHIRE,NH,US,STATE,107,CASES
1960,22,NEW HAMPSHIRE,NH,US,STATE,82,CASES
1960,23,NEW HAMPSHIRE,NH,US,STATE,15,CASES
1960,24,NEW HAMPSHIRE,NH,US,STATE,18,CASES
1960,25,NEW HAMPSHIRE,NH,US,STATE,5,CASES
1960,27,NEW HAMPSHIRE,NH,US,STATE,4,CASES
1960,28,NEW HAMPSHIRE,NH,US,STATE,3,CASES
1960,29,NEW HAMPSHIRE,NH,US,STATE,3,CASES
1960,31,NEW HAMPSHIRE,NH,US,STATE,9,CASES
1960,32,NEW HAMPSHIRE,NH,US,STATE,1,CASES
1960,33,NEW HAMPSHIRE,NH,US,STATE,3,CASES
1960,35,NEW HAMPSHIRE,NH,US,STATE,2,CASES
1960,36,NEW HAMPSHIRE,NH,US,STATE,3,CASES
1960,37,NEW HAMPSHIRE,NH,US,STATE,16,CASES
1960,38,NEW HAMPSHIRE,NH,US,STATE,6,CASES
1960,39,NEW HAMPSHIRE,NH,US,STATE,2,CASES
1960,40,NEW HAMPSHIRE,NH,US,STATE,4,CASES
1960,41,NEW HAMPSHIRE,NH,US,STATE,2,CASES
1960,42,NEW HAMPSHIRE,NH,US,STATE,3,CASES
1960,43,NEW HAMPSHIRE,NH,US,STATE,3,CASES
1960,44,NEW HAMPSHIRE,NH,US,STATE,1,CASES
1960,45,NEW HAMPSHIRE,NH,US,STATE,2,CASES
1960,46,NEW HAMPSHIRE,NH,US,STATE,7,CASES
1960,48,NEW HAMPSHIRE,NH,US,STATE,263,CASES
1960,49,NEW HAMPSHIRE,NH,US,STATE,70,CASES
1960,50,NEW HAMPSHIRE,NH,US,STATE,12,CASES
1960,51,NEW HAMPSHIRE,NH,US,STATE,36,CASES
1960,52,NEW HAMPSHIRE,NH,US,STATE,14,CASES
1961,1,NEW HAMPSHIRE,NH,US,STATE,25,CASES
1961,2,NEW HAMPSHIRE,NH,US,STATE,15,CASES
1961,3,NEW HAMPSHIRE,NH,US,STATE,7,CASES
1961,4,NEW HAMPSHIRE,NH,US,STATE,15,CASES
1961,5,NEW HAMPSHIRE,NH,US,STATE,41,CASES
1961,6,NEW HAMPSHIRE,NH,US,STATE,15,CASES
1961,7,NEW HAMPSHIRE,NH,US,STATE,32,CASES
1961,8,NEW HAMPSHIRE,NH,US,STATE,8,CASES
1961,9,NEW HAMPSHIRE,NH,US,STATE,6,CASES
1961,10,NEW HAMPSHIRE,NH,US,STATE,25,CASES
1961,11,NEW HAMPSHIRE,NH,US,STATE,55,CASES
1961,12,NEW HAMPSHIRE,NH,US,STATE,50,CASES
1961,13,NEW HAMPSHIRE,NH,US,STATE,70,CASES
1961,14,NEW HAMPSHIRE,NH,US,STATE,82,CASES
1961,16,NEW HAMPSHIRE,NH,US,STATE,123,CASES
1961,17,NEW HAMPSHIRE,NH,US,STATE,90,CASES
1961,18,NEW HAMPSHIRE,NH,US,STATE,60,CASES
1961,19,NEW HAMPSHIRE,NH,US,STATE,116,CASES
1961,20,NEW HAMPSHIRE,NH,US,STATE,51,CASES
1961,21,NEW HAMPSHIRE,NH,US,STATE,49,CASES
1961,22,NEW HAMPSHIRE,NH,US,STATE,58,CASES
1961,23,NEW HAMPSHIRE,NH,US,STATE,14,CASES
1961,24,NEW HAMPSHIRE,NH,US,STATE,40,CASES
1961,25,NEW HAMPSHIRE,NH,US,STATE,6,CASES
1961,26,NEW HAMPSHIRE,NH,US,STATE,2,CASES
1961,27,NEW HAMPSHIRE,NH,US,STATE,11,CASES
1961,29,NEW HAMPSHIRE,NH,US,STATE,2,CASES
1961,31,NEW HAMPSHIRE,NH,US,STATE,1,CASES
1961,33,NEW HAMPSHIRE,NH,US,STATE,14,CASES
1961,34,NEW HAMPSHIRE,NH,US,STATE,1,CASES
1961,35,NEW HAMPSHIRE,NH,US,STATE,6,CASES
1961,36,NEW HAMPSHIRE,NH,US,STATE,7,CASES
1961,37,NEW HAMPSHIRE,NH,US,STATE,4,CASES
1961,38,NEW HAMPSHIRE,NH,US,STATE,5,CASES
1961,39,NEW HAMPSHIRE,NH,US,STATE,3,CASES
1961,40,NEW HAMPSHIRE,NH,US,STATE,4,CASES
1961,42,NEW HAMPSHIRE,NH,US,STATE,2,CASES
1961,43,NEW HAMPSHIRE,NH,US,STATE,2,CASES
1961,44,NEW HAMPSHIRE,NH,US,STATE,21,CASES
1961,46,NEW HAMPSHIRE,NH,US,STATE,59,CASES
1961,47,NEW HAMPSHIRE,NH,US,STATE,61,CASES
1961,48,NEW HAMPSHIRE,NH,US,STATE,14,CASES
1961,49,NEW HAMPSHIRE,NH,US,STATE,67,CASES
1961,50,NEW HAMPSHIRE,NH,US,STATE,39,CASES
1961,51,NEW HAMPSHIRE,NH,US,STATE,57,CASES
1961,52,NEW HAMPSHIRE,NH,US,STATE,15,CASES
1962,1,NEW HAMPSHIRE,NH,US,STATE,75,CASES
1962,2,NEW HAMPSHIRE,NH,US,STATE,68,CASES
1962,3,NEW HAMPSHIRE,NH,US,STATE,52,CASES
1962,4,NEW HAMPSHIRE,NH,US,STATE,10,CASES
1962,5,NEW HAMPSHIRE,NH,US,STATE,5,CASES
1962,6,NEW HAMPSHIRE,NH,US,STATE,120,CASES
1962,7,NEW HAMPSHIRE,NH,US,STATE,47,CASES
1962,8,NEW HAMPSHIRE,NH,US,STATE,27,CASES
1962,9,NEW HAMPSHIRE,NH,US,STATE,60,CASES
1962,10,NEW HAMPSHIRE,NH,US,STATE,28,CASES
1962,11,NEW HAMPSHIRE,NH,US,STATE,49,CASES
1962,12,NEW HAMPSHIRE,NH,US,STATE,38,CASES
1962,13,NEW HAMPSHIRE,NH,US,STATE,47,CASES
1962,14,NEW HAMPSHIRE,NH,US,STATE,48,CASES
1962,15,NEW HAMPSHIRE,NH,US,STATE,28,CASES
1962,16,NEW HAMPSHIRE,NH,US,STATE,10,CASES
1962,17,NEW HAMPSHIRE,NH,US,STATE,5,CASES
1962,18,NEW HAMPSHIRE,NH,US,STATE,38,CASES
1962,19,NEW HAMPSHIRE,NH,US,STATE,47,CASES
1962,20,NEW HAMPSHIRE,NH,US,STATE,17,CASES
1962,21,NEW HAMPSHIRE,NH,US,STATE,11,CASES
1962,22,NEW HAMPSHIRE,NH,US,STATE,7,CASES
1962,23,NEW HAMPSHIRE,NH,US,STATE,64,CASES
1962,24,NEW HAMPSHIRE,NH,US,STATE,14,CASES
1962,25,NEW HAMPSHIRE,NH,US,STATE,2,CASES
1962,26,NEW HAMPSHIRE,NH,US,STATE,6,CASES
1962,28,NEW HAMPSHIRE,NH,US,STATE,2,CASES
1962,32,NEW HAMPSHIRE,NH,US,STATE,1,CASES
1962,33,NEW HAMPSHIRE,NH,US,STATE,1,CASES
1962,35,NEW HAMPSHIRE,NH,US,STATE,3,CASES
1962,40,NEW HAMPSHIRE,NH,US,STATE,1,CASES
1962,41,NEW HAMPSHIRE,NH,US,STATE,4,CASES
1962,42,NEW HAMPSHIRE,NH,US,STATE,6,CASES
1962,43,NEW HAMPSHIRE,NH,US,STATE,1,CASES
1962,45,NEW HAMPSHIRE,NH,US,STATE,16,CASES
1962,46,NEW HAMPSHIRE,NH,US,STATE,11,CASES
1962,47,NEW HAMPSHIRE,NH,US,STATE,2,CASES
1962,48,NEW HAMPSHIRE,NH,US,STATE,16,CASES
1962,50,NEW HAMPSHIRE,NH,US,STATE,4,CASES
1962,51,NEW HAMPSHIRE,NH,US,STATE,18,CASES
1962,52,NEW HAMPSHIRE,NH,US,STATE,25,CASES
1963,1,NEW HAMPSHIRE,NH,US,STATE,1,CASES
1963,3,NEW HAMPSHIRE,NH,US,STATE,1,CASES
1963,4,NEW HAMPSHIRE,NH,US,STATE,3,CASES
1963,6,NEW HAMPSHIRE,NH,US,STATE,2,CASES
1963,10,NEW HAMPSHIRE,NH,US,STATE,3,CASES
1963,11,NEW HAMPSHIRE,NH,US,STATE,1,CASES
1963,16,NEW HAMPSHIRE,NH,US,STATE,2,CASES
1963,19,NEW HAMPSHIRE,NH,US,STATE,2,CASES
1963,20,NEW HAMPSHIRE,NH,US,STATE,5,CASES
1963,22,NEW HAMPSHIRE,NH,US,STATE,2,CASES
1963,24,NEW HAMPSHIRE,NH,US,STATE,1,CASES
1963,25,NEW HAMPSHIRE,NH,US,STATE,3,CASES
1963,26,NEW HAMPSHIRE,NH,US,STATE,1,CASES
1963,30,NEW HAMPSHIRE,NH,US,STATE,5,CASES
1963,31,NEW HAMPSHIRE,NH,US,STATE,3,CASES
1963,36,NEW HAMPSHIRE,NH,US,STATE,1,CASES
1963,40,NEW HAMPSHIRE,NH,US,STATE,1,CASES
1963,48,NEW HAMPSHIRE,NH,US,STATE,4,CASES
1963,52,NEW HAMPSHIRE,NH,US,STATE,1,CASES
1964,1,NEW HAMPSHIRE,NH,US,STATE,3,CASES
1964,2,NEW HAMPSHIRE,NH,US,STATE,2,CASES
1964,4,NEW HAMPSHIRE,NH,US,STATE,3,CASES
1964,5,NEW HAMPSHIRE,NH,US,STATE,3,CASES
1964,7,NEW HAMPSHIRE,NH,US,STATE,4,CASES
1964,8,NEW HAMPSHIRE,NH,US,STATE,9,CASES
1964,9,NEW HAMPSHIRE,NH,US,STATE,4,CASES
1964,10,NEW HAMPSHIRE,NH,US,STATE,33,CASES
1964,11,NEW HAMPSHIRE,NH,US,STATE,4,CASES
1964,12,NEW HAMPSHIRE,NH,US,STATE,47,CASES
1964,13,NEW HAMPSHIRE,NH,US,STATE,7,CASES
1964,14,NEW HAMPSHIRE,NH,US,STATE,15,CASES
1964,15,NEW HAMPSHIRE,NH,US,STATE,5,CASES
1964,16,NEW HAMPSHIRE,NH,US,STATE,7,CASES
1964,17,NEW HAMPSHIRE,NH,US,STATE,3,CASES
1964,19,NEW HAMPSHIRE,NH,US,STATE,6,CASES
1964,20,NEW HAMPSHIRE,NH,US,STATE,8,CASES
1964,21,NEW HAMPSHIRE,NH,US,STATE,5,CASES
1964,22,NEW HAMPSHIRE,NH,US,STATE,7,CASES
1964,23,NEW HAMPSHIRE,NH,US,STATE,12,CASES
1964,24,NEW HAMPSHIRE,NH,US,STATE,21,CASES
1964,25,NEW HAMPSHIRE,NH,US,STATE,1,CASES
1964,26,NEW HAMPSHIRE,NH,US,STATE,8,CASES
1964,27,NEW HAMPSHIRE,NH,US,STATE,4,CASES
1964,28,NEW HAMPSHIRE,NH,US,STATE,1,CASES
1964,29,NEW HAMPSHIRE,NH,US,STATE,1,CASES
1964,30,NEW HAMPSHIRE,NH,US,STATE,3,CASES
1964,31,NEW HAMPSHIRE,NH,US,STATE,2,CASES
1964,32,NEW HAMPSHIRE,NH,US,STATE,4,CASES
1964,33,NEW HAMPSHIRE,NH,US,STATE,2,CASES
1964,36,NEW HAMPSHIRE,NH,US,STATE,2,CASES
1964,38,NEW HAMPSHIRE,NH,US,STATE,1,CASES
1964,39,NEW HAMPSHIRE,NH,US,STATE,4,CASES
1964,41,NEW HAMPSHIRE,NH,US,STATE,1,CASES
1964,42,NEW HAMPSHIRE,NH,US,STATE,4,CASES
1964,43,NEW HAMPSHIRE,NH,US,STATE,33,CASES
1964,44,NEW HAMPSHIRE,NH,US,STATE,154,CASES
1964,45,NEW HAMPSHIRE,NH,US,STATE,24,CASES
1964,46,NEW HAMPSHIRE,NH,US,STATE,50,CASES
1964,47,NEW HAMPSHIRE,NH,US,STATE,54,CASES
1964,48,NEW HAMPSHIRE,NH,US,STATE,95,CASES
1964,49,NEW HAMPSHIRE,NH,US,STATE,90,CASES
1964,50,NEW HAMPSHIRE,NH,US,STATE,49,CASES
1964,51,NEW HAMPSHIRE,NH,US,STATE,45,CASES
1964,52,NEW HAMPSHIRE,NH,US,STATE,53,CASES
1965,1,NEW HAMPSHIRE,NH,US,STATE,58,CASES
1965,2,NEW HAMPSHIRE,NH,US,STATE,29,CASES
1965,3,NEW HAMPSHIRE,NH,US,STATE,28,CASES
1965,4,NEW HAMPSHIRE,NH,US,STATE,20,CASES
1965,5,NEW HAMPSHIRE,NH,US,STATE,21,CASES
1965,6,NEW HAMPSHIRE,NH,US,STATE,28,CASES
1965,7,NEW HAMPSHIRE,NH,US,STATE,2,CASES
1965,8,NEW HAMPSHIRE,NH,US,STATE,28,CASES
1965,9,NEW HAMPSHIRE,NH,US,STATE,21,CASES
1965,10,NEW HAMPSHIRE,NH,US,STATE,28,CASES
1965,11,NEW HAMPSHIRE,NH,US,STATE,3,CASES
1965,12,NEW HAMPSHIRE,NH,US,STATE,23,CASES
1965,13,NEW HAMPSHIRE,NH,US,STATE,9,CASES
1965,14,NEW HAMPSHIRE,NH,US,STATE,2,CASES
1965,15,NEW HAMPSHIRE,NH,US,STATE,10,CASES
1965,17,NEW HAMPSHIRE,NH,US,STATE,6,CASES
1965,18,NEW HAMPSHIRE,NH,US,STATE,4,CASES
1965,19,NEW HAMPSHIRE,NH,US,STATE,5,CASES
1965,20,NEW HAMPSHIRE,NH,US,STATE,6,CASES
1965,22,NEW HAMPSHIRE,NH,US,STATE,13,CASES
1965,23,NEW HAMPSHIRE,NH,US,STATE,1,CASES
1965,24,NEW HAMPSHIRE,NH,US,STATE,3,CASES
1965,25,NEW HAMPSHIRE,NH,US,STATE,3,CASES
1965,27,NEW HAMPSHIRE,NH,US,STATE,1,CASES
1965,28,NEW HAMPSHIRE,NH,US,STATE,1,CASES
1965,29,NEW HAMPSHIRE,NH,US,STATE,3,CASES
1965,42,NEW HAMPSHIRE,NH,US,STATE,1,CASES
1965,47,NEW HAMPSHIRE,NH,US,STATE,1,CASES
1966,1,NEW HAMPSHIRE,NH,US,STATE,1,CASES
1966,2,NEW HAMPSHIRE,NH,US,STATE,2,CASES
1966,3,NEW HAMPSHIRE,NH,US,STATE,1,CASES
1966,5,NEW HAMPSHIRE,NH,US,STATE,1,CASES
1966,7,NEW HAMPSHIRE,NH,US,STATE,3,CASES
1966,9,NEW HAMPSHIRE,NH,US,STATE,1,CASES
1966,10,NEW HAMPSHIRE,NH,US,STATE,2,CASES
1966,11,NEW HAMPSHIRE,NH,US,STATE,1,CASES
1966,14,NEW HAMPSHIRE,NH,US,STATE,8,CASES
1966,16,NEW HAMPSHIRE,NH,US,STATE,5,CASES
1966,18,NEW HAMPSHIRE,NH,US,STATE,7,CASES
1966,19,NEW HAMPSHIRE,NH,US,STATE,1,CASES
1966,20,NEW HAMPSHIRE,NH,US,STATE,5,CASES
1966,21,NEW HAMPSHIRE,NH,US,STATE,3,CASES
1966,22,NEW HAMPSHIRE,NH,US,STATE,2,CASES
1966,23,NEW HAMPSHIRE,NH,US,STATE,1,CASES
1966,24,NEW HAMPSHIRE,NH,US,STATE,5,CASES
1966,25,NEW HAMPSHIRE,NH,US,STATE,10,CASES
1966,26,NEW HAMPSHIRE,NH,US,STATE,5,CASES
1966,29,NEW HAMPSHIRE,NH,US,STATE,2,CASES
1966,31,NEW HAMPSHIRE,NH,US,STATE,8,CASES
1966,32,NEW HAMPSHIRE,NH,US,STATE,3,CASES
1966,33,NEW HAMPSHIRE,NH,US,STATE,1,CASES
1966,34,NEW HAMPSHIRE,NH,US,STATE,1,CASES
1967,10,NEW HAMPSHIRE,NH,US,STATE,2,CASES
1967,11,NEW HAMPSHIRE,NH,US,STATE,7,CASES
1967,13,NEW HAMPSHIRE,NH,US,STATE,1,CASES
1967,14,NEW HAMPSHIRE,NH,US,STATE,4,CASES
1967,16,NEW HAMPSHIRE,NH,US,STATE,1,CASES
1967,19,NEW HAMPSHIRE,NH,US,STATE,2,CASES
1967,21,NEW HAMPSHIRE,NH,US,STATE,1,CASES
1967,29,NEW HAMPSHIRE,NH,US,STATE,2,CASES
1967,41,NEW HAMPSHIRE,NH,US,STATE,2,CASES
1967,42,NEW HAMPSHIRE,NH,US,STATE,1,CASES
1967,49,NEW HAMPSHIRE,NH,US,STATE,1,CASES
1968,4,NEW HAMPSHIRE,NH,US,STATE,3,CASES
1968,5,NEW HAMPSHIRE,NH,US,STATE,7,CASES
1968,6,NEW HAMPSHIRE,NH,US,STATE,5,CASES
1968,7,NEW HAMPSHIRE,NH,US,STATE,1,CASES
1968,8,NEW HAMPSHIRE,NH,US,STATE,12,CASES
1968,9,NEW HAMPSHIRE,NH,US,STATE,1,CASES
1968,10,NEW HAMPSHIRE,NH,US,STATE,12,CASES
1968,11,NEW HAMPSHIRE,NH,US,STATE,5,CASES
1968,12,NEW HAMPSHIRE,NH,US,STATE,1,CASES
1968,13,NEW HAMPSHIRE,NH,US,STATE,1,CASES
1968,14,NEW HAMPSHIRE,NH,US,STATE,5,CASES
1968,15,NEW HAMPSHIRE,NH,US,STATE,3,CASES
1968,17,NEW HAMPSHIRE,NH,US,STATE,1,CASES
1968,18,NEW HAMPSHIRE,NH,US,STATE,11,CASES
1968,19,NEW HAMPSHIRE,NH,US,STATE,2,CASES
1968,20,NEW HAMPSHIRE,NH,US,STATE,8,CASES
1968,21,NEW HAMPSHIRE,NH,US,STATE,1,CASES
1968,49,NEW HAMPSHIRE,NH,US,STATE,1,CASES
1968,50,NEW HAMPSHIRE,NH,US,STATE,8,CASES
1969,4,NEW HAMPSHIRE,NH,US,STATE,1,CASES
1969,6,NEW HAMPSHIRE,NH,US,STATE,5,CASES
1969,9,NEW HAMPSHIRE,NH,US,STATE,8,CASES
1969,10,NEW HAMPSHIRE,NH,US,STATE,21,CASES
1969,13,NEW HAMPSHIRE,NH,US,STATE,10,CASES
1969,15,NEW HAMPSHIRE,NH,US,STATE,5,CASES
1969,16,NEW HAMPSHIRE,NH,US,STATE,85,CASES
1969,17,NEW HAMPSHIRE,NH,US,STATE,4,CASES
1969,18,NEW HAMPSHIRE,NH,US,STATE,2,CASES
1969,19,NEW HAMPSHIRE,NH,US,STATE,34,CASES
1969,20,NEW HAMPSHIRE,NH,US,STATE,8,CASES
1969,21,NEW HAMPSHIRE,NH,US,STATE,2,CASES
1969,22,NEW HAMPSHIRE,NH,US,STATE,6,CASES
1969,23,NEW HAMPSHIRE,NH,US,STATE,8,CASES
1969,24,NEW HAMPSHIRE,NH,US,STATE,2,CASES
1969,27,NEW HAMPSHIRE,NH,US,STATE,2,CASES
1969,29,NEW HAMPSHIRE,NH,US,STATE,1,CASES
1969,32,NEW HAMPSHIRE,NH,US,STATE,1,CASES
1969,40,NEW HAMPSHIRE,NH,US,STATE,1,CASES
1969,43,NEW HAMPSHIRE,NH,US,STATE,1,CASES
1969,44,NEW HAMPSHIRE,NH,US,STATE,1,CASES
1969,45,NEW HAMPSHIRE,NH,US,STATE,1,CASES
1969,46,NEW HAMPSHIRE,NH,US,STATE,1,CASES
1969,47,NEW HAMPSHIRE,NH,US,STATE,1,CASES
1969,50,NEW HAMPSHIRE,NH,US,STATE,1,CASES
1969,51,NEW HAMPSHIRE,NH,US,STATE,2,CASES
1969,52,NEW HAMPSHIRE,NH,US,STATE,1,CASES
1970,4,NEW HAMPSHIRE,NH,US,STATE,5,CASES
1970,6,NEW HAMPSHIRE,NH,US,STATE,4,CASES
1970,7,NEW HAMPSHIRE,NH,US,STATE,1,CASES
1970,8,NEW HAMPSHIRE,NH,US,STATE,1,CASES
1970,9,NEW HAMPSHIRE,NH,US,STATE,2,CASES
1970,10,NEW HAMPSHIRE,NH,US,STATE,4,CASES
1970,14,NEW HAMPSHIRE,NH,US,STATE,1,CASES
1970,16,NEW HAMPSHIRE,NH,US,STATE,1,CASES
1970,19,NEW HAMPSHIRE,NH,US,STATE,2,CASES
1970,20,NEW HAMPSHIRE,NH,US,STATE,2,CASES
1970,21,NEW HAMPSHIRE,NH,US,STATE,1,CASES
1970,23,NEW HAMPSHIRE,NH,US,STATE,22,CASES
1970,24,NEW HAMPSHIRE,NH,US,STATE,5,CASES
1970,25,NEW HAMPSHIRE,NH,US,STATE,1,CASES
1970,27,NEW HAMPSHIRE,NH,US,STATE,1,CASES
1970,31,NEW HAMPSHIRE,NH,US,STATE,1,CASES
1970,38,NEW HAMPSHIRE,NH,US,STATE,2,CASES
1970,40,NEW HAMPSHIRE,NH,US,STATE,4,CASES
1970,41,NEW HAMPSHIRE,NH,US,STATE,2,CASES
1970,42,NEW HAMPSHIRE,NH,US,STATE,1,CASES
1970,46,NEW HAMPSHIRE,NH,US,STATE,1,CASES
1971,4,NEW HAMPSHIRE,NH,US,STATE,2,CASES
1971,5,NEW HAMPSHIRE,NH,US,STATE,1,CASES
1971,7,NEW HAMPSHIRE,NH,US,STATE,3,CASES
1971,10,NEW HAMPSHIRE,NH,US,STATE,4,CASES
1971,11,NEW HAMPSHIRE,NH,US,STATE,2,CASES
1971,12,NEW HAMPSHIRE,NH,US,STATE,1,CASES
1971,13,NEW HAMPSHIRE,NH,US,STATE,15,CASES
1971,14,NEW HAMPSHIRE,NH,US,STATE,20,CASES
1971,15,NEW HAMPSHIRE,NH,US,STATE,30,CASES
1971,16,NEW HAMPSHIRE,NH,US,STATE,6,CASES
1971,17,NEW HAMPSHIRE,NH,US,STATE,7,CASES
1971,18,NEW HAMPSHIRE,NH,US,STATE,1,CASES
1971,19,NEW HAMPSHIRE,NH,US,STATE,1,CASES
1971,20,NEW HAMPSHIRE,NH,US,STATE,15,CASES
1971,22,NEW HAMPSHIRE,NH,US,STATE,35,CASES
1971,23,NEW HAMPSHIRE,NH,US,STATE,19,CASES
1971,24,NEW HAMPSHIRE,NH,US,STATE,4,CASES
1971,25,NEW HAMPSHIRE,NH,US,STATE,14,CASES
1971,26,NEW HAMPSHIRE,NH,US,STATE,1,CASES
1971,27,NEW HAMPSHIRE,NH,US,STATE,3,CASES
1971,30,NEW HAMPSHIRE,NH,US,STATE,2,CASES
1971,31,NEW HAMPSHIRE,NH,US,STATE,1,CASES
1971,32,NEW HAMPSHIRE,NH,US,STATE,3,CASES
1971,33,NEW HAMPSHIRE,NH,US,STATE,1,CASES
1971,36,NEW HAMPSHIRE,NH,US,STATE,1,CASES
1971,37,NEW HAMPSHIRE,NH,US,STATE,1,CASES
1971,38,NEW HAMPSHIRE,NH,US,STATE,2,CASES
1971,47,NEW HAMPSHIRE,NH,US,STATE,1,CASES
1971,48,NEW HAMPSHIRE,NH,US,STATE,1,CASES
1971,49,NEW HAMPSHIRE,NH,US,STATE,4,CASES
1972,3,NEW HAMPSHIRE,NH,US,STATE,3,CASES
1972,5,NEW HAMPSHIRE,NH,US,STATE,2,CASES
1972,7,NEW HAMPSHIRE,NH,US,STATE,9,CASES
1972,8,NEW HAMPSHIRE,NH,US,STATE,1,CASES
1972,9,NEW HAMPSHIRE,NH,US,STATE,4,CASES
1972,12,NEW HAMPSHIRE,NH,US,STATE,1,CASES
1972,13,NEW HAMPSHIRE,NH,US,STATE,58,CASES
1972,14,NEW HAMPSHIRE,NH,US,STATE,2,CASES
1972,16,NEW HAMPSHIRE,NH,US,STATE,2,CASES
1972,18,NEW HAMPSHIRE,NH,US,STATE,59,CASES
1972,19,NEW HAMPSHIRE,NH,US,STATE,6,CASES
1972,20,NEW HAMPSHIRE,NH,US,STATE,8,CASES
1972,21,NEW HAMPSHIRE,NH,US,STATE,5,CASES
1972,22,NEW HAMPSHIRE,NH,US,STATE,19,CASES
1972,23,NEW HAMPSHIRE,NH,US,STATE,9,CASES
1972,24,NEW HAMPSHIRE,NH,US,STATE,11,CASES
1972,28,NEW HAMPSHIRE,NH,US,STATE,2,CASES
1972,29,NEW HAMPSHIRE,NH,US,STATE,3,CASES
1972,32,NEW HAMPSHIRE,NH,US,STATE,1,CASES
1972,37,NEW HAMPSHIRE,NH,US,STATE,5,CASES
1972,38,NEW HAMPSHIRE,NH,US,STATE,11,CASES
1972,39,NEW HAMPSHIRE,NH,US,STATE,20,CASES
1972,40,NEW HAMPSHIRE,NH,US,STATE,2,CASES
1972,41,NEW HAMPSHIRE,NH,US,STATE,20,CASES
1972,42,NEW HAMPSHIRE,NH,US,STATE,33,CASES
1972,43,NEW HAMPSHIRE,NH,US,STATE,4,CASES
1972,44,NEW HAMPSHIRE,NH,US,STATE,16,CASES
1972,45,NEW HAMPSHIRE,NH,US,STATE,25,CASES
1972,46,NEW HAMPSHIRE,NH,US,STATE,66,CASES
1972,47,NEW HAMPSHIRE,NH,US,STATE,49,CASES
1972,48,NEW HAMPSHIRE,NH,US,STATE,215,CASES
1972,49,NEW HAMPSHIRE,NH,US,STATE,23,CASES
1972,50,NEW HAMPSHIRE,NH,US,STATE,15,CASES
1972,51,NEW HAMPSHIRE,NH,US,STATE,53,CASES
1973,1,NEW HAMPSHIRE,NH,US,STATE,22,CASES
1973,2,NEW HAMPSHIRE,NH,US,STATE,35,CASES
1973,3,NEW HAMPSHIRE,NH,US,STATE,35,CASES
1973,4,NEW HAMPSHIRE,NH,US,STATE,33,CASES
1973,5,NEW HAMPSHIRE,NH,US,STATE,74,CASES
1973,6,NEW HAMPSHIRE,NH,US,STATE,58,CASES
1973,7,NEW HAMPSHIRE,NH,US,STATE,29,CASES
1973,8,NEW HAMPSHIRE,NH,US,STATE,33,CASES
1973,9,NEW HAMPSHIRE,NH,US,STATE,52,CASES
1973,10,NEW HAMPSHIRE,NH,US,STATE,100,CASES
1973,11,NEW HAMPSHIRE,NH,US,STATE,15,CASES
1973,12,NEW HAMPSHIRE,NH,US,STATE,15,CASES
1973,13,NEW HAMPSHIRE,NH,US,STATE,18,CASES
1973,14,NEW HAMPSHIRE,NH,US,STATE,2,CASES
1973,15,NEW HAMPSHIRE,NH,US,STATE,17,CASES
1973,16,NEW HAMPSHIRE,NH,US,STATE,20,CASES
1973,17,NEW HAMPSHIRE,NH,US,STATE,5,CASES
1973,18,NEW HAMPSHIRE,NH,US,STATE,1,CASES
1973,19,NEW HAMPSHIRE,NH,US,STATE,4,CASES
1973,20,NEW HAMPSHIRE,NH,US,STATE,5,CASES
1973,21,NEW HAMPSHIRE,NH,US,STATE,2,CASES
1973,22,NEW HAMPSHIRE,NH,US,STATE,3,CASES
1973,23,NEW HAMPSHIRE,NH,US,STATE,4,CASES
1973,24,NEW HAMPSHIRE,NH,US,STATE,3,CASES
1973,25,NEW HAMPSHIRE,NH,US,STATE,2,CASES
1973,26,NEW HAMPSHIRE,NH,US,STATE,6,CASES
1973,27,NEW HAMPSHIRE,NH,US,STATE,6,CASES
1973,28,NEW HAMPSHIRE,NH,US,STATE,4,CASES
1973,29,NEW HAMPSHIRE,NH,US,STATE,2,CASES
1973,30,NEW HAMPSHIRE,NH,US,STATE,1,CASES
1973,31,NEW HAMPSHIRE,NH,US,STATE,1,CASES
1973,32,NEW HAMPSHIRE,NH,US,STATE,1,CASES
1973,41,NEW HAMPSHIRE,NH,US,STATE,17,CASES
1973,42,NEW HAMPSHIRE,NH,US,STATE,11,CASES
1973,43,NEW HAMPSHIRE,NH,US,STATE,1,CASES
1973,44,NEW HAMPSHIRE,NH,US,STATE,8,CASES
1973,45,NEW HAMPSHIRE,NH,US,STATE,2,CASES
1973,46,NEW HAMPSHIRE,NH,US,STATE,5,CASES
1973,47,NEW HAMPSHIRE,NH,US,STATE,35,CASES
1973,48,NEW HAMPSHIRE,NH,US,STATE,12,CASES
1973,49,NEW HAMPSHIRE,NH,US,STATE,9,CASES
1973,50,NEW HAMPSHIRE,NH,US,STATE,11,CASES
1973,51,NEW HAMPSHIRE,NH,US,STATE,10,CASES
1973,52,NEW HAMPSHIRE,NH,US,STATE,8,CASES
1974,1,NEW HAMPSHIRE,NH,US,STATE,10,CASES
1974,2,NEW HAMPSHIRE,NH,US,STATE,33,CASES
1974,3,NEW HAMPSHIRE,NH,US,STATE,28,CASES
1974,4,NEW HAMPSHIRE,NH,US,STATE,12,CASES
1974,5,NEW HAMPSHIRE,NH,US,STATE,8,CASES
1974,6,NEW HAMPSHIRE,NH,US,STATE,4,CASES
1974,7,NEW HAMPSHIRE,NH,US,STATE,5,CASES
1974,9,NEW HAMPSHIRE,NH,US,STATE,7,CASES
1974,10,NEW HAMPSHIRE,NH,US,STATE,4,CASES
1974,11,NEW HAMPSHIRE,NH,US,STATE,12,CASES
1974,12,NEW HAMPSHIRE,NH,US,STATE,17,CASES
1974,13,NEW HAMPSHIRE,NH,US,STATE,5,CASES
1974,14,NEW HAMPSHIRE,NH,US,STATE,4,CASES
1974,15,NEW HAMPSHIRE,NH,US,STATE,3,CASES
1974,19,NEW HAMPSHIRE,NH,US,STATE,1,CASES
1974,27,NEW HAMPSHIRE,NH,US,STATE,1,CASES
1974,34,NEW HAMPSHIRE,NH,US,STATE,1,CASES
1974,41,NEW HAMPSHIRE,NH,US,STATE,1,CASES
1974,52,NEW HAMPSHIRE,NH,US,STATE,1,CASES
1975,5,NEW HAMPSHIRE,NH,US,STATE,8,CASES
1975,6,NEW HAMPSHIRE,NH,US,STATE,1,CASES
1975,7,NEW HAMPSHIRE,NH,US,STATE,1,CASES
1975,10,NEW HAMPSHIRE,NH,US,STATE,1,CASES
1975,11,NEW HAMPSHIRE,NH,US,STATE,1,CASES
1975,13,NEW HAMPSHIRE,NH,US,STATE,1,CASES
1975,14,NEW HAMPSHIRE,NH,US,STATE,2,CASES
1975,17,NEW HAMPSHIRE,NH,US,STATE,1,CASES
1975,28,NEW HAMPSHIRE,NH,US,STATE,1,CASES
1975,50,NEW HAMPSHIRE,NH,US,STATE,1,CASES
1976,14,NEW HAMPSHIRE,NH,US,STATE,1,CASES
1976,20,NEW HAMPSHIRE,NH,US,STATE,2,CASES
1976,22,NEW HAMPSHIRE,NH,US,STATE,2,CASES
1976,27,NEW HAMPSHIRE,NH,US,STATE,1,CASES
1976,29,NEW HAMPSHIRE,NH,US,STATE,1,CASES
1976,50,NEW HAMPSHIRE,NH,US,STATE,1,CASES
1977,4,NEW HAMPSHIRE,NH,US,STATE,12,CASES
1977,5,NEW HAMPSHIRE,NH,US,STATE,11,CASES
1977,6,NEW HAMPSHIRE,NH,US,STATE,59,CASES
1977,7,NEW HAMPSHIRE,NH,US,STATE,9,CASES
1977,8,NEW HAMPSHIRE,NH,US,STATE,7,CASES
1977,11,NEW HAMPSHIRE,NH,US,STATE,1,CASES
1977,12,NEW HAMPSHIRE,NH,US,STATE,1,CASES
1977,13,NEW HAMPSHIRE,NH,US,STATE,37,CASES
1977,14,NEW HAMPSHIRE,NH,US,STATE,7,CASES
1977,15,NEW HAMPSHIRE,NH,US,STATE,13,CASES
1977,16,NEW HAMPSHIRE,NH,US,STATE,9,CASES
1977,17,NEW HAMPSHIRE,NH,US,STATE,11,CASES
1977,18,NEW HAMPSHIRE,NH,US,STATE,23,CASES
1977,19,NEW HAMPSHIRE,NH,US,STATE,8,CASES
1977,20,NEW HAMPSHIRE,NH,US,STATE,4,CASES
1977,21,NEW HAMPSHIRE,NH,US,STATE,2,CASES
1977,22,NEW HAMPSHIRE,NH,US,STATE,5,CASES
1977,23,NEW HAMPSHIRE,NH,US,STATE,10,CASES
1977,24,NEW HAMPSHIRE,NH,US,STATE,8,CASES
1977,25,NEW HAMPSHIRE,NH,US,STATE,14,CASES
1977,26,NEW HAMPSHIRE,NH,US,STATE,3,CASES
1977,27,NEW HAMPSHIRE,NH,US,STATE,1,CASES
1977,44,NEW HAMPSHIRE,NH,US,STATE,1,CASES
1977,51,NEW HAMPSHIRE,NH,US,STATE,2,CASES
1978,3,NEW HAMPSHIRE,NH,US,STATE,2,CASES
1978,4,NEW HAMPSHIRE,NH,US,STATE,1,CASES
1978,8,NEW HAMPSHIRE,NH,US,STATE,1,CASES
1978,9,NEW HAMPSHIRE,NH,US,STATE,1,CASES
1978,10,NEW HAMPSHIRE,NH,US,STATE,1,CASES
1978,13,NEW HAMPSHIRE,NH,US,STATE,1,CASES
1978,19,NEW HAMPSHIRE,NH,US,STATE,5,CASES
1978,20,NEW HAMPSHIRE,NH,US,STATE,2,CASES
1978,21,NEW HAMPSHIRE,NH,US,STATE,1,CASES
1978,22,NEW HAMPSHIRE,NH,US,STATE,1,CASES
1978,23,NEW HAMPSHIRE,NH,US,STATE,1,CASES
1978,24,NEW HAMPSHIRE,NH,US,STATE,4,CASES
1978,25,NEW HAMPSHIRE,NH,US,STATE,1,CASES
1978,42,NEW HAMPSHIRE,NH,US,STATE,2,CASES
1978,43,NEW HAMPSHIRE,NH,US,STATE,1,CASES
1978,44,NEW HAMPSHIRE,NH,US,STATE,6,CASES
1978,45,NEW HAMPSHIRE,NH,US,STATE,5,CASES
1978,46,NEW HAMPSHIRE,NH,US,STATE,10,CASES
1978,47,NEW HAMPSHIRE,NH,US,STATE,2,CASES
1978,48,NEW HAMPSHIRE,NH,US,STATE,4,CASES
1978,50,NEW HAMPSHIRE,NH,US,STATE,2,CASES
1979,3,NEW HAMPSHIRE,NH,US,STATE,1,CASES
1979,5,NEW HAMPSHIRE,NH,US,STATE,1,CASES
1979,10,NEW HAMPSHIRE,NH,US,STATE,1,CASES
1979,16,NEW HAMPSHIRE,NH,US,STATE,1,CASES
1979,17,NEW HAMPSHIRE,NH,US,STATE,1,CASES
1979,18,NEW HAMPSHIRE,NH,US,STATE,3,CASES
1979,19,NEW HAMPSHIRE,NH,US,STATE,3,CASES
1979,20,NEW HAMPSHIRE,NH,US,STATE,1,CASES
1979,23,NEW HAMPSHIRE,NH,US,STATE,1,CASES
1979,24,NEW HAMPSHIRE,NH,US,STATE,3,CASES
1979,31,NEW HAMPSHIRE,NH,US,STATE,2,CASES
1979,32,NEW HAMPSHIRE,NH,US,STATE,1,CASES
1980,3,NEW HAMPSHIRE,NH,US,STATE,4,CASES
1980,4,NEW HAMPSHIRE,NH,US,STATE,2,CASES
1980,6,NEW HAMPSHIRE,NH,US,STATE,1,CASES
1980,7,NEW HAMPSHIRE,NH,US,STATE,31,CASES
1980,8,NEW HAMPSHIRE,NH,US,STATE,2,CASES
1980,9,NEW HAMPSHIRE,NH,US,STATE,23,CASES
1980,10,NEW HAMPSHIRE,NH,US,STATE,4,CASES
1980,11,NEW HAMPSHIRE,NH,US,STATE,24,CASES
1980,12,NEW HAMPSHIRE,NH,US,STATE,8,CASES
1980,13,NEW HAMPSHIRE,NH,US,STATE,14,CASES
1980,14,NEW HAMPSHIRE,NH,US,STATE,14,CASES
1980,15,NEW HAMPSHIRE,NH,US,STATE,2,CASES
1980,16,NEW HAMPSHIRE,NH,US,STATE,26,CASES
1980,17,NEW HAMPSHIRE,NH,US,STATE,1,CASES
1980,18,NEW HAMPSHIRE,NH,US,STATE,11,CASES
1980,19,NEW HAMPSHIRE,NH,US,STATE,5,CASES
1980,20,NEW HAMPSHIRE,NH,US,STATE,8,CASES
1980,21,NEW HAMPSHIRE,NH,US,STATE,21,CASES
1980,22,NEW HAMPSHIRE,NH,US,STATE,6,CASES
1980,23,NEW HAMPSHIRE,NH,US,STATE,9,CASES
1980,24,NEW HAMPSHIRE,NH,US,STATE,9,CASES
1980,25,NEW HAMPSHIRE,NH,US,STATE,5,CASES
1980,26,NEW HAMPSHIRE,NH,US,STATE,7,CASES
1980,28,NEW HAMPSHIRE,NH,US,STATE,1,CASES
1980,29,NEW HAMPSHIRE,NH,US,STATE,1,CASES
1980,47,NEW HAMPSHIRE,NH,US,STATE,3,CASES
1981,13,NEW HAMPSHIRE,NH,US,STATE,1,CASES
1981,15,NEW HAMPSHIRE,NH,US,STATE,1,CASES
1981,46,NEW HAMPSHIRE,NH,US,STATE,1,CASES
1981,48,NEW HAMPSHIRE,NH,US,STATE,1,CASES
1981,49,NEW HAMPSHIRE,NH,US,STATE,1,CASES
1982,1,NEW HAMPSHIRE,NH,US,STATE,1,CASES
1982,7,NEW HAMPSHIRE,NH,US,STATE,1,CASES
1982,15,NEW HAMPSHIRE,NH,US,STATE,1,CASES
1982,24,NEW HAMPSHIRE,NH,US,STATE,1,CASES
1982,38,NEW HAMPSHIRE,NH,US,STATE,1,CASES
1953,47,NEW HAMPSHIRE,NH,US,STATE,3,CASES
