year,week,loc,state,country,loc_type,number,event
1968,1,NEW JERSEY,NJ,US,STATE,195,CASES
1968,2,NEW JERSEY,NJ,US,STATE,145,CASES
1968,3,NEW JERSEY,NJ,US,STATE,205,CASES
1968,4,NEW JERSEY,NJ,US,STATE,222,CASES
1968,6,NEW JERSEY,NJ,US,STATE,170,CASES
1968,7,NEW JERSEY,NJ,US,STATE,126,CASES
1968,8,NEW JERSEY,NJ,US,STATE,123,CASES
1968,9,NEW JERSEY,NJ,US,STATE,110,CASES
1968,10,NEW JERSEY,NJ,US,STATE,263,CASES
1968,11,NEW JERSEY,NJ,US,STATE,161,CASES
1968,12,NEW JERSEY,NJ,US,STATE,91,CASES
1968,13,NEW JERSEY,NJ,US,STATE,125,CASES
1968,14,NEW JERSEY,NJ,US,STATE,140,CASES
1968,15,NEW JERSEY,NJ,US,STATE,101,CASES
1968,16,NEW JERSEY,NJ,US,STATE,130,CASES
1968,17,NEW JERSEY,NJ,US,STATE,46,CASES
1968,18,NEW JERSEY,NJ,US,STATE,68,CASES
1968,19,NEW JERSEY,NJ,US,STATE,72,CASES
1968,20,NEW JERSEY,NJ,US,STATE,135,CASES
1968,21,NEW JERSEY,NJ,US,STATE,145,CASES
1968,22,NEW JERSEY,NJ,US,STATE,40,CASES
1968,23,NEW JERSEY,NJ,US,STATE,64,CASES
1968,24,NEW JERSEY,NJ,US,STATE,64,CASES
1968,25,NEW JERSEY,NJ,US,STATE,98,CASES
1968,26,NEW JERSEY,NJ,US,STATE,37,CASES
1968,27,NEW JERSEY,NJ,US,STATE,7,CASES
1968,28,NEW JERSEY,NJ,US,STATE,25,CASES
1968,29,NEW JERSEY,NJ,US,STATE,18,CASES
1968,30,NEW JERSEY,NJ,US,STATE,6,CASES
1968,31,NEW JERSEY,NJ,US,STATE,18,CASES
1968,32,NEW JERSEY,NJ,US,STATE,2,CASES
1968,33,NEW JERSEY,NJ,US,STATE,4,CASES
1968,34,NEW JERSEY,NJ,US,STATE,4,CASES
1968,35,NEW JERSEY,NJ,US,STATE,1,CASES
1968,36,NEW JERSEY,NJ,US,STATE,1,CASES
1968,37,NEW JERSEY,NJ,US,STATE,8,CASES
1968,38,NEW JERSEY,NJ,US,STATE,14,CASES
1968,39,NEW JERSEY,NJ,US,STATE,6,CASES
1968,40,NEW JERSEY,NJ,US,STATE,18,CASES
1968,41,NEW JERSEY,NJ,US,STATE,9,CASES
1968,42,NEW JERSEY,NJ,US,STATE,8,CASES
1968,43,NEW JERSEY,NJ,US,STATE,12,CASES
1968,44,NEW JERSEY,NJ,US,STATE,71,CASES
1968,45,NEW JERSEY,NJ,US,STATE,47,CASES
1968,46,NEW JERSEY,NJ,US,STATE,49,CASES
1968,47,NEW JERSEY,NJ,US,STATE,33,CASES
1968,48,NEW JERSEY,NJ,US,STATE,27,CASES
1968,49,NEW JERSEY,NJ,US,STATE,148,CASES
1968,50,NEW JERSEY,NJ,US,STATE,28,CASES
1968,51,NEW JERSEY,NJ,US,STATE,85,CASES
1968,52,NEW JERSEY,NJ,US,STATE,83,CASES
1969,1,NEW JERSEY,NJ,US,STATE,35,CASES
1969,2,NEW JERSEY,NJ,US,STATE,9,CASES
1969,3,NEW JERSEY,NJ,US,STATE,54,CASES
1969,4,NEW JERSEY,NJ,US,STATE,28,CASES
1969,5,NEW JERSEY,NJ,US,STATE,50,CASES
1969,6,NEW JERSEY,NJ,US,STATE,47,CASES
1969,7,NEW JERSEY,NJ,US,STATE,57,CASES
1969,8,NEW JERSEY,NJ,US,STATE,35,CASES
1969,9,NEW JERSEY,NJ,US,STATE,71,CASES
1969,10,NEW JERSEY,NJ,US,STATE,28,CASES
1969,12,NEW JERSEY,NJ,US,STATE,59,CASES
1969,13,NEW JERSEY,NJ,US,STATE,149,CASES
1969,14,NEW JERSEY,NJ,US,STATE,15,CASES
1969,15,NEW JERSEY,NJ,US,STATE,41,CASES
1969,16,NEW JERSEY,NJ,US,STATE,48,CASES
1969,17,NEW JERSEY,NJ,US,STATE,54,CASES
1969,18,NEW JERSEY,NJ,US,STATE,16,CASES
1969,19,NEW JERSEY,NJ,US,STATE,82,CASES
1969,20,NEW JERSEY,NJ,US,STATE,50,CASES
1969,21,NEW JERSEY,NJ,US,STATE,75,CASES
1969,22,NEW JERSEY,NJ,US,STATE,60,CASES
1969,23,NEW JERSEY,NJ,US,STATE,41,CASES
1969,24,NEW JERSEY,NJ,US,STATE,81,CASES
1969,25,NEW JERSEY,NJ,US,STATE,72,CASES
1969,26,NEW JERSEY,NJ,US,STATE,18,CASES
1969,27,NEW JERSEY,NJ,US,STATE,10,CASES
1969,28,NEW JERSEY,NJ,US,STATE,15,CASES
1969,29,NEW JERSEY,NJ,US,STATE,18,CASES
1969,30,NEW JERSEY,NJ,US,STATE,8,CASES
1969,31,NEW JERSEY,NJ,US,STATE,2,CASES
1969,32,NEW JERSEY,NJ,US,STATE,4,CASES
1969,33,NEW JERSEY,NJ,US,STATE,6,CASES
1969,34,NEW JERSEY,NJ,US,STATE,2,CASES
1969,35,NEW JERSEY,NJ,US,STATE,5,CASES
1969,36,NEW JERSEY,NJ,US,STATE,9,CASES
1969,37,NEW JERSEY,NJ,US,STATE,4,CASES
1969,38,NEW JERSEY,NJ,US,STATE,4,CASES
1969,39,NEW JERSEY,NJ,US,STATE,5,CASES
1969,40,NEW JERSEY,NJ,US,STATE,30,CASES
1969,41,NEW JERSEY,NJ,US,STATE,14,CASES
1969,42,NEW JERSEY,NJ,US,STATE,15,CASES
1969,43,NEW JERSEY,NJ,US,STATE,24,CASES
1969,44,NEW JERSEY,NJ,US,STATE,6,CASES
1969,45,NEW JERSEY,NJ,US,STATE,46,CASES
1969,46,NEW JERSEY,NJ,US,STATE,25,CASES
1969,47,NEW JERSEY,NJ,US,STATE,89,CASES
1969,48,NEW JERSEY,NJ,US,STATE,17,CASES
1969,49,NEW JERSEY,NJ,US,STATE,45,CASES
1969,50,NEW JERSEY,NJ,US,STATE,28,CASES
1969,51,NEW JERSEY,NJ,US,STATE,30,CASES
1969,52,NEW JERSEY,NJ,US,STATE,69,CASES
1970,1,NEW JERSEY,NJ,US,STATE,50,CASES
1970,2,NEW JERSEY,NJ,US,STATE,124,CASES
1970,3,NEW JERSEY,NJ,US,STATE,105,CASES
1970,4,NEW JERSEY,NJ,US,STATE,76,CASES
1970,5,NEW JERSEY,NJ,US,STATE,85,CASES
1970,6,NEW JERSEY,NJ,US,STATE,81,CASES
1970,8,NEW JERSEY,NJ,US,STATE,167,CASES
1970,9,NEW JERSEY,NJ,US,STATE,8,CASES
1970,10,NEW JERSEY,NJ,US,STATE,77,CASES
1970,11,NEW JERSEY,NJ,US,STATE,79,CASES
1970,12,NEW JERSEY,NJ,US,STATE,13,CASES
1970,13,NEW JERSEY,NJ,US,STATE,79,CASES
1970,14,NEW JERSEY,NJ,US,STATE,137,CASES
1970,15,NEW JERSEY,NJ,US,STATE,228,CASES
1970,16,NEW JERSEY,NJ,US,STATE,36,CASES
1970,17,NEW JERSEY,NJ,US,STATE,24,CASES
1970,18,NEW JERSEY,NJ,US,STATE,146,CASES
1970,19,NEW JERSEY,NJ,US,STATE,42,CASES
1970,20,NEW JERSEY,NJ,US,STATE,26,CASES
1970,21,NEW JERSEY,NJ,US,STATE,92,CASES
1970,22,NEW JERSEY,NJ,US,STATE,88,CASES
1970,23,NEW JERSEY,NJ,US,STATE,60,CASES
1970,24,NEW JERSEY,NJ,US,STATE,66,CASES
1970,25,NEW JERSEY,NJ,US,STATE,47,CASES
1970,26,NEW JERSEY,NJ,US,STATE,19,CASES
1970,27,NEW JERSEY,NJ,US,STATE,10,CASES
1970,28,NEW JERSEY,NJ,US,STATE,10,CASES
1970,29,NEW JERSEY,NJ,US,STATE,57,CASES
1970,30,NEW JERSEY,NJ,US,STATE,11,CASES
1970,31,NEW JERSEY,NJ,US,STATE,14,CASES
1970,32,NEW JERSEY,NJ,US,STATE,7,CASES
1970,33,NEW JERSEY,NJ,US,STATE,2,CASES
1970,34,NEW JERSEY,NJ,US,STATE,3,CASES
1970,35,NEW JERSEY,NJ,US,STATE,11,CASES
1970,36,NEW JERSEY,NJ,US,STATE,4,CASES
1970,37,NEW JERSEY,NJ,US,STATE,8,CASES
1970,38,NEW JERSEY,NJ,US,STATE,8,CASES
1970,39,NEW JERSEY,NJ,US,STATE,5,CASES
1970,40,NEW JERSEY,NJ,US,STATE,3,CASES
1970,41,NEW JERSEY,NJ,US,STATE,11,CASES
1970,42,NEW JERSEY,NJ,US,STATE,3,CASES
1970,43,NEW JERSEY,NJ,US,STATE,48,CASES
1970,45,NEW JERSEY,NJ,US,STATE,79,CASES
1970,46,NEW JERSEY,NJ,US,STATE,64,CASES
1970,47,NEW JERSEY,NJ,US,STATE,39,CASES
1970,48,NEW JERSEY,NJ,US,STATE,126,CASES
1970,49,NEW JERSEY,NJ,US,STATE,41,CASES
1970,50,NEW JERSEY,NJ,US,STATE,170,CASES
1970,51,NEW JERSEY,NJ,US,STATE,53,CASES
1970,52,NEW JERSEY,NJ,US,STATE,30,CASES
1971,1,NEW JERSEY,NJ,US,STATE,95,CASES
1971,2,NEW JERSEY,NJ,US,STATE,79,CASES
1971,3,NEW JERSEY,NJ,US,STATE,78,CASES
1971,4,NEW JERSEY,NJ,US,STATE,62,CASES
1971,5,NEW JERSEY,NJ,US,STATE,69,CASES
1971,6,NEW JERSEY,NJ,US,STATE,106,CASES
1971,7,NEW JERSEY,NJ,US,STATE,31,CASES
1971,9,NEW JERSEY,NJ,US,STATE,98,CASES
1971,10,NEW JERSEY,NJ,US,STATE,42,CASES
1971,11,NEW JERSEY,NJ,US,STATE,65,CASES
1971,12,NEW JERSEY,NJ,US,STATE,84,CASES
1971,13,NEW JERSEY,NJ,US,STATE,84,CASES
1971,14,NEW JERSEY,NJ,US,STATE,70,CASES
1971,15,NEW JERSEY,NJ,US,STATE,45,CASES
1971,16,NEW JERSEY,NJ,US,STATE,42,CASES
1971,17,NEW JERSEY,NJ,US,STATE,79,CASES
1971,18,NEW JERSEY,NJ,US,STATE,41,CASES
1971,19,NEW JERSEY,NJ,US,STATE,51,CASES
1971,20,NEW JERSEY,NJ,US,STATE,119,CASES
1971,21,NEW JERSEY,NJ,US,STATE,35,CASES
1971,22,NEW JERSEY,NJ,US,STATE,24,CASES
1971,23,NEW JERSEY,NJ,US,STATE,54,CASES
1971,24,NEW JERSEY,NJ,US,STATE,36,CASES
1971,25,NEW JERSEY,NJ,US,STATE,15,CASES
1971,26,NEW JERSEY,NJ,US,STATE,42,CASES
1971,27,NEW JERSEY,NJ,US,STATE,16,CASES
1971,28,NEW JERSEY,NJ,US,STATE,5,CASES
1971,29,NEW JERSEY,NJ,US,STATE,10,CASES
1971,30,NEW JERSEY,NJ,US,STATE,3,CASES
1971,31,NEW JERSEY,NJ,US,STATE,5,CASES
1971,32,NEW JERSEY,NJ,US,STATE,7,CASES
1971,33,NEW JERSEY,NJ,US,STATE,7,CASES
1971,37,NEW JERSEY,NJ,US,STATE,6,CASES
1971,38,NEW JERSEY,NJ,US,STATE,3,CASES
1971,39,NEW JERSEY,NJ,US,STATE,7,CASES
1971,40,NEW JERSEY,NJ,US,STATE,8,CASES
1971,41,NEW JERSEY,NJ,US,STATE,3,CASES
1971,42,NEW JERSEY,NJ,US,STATE,4,CASES
1971,43,NEW JERSEY,NJ,US,STATE,4,CASES
1971,44,NEW JERSEY,NJ,US,STATE,2,CASES
1971,45,NEW JERSEY,NJ,US,STATE,17,CASES
1971,46,NEW JERSEY,NJ,US,STATE,3,CASES
1971,47,NEW JERSEY,NJ,US,STATE,61,CASES
1971,48,NEW JERSEY,NJ,US,STATE,5,CASES
1971,49,NEW JERSEY,NJ,US,STATE,4,CASES
1971,50,NEW JERSEY,NJ,US,STATE,3,CASES
1971,51,NEW JERSEY,NJ,US,STATE,16,CASES
1972,1,NEW JERSEY,NJ,US,STATE,121,CASES
1972,3,NEW JERSEY,NJ,US,STATE,32,CASES
1972,4,NEW JERSEY,NJ,US,STATE,17,CASES
1972,5,NEW JERSEY,NJ,US,STATE,18,CASES
1972,6,NEW JERSEY,NJ,US,STATE,20,CASES
1972,7,NEW JERSEY,NJ,US,STATE,28,CASES
1972,8,NEW JERSEY,NJ,US,STATE,16,CASES
1972,9,NEW JERSEY,NJ,US,STATE,6,CASES
1972,10,NEW JERSEY,NJ,US,STATE,20,CASES
1972,11,NEW JERSEY,NJ,US,STATE,53,CASES
1972,12,NEW JERSEY,NJ,US,STATE,35,CASES
1972,13,NEW JERSEY,NJ,US,STATE,46,CASES
1972,14,NEW JERSEY,NJ,US,STATE,43,CASES
1972,15,NEW JERSEY,NJ,US,STATE,9,CASES
1972,16,NEW JERSEY,NJ,US,STATE,48,CASES
1972,17,NEW JERSEY,NJ,US,STATE,4,CASES
1972,18,NEW JERSEY,NJ,US,STATE,13,CASES
1972,19,NEW JERSEY,NJ,US,STATE,16,CASES
1972,20,NEW JERSEY,NJ,US,STATE,6,CASES
1972,21,NEW JERSEY,NJ,US,STATE,9,CASES
1972,22,NEW JERSEY,NJ,US,STATE,5,CASES
1972,23,NEW JERSEY,NJ,US,STATE,7,CASES
1972,24,NEW JERSEY,NJ,US,STATE,30,CASES
1972,25,NEW JERSEY,NJ,US,STATE,27,CASES
1972,26,NEW JERSEY,NJ,US,STATE,19,CASES
1972,27,NEW JERSEY,NJ,US,STATE,2,CASES
1972,28,NEW JERSEY,NJ,US,STATE,7,CASES
1972,29,NEW JERSEY,NJ,US,STATE,5,CASES
1972,30,NEW JERSEY,NJ,US,STATE,5,CASES
1972,32,NEW JERSEY,NJ,US,STATE,5,CASES
1972,33,NEW JERSEY,NJ,US,STATE,1,CASES
1972,35,NEW JERSEY,NJ,US,STATE,1,CASES
1972,36,NEW JERSEY,NJ,US,STATE,4,CASES
1972,37,NEW JERSEY,NJ,US,STATE,3,CASES
1972,38,NEW JERSEY,NJ,US,STATE,2,CASES
1972,39,NEW JERSEY,NJ,US,STATE,4,CASES
1972,40,NEW JERSEY,NJ,US,STATE,3,CASES
1972,41,NEW JERSEY,NJ,US,STATE,6,CASES
1972,42,NEW JERSEY,NJ,US,STATE,8,CASES
1972,43,NEW JERSEY,NJ,US,STATE,11,CASES
1972,45,NEW JERSEY,NJ,US,STATE,32,CASES
1972,46,NEW JERSEY,NJ,US,STATE,24,CASES
1972,47,NEW JERSEY,NJ,US,STATE,9,CASES
1972,48,NEW JERSEY,NJ,US,STATE,121,CASES
1972,49,NEW JERSEY,NJ,US,STATE,60,CASES
1972,50,NEW JERSEY,NJ,US,STATE,18,CASES
1972,51,NEW JERSEY,NJ,US,STATE,19,CASES
1973,1,NEW JERSEY,NJ,US,STATE,7,CASES
1973,2,NEW JERSEY,NJ,US,STATE,20,CASES
1973,3,NEW JERSEY,NJ,US,STATE,66,CASES
1973,4,NEW JERSEY,NJ,US,STATE,43,CASES
1973,5,NEW JERSEY,NJ,US,STATE,18,CASES
1973,6,NEW JERSEY,NJ,US,STATE,55,CASES
1973,7,NEW JERSEY,NJ,US,STATE,35,CASES
1973,8,NEW JERSEY,NJ,US,STATE,61,CASES
1973,9,NEW JERSEY,NJ,US,STATE,26,CASES
1973,10,NEW JERSEY,NJ,US,STATE,35,CASES
1973,11,NEW JERSEY,NJ,US,STATE,54,CASES
1973,12,NEW JERSEY,NJ,US,STATE,57,CASES
1973,13,NEW JERSEY,NJ,US,STATE,30,CASES
1973,14,NEW JERSEY,NJ,US,STATE,34,CASES
1973,15,NEW JERSEY,NJ,US,STATE,65,CASES
1973,16,NEW JERSEY,NJ,US,STATE,158,CASES
1973,17,NEW JERSEY,NJ,US,STATE,215,CASES
1973,18,NEW JERSEY,NJ,US,STATE,40,CASES
1973,19,NEW JERSEY,NJ,US,STATE,109,CASES
1973,20,NEW JERSEY,NJ,US,STATE,29,CASES
1973,21,NEW JERSEY,NJ,US,STATE,21,CASES
1973,22,NEW JERSEY,NJ,US,STATE,38,CASES
1973,23,NEW JERSEY,NJ,US,STATE,72,CASES
1973,24,NEW JERSEY,NJ,US,STATE,79,CASES
1973,25,NEW JERSEY,NJ,US,STATE,18,CASES
1973,26,NEW JERSEY,NJ,US,STATE,17,CASES
1973,27,NEW JERSEY,NJ,US,STATE,15,CASES
1973,28,NEW JERSEY,NJ,US,STATE,20,CASES
1973,29,NEW JERSEY,NJ,US,STATE,14,CASES
1973,30,NEW JERSEY,NJ,US,STATE,12,CASES
1973,31,NEW JERSEY,NJ,US,STATE,4,CASES
1973,32,NEW JERSEY,NJ,US,STATE,4,CASES
1973,33,NEW JERSEY,NJ,US,STATE,5,CASES
1973,34,NEW JERSEY,NJ,US,STATE,6,CASES
1973,35,NEW JERSEY,NJ,US,STATE,7,CASES
1973,36,NEW JERSEY,NJ,US,STATE,2,CASES
1973,37,NEW JERSEY,NJ,US,STATE,8,CASES
1973,39,NEW JERSEY,NJ,US,STATE,6,CASES
1973,40,NEW JERSEY,NJ,US,STATE,3,CASES
1973,41,NEW JERSEY,NJ,US,STATE,3,CASES
1973,42,NEW JERSEY,NJ,US,STATE,12,CASES
1973,43,NEW JERSEY,NJ,US,STATE,3,CASES
1973,45,NEW JERSEY,NJ,US,STATE,12,CASES
1973,46,NEW JERSEY,NJ,US,STATE,28,CASES
1973,47,NEW JERSEY,NJ,US,STATE,5,CASES
1973,48,NEW JERSEY,NJ,US,STATE,26,CASES
1973,49,NEW JERSEY,NJ,US,STATE,20,CASES
1973,50,NEW JERSEY,NJ,US,STATE,21,CASES
1973,51,NEW JERSEY,NJ,US,STATE,29,CASES
1973,52,NEW JERSEY,NJ,US,STATE,5,CASES
1974,1,NEW JERSEY,NJ,US,STATE,3,CASES
1974,2,NEW JERSEY,NJ,US,STATE,62,CASES
1974,3,NEW JERSEY,NJ,US,STATE,20,CASES
1974,4,NEW JERSEY,NJ,US,STATE,42,CASES
1974,5,NEW JERSEY,NJ,US,STATE,33,CASES
1974,6,NEW JERSEY,NJ,US,STATE,49,CASES
1974,7,NEW JERSEY,NJ,US,STATE,26,CASES
1974,8,NEW JERSEY,NJ,US,STATE,17,CASES
1974,9,NEW JERSEY,NJ,US,STATE,57,CASES
1974,10,NEW JERSEY,NJ,US,STATE,22,CASES
1974,11,NEW JERSEY,NJ,US,STATE,20,CASES
1974,12,NEW JERSEY,NJ,US,STATE,19,CASES
1974,13,NEW JERSEY,NJ,US,STATE,10,CASES
1974,14,NEW JERSEY,NJ,US,STATE,19,CASES
1974,15,NEW JERSEY,NJ,US,STATE,21,CASES
1974,16,NEW JERSEY,NJ,US,STATE,12,CASES
1974,17,NEW JERSEY,NJ,US,STATE,14,CASES
1974,18,NEW JERSEY,NJ,US,STATE,9,CASES
1974,19,NEW JERSEY,NJ,US,STATE,28,CASES
1974,20,NEW JERSEY,NJ,US,STATE,39,CASES
1974,21,NEW JERSEY,NJ,US,STATE,5,CASES
1974,22,NEW JERSEY,NJ,US,STATE,6,CASES
1974,24,NEW JERSEY,NJ,US,STATE,9,CASES
1974,25,NEW JERSEY,NJ,US,STATE,11,CASES
1974,26,NEW JERSEY,NJ,US,STATE,23,CASES
1974,27,NEW JERSEY,NJ,US,STATE,9,CASES
1974,28,NEW JERSEY,NJ,US,STATE,6,CASES
1974,30,NEW JERSEY,NJ,US,STATE,8,CASES
1974,31,NEW JERSEY,NJ,US,STATE,1,CASES
1974,32,NEW JERSEY,NJ,US,STATE,2,CASES
1974,33,NEW JERSEY,NJ,US,STATE,3,CASES
1974,35,NEW JERSEY,NJ,US,STATE,1,CASES
1974,36,NEW JERSEY,NJ,US,STATE,1,CASES
1974,37,NEW JERSEY,NJ,US,STATE,1,CASES
1974,39,NEW JERSEY,NJ,US,STATE,3,CASES
1974,40,NEW JERSEY,NJ,US,STATE,2,CASES
1974,41,NEW JERSEY,NJ,US,STATE,7,CASES
1974,42,NEW JERSEY,NJ,US,STATE,1,CASES
1974,43,NEW JERSEY,NJ,US,STATE,9,CASES
1974,44,NEW JERSEY,NJ,US,STATE,6,CASES
1974,45,NEW JERSEY,NJ,US,STATE,5,CASES
1974,46,NEW JERSEY,NJ,US,STATE,9,CASES
1974,47,NEW JERSEY,NJ,US,STATE,11,CASES
1974,48,NEW JERSEY,NJ,US,STATE,8,CASES
1974,49,NEW JERSEY,NJ,US,STATE,8,CASES
1974,50,NEW JERSEY,NJ,US,STATE,39,CASES
1974,51,NEW JERSEY,NJ,US,STATE,2,CASES
1974,52,NEW JERSEY,NJ,US,STATE,16,CASES
1975,1,NEW JERSEY,NJ,US,STATE,1,CASES
1975,2,NEW JERSEY,NJ,US,STATE,12,CASES
1975,3,NEW JERSEY,NJ,US,STATE,13,CASES
1975,5,NEW JERSEY,NJ,US,STATE,19,CASES
1975,6,NEW JERSEY,NJ,US,STATE,13,CASES
1975,7,NEW JERSEY,NJ,US,STATE,22,CASES
1975,9,NEW JERSEY,NJ,US,STATE,5,CASES
1975,10,NEW JERSEY,NJ,US,STATE,7,CASES
1975,11,NEW JERSEY,NJ,US,STATE,47,CASES
1975,12,NEW JERSEY,NJ,US,STATE,7,CASES
1975,13,NEW JERSEY,NJ,US,STATE,21,CASES
1975,14,NEW JERSEY,NJ,US,STATE,19,CASES
1975,15,NEW JERSEY,NJ,US,STATE,12,CASES
1975,16,NEW JERSEY,NJ,US,STATE,5,CASES
1975,17,NEW JERSEY,NJ,US,STATE,10,CASES
1975,18,NEW JERSEY,NJ,US,STATE,4,CASES
1975,19,NEW JERSEY,NJ,US,STATE,23,CASES
1975,20,NEW JERSEY,NJ,US,STATE,23,CASES
1975,21,NEW JERSEY,NJ,US,STATE,11,CASES
1975,22,NEW JERSEY,NJ,US,STATE,13,CASES
1975,23,NEW JERSEY,NJ,US,STATE,14,CASES
1975,24,NEW JERSEY,NJ,US,STATE,5,CASES
1975,25,NEW JERSEY,NJ,US,STATE,8,CASES
1975,26,NEW JERSEY,NJ,US,STATE,4,CASES
1975,27,NEW JERSEY,NJ,US,STATE,4,CASES
1975,29,NEW JERSEY,NJ,US,STATE,1,CASES
1975,31,NEW JERSEY,NJ,US,STATE,1,CASES
1975,32,NEW JERSEY,NJ,US,STATE,1,CASES
1975,33,NEW JERSEY,NJ,US,STATE,3,CASES
1975,34,NEW JERSEY,NJ,US,STATE,3,CASES
1975,35,NEW JERSEY,NJ,US,STATE,1,CASES
1975,37,NEW JERSEY,NJ,US,STATE,4,CASES
1975,38,NEW JERSEY,NJ,US,STATE,4,CASES
1975,39,NEW JERSEY,NJ,US,STATE,2,CASES
1975,40,NEW JERSEY,NJ,US,STATE,5,CASES
1975,41,NEW JERSEY,NJ,US,STATE,4,CASES
1975,42,NEW JERSEY,NJ,US,STATE,9,CASES
1975,43,NEW JERSEY,NJ,US,STATE,5,CASES
1975,44,NEW JERSEY,NJ,US,STATE,10,CASES
1975,46,NEW JERSEY,NJ,US,STATE,8,CASES
1975,47,NEW JERSEY,NJ,US,STATE,5,CASES
1975,48,NEW JERSEY,NJ,US,STATE,7,CASES
1975,49,NEW JERSEY,NJ,US,STATE,15,CASES
1975,50,NEW JERSEY,NJ,US,STATE,9,CASES
1975,51,NEW JERSEY,NJ,US,STATE,21,CASES
1975,52,NEW JERSEY,NJ,US,STATE,7,CASES
1976,1,NEW JERSEY,NJ,US,STATE,11,CASES
1976,2,NEW JERSEY,NJ,US,STATE,11,CASES
1976,3,NEW JERSEY,NJ,US,STATE,27,CASES
1976,4,NEW JERSEY,NJ,US,STATE,9,CASES
1976,5,NEW JERSEY,NJ,US,STATE,26,CASES
1976,6,NEW JERSEY,NJ,US,STATE,7,CASES
1976,7,NEW JERSEY,NJ,US,STATE,10,CASES
1976,8,NEW JERSEY,NJ,US,STATE,38,CASES
1976,9,NEW JERSEY,NJ,US,STATE,30,CASES
1976,10,NEW JERSEY,NJ,US,STATE,49,CASES
1976,12,NEW JERSEY,NJ,US,STATE,7,CASES
1976,13,NEW JERSEY,NJ,US,STATE,21,CASES
1976,14,NEW JERSEY,NJ,US,STATE,32,CASES
1976,15,NEW JERSEY,NJ,US,STATE,13,CASES
1976,16,NEW JERSEY,NJ,US,STATE,3,CASES
1976,17,NEW JERSEY,NJ,US,STATE,4,CASES
1976,18,NEW JERSEY,NJ,US,STATE,19,CASES
1976,19,NEW JERSEY,NJ,US,STATE,41,CASES
1976,20,NEW JERSEY,NJ,US,STATE,22,CASES
1976,21,NEW JERSEY,NJ,US,STATE,17,CASES
1976,22,NEW JERSEY,NJ,US,STATE,10,CASES
1976,23,NEW JERSEY,NJ,US,STATE,35,CASES
1976,24,NEW JERSEY,NJ,US,STATE,7,CASES
1976,25,NEW JERSEY,NJ,US,STATE,7,CASES
1976,26,NEW JERSEY,NJ,US,STATE,10,CASES
1976,27,NEW JERSEY,NJ,US,STATE,5,CASES
1976,29,NEW JERSEY,NJ,US,STATE,2,CASES
1976,30,NEW JERSEY,NJ,US,STATE,7,CASES
1976,31,NEW JERSEY,NJ,US,STATE,3,CASES
1976,32,NEW JERSEY,NJ,US,STATE,8,CASES
1976,33,NEW JERSEY,NJ,US,STATE,1,CASES
1976,35,NEW JERSEY,NJ,US,STATE,2,CASES
1976,37,NEW JERSEY,NJ,US,STATE,3,CASES
1976,38,NEW JERSEY,NJ,US,STATE,20,CASES
1976,39,NEW JERSEY,NJ,US,STATE,2,CASES
1976,40,NEW JERSEY,NJ,US,STATE,2,CASES
1976,41,NEW JERSEY,NJ,US,STATE,1,CASES
1976,44,NEW JERSEY,NJ,US,STATE,4,CASES
1976,46,NEW JERSEY,NJ,US,STATE,3,CASES
1976,47,NEW JERSEY,NJ,US,STATE,2,CASES
1976,48,NEW JERSEY,NJ,US,STATE,2,CASES
1976,49,NEW JERSEY,NJ,US,STATE,10,CASES
1976,50,NEW JERSEY,NJ,US,STATE,2,CASES
1976,51,NEW JERSEY,NJ,US,STATE,7,CASES
1976,52,NEW JERSEY,NJ,US,STATE,11,CASES
1977,2,NEW JERSEY,NJ,US,STATE,2,CASES
1977,3,NEW JERSEY,NJ,US,STATE,7,CASES
1977,4,NEW JERSEY,NJ,US,STATE,21,CASES
1977,5,NEW JERSEY,NJ,US,STATE,2,CASES
1977,6,NEW JERSEY,NJ,US,STATE,14,CASES
1977,7,NEW JERSEY,NJ,US,STATE,6,CASES
1977,8,NEW JERSEY,NJ,US,STATE,2,CASES
1977,9,NEW JERSEY,NJ,US,STATE,15,CASES
1977,10,NEW JERSEY,NJ,US,STATE,9,CASES
1977,11,NEW JERSEY,NJ,US,STATE,7,CASES
1977,12,NEW JERSEY,NJ,US,STATE,29,CASES
1977,13,NEW JERSEY,NJ,US,STATE,3,CASES
1977,14,NEW JERSEY,NJ,US,STATE,3,CASES
1977,15,NEW JERSEY,NJ,US,STATE,4,CASES
1977,16,NEW JERSEY,NJ,US,STATE,9,CASES
1977,17,NEW JERSEY,NJ,US,STATE,14,CASES
1977,18,NEW JERSEY,NJ,US,STATE,19,CASES
1977,19,NEW JERSEY,NJ,US,STATE,4,CASES
1977,20,NEW JERSEY,NJ,US,STATE,14,CASES
1977,21,NEW JERSEY,NJ,US,STATE,26,CASES
1977,22,NEW JERSEY,NJ,US,STATE,19,CASES
1977,23,NEW JERSEY,NJ,US,STATE,41,CASES
1977,24,NEW JERSEY,NJ,US,STATE,5,CASES
1977,25,NEW JERSEY,NJ,US,STATE,23,CASES
1977,26,NEW JERSEY,NJ,US,STATE,19,CASES
1977,27,NEW JERSEY,NJ,US,STATE,2,CASES
1977,28,NEW JERSEY,NJ,US,STATE,2,CASES
1977,30,NEW JERSEY,NJ,US,STATE,5,CASES
1977,31,NEW JERSEY,NJ,US,STATE,1,CASES
1977,32,NEW JERSEY,NJ,US,STATE,1,CASES
1977,34,NEW JERSEY,NJ,US,STATE,5,CASES
1977,36,NEW JERSEY,NJ,US,STATE,3,CASES
1977,38,NEW JERSEY,NJ,US,STATE,1,CASES
1977,39,NEW JERSEY,NJ,US,STATE,2,CASES
1977,42,NEW JERSEY,NJ,US,STATE,2,CASES
1977,43,NEW JERSEY,NJ,US,STATE,3,CASES
1977,45,NEW JERSEY,NJ,US,STATE,3,CASES
1977,46,NEW JERSEY,NJ,US,STATE,5,CASES
1977,47,NEW JERSEY,NJ,US,STATE,1,CASES
1977,48,NEW JERSEY,NJ,US,STATE,1,CASES
1977,49,NEW JERSEY,NJ,US,STATE,2,CASES
1977,50,NEW JERSEY,NJ,US,STATE,5,CASES
1977,51,NEW JERSEY,NJ,US,STATE,3,CASES
1977,52,NEW JERSEY,NJ,US,STATE,2,CASES
1978,1,NEW JERSEY,NJ,US,STATE,1,CASES
1978,2,NEW JERSEY,NJ,US,STATE,1,CASES
1978,3,NEW JERSEY,NJ,US,STATE,7,CASES
1978,4,NEW JERSEY,NJ,US,STATE,8,CASES
1978,6,NEW JERSEY,NJ,US,STATE,7,CASES
1978,7,NEW JERSEY,NJ,US,STATE,1,CASES
1978,8,NEW JERSEY,NJ,US,STATE,9,CASES
1978,9,NEW JERSEY,NJ,US,STATE,2,CASES
1978,11,NEW JERSEY,NJ,US,STATE,3,CASES
1978,12,NEW JERSEY,NJ,US,STATE,3,CASES
1978,13,NEW JERSEY,NJ,US,STATE,1,CASES
1978,14,NEW JERSEY,NJ,US,STATE,3,CASES
1978,15,NEW JERSEY,NJ,US,STATE,1,CASES
1978,16,NEW JERSEY,NJ,US,STATE,1,CASES
1978,17,NEW JERSEY,NJ,US,STATE,5,CASES
1978,18,NEW JERSEY,NJ,US,STATE,2,CASES
1978,19,NEW JERSEY,NJ,US,STATE,6,CASES
1978,20,NEW JERSEY,NJ,US,STATE,2,CASES
1978,21,NEW JERSEY,NJ,US,STATE,9,CASES
1978,22,NEW JERSEY,NJ,US,STATE,5,CASES
1978,23,NEW JERSEY,NJ,US,STATE,5,CASES
1978,24,NEW JERSEY,NJ,US,STATE,6,CASES
1978,25,NEW JERSEY,NJ,US,STATE,8,CASES
1978,26,NEW JERSEY,NJ,US,STATE,12,CASES
1978,27,NEW JERSEY,NJ,US,STATE,5,CASES
1978,28,NEW JERSEY,NJ,US,STATE,4,CASES
1978,31,NEW JERSEY,NJ,US,STATE,2,CASES
1978,32,NEW JERSEY,NJ,US,STATE,1,CASES
1978,33,NEW JERSEY,NJ,US,STATE,1,CASES
1978,34,NEW JERSEY,NJ,US,STATE,1,CASES
1978,35,NEW JERSEY,NJ,US,STATE,1,CASES
1978,38,NEW JERSEY,NJ,US,STATE,2,CASES
1978,39,NEW JERSEY,NJ,US,STATE,1,CASES
1978,40,NEW JERSEY,NJ,US,STATE,2,CASES
1978,41,NEW JERSEY,NJ,US,STATE,1,CASES
1978,43,NEW JERSEY,NJ,US,STATE,3,CASES
1978,44,NEW JERSEY,NJ,US,STATE,1,CASES
1978,47,NEW JERSEY,NJ,US,STATE,4,CASES
1978,48,NEW JERSEY,NJ,US,STATE,6,CASES
1978,49,NEW JERSEY,NJ,US,STATE,10,CASES
1978,50,NEW JERSEY,NJ,US,STATE,5,CASES
1978,51,NEW JERSEY,NJ,US,STATE,3,CASES
1978,52,NEW JERSEY,NJ,US,STATE,6,CASES
1979,1,NEW JERSEY,NJ,US,STATE,2,CASES
1979,2,NEW JERSEY,NJ,US,STATE,4,CASES
1979,3,NEW JERSEY,NJ,US,STATE,6,CASES
1979,4,NEW JERSEY,NJ,US,STATE,7,CASES
1979,5,NEW JERSEY,NJ,US,STATE,9,CASES
1979,6,NEW JERSEY,NJ,US,STATE,12,CASES
1979,7,NEW JERSEY,NJ,US,STATE,6,CASES
1979,8,NEW JERSEY,NJ,US,STATE,14,CASES
1979,9,NEW JERSEY,NJ,US,STATE,18,CASES
1979,10,NEW JERSEY,NJ,US,STATE,52,CASES
1979,11,NEW JERSEY,NJ,US,STATE,7,CASES
1979,12,NEW JERSEY,NJ,US,STATE,17,CASES
1979,13,NEW JERSEY,NJ,US,STATE,45,CASES
1979,14,NEW JERSEY,NJ,US,STATE,18,CASES
1979,15,NEW JERSEY,NJ,US,STATE,56,CASES
1979,16,NEW JERSEY,NJ,US,STATE,23,CASES
1979,17,NEW JERSEY,NJ,US,STATE,6,CASES
1979,18,NEW JERSEY,NJ,US,STATE,16,CASES
1979,19,NEW JERSEY,NJ,US,STATE,37,CASES
1979,20,NEW JERSEY,NJ,US,STATE,15,CASES
1979,21,NEW JERSEY,NJ,US,STATE,23,CASES
1979,22,NEW JERSEY,NJ,US,STATE,5,CASES
1979,23,NEW JERSEY,NJ,US,STATE,29,CASES
1979,24,NEW JERSEY,NJ,US,STATE,15,CASES
1979,25,NEW JERSEY,NJ,US,STATE,11,CASES
1979,26,NEW JERSEY,NJ,US,STATE,52,CASES
1979,28,NEW JERSEY,NJ,US,STATE,3,CASES
1979,30,NEW JERSEY,NJ,US,STATE,3,CASES
1979,31,NEW JERSEY,NJ,US,STATE,2,CASES
1979,32,NEW JERSEY,NJ,US,STATE,6,CASES
1979,33,NEW JERSEY,NJ,US,STATE,2,CASES
1979,34,NEW JERSEY,NJ,US,STATE,2,CASES
1979,38,NEW JERSEY,NJ,US,STATE,7,CASES
1979,39,NEW JERSEY,NJ,US,STATE,6,CASES
1979,40,NEW JERSEY,NJ,US,STATE,4,CASES
1979,41,NEW JERSEY,NJ,US,STATE,1,CASES
1979,42,NEW JERSEY,NJ,US,STATE,18,CASES
1979,43,NEW JERSEY,NJ,US,STATE,2,CASES
1979,44,NEW JERSEY,NJ,US,STATE,1,CASES
1979,45,NEW JERSEY,NJ,US,STATE,5,CASES
1979,46,NEW JERSEY,NJ,US,STATE,4,CASES
1979,47,NEW JERSEY,NJ,US,STATE,2,CASES
1979,48,NEW JERSEY,NJ,US,STATE,10,CASES
1979,49,NEW JERSEY,NJ,US,STATE,4,CASES
1979,50,NEW JERSEY,NJ,US,STATE,3,CASES
1979,51,NEW JERSEY,NJ,US,STATE,9,CASES
1979,52,NEW JERSEY,NJ,US,STATE,3,CASES
1980,3,NEW JERSEY,NJ,US,STATE,17,CASES
1980,4,NEW JERSEY,NJ,US,STATE,5,CASES
1980,5,NEW JERSEY,NJ,US,STATE,5,CASES
1980,7,NEW JERSEY,NJ,US,STATE,2,CASES
1980,8,NEW JERSEY,NJ,US,STATE,4,CASES
1980,9,NEW JERSEY,NJ,US,STATE,11,CASES
1980,10,NEW JERSEY,NJ,US,STATE,3,CASES
1980,11,NEW JERSEY,NJ,US,STATE,3,CASES
1980,12,NEW JERSEY,NJ,US,STATE,1,CASES
1980,13,NEW JERSEY,NJ,US,STATE,1,CASES
1980,14,NEW JERSEY,NJ,US,STATE,5,CASES
1980,15,NEW JERSEY,NJ,US,STATE,3,CASES
1980,16,NEW JERSEY,NJ,US,STATE,2,CASES
1980,17,NEW JERSEY,NJ,US,STATE,1,CASES
1980,19,NEW JERSEY,NJ,US,STATE,1,CASES
1980,20,NEW JERSEY,NJ,US,STATE,3,CASES
1980,21,NEW JERSEY,NJ,US,STATE,10,CASES
1980,22,NEW JERSEY,NJ,US,STATE,3,CASES
1980,23,NEW JERSEY,NJ,US,STATE,2,CASES
1980,24,NEW JERSEY,NJ,US,STATE,3,CASES
1980,25,NEW JERSEY,NJ,US,STATE,2,CASES
1980,26,NEW JERSEY,NJ,US,STATE,2,CASES
1980,27,NEW JERSEY,NJ,US,STATE,1,CASES
1980,31,NEW JERSEY,NJ,US,STATE,3,CASES
1980,35,NEW JERSEY,NJ,US,STATE,1,CASES
1980,37,NEW JERSEY,NJ,US,STATE,3,CASES
1980,38,NEW JERSEY,NJ,US,STATE,3,CASES
1980,40,NEW JERSEY,NJ,US,STATE,4,CASES
1980,41,NEW JERSEY,NJ,US,STATE,2,CASES
1980,42,NEW JERSEY,NJ,US,STATE,3,CASES
1980,43,NEW JERSEY,NJ,US,STATE,2,CASES
1980,44,NEW JERSEY,NJ,US,STATE,2,CASES
1980,45,NEW JERSEY,NJ,US,STATE,2,CASES
1980,46,NEW JERSEY,NJ,US,STATE,4,CASES
1980,47,NEW JERSEY,NJ,US,STATE,1,CASES
1980,49,NEW JERSEY,NJ,US,STATE,3,CASES
1980,50,NEW JERSEY,NJ,US,STATE,3,CASES
1981,1,NEW JERSEY,NJ,US,STATE,3,CASES
1981,2,NEW JERSEY,NJ,US,STATE,2,CASES
1981,5,NEW JERSEY,NJ,US,STATE,2,CASES
1981,6,NEW JERSEY,NJ,US,STATE,5,CASES
1981,7,NEW JERSEY,NJ,US,STATE,1,CASES
1981,8,NEW JERSEY,NJ,US,STATE,1,CASES
1981,9,NEW JERSEY,NJ,US,STATE,4,CASES
1981,10,NEW JERSEY,NJ,US,STATE,1,CASES
1981,11,NEW JERSEY,NJ,US,STATE,5,CASES
1981,12,NEW JERSEY,NJ,US,STATE,4,CASES
1981,13,NEW JERSEY,NJ,US,STATE,23,CASES
1981,14,NEW JERSEY,NJ,US,STATE,2,CASES
1981,15,NEW JERSEY,NJ,US,STATE,3,CASES
1981,16,NEW JERSEY,NJ,US,STATE,4,CASES
1981,17,NEW JERSEY,NJ,US,STATE,2,CASES
1981,19,NEW JERSEY,NJ,US,STATE,1,CASES
1981,20,NEW JERSEY,NJ,US,STATE,5,CASES
1981,21,NEW JERSEY,NJ,US,STATE,4,CASES
1981,22,NEW JERSEY,NJ,US,STATE,5,CASES
1981,24,NEW JERSEY,NJ,US,STATE,2,CASES
1981,28,NEW JERSEY,NJ,US,STATE,1,CASES
1981,30,NEW JERSEY,NJ,US,STATE,1,CASES
1981,39,NEW JERSEY,NJ,US,STATE,6,CASES
1981,42,NEW JERSEY,NJ,US,STATE,1,CASES
1981,43,NEW JERSEY,NJ,US,STATE,1,CASES
1981,44,NEW JERSEY,NJ,US,STATE,3,CASES
1981,46,NEW JERSEY,NJ,US,STATE,2,CASES
1981,47,NEW JERSEY,NJ,US,STATE,2,CASES
1982,2,NEW JERSEY,NJ,US,STATE,1,CASES
1982,3,NEW JERSEY,NJ,US,STATE,1,CASES
1982,5,NEW JERSEY,NJ,US,STATE,1,CASES
1982,7,NEW JERSEY,NJ,US,STATE,1,CASES
1982,8,NEW JERSEY,NJ,US,STATE,5,CASES
1982,9,NEW JERSEY,NJ,US,STATE,1,CASES
1982,10,NEW JERSEY,NJ,US,STATE,6,CASES
1982,11,NEW JERSEY,NJ,US,STATE,1,CASES
1982,12,NEW JERSEY,NJ,US,STATE,1,CASES
1982,13,NEW JERSEY,NJ,US,STATE,2,CASES
1982,14,NEW JERSEY,NJ,US,STATE,2,CASES
1982,15,NEW JERSEY,NJ,US,STATE,3,CASES
1982,16,NEW JERSEY,NJ,US,STATE,1,CASES
1982,17,NEW JERSEY,NJ,US,STATE,1,CASES
1982,18,NEW JERSEY,NJ,US,STATE,3,CASES
1982,22,NEW JERSEY,NJ,US,STATE,1,CASES
1982,23,NEW JERSEY,NJ,US,STATE,1,CASES
1982,24,NEW JERSEY,NJ,US,STATE,1,CASES
1982,25,NEW JERSEY,NJ,US,STATE,2,CASES
1982,26,NEW JERSEY,NJ,US,STATE,1,CASES
1982,35,NEW JERSEY,NJ,US,STATE,1,CASES
1982,36,NEW JERSEY,NJ,US,STATE,1,CASES
1982,38,NEW JERSEY,NJ,US,STATE,1,CASES
1982,39,NEW JERSEY,NJ,US,STATE,1,CASES
1982,40,NEW JERSEY,NJ,US,STATE,1,CASES
1982,42,NEW JERSEY,NJ,US,STATE,1,CASES
1982,43,NEW JERSEY,NJ,US,STATE,1,CASES
1982,44,NEW JERSEY,NJ,US,STATE,4,CASES
1982,45,NEW JERSEY,NJ,US,STATE,4,CASES
1982,47,NEW JERSEY,NJ,US,STATE,1,CASES
1982,50,NEW JERSEY,NJ,US,STATE,2,CASES
1982,51,NEW JERSEY,NJ,US,STATE,1,CASES
1983,2,NEW JERSEY,NJ,US,STATE,1,CASES
1983,4,NEW JERSEY,NJ,US,STATE,2,CASES
1983,5,NEW JERSEY,NJ,US,STATE,1,CASES
1983,6,NEW JERSEY,NJ,US,STATE,1,CASES
1983,7,NEW JERSEY,NJ,US,STATE,3,CASES
1983,9,NEW JERSEY,NJ,US,STATE,1,CASES
1983,10,NEW JERSEY,NJ,US,STATE,1,CASES
1983,11,NEW JERSEY,NJ,US,STATE,2,CASES
1983,12,NEW JERSEY,NJ,US,STATE,1,CASES
1983,13,NEW JERSEY,NJ,US,STATE,1,CASES
1983,17,NEW JERSEY,NJ,US,STATE,1,CASES
1983,18,NEW JERSEY,NJ,US,STATE,2,CASES
1983,19,NEW JERSEY,NJ,US,STATE,4,CASES
1983,20,NEW JERSEY,NJ,US,STATE,3,CASES
1983,22,NEW JERSEY,NJ,US,STATE,1,CASES
1983,24,NEW JERSEY,NJ,US,STATE,2,CASES
1983,27,NEW JERSEY,NJ,US,STATE,1,CASES
1983,30,NEW JERSEY,NJ,US,STATE,2,CASES
1983,31,NEW JERSEY,NJ,US,STATE,2,CASES
1983,37,NEW JERSEY,NJ,US,STATE,1,CASES
1983,38,NEW JERSEY,NJ,US,STATE,1,CASES
1983,39,NEW JERSEY,NJ,US,STATE,1,CASES
1983,40,NEW JERSEY,NJ,US,STATE,1,CASES
1983,42,NEW JERSEY,NJ,US,STATE,1,CASES
1983,43,NEW JERSEY,NJ,US,STATE,6,CASES
1983,45,NEW JERSEY,NJ,US,STATE,1,CASES
1983,46,NEW JERSEY,NJ,US,STATE,1,CASES
1983,48,NEW JERSEY,NJ,US,STATE,4,CASES
1983,49,NEW JERSEY,NJ,US,STATE,6,CASES
1983,50,NEW JERSEY,NJ,US,STATE,79,CASES
1983,52,NEW JERSEY,NJ,US,STATE,5,CASES
1984,1,NEW JERSEY,NJ,US,STATE,3,CASES
1984,2,NEW JERSEY,NJ,US,STATE,17,CASES
1984,3,NEW JERSEY,NJ,US,STATE,6,CASES
1984,4,NEW JERSEY,NJ,US,STATE,4,CASES
1984,5,NEW JERSEY,NJ,US,STATE,12,CASES
1984,6,NEW JERSEY,NJ,US,STATE,7,CASES
1984,7,NEW JERSEY,NJ,US,STATE,1,CASES
1984,9,NEW JERSEY,NJ,US,STATE,3,CASES
1984,10,NEW JERSEY,NJ,US,STATE,5,CASES
1984,11,NEW JERSEY,NJ,US,STATE,8,CASES
1984,12,NEW JERSEY,NJ,US,STATE,12,CASES
1984,13,NEW JERSEY,NJ,US,STATE,2,CASES
1984,14,NEW JERSEY,NJ,US,STATE,12,CASES
1984,15,NEW JERSEY,NJ,US,STATE,6,CASES
1984,16,NEW JERSEY,NJ,US,STATE,3,CASES
1984,17,NEW JERSEY,NJ,US,STATE,2,CASES
1984,18,NEW JERSEY,NJ,US,STATE,4,CASES
1984,19,NEW JERSEY,NJ,US,STATE,11,CASES
1984,21,NEW JERSEY,NJ,US,STATE,1,CASES
1984,23,NEW JERSEY,NJ,US,STATE,1,CASES
1984,24,NEW JERSEY,NJ,US,STATE,3,CASES
1984,26,NEW JERSEY,NJ,US,STATE,2,CASES
1984,27,NEW JERSEY,NJ,US,STATE,1,CASES
1984,30,NEW JERSEY,NJ,US,STATE,1,CASES
1984,32,NEW JERSEY,NJ,US,STATE,1,CASES
1984,35,NEW JERSEY,NJ,US,STATE,2,CASES
1984,40,NEW JERSEY,NJ,US,STATE,2,CASES
1984,46,NEW JERSEY,NJ,US,STATE,2,CASES
1984,48,NEW JERSEY,NJ,US,STATE,3,CASES
1984,49,NEW JERSEY,NJ,US,STATE,1,CASES
1985,4,NEW JERSEY,NJ,US,STATE,3,CASES
1985,6,NEW JERSEY,NJ,US,STATE,2,CASES
1985,9,NEW JERSEY,NJ,US,STATE,2,CASES
1985,10,NEW JERSEY,NJ,US,STATE,2,CASES
1985,11,NEW JERSEY,NJ,US,STATE,2,CASES
1985,16,NEW JERSEY,NJ,US,STATE,3,CASES
1985,17,NEW JERSEY,NJ,US,STATE,3,CASES
1985,20,NEW JERSEY,NJ,US,STATE,5,CASES
1985,21,NEW JERSEY,NJ,US,STATE,1,CASES
1985,22,NEW JERSEY,NJ,US,STATE,1,CASES
1985,23,NEW JERSEY,NJ,US,STATE,1,CASES
1985,26,NEW JERSEY,NJ,US,STATE,1,CASES
1985,29,NEW JERSEY,NJ,US,STATE,1,CASES
1985,33,NEW JERSEY,NJ,US,STATE,1,CASES
1985,36,NEW JERSEY,NJ,US,STATE,1,CASES
1985,37,NEW JERSEY,NJ,US,STATE,1,CASES
1985,38,NEW JERSEY,NJ,US,STATE,2,CASES
1985,39,NEW JERSEY,NJ,US,STATE,2,CASES
1985,42,NEW JERSEY,NJ,US,STATE,1,CASES
1985,43,NEW JERSEY,NJ,US,STATE,3,CASES
1985,44,NEW JERSEY,NJ,US,STATE,8,CASES
1985,47,NEW JERSEY,NJ,US,STATE,2,CASES
1985,49,NEW JERSEY,NJ,US,STATE,1,CASES
1985,50,NEW JERSEY,NJ,US,STATE,3,CASES
1985,51,NEW JERSEY,NJ,US,STATE,3,CASES
1986,2,NEW JERSEY,NJ,US,STATE,2,CASES
1986,5,NEW JERSEY,NJ,US,STATE,1,CASES
1986,6,NEW JERSEY,NJ,US,STATE,2,CASES
1986,7,NEW JERSEY,NJ,US,STATE,2,CASES
1986,8,NEW JERSEY,NJ,US,STATE,5,CASES
1986,11,NEW JERSEY,NJ,US,STATE,1,CASES
1986,13,NEW JERSEY,NJ,US,STATE,1,CASES
1986,15,NEW JERSEY,NJ,US,STATE,3,CASES
1986,16,NEW JERSEY,NJ,US,STATE,1,CASES
1986,17,NEW JERSEY,NJ,US,STATE,1,CASES
1986,18,NEW JERSEY,NJ,US,STATE,1,CASES
1986,19,NEW JERSEY,NJ,US,STATE,1,CASES
1986,20,NEW JERSEY,NJ,US,STATE,2,CASES
1986,21,NEW JERSEY,NJ,US,STATE,1,CASES
1986,22,NEW JERSEY,NJ,US,STATE,4,CASES
1986,23,NEW JERSEY,NJ,US,STATE,5,CASES
1986,26,NEW JERSEY,NJ,US,STATE,2,CASES
1986,31,NEW JERSEY,NJ,US,STATE,1,CASES
1986,32,NEW JERSEY,NJ,US,STATE,1,CASES
1986,33,NEW JERSEY,NJ,US,STATE,3,CASES
1986,36,NEW JERSEY,NJ,US,STATE,1,CASES
1986,37,NEW JERSEY,NJ,US,STATE,1,CASES
1986,39,NEW JERSEY,NJ,US,STATE,2,CASES
1986,40,NEW JERSEY,NJ,US,STATE,1,CASES
1986,41,NEW JERSEY,NJ,US,STATE,2,CASES
1986,42,NEW JERSEY,NJ,US,STATE,1,CASES
1986,43,NEW JERSEY,NJ,US,STATE,2,CASES
1986,46,NEW JERSEY,NJ,US,STATE,1,CASES
1986,47,NEW JERSEY,NJ,US,STATE,2,CASES
1986,48,NEW JERSEY,NJ,US,STATE,1,CASES
1986,50,NEW JERSEY,NJ,US,STATE,1,CASES
1987,1,NEW JERSEY,NJ,US,STATE,2,CASES
1987,5,NEW JERSEY,NJ,US,STATE,1,CASES
1987,6,NEW JERSEY,NJ,US,STATE,1,CASES
1987,7,NEW JERSEY,NJ,US,STATE,1,CASES
1987,8,NEW JERSEY,NJ,US,STATE,2,CASES
1987,9,NEW JERSEY,NJ,US,STATE,1,CASES
1987,10,NEW JERSEY,NJ,US,STATE,2,CASES
1987,11,NEW JERSEY,NJ,US,STATE,5,CASES
1987,13,NEW JERSEY,NJ,US,STATE,1,CASES
1987,14,NEW JERSEY,NJ,US,STATE,2,CASES
1987,16,NEW JERSEY,NJ,US,STATE,1,CASES
1987,17,NEW JERSEY,NJ,US,STATE,3,CASES
1987,18,NEW JERSEY,NJ,US,STATE,5,CASES
1987,19,NEW JERSEY,NJ,US,STATE,2,CASES
1987,23,NEW JERSEY,NJ,US,STATE,2,CASES
1987,25,NEW JERSEY,NJ,US,STATE,2,CASES
1987,34,NEW JERSEY,NJ,US,STATE,2,CASES
1987,35,NEW JERSEY,NJ,US,STATE,1,CASES
1987,37,NEW JERSEY,NJ,US,STATE,5,CASES
1987,38,NEW JERSEY,NJ,US,STATE,1,CASES
1987,39,NEW JERSEY,NJ,US,STATE,4,CASES
1987,40,NEW JERSEY,NJ,US,STATE,3,CASES
1987,41,NEW JERSEY,NJ,US,STATE,1,CASES
1987,42,NEW JERSEY,NJ,US,STATE,2,CASES
1987,44,NEW JERSEY,NJ,US,STATE,3,CASES
1987,45,NEW JERSEY,NJ,US,STATE,3,CASES
1987,46,NEW JERSEY,NJ,US,STATE,2,CASES
1987,47,NEW JERSEY,NJ,US,STATE,1,CASES
1987,48,NEW JERSEY,NJ,US,STATE,4,CASES
1987,51,NEW JERSEY,NJ,US,STATE,1,CASES
1988,1,NEW JERSEY,NJ,US,STATE,4,CASES
1988,3,NEW JERSEY,NJ,US,STATE,1,CASES
1988,8,NEW JERSEY,NJ,US,STATE,2,CASES
1988,9,NEW JERSEY,NJ,US,STATE,1,CASES
1988,11,NEW JERSEY,NJ,US,STATE,3,CASES
1988,12,NEW JERSEY,NJ,US,STATE,3,CASES
1988,14,NEW JERSEY,NJ,US,STATE,1,CASES
1988,15,NEW JERSEY,NJ,US,STATE,2,CASES
1988,16,NEW JERSEY,NJ,US,STATE,1,CASES
1988,17,NEW JERSEY,NJ,US,STATE,1,CASES
1988,24,NEW JERSEY,NJ,US,STATE,1,CASES
1988,25,NEW JERSEY,NJ,US,STATE,1,CASES
1988,39,NEW JERSEY,NJ,US,STATE,9,CASES
1988,46,NEW JERSEY,NJ,US,STATE,9,CASES
1988,48,NEW JERSEY,NJ,US,STATE,2,CASES
1988,49,NEW JERSEY,NJ,US,STATE,2,CASES
1988,52,NEW JERSEY,NJ,US,STATE,1,CASES
1989,2,NEW JERSEY,NJ,US,STATE,4,CASES
1989,3,NEW JERSEY,NJ,US,STATE,3,CASES
1989,6,NEW JERSEY,NJ,US,STATE,4,CASES
1992,10,NEW JERSEY,NJ,US,STATE,1,CASES
1992,42,NEW JERSEY,NJ,US,STATE,3,CASES
1992,47,NEW JERSEY,NJ,US,STATE,4,CASES
1997,47,NEW JERSEY,NJ,US,STATE,1,CASES
2001,40,NEW JERSEY,NJ,US,STATE,1,CASES
2001,49,NEW JERSEY,NJ,US,STATE,1,CASES
