year,week,loc,state,country,loc_type,number,event
1937,43,NEW JERSEY,NJ,US,STATE,71,CASES
1937,44,NEW JERSEY,NJ,US,STATE,80,CASES
1937,45,NEW JERSEY,NJ,US,STATE,75,CASES
1937,46,NEW JERSEY,NJ,US,STATE,98,CASES
1937,47,NEW JERSEY,NJ,US,STATE,82,CASES
1937,48,NEW JERSEY,NJ,US,STATE,163,CASES
1937,49,NEW JERSEY,NJ,US,STATE,133,CASES
1937,50,NEW JERSEY,NJ,US,STATE,152,CASES
1937,51,NEW JERSEY,NJ,US,STATE,77,CASES
1938,1,NEW JERSEY,NJ,US,STATE,215,CASES
1938,2,NEW JERSEY,NJ,US,STATE,150,CASES
1938,3,NEW JERSEY,NJ,US,STATE,160,CASES
1938,4,NEW JERSEY,NJ,US,STATE,187,CASES
1938,5,NEW JERSEY,NJ,US,STATE,144,CASES
1938,6,NEW JERSEY,NJ,US,STATE,158,CASES
1938,7,NEW JERSEY,NJ,US,STATE,200,CASES
1938,8,NEW JERSEY,NJ,US,STATE,166,CASES
1938,9,NEW JERSEY,NJ,US,STATE,177,CASES
1938,10,NEW JERSEY,NJ,US,STATE,219,CASES
1938,11,NEW JERSEY,NJ,US,STATE,163,CASES
1938,12,NEW JERSEY,NJ,US,STATE,199,CASES
1938,13,NEW JERSEY,NJ,US,STATE,229,CASES
1938,14,NEW JERSEY,NJ,US,STATE,158,CASES
1938,15,NEW JERSEY,NJ,US,STATE,88,CASES
1938,16,NEW JERSEY,NJ,US,STATE,202,CASES
1938,17,NEW JERSEY,NJ,US,STATE,211,CASES
1938,18,NEW JERSEY,NJ,US,STATE,244,CASES
1938,19,NEW JERSEY,NJ,US,STATE,189,CASES
1938,21,NEW JERSEY,NJ,US,STATE,177,CASES
1938,22,NEW JERSEY,NJ,US,STATE,191,CASES
1938,23,NEW JERSEY,NJ,US,STATE,197,CASES
1938,24,NEW JERSEY,NJ,US,STATE,182,CASES
1938,25,NEW JERSEY,NJ,US,STATE,277,CASES
1938,26,NEW JERSEY,NJ,US,STATE,193,CASES
1938,27,NEW JERSEY,NJ,US,STATE,285,CASES
1938,28,NEW JERSEY,NJ,US,STATE,382,CASES
1938,29,NEW JERSEY,NJ,US,STATE,396,CASES
1938,30,NEW JERSEY,NJ,US,STATE,353,CASES
1938,31,NEW JERSEY,NJ,US,STATE,383,CASES
1938,32,NEW JERSEY,NJ,US,STATE,322,CASES
1938,33,NEW JERSEY,NJ,US,STATE,317,CASES
1938,34,NEW JERSEY,NJ,US,STATE,335,CASES
1938,35,NEW JERSEY,NJ,US,STATE,223,CASES
1938,36,NEW JERSEY,NJ,US,STATE,318,CASES
1938,37,NEW JERSEY,NJ,US,STATE,367,CASES
1938,38,NEW JERSEY,NJ,US,STATE,173,CASES
1938,39,NEW JERSEY,NJ,US,STATE,187,CASES
1938,40,NEW JERSEY,NJ,US,STATE,195,CASES
1938,41,NEW JERSEY,NJ,US,STATE,162,CASES
1938,42,NEW JERSEY,NJ,US,STATE,277,CASES
1938,43,NEW JERSEY,NJ,US,STATE,145,CASES
1938,44,NEW JERSEY,NJ,US,STATE,249,CASES
1938,45,NEW JERSEY,NJ,US,STATE,161,CASES
1938,46,NEW JERSEY,NJ,US,STATE,473,CASES
1938,47,NEW JERSEY,NJ,US,STATE,328,CASES
1938,48,NEW JERSEY,NJ,US,STATE,433,CASES
1938,49,NEW JERSEY,NJ,US,STATE,461,CASES
1938,50,NEW JERSEY,NJ,US,STATE,552,CASES
1938,51,NEW JERSEY,NJ,US,STATE,280,CASES
1938,52,NEW JERSEY,NJ,US,STATE,313,CASES
1939,1,NEW JERSEY,NJ,US,STATE,566,CASES
1939,2,NEW JERSEY,NJ,US,STATE,618,CASES
1939,3,NEW JERSEY,NJ,US,STATE,521,CASES
1939,4,NEW JERSEY,NJ,US,STATE,502,CASES
1939,5,NEW JERSEY,NJ,US,STATE,386,CASES
1939,6,NEW JERSEY,NJ,US,STATE,461,CASES
1939,7,NEW JERSEY,NJ,US,STATE,430,CASES
1939,8,NEW JERSEY,NJ,US,STATE,440,CASES
1939,9,NEW JERSEY,NJ,US,STATE,578,CASES
1939,10,NEW JERSEY,NJ,US,STATE,412,CASES
1939,11,NEW JERSEY,NJ,US,STATE,410,CASES
1939,12,NEW JERSEY,NJ,US,STATE,418,CASES
1939,13,NEW JERSEY,NJ,US,STATE,459,CASES
1939,14,NEW JERSEY,NJ,US,STATE,234,CASES
1939,15,NEW JERSEY,NJ,US,STATE,329,CASES
1939,16,NEW JERSEY,NJ,US,STATE,389,CASES
1939,17,NEW JERSEY,NJ,US,STATE,331,CASES
1939,18,NEW JERSEY,NJ,US,STATE,265,CASES
1939,19,NEW JERSEY,NJ,US,STATE,324,CASES
1939,20,NEW JERSEY,NJ,US,STATE,327,CASES
1939,21,NEW JERSEY,NJ,US,STATE,342,CASES
1939,22,NEW JERSEY,NJ,US,STATE,294,CASES
1939,23,NEW JERSEY,NJ,US,STATE,266,CASES
1939,24,NEW JERSEY,NJ,US,STATE,335,CASES
1939,25,NEW JERSEY,NJ,US,STATE,273,CASES
1939,26,NEW JERSEY,NJ,US,STATE,299,CASES
1939,27,NEW JERSEY,NJ,US,STATE,264,CASES
1939,28,NEW JERSEY,NJ,US,STATE,239,CASES
1939,29,NEW JERSEY,NJ,US,STATE,291,CASES
1939,30,NEW JERSEY,NJ,US,STATE,254,CASES
1939,31,NEW JERSEY,NJ,US,STATE,261,CASES
1939,32,NEW JERSEY,NJ,US,STATE,214,CASES
1939,33,NEW JERSEY,NJ,US,STATE,146,CASES
1939,34,NEW JERSEY,NJ,US,STATE,109,CASES
1939,35,NEW JERSEY,NJ,US,STATE,96,CASES
1939,36,NEW JERSEY,NJ,US,STATE,187,CASES
1939,37,NEW JERSEY,NJ,US,STATE,135,CASES
1939,38,NEW JERSEY,NJ,US,STATE,129,CASES
1939,39,NEW JERSEY,NJ,US,STATE,98,CASES
1939,40,NEW JERSEY,NJ,US,STATE,73,CASES
1939,41,NEW JERSEY,NJ,US,STATE,104,CASES
1939,42,NEW JERSEY,NJ,US,STATE,76,CASES
1939,43,NEW JERSEY,NJ,US,STATE,136,CASES
1939,44,NEW JERSEY,NJ,US,STATE,97,CASES
1939,45,NEW JERSEY,NJ,US,STATE,89,CASES
1939,46,NEW JERSEY,NJ,US,STATE,188,CASES
1939,47,NEW JERSEY,NJ,US,STATE,116,CASES
1939,48,NEW JERSEY,NJ,US,STATE,187,CASES
1939,49,NEW JERSEY,NJ,US,STATE,167,CASES
1939,50,NEW JERSEY,NJ,US,STATE,163,CASES
1939,51,NEW JERSEY,NJ,US,STATE,82,CASES
1939,52,NEW JERSEY,NJ,US,STATE,138,CASES
1940,2,NEW JERSEY,NJ,US,STATE,115,CASES
1940,3,NEW JERSEY,NJ,US,STATE,123,CASES
1940,4,NEW JERSEY,NJ,US,STATE,69,CASES
1940,6,NEW JERSEY,NJ,US,STATE,95,CASES
1940,7,NEW JERSEY,NJ,US,STATE,120,CASES
1940,8,NEW JERSEY,NJ,US,STATE,55,CASES
1940,9,NEW JERSEY,NJ,US,STATE,84,CASES
1940,10,NEW JERSEY,NJ,US,STATE,108,CASES
1940,11,NEW JERSEY,NJ,US,STATE,86,CASES
1940,12,NEW JERSEY,NJ,US,STATE,65,CASES
1940,13,NEW JERSEY,NJ,US,STATE,82,CASES
1940,14,NEW JERSEY,NJ,US,STATE,116,CASES
1940,15,NEW JERSEY,NJ,US,STATE,99,CASES
1940,16,NEW JERSEY,NJ,US,STATE,105,CASES
1940,17,NEW JERSEY,NJ,US,STATE,113,CASES
1940,18,NEW JERSEY,NJ,US,STATE,124,CASES
1940,19,NEW JERSEY,NJ,US,STATE,114,CASES
1940,20,NEW JERSEY,NJ,US,STATE,112,CASES
1940,21,NEW JERSEY,NJ,US,STATE,100,CASES
1940,22,NEW JERSEY,NJ,US,STATE,58,CASES
1940,23,NEW JERSEY,NJ,US,STATE,71,CASES
1940,24,NEW JERSEY,NJ,US,STATE,88,CASES
1940,25,NEW JERSEY,NJ,US,STATE,94,CASES
1940,26,NEW JERSEY,NJ,US,STATE,50,CASES
1940,27,NEW JERSEY,NJ,US,STATE,52,CASES
1940,28,NEW JERSEY,NJ,US,STATE,142,CASES
1940,29,NEW JERSEY,NJ,US,STATE,79,CASES
1940,30,NEW JERSEY,NJ,US,STATE,114,CASES
1940,31,NEW JERSEY,NJ,US,STATE,76,CASES
1940,32,NEW JERSEY,NJ,US,STATE,91,CASES
1940,33,NEW JERSEY,NJ,US,STATE,88,CASES
1940,34,NEW JERSEY,NJ,US,STATE,112,CASES
1940,35,NEW JERSEY,NJ,US,STATE,74,CASES
1940,36,NEW JERSEY,NJ,US,STATE,95,CASES
1940,37,NEW JERSEY,NJ,US,STATE,135,CASES
1940,38,NEW JERSEY,NJ,US,STATE,90,CASES
1940,39,NEW JERSEY,NJ,US,STATE,118,CASES
1940,40,NEW JERSEY,NJ,US,STATE,95,CASES
1940,41,NEW JERSEY,NJ,US,STATE,78,CASES
1940,42,NEW JERSEY,NJ,US,STATE,123,CASES
1940,43,NEW JERSEY,NJ,US,STATE,131,CASES
1940,44,NEW JERSEY,NJ,US,STATE,129,CASES
1940,45,NEW JERSEY,NJ,US,STATE,137,CASES
1940,46,NEW JERSEY,NJ,US,STATE,188,CASES
1940,47,NEW JERSEY,NJ,US,STATE,147,CASES
1940,48,NEW JERSEY,NJ,US,STATE,187,CASES
1940,49,NEW JERSEY,NJ,US,STATE,171,CASES
1940,50,NEW JERSEY,NJ,US,STATE,174,CASES
1940,51,NEW JERSEY,NJ,US,STATE,162,CASES
1940,52,NEW JERSEY,NJ,US,STATE,85,CASES
1941,1,NEW JERSEY,NJ,US,STATE,103,CASES
1941,2,NEW JERSEY,NJ,US,STATE,164,CASES
1941,3,NEW JERSEY,NJ,US,STATE,140,CASES
1941,4,NEW JERSEY,NJ,US,STATE,126,CASES
1941,5,NEW JERSEY,NJ,US,STATE,132,CASES
1941,6,NEW JERSEY,NJ,US,STATE,102,CASES
1941,7,NEW JERSEY,NJ,US,STATE,105,CASES
1941,9,NEW JERSEY,NJ,US,STATE,107,CASES
1941,10,NEW JERSEY,NJ,US,STATE,72,CASES
1941,11,NEW JERSEY,NJ,US,STATE,128,CASES
1941,12,NEW JERSEY,NJ,US,STATE,93,CASES
1941,13,NEW JERSEY,NJ,US,STATE,98,CASES
1941,14,NEW JERSEY,NJ,US,STATE,94,CASES
1941,15,NEW JERSEY,NJ,US,STATE,69,CASES
1941,16,NEW JERSEY,NJ,US,STATE,102,CASES
1941,17,NEW JERSEY,NJ,US,STATE,103,CASES
1941,18,NEW JERSEY,NJ,US,STATE,116,CASES
1941,19,NEW JERSEY,NJ,US,STATE,105,CASES
1941,20,NEW JERSEY,NJ,US,STATE,134,CASES
1941,21,NEW JERSEY,NJ,US,STATE,194,CASES
1941,22,NEW JERSEY,NJ,US,STATE,73,CASES
1941,23,NEW JERSEY,NJ,US,STATE,122,CASES
1941,24,NEW JERSEY,NJ,US,STATE,110,CASES
1941,25,NEW JERSEY,NJ,US,STATE,90,CASES
1941,26,NEW JERSEY,NJ,US,STATE,118,CASES
1941,27,NEW JERSEY,NJ,US,STATE,53,CASES
1941,28,NEW JERSEY,NJ,US,STATE,135,CASES
1941,29,NEW JERSEY,NJ,US,STATE,118,CASES
1941,30,NEW JERSEY,NJ,US,STATE,115,CASES
1941,31,NEW JERSEY,NJ,US,STATE,99,CASES
1941,32,NEW JERSEY,NJ,US,STATE,99,CASES
1941,33,NEW JERSEY,NJ,US,STATE,124,CASES
1941,34,NEW JERSEY,NJ,US,STATE,116,CASES
1941,35,NEW JERSEY,NJ,US,STATE,88,CASES
1941,36,NEW JERSEY,NJ,US,STATE,116,CASES
1941,37,NEW JERSEY,NJ,US,STATE,192,CASES
1941,38,NEW JERSEY,NJ,US,STATE,153,CASES
1941,39,NEW JERSEY,NJ,US,STATE,159,CASES
1941,40,NEW JERSEY,NJ,US,STATE,133,CASES
1941,41,NEW JERSEY,NJ,US,STATE,89,CASES
1941,42,NEW JERSEY,NJ,US,STATE,143,CASES
1941,43,NEW JERSEY,NJ,US,STATE,173,CASES
1941,44,NEW JERSEY,NJ,US,STATE,164,CASES
1941,45,NEW JERSEY,NJ,US,STATE,173,CASES
1941,46,NEW JERSEY,NJ,US,STATE,224,CASES
1941,47,NEW JERSEY,NJ,US,STATE,226,CASES
1941,48,NEW JERSEY,NJ,US,STATE,214,CASES
1941,49,NEW JERSEY,NJ,US,STATE,259,CASES
1941,50,NEW JERSEY,NJ,US,STATE,261,CASES
1941,51,NEW JERSEY,NJ,US,STATE,176,CASES
1941,52,NEW JERSEY,NJ,US,STATE,146,CASES
1941,53,NEW JERSEY,NJ,US,STATE,148,CASES
1942,1,NEW JERSEY,NJ,US,STATE,234,CASES
1942,2,NEW JERSEY,NJ,US,STATE,227,CASES
1942,3,NEW JERSEY,NJ,US,STATE,257,CASES
1942,4,NEW JERSEY,NJ,US,STATE,235,CASES
1942,5,NEW JERSEY,NJ,US,STATE,232,CASES
1942,6,NEW JERSEY,NJ,US,STATE,195,CASES
1942,7,NEW JERSEY,NJ,US,STATE,207,CASES
1942,8,NEW JERSEY,NJ,US,STATE,215,CASES
1942,9,NEW JERSEY,NJ,US,STATE,286,CASES
1942,10,NEW JERSEY,NJ,US,STATE,243,CASES
1942,11,NEW JERSEY,NJ,US,STATE,268,CASES
1942,12,NEW JERSEY,NJ,US,STATE,236,CASES
1942,14,NEW JERSEY,NJ,US,STATE,314,CASES
1942,15,NEW JERSEY,NJ,US,STATE,282,CASES
1942,16,NEW JERSEY,NJ,US,STATE,299,CASES
1942,17,NEW JERSEY,NJ,US,STATE,350,CASES
1942,18,NEW JERSEY,NJ,US,STATE,341,CASES
1942,19,NEW JERSEY,NJ,US,STATE,313,CASES
1942,20,NEW JERSEY,NJ,US,STATE,369,CASES
1942,21,NEW JERSEY,NJ,US,STATE,308,CASES
1942,22,NEW JERSEY,NJ,US,STATE,420,CASES
1942,23,NEW JERSEY,NJ,US,STATE,432,CASES
1942,24,NEW JERSEY,NJ,US,STATE,453,CASES
1942,25,NEW JERSEY,NJ,US,STATE,325,CASES
1942,26,NEW JERSEY,NJ,US,STATE,246,CASES
1942,27,NEW JERSEY,NJ,US,STATE,231,CASES
1942,28,NEW JERSEY,NJ,US,STATE,353,CASES
1942,29,NEW JERSEY,NJ,US,STATE,254,CASES
1942,30,NEW JERSEY,NJ,US,STATE,257,CASES
1942,31,NEW JERSEY,NJ,US,STATE,215,CASES
1942,32,NEW JERSEY,NJ,US,STATE,234,CASES
1942,33,NEW JERSEY,NJ,US,STATE,184,CASES
1942,34,NEW JERSEY,NJ,US,STATE,240,CASES
1942,35,NEW JERSEY,NJ,US,STATE,144,CASES
1942,36,NEW JERSEY,NJ,US,STATE,197,CASES
1942,37,NEW JERSEY,NJ,US,STATE,183,CASES
1942,38,NEW JERSEY,NJ,US,STATE,168,CASES
1942,39,NEW JERSEY,NJ,US,STATE,133,CASES
1942,40,NEW JERSEY,NJ,US,STATE,115,CASES
1942,41,NEW JERSEY,NJ,US,STATE,202,CASES
1942,42,NEW JERSEY,NJ,US,STATE,134,CASES
1942,43,NEW JERSEY,NJ,US,STATE,169,CASES
1942,44,NEW JERSEY,NJ,US,STATE,158,CASES
1942,45,NEW JERSEY,NJ,US,STATE,244,CASES
1942,46,NEW JERSEY,NJ,US,STATE,186,CASES
1942,47,NEW JERSEY,NJ,US,STATE,189,CASES
1942,48,NEW JERSEY,NJ,US,STATE,270,CASES
1942,49,NEW JERSEY,NJ,US,STATE,212,CASES
1942,50,NEW JERSEY,NJ,US,STATE,152,CASES
1942,51,NEW JERSEY,NJ,US,STATE,130,CASES
1942,52,NEW JERSEY,NJ,US,STATE,131,CASES
1943,1,NEW JERSEY,NJ,US,STATE,204,CASES
1943,2,NEW JERSEY,NJ,US,STATE,194,CASES
1943,3,NEW JERSEY,NJ,US,STATE,144,CASES
1943,4,NEW JERSEY,NJ,US,STATE,150,CASES
1943,5,NEW JERSEY,NJ,US,STATE,143,CASES
1943,6,NEW JERSEY,NJ,US,STATE,145,CASES
1943,7,NEW JERSEY,NJ,US,STATE,203,CASES
1943,8,NEW JERSEY,NJ,US,STATE,176,CASES
1943,9,NEW JERSEY,NJ,US,STATE,209,CASES
1943,10,NEW JERSEY,NJ,US,STATE,244,CASES
1943,11,NEW JERSEY,NJ,US,STATE,206,CASES
1943,12,NEW JERSEY,NJ,US,STATE,227,CASES
1943,13,NEW JERSEY,NJ,US,STATE,205,CASES
1943,14,NEW JERSEY,NJ,US,STATE,202,CASES
1943,15,NEW JERSEY,NJ,US,STATE,186,CASES
1943,16,NEW JERSEY,NJ,US,STATE,117,CASES
1943,17,NEW JERSEY,NJ,US,STATE,187,CASES
1943,18,NEW JERSEY,NJ,US,STATE,181,CASES
1943,19,NEW JERSEY,NJ,US,STATE,135,CASES
1943,20,NEW JERSEY,NJ,US,STATE,189,CASES
1943,21,NEW JERSEY,NJ,US,STATE,172,CASES
1943,22,NEW JERSEY,NJ,US,STATE,126,CASES
1943,23,NEW JERSEY,NJ,US,STATE,167,CASES
1943,24,NEW JERSEY,NJ,US,STATE,169,CASES
1943,25,NEW JERSEY,NJ,US,STATE,181,CASES
1943,26,NEW JERSEY,NJ,US,STATE,204,CASES
1943,27,NEW JERSEY,NJ,US,STATE,160,CASES
1943,28,NEW JERSEY,NJ,US,STATE,221,CASES
1943,29,NEW JERSEY,NJ,US,STATE,184,CASES
1943,30,NEW JERSEY,NJ,US,STATE,169,CASES
1943,31,NEW JERSEY,NJ,US,STATE,149,CASES
1943,32,NEW JERSEY,NJ,US,STATE,158,CASES
1943,33,NEW JERSEY,NJ,US,STATE,132,CASES
1943,34,NEW JERSEY,NJ,US,STATE,129,CASES
1943,35,NEW JERSEY,NJ,US,STATE,127,CASES
1943,36,NEW JERSEY,NJ,US,STATE,115,CASES
1943,37,NEW JERSEY,NJ,US,STATE,150,CASES
1943,38,NEW JERSEY,NJ,US,STATE,120,CASES
1943,39,NEW JERSEY,NJ,US,STATE,81,CASES
1943,40,NEW JERSEY,NJ,US,STATE,100,CASES
1943,41,NEW JERSEY,NJ,US,STATE,92,CASES
1943,42,NEW JERSEY,NJ,US,STATE,104,CASES
1943,43,NEW JERSEY,NJ,US,STATE,69,CASES
1943,44,NEW JERSEY,NJ,US,STATE,81,CASES
1943,45,NEW JERSEY,NJ,US,STATE,96,CASES
1943,46,NEW JERSEY,NJ,US,STATE,135,CASES
1943,47,NEW JERSEY,NJ,US,STATE,90,CASES
1943,48,NEW JERSEY,NJ,US,STATE,100,CASES
1943,49,NEW JERSEY,NJ,US,STATE,62,CASES
1943,50,NEW JERSEY,NJ,US,STATE,49,CASES
1943,51,NEW JERSEY,NJ,US,STATE,61,CASES
1943,52,NEW JERSEY,NJ,US,STATE,48,CASES
1944,1,NEW JERSEY,NJ,US,STATE,55,CASES
1944,2,NEW JERSEY,NJ,US,STATE,70,CASES
1944,3,NEW JERSEY,NJ,US,STATE,51,CASES
1944,4,NEW JERSEY,NJ,US,STATE,56,CASES
1944,5,NEW JERSEY,NJ,US,STATE,61,CASES
1944,6,NEW JERSEY,NJ,US,STATE,71,CASES
1944,7,NEW JERSEY,NJ,US,STATE,34,CASES
1944,8,NEW JERSEY,NJ,US,STATE,50,CASES
1944,9,NEW JERSEY,NJ,US,STATE,54,CASES
1944,10,NEW JERSEY,NJ,US,STATE,55,CASES
1944,11,NEW JERSEY,NJ,US,STATE,42,CASES
1944,12,NEW JERSEY,NJ,US,STATE,45,CASES
1944,13,NEW JERSEY,NJ,US,STATE,54,CASES
1944,14,NEW JERSEY,NJ,US,STATE,47,CASES
1944,15,NEW JERSEY,NJ,US,STATE,32,CASES
1944,16,NEW JERSEY,NJ,US,STATE,20,CASES
1944,17,NEW JERSEY,NJ,US,STATE,58,CASES
1944,18,NEW JERSEY,NJ,US,STATE,24,CASES
1944,19,NEW JERSEY,NJ,US,STATE,48,CASES
1944,20,NEW JERSEY,NJ,US,STATE,46,CASES
1944,21,NEW JERSEY,NJ,US,STATE,57,CASES
1944,22,NEW JERSEY,NJ,US,STATE,30,CASES
1944,23,NEW JERSEY,NJ,US,STATE,61,CASES
1944,24,NEW JERSEY,NJ,US,STATE,60,CASES
1944,25,NEW JERSEY,NJ,US,STATE,46,CASES
1944,26,NEW JERSEY,NJ,US,STATE,70,CASES
1944,27,NEW JERSEY,NJ,US,STATE,47,CASES
1944,28,NEW JERSEY,NJ,US,STATE,65,CASES
1944,29,NEW JERSEY,NJ,US,STATE,76,CASES
1944,30,NEW JERSEY,NJ,US,STATE,84,CASES
1944,31,NEW JERSEY,NJ,US,STATE,79,CASES
1944,32,NEW JERSEY,NJ,US,STATE,68,CASES
1944,33,NEW JERSEY,NJ,US,STATE,37,CASES
1944,34,NEW JERSEY,NJ,US,STATE,66,CASES
1944,35,NEW JERSEY,NJ,US,STATE,61,CASES
1944,36,NEW JERSEY,NJ,US,STATE,44,CASES
1944,37,NEW JERSEY,NJ,US,STATE,70,CASES
1944,38,NEW JERSEY,NJ,US,STATE,68,CASES
1944,39,NEW JERSEY,NJ,US,STATE,70,CASES
1944,40,NEW JERSEY,NJ,US,STATE,54,CASES
1944,41,NEW JERSEY,NJ,US,STATE,44,CASES
1944,42,NEW JERSEY,NJ,US,STATE,44,CASES
1944,43,NEW JERSEY,NJ,US,STATE,79,CASES
1944,44,NEW JERSEY,NJ,US,STATE,77,CASES
1944,45,NEW JERSEY,NJ,US,STATE,69,CASES
1944,46,NEW JERSEY,NJ,US,STATE,103,CASES
1944,47,NEW JERSEY,NJ,US,STATE,64,CASES
1944,48,NEW JERSEY,NJ,US,STATE,94,CASES
1944,49,NEW JERSEY,NJ,US,STATE,72,CASES
1944,50,NEW JERSEY,NJ,US,STATE,118,CASES
1944,51,NEW JERSEY,NJ,US,STATE,69,CASES
1944,52,NEW JERSEY,NJ,US,STATE,65,CASES
1945,1,NEW JERSEY,NJ,US,STATE,85,CASES
1945,2,NEW JERSEY,NJ,US,STATE,92,CASES
1945,3,NEW JERSEY,NJ,US,STATE,94,CASES
1945,4,NEW JERSEY,NJ,US,STATE,106,CASES
1945,5,NEW JERSEY,NJ,US,STATE,9,CASES
1945,6,NEW JERSEY,NJ,US,STATE,79,CASES
1945,7,NEW JERSEY,NJ,US,STATE,76,CASES
1945,8,NEW JERSEY,NJ,US,STATE,115,CASES
1945,9,NEW JERSEY,NJ,US,STATE,103,CASES
1945,10,NEW JERSEY,NJ,US,STATE,123,CASES
1945,11,NEW JERSEY,NJ,US,STATE,121,CASES
1945,12,NEW JERSEY,NJ,US,STATE,101,CASES
1945,13,NEW JERSEY,NJ,US,STATE,84,CASES
1945,14,NEW JERSEY,NJ,US,STATE,96,CASES
1945,15,NEW JERSEY,NJ,US,STATE,121,CASES
1945,16,NEW JERSEY,NJ,US,STATE,128,CASES
1945,17,NEW JERSEY,NJ,US,STATE,153,CASES
1945,18,NEW JERSEY,NJ,US,STATE,104,CASES
1945,19,NEW JERSEY,NJ,US,STATE,111,CASES
1945,20,NEW JERSEY,NJ,US,STATE,136,CASES
1945,21,NEW JERSEY,NJ,US,STATE,117,CASES
1945,22,NEW JERSEY,NJ,US,STATE,82,CASES
1945,23,NEW JERSEY,NJ,US,STATE,112,CASES
1945,24,NEW JERSEY,NJ,US,STATE,130,CASES
1945,25,NEW JERSEY,NJ,US,STATE,157,CASES
1945,26,NEW JERSEY,NJ,US,STATE,174,CASES
1945,27,NEW JERSEY,NJ,US,STATE,165,CASES
1945,28,NEW JERSEY,NJ,US,STATE,221,CASES
1945,29,NEW JERSEY,NJ,US,STATE,253,CASES
1945,30,NEW JERSEY,NJ,US,STATE,195,CASES
1945,31,NEW JERSEY,NJ,US,STATE,237,CASES
1945,32,NEW JERSEY,NJ,US,STATE,197,CASES
1945,33,NEW JERSEY,NJ,US,STATE,155,CASES
1945,34,NEW JERSEY,NJ,US,STATE,196,CASES
1945,35,NEW JERSEY,NJ,US,STATE,138,CASES
1945,36,NEW JERSEY,NJ,US,STATE,144,CASES
1945,37,NEW JERSEY,NJ,US,STATE,201,CASES
1945,38,NEW JERSEY,NJ,US,STATE,151,CASES
1945,39,NEW JERSEY,NJ,US,STATE,156,CASES
1945,40,NEW JERSEY,NJ,US,STATE,140,CASES
1945,41,NEW JERSEY,NJ,US,STATE,101,CASES
1945,42,NEW JERSEY,NJ,US,STATE,151,CASES
1945,43,NEW JERSEY,NJ,US,STATE,164,CASES
1945,44,NEW JERSEY,NJ,US,STATE,145,CASES
1945,45,NEW JERSEY,NJ,US,STATE,177,CASES
1945,46,NEW JERSEY,NJ,US,STATE,224,CASES
1945,47,NEW JERSEY,NJ,US,STATE,140,CASES
1945,48,NEW JERSEY,NJ,US,STATE,273,CASES
1945,49,NEW JERSEY,NJ,US,STATE,164,CASES
1945,50,NEW JERSEY,NJ,US,STATE,184,CASES
1945,51,NEW JERSEY,NJ,US,STATE,106,CASES
1945,52,NEW JERSEY,NJ,US,STATE,97,CASES
1946,1,NEW JERSEY,NJ,US,STATE,91,CASES
1946,2,NEW JERSEY,NJ,US,STATE,183,CASES
1946,3,NEW JERSEY,NJ,US,STATE,164,CASES
1946,4,NEW JERSEY,NJ,US,STATE,77,CASES
1946,5,NEW JERSEY,NJ,US,STATE,133,CASES
1946,6,NEW JERSEY,NJ,US,STATE,103,CASES
1946,7,NEW JERSEY,NJ,US,STATE,146,CASES
1946,8,NEW JERSEY,NJ,US,STATE,108,CASES
1946,9,NEW JERSEY,NJ,US,STATE,140,CASES
1946,10,NEW JERSEY,NJ,US,STATE,154,CASES
1946,11,NEW JERSEY,NJ,US,STATE,178,CASES
1946,12,NEW JERSEY,NJ,US,STATE,177,CASES
1946,13,NEW JERSEY,NJ,US,STATE,141,CASES
1946,14,NEW JERSEY,NJ,US,STATE,155,CASES
1946,15,NEW JERSEY,NJ,US,STATE,124,CASES
1946,16,NEW JERSEY,NJ,US,STATE,91,CASES
1946,17,NEW JERSEY,NJ,US,STATE,165,CASES
1946,18,NEW JERSEY,NJ,US,STATE,132,CASES
1946,19,NEW JERSEY,NJ,US,STATE,181,CASES
1946,20,NEW JERSEY,NJ,US,STATE,171,CASES
1946,21,NEW JERSEY,NJ,US,STATE,112,CASES
1946,22,NEW JERSEY,NJ,US,STATE,88,CASES
1946,23,NEW JERSEY,NJ,US,STATE,184,CASES
1946,24,NEW JERSEY,NJ,US,STATE,152,CASES
1946,25,NEW JERSEY,NJ,US,STATE,123,CASES
1946,26,NEW JERSEY,NJ,US,STATE,130,CASES
1946,27,NEW JERSEY,NJ,US,STATE,70,CASES
1946,28,NEW JERSEY,NJ,US,STATE,150,CASES
1946,29,NEW JERSEY,NJ,US,STATE,148,CASES
1946,30,NEW JERSEY,NJ,US,STATE,136,CASES
1946,31,NEW JERSEY,NJ,US,STATE,186,CASES
1946,32,NEW JERSEY,NJ,US,STATE,165,CASES
1946,33,NEW JERSEY,NJ,US,STATE,135,CASES
1946,34,NEW JERSEY,NJ,US,STATE,118,CASES
1946,35,NEW JERSEY,NJ,US,STATE,123,CASES
1946,36,NEW JERSEY,NJ,US,STATE,139,CASES
1946,37,NEW JERSEY,NJ,US,STATE,147,CASES
1946,38,NEW JERSEY,NJ,US,STATE,164,CASES
1946,39,NEW JERSEY,NJ,US,STATE,128,CASES
1946,40,NEW JERSEY,NJ,US,STATE,112,CASES
1946,41,NEW JERSEY,NJ,US,STATE,91,CASES
1946,42,NEW JERSEY,NJ,US,STATE,99,CASES
1946,43,NEW JERSEY,NJ,US,STATE,118,CASES
1946,44,NEW JERSEY,NJ,US,STATE,145,CASES
1946,45,NEW JERSEY,NJ,US,STATE,132,CASES
1946,46,NEW JERSEY,NJ,US,STATE,103,CASES
1946,47,NEW JERSEY,NJ,US,STATE,175,CASES
1946,48,NEW JERSEY,NJ,US,STATE,87,CASES
1946,49,NEW JERSEY,NJ,US,STATE,192,CASES
1946,50,NEW JERSEY,NJ,US,STATE,183,CASES
1946,51,NEW JERSEY,NJ,US,STATE,144,CASES
1946,52,NEW JERSEY,NJ,US,STATE,105,CASES
1947,2,NEW JERSEY,NJ,US,STATE,123,CASES
1947,3,NEW JERSEY,NJ,US,STATE,139,CASES
1947,4,NEW JERSEY,NJ,US,STATE,182,CASES
1947,5,NEW JERSEY,NJ,US,STATE,186,CASES
1947,6,NEW JERSEY,NJ,US,STATE,145,CASES
1947,7,NEW JERSEY,NJ,US,STATE,87,CASES
1947,8,NEW JERSEY,NJ,US,STATE,186,CASES
1947,9,NEW JERSEY,NJ,US,STATE,115,CASES
1947,10,NEW JERSEY,NJ,US,STATE,130,CASES
1947,11,NEW JERSEY,NJ,US,STATE,132,CASES
1947,12,NEW JERSEY,NJ,US,STATE,118,CASES
1947,13,NEW JERSEY,NJ,US,STATE,110,CASES
1947,14,NEW JERSEY,NJ,US,STATE,102,CASES
1947,15,NEW JERSEY,NJ,US,STATE,129,CASES
1947,16,NEW JERSEY,NJ,US,STATE,152,CASES
1947,17,NEW JERSEY,NJ,US,STATE,174,CASES
1947,18,NEW JERSEY,NJ,US,STATE,145,CASES
1947,19,NEW JERSEY,NJ,US,STATE,149,CASES
1947,20,NEW JERSEY,NJ,US,STATE,242,CASES
1947,21,NEW JERSEY,NJ,US,STATE,235,CASES
1947,22,NEW JERSEY,NJ,US,STATE,149,CASES
1947,23,NEW JERSEY,NJ,US,STATE,256,CASES
1947,24,NEW JERSEY,NJ,US,STATE,225,CASES
1947,25,NEW JERSEY,NJ,US,STATE,244,CASES
1947,26,NEW JERSEY,NJ,US,STATE,189,CASES
1947,27,NEW JERSEY,NJ,US,STATE,143,CASES
1947,28,NEW JERSEY,NJ,US,STATE,261,CASES
1947,29,NEW JERSEY,NJ,US,STATE,193,CASES
1947,30,NEW JERSEY,NJ,US,STATE,204,CASES
1947,31,NEW JERSEY,NJ,US,STATE,208,CASES
1947,32,NEW JERSEY,NJ,US,STATE,205,CASES
1947,33,NEW JERSEY,NJ,US,STATE,206,CASES
1947,35,NEW JERSEY,NJ,US,STATE,148,CASES
1947,36,NEW JERSEY,NJ,US,STATE,176,CASES
1947,37,NEW JERSEY,NJ,US,STATE,218,CASES
1947,38,NEW JERSEY,NJ,US,STATE,225,CASES
1947,39,NEW JERSEY,NJ,US,STATE,132,CASES
1947,40,NEW JERSEY,NJ,US,STATE,155,CASES
1947,41,NEW JERSEY,NJ,US,STATE,124,CASES
1947,42,NEW JERSEY,NJ,US,STATE,117,CASES
1947,43,NEW JERSEY,NJ,US,STATE,163,CASES
1947,44,NEW JERSEY,NJ,US,STATE,145,CASES
1947,45,NEW JERSEY,NJ,US,STATE,142,CASES
1947,46,NEW JERSEY,NJ,US,STATE,121,CASES
1947,47,NEW JERSEY,NJ,US,STATE,187,CASES
1947,48,NEW JERSEY,NJ,US,STATE,137,CASES
1947,49,NEW JERSEY,NJ,US,STATE,169,CASES
1947,50,NEW JERSEY,NJ,US,STATE,143,CASES
1947,51,NEW JERSEY,NJ,US,STATE,95,CASES
1947,52,NEW JERSEY,NJ,US,STATE,87,CASES
1947,53,NEW JERSEY,NJ,US,STATE,61,CASES
1948,1,NEW JERSEY,NJ,US,STATE,76,CASES
1948,2,NEW JERSEY,NJ,US,STATE,69,CASES
1948,3,NEW JERSEY,NJ,US,STATE,88,CASES
1948,5,NEW JERSEY,NJ,US,STATE,64,CASES
1948,6,NEW JERSEY,NJ,US,STATE,62,CASES
1948,7,NEW JERSEY,NJ,US,STATE,64,CASES
1948,8,NEW JERSEY,NJ,US,STATE,73,CASES
1948,9,NEW JERSEY,NJ,US,STATE,48,CASES
1948,10,NEW JERSEY,NJ,US,STATE,77,CASES
1948,11,NEW JERSEY,NJ,US,STATE,49,CASES
1948,12,NEW JERSEY,NJ,US,STATE,72,CASES
1948,13,NEW JERSEY,NJ,US,STATE,51,CASES
1948,14,NEW JERSEY,NJ,US,STATE,65,CASES
1948,15,NEW JERSEY,NJ,US,STATE,64,CASES
1948,16,NEW JERSEY,NJ,US,STATE,59,CASES
1948,17,NEW JERSEY,NJ,US,STATE,49,CASES
1948,18,NEW JERSEY,NJ,US,STATE,40,CASES
1948,19,NEW JERSEY,NJ,US,STATE,54,CASES
1948,20,NEW JERSEY,NJ,US,STATE,49,CASES
1948,21,NEW JERSEY,NJ,US,STATE,48,CASES
1948,22,NEW JERSEY,NJ,US,STATE,43,CASES
1948,23,NEW JERSEY,NJ,US,STATE,57,CASES
1948,24,NEW JERSEY,NJ,US,STATE,65,CASES
1948,25,NEW JERSEY,NJ,US,STATE,37,CASES
1948,26,NEW JERSEY,NJ,US,STATE,35,CASES
1948,27,NEW JERSEY,NJ,US,STATE,26,CASES
1948,28,NEW JERSEY,NJ,US,STATE,57,CASES
1948,29,NEW JERSEY,NJ,US,STATE,47,CASES
1948,30,NEW JERSEY,NJ,US,STATE,79,CASES
1948,31,NEW JERSEY,NJ,US,STATE,62,CASES
1948,32,NEW JERSEY,NJ,US,STATE,54,CASES
1948,33,NEW JERSEY,NJ,US,STATE,46,CASES
1948,34,NEW JERSEY,NJ,US,STATE,40,CASES
1948,35,NEW JERSEY,NJ,US,STATE,60,CASES
1948,36,NEW JERSEY,NJ,US,STATE,53,CASES
1948,37,NEW JERSEY,NJ,US,STATE,74,CASES
1948,38,NEW JERSEY,NJ,US,STATE,54,CASES
1948,39,NEW JERSEY,NJ,US,STATE,56,CASES
1948,40,NEW JERSEY,NJ,US,STATE,43,CASES
1948,41,NEW JERSEY,NJ,US,STATE,36,CASES
1948,42,NEW JERSEY,NJ,US,STATE,41,CASES
1948,43,NEW JERSEY,NJ,US,STATE,30,CASES
1948,44,NEW JERSEY,NJ,US,STATE,73,CASES
1948,45,NEW JERSEY,NJ,US,STATE,39,CASES
1948,46,NEW JERSEY,NJ,US,STATE,30,CASES
1948,47,NEW JERSEY,NJ,US,STATE,24,CASES
1948,48,NEW JERSEY,NJ,US,STATE,45,CASES
1948,49,NEW JERSEY,NJ,US,STATE,82,CASES
1948,50,NEW JERSEY,NJ,US,STATE,37,CASES
1948,51,NEW JERSEY,NJ,US,STATE,17,CASES
1948,52,NEW JERSEY,NJ,US,STATE,27,CASES
1949,1,NEW JERSEY,NJ,US,STATE,50,CASES
1949,2,NEW JERSEY,NJ,US,STATE,63,CASES
1949,3,NEW JERSEY,NJ,US,STATE,78,CASES
1949,4,NEW JERSEY,NJ,US,STATE,64,CASES
1949,5,NEW JERSEY,NJ,US,STATE,39,CASES
1949,6,NEW JERSEY,NJ,US,STATE,36,CASES
1949,7,NEW JERSEY,NJ,US,STATE,52,CASES
1949,8,NEW JERSEY,NJ,US,STATE,42,CASES
1949,9,NEW JERSEY,NJ,US,STATE,58,CASES
1949,10,NEW JERSEY,NJ,US,STATE,64,CASES
1949,11,NEW JERSEY,NJ,US,STATE,42,CASES
1949,12,NEW JERSEY,NJ,US,STATE,39,CASES
1949,13,NEW JERSEY,NJ,US,STATE,41,CASES
1949,14,NEW JERSEY,NJ,US,STATE,54,CASES
1949,15,NEW JERSEY,NJ,US,STATE,40,CASES
1949,16,NEW JERSEY,NJ,US,STATE,44,CASES
1949,17,NEW JERSEY,NJ,US,STATE,45,CASES
1949,18,NEW JERSEY,NJ,US,STATE,43,CASES
1949,19,NEW JERSEY,NJ,US,STATE,67,CASES
1949,20,NEW JERSEY,NJ,US,STATE,69,CASES
1949,21,NEW JERSEY,NJ,US,STATE,81,CASES
1949,22,NEW JERSEY,NJ,US,STATE,47,CASES
1949,23,NEW JERSEY,NJ,US,STATE,75,CASES
1949,24,NEW JERSEY,NJ,US,STATE,93,CASES
1949,25,NEW JERSEY,NJ,US,STATE,53,CASES
1949,26,NEW JERSEY,NJ,US,STATE,40,CASES
1949,27,NEW JERSEY,NJ,US,STATE,55,CASES
1949,28,NEW JERSEY,NJ,US,STATE,78,CASES
1949,29,NEW JERSEY,NJ,US,STATE,70,CASES
1949,30,NEW JERSEY,NJ,US,STATE,71,CASES
1949,31,NEW JERSEY,NJ,US,STATE,102,CASES
1949,32,NEW JERSEY,NJ,US,STATE,74,CASES
1949,33,NEW JERSEY,NJ,US,STATE,62,CASES
1949,34,NEW JERSEY,NJ,US,STATE,68,CASES
1949,35,NEW JERSEY,NJ,US,STATE,69,CASES
1949,36,NEW JERSEY,NJ,US,STATE,107,CASES
1949,37,NEW JERSEY,NJ,US,STATE,131,CASES
1949,38,NEW JERSEY,NJ,US,STATE,104,CASES
1949,39,NEW JERSEY,NJ,US,STATE,127,CASES
1949,40,NEW JERSEY,NJ,US,STATE,116,CASES
1949,41,NEW JERSEY,NJ,US,STATE,87,CASES
1949,42,NEW JERSEY,NJ,US,STATE,129,CASES
1949,43,NEW JERSEY,NJ,US,STATE,126,CASES
1949,44,NEW JERSEY,NJ,US,STATE,181,CASES
1949,45,NEW JERSEY,NJ,US,STATE,126,CASES
1949,46,NEW JERSEY,NJ,US,STATE,239,CASES
1949,47,NEW JERSEY,NJ,US,STATE,130,CASES
1949,48,NEW JERSEY,NJ,US,STATE,209,CASES
1949,49,NEW JERSEY,NJ,US,STATE,205,CASES
1949,50,NEW JERSEY,NJ,US,STATE,125,CASES
1949,51,NEW JERSEY,NJ,US,STATE,112,CASES
1949,52,NEW JERSEY,NJ,US,STATE,173,CASES
1950,1,NEW JERSEY,NJ,US,STATE,172,CASES
1950,2,NEW JERSEY,NJ,US,STATE,182,CASES
1950,3,NEW JERSEY,NJ,US,STATE,176,CASES
1950,4,NEW JERSEY,NJ,US,STATE,189,CASES
1950,5,NEW JERSEY,NJ,US,STATE,163,CASES
1950,6,NEW JERSEY,NJ,US,STATE,176,CASES
1950,7,NEW JERSEY,NJ,US,STATE,199,CASES
1950,8,NEW JERSEY,NJ,US,STATE,129,CASES
1950,9,NEW JERSEY,NJ,US,STATE,173,CASES
1950,10,NEW JERSEY,NJ,US,STATE,169,CASES
1950,11,NEW JERSEY,NJ,US,STATE,144,CASES
1950,12,NEW JERSEY,NJ,US,STATE,129,CASES
1950,13,NEW JERSEY,NJ,US,STATE,165,CASES
1950,14,NEW JERSEY,NJ,US,STATE,89,CASES
1950,15,NEW JERSEY,NJ,US,STATE,105,CASES
1950,16,NEW JERSEY,NJ,US,STATE,140,CASES
1950,17,NEW JERSEY,NJ,US,STATE,131,CASES
1950,18,NEW JERSEY,NJ,US,STATE,143,CASES
1950,18,NEW JERSEY,NJ,US,STATE,150,CASES
1950,20,NEW JERSEY,NJ,US,STATE,134,CASES
1950,21,NEW JERSEY,NJ,US,STATE,118,CASES
1950,22,NEW JERSEY,NJ,US,STATE,98,CASES
1950,23,NEW JERSEY,NJ,US,STATE,151,CASES
1950,24,NEW JERSEY,NJ,US,STATE,132,CASES
1950,25,NEW JERSEY,NJ,US,STATE,107,CASES
1950,26,NEW JERSEY,NJ,US,STATE,50,CASES
1950,27,NEW JERSEY,NJ,US,STATE,99,CASES
1950,28,NEW JERSEY,NJ,US,STATE,104,CASES
1950,29,NEW JERSEY,NJ,US,STATE,94,CASES
1950,30,NEW JERSEY,NJ,US,STATE,102,CASES
1950,31,NEW JERSEY,NJ,US,STATE,113,CASES
1950,32,NEW JERSEY,NJ,US,STATE,84,CASES
1950,33,NEW JERSEY,NJ,US,STATE,105,CASES
1950,34,NEW JERSEY,NJ,US,STATE,77,CASES
1950,35,NEW JERSEY,NJ,US,STATE,67,CASES
1950,36,NEW JERSEY,NJ,US,STATE,88,CASES
1950,37,NEW JERSEY,NJ,US,STATE,133,CASES
1950,38,NEW JERSEY,NJ,US,STATE,131,CASES
1950,39,NEW JERSEY,NJ,US,STATE,87,CASES
1950,40,NEW JERSEY,NJ,US,STATE,101,CASES
1950,41,NEW JERSEY,NJ,US,STATE,85,CASES
1950,42,NEW JERSEY,NJ,US,STATE,93,CASES
1950,43,NEW JERSEY,NJ,US,STATE,134,CASES
1950,44,NEW JERSEY,NJ,US,STATE,68,CASES
1950,45,NEW JERSEY,NJ,US,STATE,111,CASES
1950,46,NEW JERSEY,NJ,US,STATE,115,CASES
1950,47,NEW JERSEY,NJ,US,STATE,60,CASES
1950,48,NEW JERSEY,NJ,US,STATE,119,CASES
1950,49,NEW JERSEY,NJ,US,STATE,135,CASES
1950,50,NEW JERSEY,NJ,US,STATE,113,CASES
1950,51,NEW JERSEY,NJ,US,STATE,75,CASES
1950,52,NEW JERSEY,NJ,US,STATE,78,CASES
1951,1,NEW JERSEY,NJ,US,STATE,74,CASES
1951,2,NEW JERSEY,NJ,US,STATE,148,CASES
1951,3,NEW JERSEY,NJ,US,STATE,128,CASES
1951,4,NEW JERSEY,NJ,US,STATE,110,CASES
1951,5,NEW JERSEY,NJ,US,STATE,76,CASES
1951,6,NEW JERSEY,NJ,US,STATE,57,CASES
1951,7,NEW JERSEY,NJ,US,STATE,86,CASES
1951,8,NEW JERSEY,NJ,US,STATE,70,CASES
1951,9,NEW JERSEY,NJ,US,STATE,61,CASES
1951,10,NEW JERSEY,NJ,US,STATE,75,CASES
1951,11,NEW JERSEY,NJ,US,STATE,74,CASES
1951,12,NEW JERSEY,NJ,US,STATE,56,CASES
1951,13,NEW JERSEY,NJ,US,STATE,62,CASES
1951,14,NEW JERSEY,NJ,US,STATE,51,CASES
1951,15,NEW JERSEY,NJ,US,STATE,72,CASES
1951,16,NEW JERSEY,NJ,US,STATE,66,CASES
1951,17,NEW JERSEY,NJ,US,STATE,48,CASES
1951,18,NEW JERSEY,NJ,US,STATE,64,CASES
1951,19,NEW JERSEY,NJ,US,STATE,47,CASES
1951,20,NEW JERSEY,NJ,US,STATE,53,CASES
1951,21,NEW JERSEY,NJ,US,STATE,51,CASES
1951,23,NEW JERSEY,NJ,US,STATE,56,CASES
1951,24,NEW JERSEY,NJ,US,STATE,60,CASES
1951,25,NEW JERSEY,NJ,US,STATE,33,CASES
1951,26,NEW JERSEY,NJ,US,STATE,31,CASES
1951,27,NEW JERSEY,NJ,US,STATE,29,CASES
1951,28,NEW JERSEY,NJ,US,STATE,38,CASES
1951,29,NEW JERSEY,NJ,US,STATE,65,CASES
1951,30,NEW JERSEY,NJ,US,STATE,59,CASES
1951,31,NEW JERSEY,NJ,US,STATE,53,CASES
1951,33,NEW JERSEY,NJ,US,STATE,50,CASES
1951,34,NEW JERSEY,NJ,US,STATE,50,CASES
1951,35,NEW JERSEY,NJ,US,STATE,46,CASES
1951,36,NEW JERSEY,NJ,US,STATE,20,CASES
1951,37,NEW JERSEY,NJ,US,STATE,62,CASES
1951,38,NEW JERSEY,NJ,US,STATE,34,CASES
1951,39,NEW JERSEY,NJ,US,STATE,39,CASES
1951,40,NEW JERSEY,NJ,US,STATE,34,CASES
1951,41,NEW JERSEY,NJ,US,STATE,39,CASES
1951,42,NEW JERSEY,NJ,US,STATE,58,CASES
1951,43,NEW JERSEY,NJ,US,STATE,47,CASES
1951,44,NEW JERSEY,NJ,US,STATE,58,CASES
1951,45,NEW JERSEY,NJ,US,STATE,80,CASES
1951,46,NEW JERSEY,NJ,US,STATE,71,CASES
1951,47,NEW JERSEY,NJ,US,STATE,77,CASES
1951,48,NEW JERSEY,NJ,US,STATE,73,CASES
1951,49,NEW JERSEY,NJ,US,STATE,40,CASES
1952,1,NEW JERSEY,NJ,US,STATE,34,CASES
1952,2,NEW JERSEY,NJ,US,STATE,74,CASES
1952,3,NEW JERSEY,NJ,US,STATE,45,CASES
1952,4,NEW JERSEY,NJ,US,STATE,50,CASES
1952,5,NEW JERSEY,NJ,US,STATE,42,CASES
1952,6,NEW JERSEY,NJ,US,STATE,46,CASES
1952,7,NEW JERSEY,NJ,US,STATE,38,CASES
1952,8,NEW JERSEY,NJ,US,STATE,28,CASES
1952,9,NEW JERSEY,NJ,US,STATE,35,CASES
1952,10,NEW JERSEY,NJ,US,STATE,24,CASES
1952,11,NEW JERSEY,NJ,US,STATE,39,CASES
1952,12,NEW JERSEY,NJ,US,STATE,56,CASES
1952,13,NEW JERSEY,NJ,US,STATE,24,CASES
1952,14,NEW JERSEY,NJ,US,STATE,31,CASES
1952,15,NEW JERSEY,NJ,US,STATE,15,CASES
1952,16,NEW JERSEY,NJ,US,STATE,25,CASES
1952,17,NEW JERSEY,NJ,US,STATE,19,CASES
1952,18,NEW JERSEY,NJ,US,STATE,19,CASES
1952,19,NEW JERSEY,NJ,US,STATE,38,CASES
1952,20,NEW JERSEY,NJ,US,STATE,37,CASES
1952,21,NEW JERSEY,NJ,US,STATE,34,CASES
1952,22,NEW JERSEY,NJ,US,STATE,35,CASES
1952,23,NEW JERSEY,NJ,US,STATE,29,CASES
1952,24,NEW JERSEY,NJ,US,STATE,11,CASES
1952,25,NEW JERSEY,NJ,US,STATE,34,CASES
1952,26,NEW JERSEY,NJ,US,STATE,29,CASES
1952,27,NEW JERSEY,NJ,US,STATE,10,CASES
1952,28,NEW JERSEY,NJ,US,STATE,18,CASES
1952,30,NEW JERSEY,NJ,US,STATE,31,CASES
1952,31,NEW JERSEY,NJ,US,STATE,44,CASES
1952,32,NEW JERSEY,NJ,US,STATE,25,CASES
1952,33,NEW JERSEY,NJ,US,STATE,26,CASES
1952,35,NEW JERSEY,NJ,US,STATE,18,CASES
1952,36,NEW JERSEY,NJ,US,STATE,24,CASES
1952,38,NEW JERSEY,NJ,US,STATE,37,CASES
1952,39,NEW JERSEY,NJ,US,STATE,41,CASES
1952,40,NEW JERSEY,NJ,US,STATE,32,CASES
1952,41,NEW JERSEY,NJ,US,STATE,46,CASES
1952,42,NEW JERSEY,NJ,US,STATE,22,CASES
1952,43,NEW JERSEY,NJ,US,STATE,57,CASES
1952,44,NEW JERSEY,NJ,US,STATE,46,CASES
1952,45,NEW JERSEY,NJ,US,STATE,30,CASES
1952,46,NEW JERSEY,NJ,US,STATE,44,CASES
1952,47,NEW JERSEY,NJ,US,STATE,73,CASES
1952,48,NEW JERSEY,NJ,US,STATE,15,CASES
1952,49,NEW JERSEY,NJ,US,STATE,37,CASES
1952,50,NEW JERSEY,NJ,US,STATE,46,CASES
1952,51,NEW JERSEY,NJ,US,STATE,19,CASES
1953,1,NEW JERSEY,NJ,US,STATE,56,CASES
1952,53,NEW JERSEY,NJ,US,STATE,34,CASES
1953,2,NEW JERSEY,NJ,US,STATE,46,CASES
1953,3,NEW JERSEY,NJ,US,STATE,48,CASES
1952,53,NEW JERSEY,NJ,US,STATE,45,CASES
1953,4,NEW JERSEY,NJ,US,STATE,44,CASES
1953,5,NEW JERSEY,NJ,US,STATE,25,CASES
1953,6,NEW JERSEY,NJ,US,STATE,18,CASES
1953,7,NEW JERSEY,NJ,US,STATE,18,CASES
1953,8,NEW JERSEY,NJ,US,STATE,31,CASES
1953,9,NEW JERSEY,NJ,US,STATE,29,CASES
1953,10,NEW JERSEY,NJ,US,STATE,27,CASES
1953,11,NEW JERSEY,NJ,US,STATE,19,CASES
1953,12,NEW JERSEY,NJ,US,STATE,31,CASES
1953,13,NEW JERSEY,NJ,US,STATE,37,CASES
1953,14,NEW JERSEY,NJ,US,STATE,33,CASES
1953,15,NEW JERSEY,NJ,US,STATE,38,CASES
1953,16,NEW JERSEY,NJ,US,STATE,29,CASES
1953,17,NEW JERSEY,NJ,US,STATE,32,CASES
1953,18,NEW JERSEY,NJ,US,STATE,47,CASES
1953,19,NEW JERSEY,NJ,US,STATE,56,CASES
1953,20,NEW JERSEY,NJ,US,STATE,35,CASES
1953,21,NEW JERSEY,NJ,US,STATE,22,CASES
1953,22,NEW JERSEY,NJ,US,STATE,24,CASES
1953,23,NEW JERSEY,NJ,US,STATE,46,CASES
1953,24,NEW JERSEY,NJ,US,STATE,36,CASES
1953,25,NEW JERSEY,NJ,US,STATE,31,CASES
1953,26,NEW JERSEY,NJ,US,STATE,22,CASES
1953,27,NEW JERSEY,NJ,US,STATE,25,CASES
1953,28,NEW JERSEY,NJ,US,STATE,33,CASES
1953,29,NEW JERSEY,NJ,US,STATE,28,CASES
1953,31,NEW JERSEY,NJ,US,STATE,52,CASES
1953,32,NEW JERSEY,NJ,US,STATE,63,CASES
1953,33,NEW JERSEY,NJ,US,STATE,59,CASES
1953,34,NEW JERSEY,NJ,US,STATE,30,CASES
1953,35,NEW JERSEY,NJ,US,STATE,29,CASES
1953,36,NEW JERSEY,NJ,US,STATE,33,CASES
1953,37,NEW JERSEY,NJ,US,STATE,59,CASES
1953,38,NEW JERSEY,NJ,US,STATE,50,CASES
1953,39,NEW JERSEY,NJ,US,STATE,39,CASES
1953,40,NEW JERSEY,NJ,US,STATE,46,CASES
1953,41,NEW JERSEY,NJ,US,STATE,22,CASES
1953,42,NEW JERSEY,NJ,US,STATE,28,CASES
1953,43,NEW JERSEY,NJ,US,STATE,45,CASES
1953,44,NEW JERSEY,NJ,US,STATE,13,CASES
1953,45,NEW JERSEY,NJ,US,STATE,29,CASES
1953,46,NEW JERSEY,NJ,US,STATE,32,CASES
1953,47,NEW JERSEY,NJ,US,STATE,35,CASES
1953,48,NEW JERSEY,NJ,US,STATE,52,CASES
1953,49,NEW JERSEY,NJ,US,STATE,56,CASES
1953,50,NEW JERSEY,NJ,US,STATE,26,CASES
1954,1,NEW JERSEY,NJ,US,STATE,33,CASES
1954,2,NEW JERSEY,NJ,US,STATE,36,CASES
1954,3,NEW JERSEY,NJ,US,STATE,33,CASES
1954,4,NEW JERSEY,NJ,US,STATE,48,CASES
1954,5,NEW JERSEY,NJ,US,STATE,63,CASES
1954,6,NEW JERSEY,NJ,US,STATE,19,CASES
1954,7,NEW JERSEY,NJ,US,STATE,41,CASES
1954,8,NEW JERSEY,NJ,US,STATE,29,CASES
1954,9,NEW JERSEY,NJ,US,STATE,46,CASES
1954,10,NEW JERSEY,NJ,US,STATE,34,CASES
1954,11,NEW JERSEY,NJ,US,STATE,46,CASES
1954,12,NEW JERSEY,NJ,US,STATE,25,CASES
1954,13,NEW JERSEY,NJ,US,STATE,37,CASES
1954,14,NEW JERSEY,NJ,US,STATE,37,CASES
1954,15,NEW JERSEY,NJ,US,STATE,22,CASES
1954,16,NEW JERSEY,NJ,US,STATE,29,CASES
1954,17,NEW JERSEY,NJ,US,STATE,35,CASES
1954,18,NEW JERSEY,NJ,US,STATE,21,CASES
1954,19,NEW JERSEY,NJ,US,STATE,19,CASES
1954,20,NEW JERSEY,NJ,US,STATE,48,CASES
1954,22,NEW JERSEY,NJ,US,STATE,44,CASES
1954,23,NEW JERSEY,NJ,US,STATE,44,CASES
1954,24,NEW JERSEY,NJ,US,STATE,42,CASES
1954,25,NEW JERSEY,NJ,US,STATE,31,CASES
1954,26,NEW JERSEY,NJ,US,STATE,37,CASES
1954,27,NEW JERSEY,NJ,US,STATE,23,CASES
1954,28,NEW JERSEY,NJ,US,STATE,24,CASES
1954,29,NEW JERSEY,NJ,US,STATE,36,CASES
1954,30,NEW JERSEY,NJ,US,STATE,39,CASES
1954,31,NEW JERSEY,NJ,US,STATE,49,CASES
1954,32,NEW JERSEY,NJ,US,STATE,38,CASES
1954,33,NEW JERSEY,NJ,US,STATE,37,CASES
1954,34,NEW JERSEY,NJ,US,STATE,33,CASES
1954,35,NEW JERSEY,NJ,US,STATE,29,CASES
1954,36,NEW JERSEY,NJ,US,STATE,29,CASES
1954,37,NEW JERSEY,NJ,US,STATE,48,CASES
1954,38,NEW JERSEY,NJ,US,STATE,40,CASES
1954,39,NEW JERSEY,NJ,US,STATE,47,CASES
1954,40,NEW JERSEY,NJ,US,STATE,51,CASES
1954,41,NEW JERSEY,NJ,US,STATE,37,CASES
1954,42,NEW JERSEY,NJ,US,STATE,31,CASES
1954,43,NEW JERSEY,NJ,US,STATE,38,CASES
1954,44,NEW JERSEY,NJ,US,STATE,24,CASES
1954,45,NEW JERSEY,NJ,US,STATE,80,CASES
1954,46,NEW JERSEY,NJ,US,STATE,38,CASES
1954,47,NEW JERSEY,NJ,US,STATE,42,CASES
1954,48,NEW JERSEY,NJ,US,STATE,94,CASES
1954,49,NEW JERSEY,NJ,US,STATE,56,CASES
1954,50,NEW JERSEY,NJ,US,STATE,56,CASES
1954,51,NEW JERSEY,NJ,US,STATE,29,CASES
1954,52,NEW JERSEY,NJ,US,STATE,28,CASES
1955,1,NEW JERSEY,NJ,US,STATE,54,CASES
1955,2,NEW JERSEY,NJ,US,STATE,61,CASES
1955,3,NEW JERSEY,NJ,US,STATE,47,CASES
1955,4,NEW JERSEY,NJ,US,STATE,26,CASES
1955,5,NEW JERSEY,NJ,US,STATE,32,CASES
1955,6,NEW JERSEY,NJ,US,STATE,36,CASES
1955,7,NEW JERSEY,NJ,US,STATE,20,CASES
1955,8,NEW JERSEY,NJ,US,STATE,16,CASES
1955,9,NEW JERSEY,NJ,US,STATE,15,CASES
1955,10,NEW JERSEY,NJ,US,STATE,18,CASES
1955,11,NEW JERSEY,NJ,US,STATE,18,CASES
1955,12,NEW JERSEY,NJ,US,STATE,12,CASES
1955,13,NEW JERSEY,NJ,US,STATE,20,CASES
1955,14,NEW JERSEY,NJ,US,STATE,25,CASES
1955,15,NEW JERSEY,NJ,US,STATE,16,CASES
1955,16,NEW JERSEY,NJ,US,STATE,35,CASES
1955,17,NEW JERSEY,NJ,US,STATE,26,CASES
1955,18,NEW JERSEY,NJ,US,STATE,20,CASES
1955,19,NEW JERSEY,NJ,US,STATE,38,CASES
1955,20,NEW JERSEY,NJ,US,STATE,12,CASES
1955,21,NEW JERSEY,NJ,US,STATE,16,CASES
1955,22,NEW JERSEY,NJ,US,STATE,13,CASES
1955,23,NEW JERSEY,NJ,US,STATE,16,CASES
1955,24,NEW JERSEY,NJ,US,STATE,14,CASES
1955,25,NEW JERSEY,NJ,US,STATE,11,CASES
1955,26,NEW JERSEY,NJ,US,STATE,11,CASES
1955,27,NEW JERSEY,NJ,US,STATE,7,CASES
1955,28,NEW JERSEY,NJ,US,STATE,20,CASES
1955,29,NEW JERSEY,NJ,US,STATE,13,CASES
1955,30,NEW JERSEY,NJ,US,STATE,18,CASES
1955,31,NEW JERSEY,NJ,US,STATE,19,CASES
1955,32,NEW JERSEY,NJ,US,STATE,24,CASES
1955,33,NEW JERSEY,NJ,US,STATE,19,CASES
1955,34,NEW JERSEY,NJ,US,STATE,26,CASES
1955,35,NEW JERSEY,NJ,US,STATE,14,CASES
1955,36,NEW JERSEY,NJ,US,STATE,19,CASES
1955,37,NEW JERSEY,NJ,US,STATE,16,CASES
1955,38,NEW JERSEY,NJ,US,STATE,34,CASES
1955,39,NEW JERSEY,NJ,US,STATE,26,CASES
1955,40,NEW JERSEY,NJ,US,STATE,21,CASES
1955,41,NEW JERSEY,NJ,US,STATE,18,CASES
1955,42,NEW JERSEY,NJ,US,STATE,23,CASES
1955,43,NEW JERSEY,NJ,US,STATE,19,CASES
1955,44,NEW JERSEY,NJ,US,STATE,16,CASES
1955,45,NEW JERSEY,NJ,US,STATE,21,CASES
1955,46,NEW JERSEY,NJ,US,STATE,69,CASES
1955,47,NEW JERSEY,NJ,US,STATE,15,CASES
1955,48,NEW JERSEY,NJ,US,STATE,48,CASES
1955,49,NEW JERSEY,NJ,US,STATE,32,CASES
1955,50,NEW JERSEY,NJ,US,STATE,31,CASES
1974,32,NEW JERSEY,NJ,US,STATE,3,CASES
1974,34,NEW JERSEY,NJ,US,STATE,3,CASES
1974,46,NEW JERSEY,NJ,US,STATE,1,CASES
1978,49,NEW JERSEY,NJ,US,STATE,1,CASES
1979,27,NEW JERSEY,NJ,US,STATE,5,CASES
1979,37,NEW JERSEY,NJ,US,STATE,3,CASES
1980,17,NEW JERSEY,NJ,US,STATE,1,CASES
1980,26,NEW JERSEY,NJ,US,STATE,1,CASES
1980,30,NEW JERSEY,NJ,US,STATE,2,CASES
1980,31,NEW JERSEY,NJ,US,STATE,1,CASES
1980,35,NEW JERSEY,NJ,US,STATE,1,CASES
1980,39,NEW JERSEY,NJ,US,STATE,2,CASES
1980,42,NEW JERSEY,NJ,US,STATE,1,CASES
1980,44,NEW JERSEY,NJ,US,STATE,1,CASES
1980,45,NEW JERSEY,NJ,US,STATE,1,CASES
1981,12,NEW JERSEY,NJ,US,STATE,1,CASES
1981,14,NEW JERSEY,NJ,US,STATE,1,CASES
1981,31,NEW JERSEY,NJ,US,STATE,2,CASES
1981,36,NEW JERSEY,NJ,US,STATE,1,CASES
1981,42,NEW JERSEY,NJ,US,STATE,1,CASES
1981,46,NEW JERSEY,NJ,US,STATE,1,CASES
1981,49,NEW JERSEY,NJ,US,STATE,1,CASES
1982,7,NEW JERSEY,NJ,US,STATE,1,CASES
1982,8,NEW JERSEY,NJ,US,STATE,1,CASES
1982,12,NEW JERSEY,NJ,US,STATE,1,CASES
1982,13,NEW JERSEY,NJ,US,STATE,1,CASES
1982,19,NEW JERSEY,NJ,US,STATE,1,CASES
1982,21,NEW JERSEY,NJ,US,STATE,2,CASES
1982,27,NEW JERSEY,NJ,US,STATE,4,CASES
1982,29,NEW JERSEY,NJ,US,STATE,1,CASES
1982,30,NEW JERSEY,NJ,US,STATE,1,CASES
1982,33,NEW JERSEY,NJ,US,STATE,3,CASES
1982,34,NEW JERSEY,NJ,US,STATE,1,CASES
1982,35,NEW JERSEY,NJ,US,STATE,1,CASES
1982,37,NEW JERSEY,NJ,US,STATE,2,CASES
1982,38,NEW JERSEY,NJ,US,STATE,1,CASES
1982,44,NEW JERSEY,NJ,US,STATE,1,CASES
1982,47,NEW JERSEY,NJ,US,STATE,1,CASES
1982,51,NEW JERSEY,NJ,US,STATE,1,CASES
1983,2,NEW JERSEY,NJ,US,STATE,1,CASES
1983,3,NEW JERSEY,NJ,US,STATE,1,CASES
1983,8,NEW JERSEY,NJ,US,STATE,2,CASES
1983,9,NEW JERSEY,NJ,US,STATE,1,CASES
1983,11,NEW JERSEY,NJ,US,STATE,1,CASES
1983,12,NEW JERSEY,NJ,US,STATE,1,CASES
1983,16,NEW JERSEY,NJ,US,STATE,2,CASES
1983,19,NEW JERSEY,NJ,US,STATE,1,CASES
1983,24,NEW JERSEY,NJ,US,STATE,3,CASES
1983,26,NEW JERSEY,NJ,US,STATE,1,CASES
1983,32,NEW JERSEY,NJ,US,STATE,1,CASES
1983,35,NEW JERSEY,NJ,US,STATE,1,CASES
1983,36,NEW JERSEY,NJ,US,STATE,1,CASES
1983,49,NEW JERSEY,NJ,US,STATE,1,CASES
1984,10,NEW JERSEY,NJ,US,STATE,1,CASES
1984,23,NEW JERSEY,NJ,US,STATE,1,CASES
1984,43,NEW JERSEY,NJ,US,STATE,1,CASES
1985,10,NEW JERSEY,NJ,US,STATE,1,CASES
1985,21,NEW JERSEY,NJ,US,STATE,1,CASES
1985,28,NEW JERSEY,NJ,US,STATE,1,CASES
1985,36,NEW JERSEY,NJ,US,STATE,1,CASES
1985,37,NEW JERSEY,NJ,US,STATE,1,CASES
1985,39,NEW JERSEY,NJ,US,STATE,2,CASES
1985,42,NEW JERSEY,NJ,US,STATE,3,CASES
1985,43,NEW JERSEY,NJ,US,STATE,1,CASES
1985,51,NEW JERSEY,NJ,US,STATE,1,CASES
1986,19,NEW JERSEY,NJ,US,STATE,1,CASES
1986,22,NEW JERSEY,NJ,US,STATE,1,CASES
1986,27,NEW JERSEY,NJ,US,STATE,1,CASES
1986,28,NEW JERSEY,NJ,US,STATE,1,CASES
1986,32,NEW JERSEY,NJ,US,STATE,1,CASES
1986,33,NEW JERSEY,NJ,US,STATE,1,CASES
1986,36,NEW JERSEY,NJ,US,STATE,3,CASES
1986,39,NEW JERSEY,NJ,US,STATE,1,CASES
1986,40,NEW JERSEY,NJ,US,STATE,2,CASES
1986,48,NEW JERSEY,NJ,US,STATE,2,CASES
1987,5,NEW JERSEY,NJ,US,STATE,1,CASES
1987,11,NEW JERSEY,NJ,US,STATE,1,CASES
1987,12,NEW JERSEY,NJ,US,STATE,2,CASES
1987,21,NEW JERSEY,NJ,US,STATE,1,CASES
1987,23,NEW JERSEY,NJ,US,STATE,1,CASES
1987,31,NEW JERSEY,NJ,US,STATE,1,CASES
1987,32,NEW JERSEY,NJ,US,STATE,1,CASES
1987,34,NEW JERSEY,NJ,US,STATE,1,CASES
1987,35,NEW JERSEY,NJ,US,STATE,1,CASES
1987,37,NEW JERSEY,NJ,US,STATE,1,CASES
1987,38,NEW JERSEY,NJ,US,STATE,1,CASES
1987,39,NEW JERSEY,NJ,US,STATE,1,CASES
1987,42,NEW JERSEY,NJ,US,STATE,1,CASES
1987,44,NEW JERSEY,NJ,US,STATE,1,CASES
1987,45,NEW JERSEY,NJ,US,STATE,1,CASES
1987,48,NEW JERSEY,NJ,US,STATE,3,CASES
1987,49,NEW JERSEY,NJ,US,STATE,1,CASES
1987,50,NEW JERSEY,NJ,US,STATE,1,CASES
1987,51,NEW JERSEY,NJ,US,STATE,3,CASES
1988,8,NEW JERSEY,NJ,US,STATE,1,CASES
1988,17,NEW JERSEY,NJ,US,STATE,1,CASES
1988,39,NEW JERSEY,NJ,US,STATE,4,CASES
1988,46,NEW JERSEY,NJ,US,STATE,7,CASES
1988,48,NEW JERSEY,NJ,US,STATE,2,CASES
1988,51,NEW JERSEY,NJ,US,STATE,1,CASES
1989,1,NEW JERSEY,NJ,US,STATE,10,CASES
1989,2,NEW JERSEY,NJ,US,STATE,1,CASES
1989,3,NEW JERSEY,NJ,US,STATE,1,CASES
1989,4,NEW JERSEY,NJ,US,STATE,1,CASES
1989,6,NEW JERSEY,NJ,US,STATE,1,CASES
1992,42,NEW JERSEY,NJ,US,STATE,12,CASES
1992,47,NEW JERSEY,NJ,US,STATE,14,CASES
2000,34,NEW JERSEY,NJ,US,STATE,6,CASES
2000,39,NEW JERSEY,NJ,US,STATE,1,CASES
2000,49,NEW JERSEY,NJ,US,STATE,7,CASES
2001,13,NEW JERSEY,NJ,US,STATE,2,CASES
2001,23,NEW JERSEY,NJ,US,STATE,6,CASES
2001,40,NEW JERSEY,NJ,US,STATE,5,CASES
2001,49,NEW JERSEY,NJ,US,STATE,4,CASES
1940,5,NEW JERSEY,NJ,US,STATE,93,CASES
1951,22,NEW JERSEY,NJ,US,STATE,33,CASES
