year,week,loc,state,country,loc_type,number,event
1927,47,NEW MEXICO,NM,US,STATE,9,CASES
1927,48,NEW MEXICO,NM,US,STATE,7,CASES
1927,49,NEW MEXICO,NM,US,STATE,6,CASES
1927,51,NEW MEXICO,NM,US,STATE,5,CASES
1927,52,NEW MEXICO,NM,US,STATE,4,CASES
1928,1,NEW MEXICO,NM,US,STATE,2,CASES
1928,2,NEW MEXICO,NM,US,STATE,7,CASES
1928,3,NEW MEXICO,NM,US,STATE,8,CASES
1928,5,NEW MEXICO,NM,US,STATE,5,CASES
1928,6,NEW MEXICO,NM,US,STATE,3,CASES
1928,7,NEW MEXICO,NM,US,STATE,2,CASES
1928,8,NEW MEXICO,NM,US,STATE,1,CASES
1928,9,NEW MEXICO,NM,US,STATE,4,CASES
1928,10,NEW MEXICO,NM,US,STATE,9,CASES
1928,12,NEW MEXICO,NM,US,STATE,6,CASES
1928,13,NEW MEXICO,NM,US,STATE,8,CASES
1928,14,NEW MEXICO,NM,US,STATE,5,CASES
1928,15,NEW MEXICO,NM,US,STATE,1,CASES
1928,16,NEW MEXICO,NM,US,STATE,7,CASES
1928,17,NEW MEXICO,NM,US,STATE,8,CASES
1928,18,NEW MEXICO,NM,US,STATE,8,CASES
1928,19,NEW MEXICO,NM,US,STATE,1,CASES
1928,20,NEW MEXICO,NM,US,STATE,4,CASES
1928,21,NEW MEXICO,NM,US,STATE,1,CASES
1928,22,NEW MEXICO,NM,US,STATE,2,CASES
1928,24,NEW MEXICO,NM,US,STATE,4,CASES
1928,27,NEW MEXICO,NM,US,STATE,2,CASES
1928,28,NEW MEXICO,NM,US,STATE,1,CASES
1928,29,NEW MEXICO,NM,US,STATE,3,CASES
1928,30,NEW MEXICO,NM,US,STATE,2,CASES
1928,31,NEW MEXICO,NM,US,STATE,2,CASES
1928,32,NEW MEXICO,NM,US,STATE,6,CASES
1928,33,NEW MEXICO,NM,US,STATE,2,CASES
1928,34,NEW MEXICO,NM,US,STATE,1,CASES
1928,35,NEW MEXICO,NM,US,STATE,3,CASES
1928,36,NEW MEXICO,NM,US,STATE,4,CASES
1928,37,NEW MEXICO,NM,US,STATE,8,CASES
1928,38,NEW MEXICO,NM,US,STATE,6,CASES
1928,39,NEW MEXICO,NM,US,STATE,13,CASES
1928,40,NEW MEXICO,NM,US,STATE,3,CASES
1928,41,NEW MEXICO,NM,US,STATE,5,CASES
1928,42,NEW MEXICO,NM,US,STATE,3,CASES
1928,43,NEW MEXICO,NM,US,STATE,5,CASES
1928,44,NEW MEXICO,NM,US,STATE,13,CASES
1928,45,NEW MEXICO,NM,US,STATE,3,CASES
1928,46,NEW MEXICO,NM,US,STATE,4,CASES
1928,47,NEW MEXICO,NM,US,STATE,7,CASES
1928,48,NEW MEXICO,NM,US,STATE,3,CASES
1928,49,NEW MEXICO,NM,US,STATE,10,CASES
1928,50,NEW MEXICO,NM,US,STATE,11,CASES
1928,51,NEW MEXICO,NM,US,STATE,24,CASES
1928,52,NEW MEXICO,NM,US,STATE,10,CASES
1929,1,NEW MEXICO,NM,US,STATE,12,CASES
1929,2,NEW MEXICO,NM,US,STATE,8,CASES
1929,3,NEW MEXICO,NM,US,STATE,5,CASES
1929,4,NEW MEXICO,NM,US,STATE,7,CASES
1929,5,NEW MEXICO,NM,US,STATE,1,CASES
1929,6,NEW MEXICO,NM,US,STATE,10,CASES
1929,7,NEW MEXICO,NM,US,STATE,5,CASES
1929,8,NEW MEXICO,NM,US,STATE,11,CASES
1929,9,NEW MEXICO,NM,US,STATE,17,CASES
1929,10,NEW MEXICO,NM,US,STATE,1,CASES
1929,11,NEW MEXICO,NM,US,STATE,5,CASES
1929,12,NEW MEXICO,NM,US,STATE,4,CASES
1929,13,NEW MEXICO,NM,US,STATE,4,CASES
1929,14,NEW MEXICO,NM,US,STATE,10,CASES
1929,15,NEW MEXICO,NM,US,STATE,7,CASES
1929,16,NEW MEXICO,NM,US,STATE,2,CASES
1929,17,NEW MEXICO,NM,US,STATE,3,CASES
1929,18,NEW MEXICO,NM,US,STATE,6,CASES
1929,19,NEW MEXICO,NM,US,STATE,9,CASES
1929,20,NEW MEXICO,NM,US,STATE,5,CASES
1929,21,NEW MEXICO,NM,US,STATE,5,CASES
1929,23,NEW MEXICO,NM,US,STATE,3,CASES
1929,24,NEW MEXICO,NM,US,STATE,3,CASES
1929,25,NEW MEXICO,NM,US,STATE,10,CASES
1929,26,NEW MEXICO,NM,US,STATE,2,CASES
1929,27,NEW MEXICO,NM,US,STATE,2,CASES
1929,29,NEW MEXICO,NM,US,STATE,4,CASES
1929,30,NEW MEXICO,NM,US,STATE,3,CASES
1929,31,NEW MEXICO,NM,US,STATE,2,CASES
1929,32,NEW MEXICO,NM,US,STATE,2,CASES
1929,33,NEW MEXICO,NM,US,STATE,7,CASES
1929,34,NEW MEXICO,NM,US,STATE,3,CASES
1929,35,NEW MEXICO,NM,US,STATE,2,CASES
1929,36,NEW MEXICO,NM,US,STATE,4,CASES
1929,37,NEW MEXICO,NM,US,STATE,5,CASES
1929,38,NEW MEXICO,NM,US,STATE,5,CASES
1929,39,NEW MEXICO,NM,US,STATE,6,CASES
1929,40,NEW MEXICO,NM,US,STATE,10,CASES
1929,41,NEW MEXICO,NM,US,STATE,5,CASES
1929,42,NEW MEXICO,NM,US,STATE,5,CASES
1929,43,NEW MEXICO,NM,US,STATE,10,CASES
1929,44,NEW MEXICO,NM,US,STATE,13,CASES
1929,45,NEW MEXICO,NM,US,STATE,8,CASES
1929,46,NEW MEXICO,NM,US,STATE,27,CASES
1929,47,NEW MEXICO,NM,US,STATE,8,CASES
1929,48,NEW MEXICO,NM,US,STATE,8,CASES
1929,49,NEW MEXICO,NM,US,STATE,6,CASES
1929,50,NEW MEXICO,NM,US,STATE,40,CASES
1929,51,NEW MEXICO,NM,US,STATE,5,CASES
1929,52,NEW MEXICO,NM,US,STATE,28,CASES
1930,1,NEW MEXICO,NM,US,STATE,17,CASES
1930,4,NEW MEXICO,NM,US,STATE,6,CASES
1930,5,NEW MEXICO,NM,US,STATE,11,CASES
1930,6,NEW MEXICO,NM,US,STATE,5,CASES
1930,7,NEW MEXICO,NM,US,STATE,6,CASES
1930,8,NEW MEXICO,NM,US,STATE,22,CASES
1930,9,NEW MEXICO,NM,US,STATE,5,CASES
1930,10,NEW MEXICO,NM,US,STATE,4,CASES
1930,11,NEW MEXICO,NM,US,STATE,6,CASES
1930,12,NEW MEXICO,NM,US,STATE,8,CASES
1930,13,NEW MEXICO,NM,US,STATE,17,CASES
1930,14,NEW MEXICO,NM,US,STATE,8,CASES
1930,15,NEW MEXICO,NM,US,STATE,9,CASES
1930,16,NEW MEXICO,NM,US,STATE,5,CASES
1930,17,NEW MEXICO,NM,US,STATE,6,CASES
1930,18,NEW MEXICO,NM,US,STATE,6,CASES
1930,19,NEW MEXICO,NM,US,STATE,6,CASES
1930,20,NEW MEXICO,NM,US,STATE,1,CASES
1930,21,NEW MEXICO,NM,US,STATE,4,CASES
1930,22,NEW MEXICO,NM,US,STATE,7,CASES
1930,23,NEW MEXICO,NM,US,STATE,11,CASES
1930,24,NEW MEXICO,NM,US,STATE,8,CASES
1930,25,NEW MEXICO,NM,US,STATE,13,CASES
1930,26,NEW MEXICO,NM,US,STATE,3,CASES
1930,27,NEW MEXICO,NM,US,STATE,5,CASES
1930,28,NEW MEXICO,NM,US,STATE,3,CASES
1930,29,NEW MEXICO,NM,US,STATE,4,CASES
1930,30,NEW MEXICO,NM,US,STATE,2,CASES
1930,31,NEW MEXICO,NM,US,STATE,6,CASES
1930,32,NEW MEXICO,NM,US,STATE,6,CASES
1930,33,NEW MEXICO,NM,US,STATE,8,CASES
1930,34,NEW MEXICO,NM,US,STATE,5,CASES
1930,35,NEW MEXICO,NM,US,STATE,10,CASES
1930,36,NEW MEXICO,NM,US,STATE,1,CASES
1930,37,NEW MEXICO,NM,US,STATE,5,CASES
1930,38,NEW MEXICO,NM,US,STATE,4,CASES
1930,39,NEW MEXICO,NM,US,STATE,3,CASES
1930,40,NEW MEXICO,NM,US,STATE,5,CASES
1930,41,NEW MEXICO,NM,US,STATE,11,CASES
1930,42,NEW MEXICO,NM,US,STATE,12,CASES
1930,43,NEW MEXICO,NM,US,STATE,5,CASES
1930,44,NEW MEXICO,NM,US,STATE,9,CASES
1930,45,NEW MEXICO,NM,US,STATE,6,CASES
1930,46,NEW MEXICO,NM,US,STATE,3,CASES
1930,47,NEW MEXICO,NM,US,STATE,6,CASES
1930,48,NEW MEXICO,NM,US,STATE,10,CASES
1930,49,NEW MEXICO,NM,US,STATE,18,CASES
1930,50,NEW MEXICO,NM,US,STATE,9,CASES
1930,51,NEW MEXICO,NM,US,STATE,10,CASES
1930,52,NEW MEXICO,NM,US,STATE,6,CASES
1930,53,NEW MEXICO,NM,US,STATE,4,CASES
1931,1,NEW MEXICO,NM,US,STATE,6,CASES
1931,2,NEW MEXICO,NM,US,STATE,4,CASES
1931,3,NEW MEXICO,NM,US,STATE,4,CASES
1931,4,NEW MEXICO,NM,US,STATE,6,CASES
1931,5,NEW MEXICO,NM,US,STATE,6,CASES
1931,6,NEW MEXICO,NM,US,STATE,4,CASES
1931,7,NEW MEXICO,NM,US,STATE,5,CASES
1931,8,NEW MEXICO,NM,US,STATE,4,CASES
1931,9,NEW MEXICO,NM,US,STATE,5,CASES
1931,10,NEW MEXICO,NM,US,STATE,5,CASES
1931,11,NEW MEXICO,NM,US,STATE,4,CASES
1931,12,NEW MEXICO,NM,US,STATE,5,CASES
1931,13,NEW MEXICO,NM,US,STATE,4,CASES
1931,14,NEW MEXICO,NM,US,STATE,1,CASES
1931,15,NEW MEXICO,NM,US,STATE,2,CASES
1931,16,NEW MEXICO,NM,US,STATE,1,CASES
1931,17,NEW MEXICO,NM,US,STATE,4,CASES
1931,18,NEW MEXICO,NM,US,STATE,1,CASES
1931,19,NEW MEXICO,NM,US,STATE,1,CASES
1931,20,NEW MEXICO,NM,US,STATE,6,CASES
1931,21,NEW MEXICO,NM,US,STATE,5,CASES
1931,22,NEW MEXICO,NM,US,STATE,10,CASES
1931,23,NEW MEXICO,NM,US,STATE,4,CASES
1931,24,NEW MEXICO,NM,US,STATE,5,CASES
1931,25,NEW MEXICO,NM,US,STATE,6,CASES
1931,26,NEW MEXICO,NM,US,STATE,4,CASES
1931,27,NEW MEXICO,NM,US,STATE,1,CASES
1931,28,NEW MEXICO,NM,US,STATE,1,CASES
1931,30,NEW MEXICO,NM,US,STATE,2,CASES
1931,31,NEW MEXICO,NM,US,STATE,5,CASES
1931,32,NEW MEXICO,NM,US,STATE,1,CASES
1931,33,NEW MEXICO,NM,US,STATE,1,CASES
1931,35,NEW MEXICO,NM,US,STATE,1,CASES
1931,36,NEW MEXICO,NM,US,STATE,2,CASES
1931,37,NEW MEXICO,NM,US,STATE,7,CASES
1931,38,NEW MEXICO,NM,US,STATE,2,CASES
1931,39,NEW MEXICO,NM,US,STATE,8,CASES
1931,40,NEW MEXICO,NM,US,STATE,9,CASES
1931,41,NEW MEXICO,NM,US,STATE,28,CASES
1931,42,NEW MEXICO,NM,US,STATE,24,CASES
1931,43,NEW MEXICO,NM,US,STATE,22,CASES
1931,44,NEW MEXICO,NM,US,STATE,21,CASES
1931,45,NEW MEXICO,NM,US,STATE,20,CASES
1931,46,NEW MEXICO,NM,US,STATE,31,CASES
1931,47,NEW MEXICO,NM,US,STATE,14,CASES
1931,48,NEW MEXICO,NM,US,STATE,9,CASES
1931,49,NEW MEXICO,NM,US,STATE,14,CASES
1931,50,NEW MEXICO,NM,US,STATE,13,CASES
1931,51,NEW MEXICO,NM,US,STATE,27,CASES
1931,52,NEW MEXICO,NM,US,STATE,38,CASES
1932,1,NEW MEXICO,NM,US,STATE,21,CASES
1932,2,NEW MEXICO,NM,US,STATE,21,CASES
1932,3,NEW MEXICO,NM,US,STATE,17,CASES
1932,4,NEW MEXICO,NM,US,STATE,13,CASES
1932,5,NEW MEXICO,NM,US,STATE,51,CASES
1932,6,NEW MEXICO,NM,US,STATE,14,CASES
1932,7,NEW MEXICO,NM,US,STATE,21,CASES
1932,8,NEW MEXICO,NM,US,STATE,13,CASES
1932,9,NEW MEXICO,NM,US,STATE,8,CASES
1932,10,NEW MEXICO,NM,US,STATE,16,CASES
1932,11,NEW MEXICO,NM,US,STATE,18,CASES
1932,12,NEW MEXICO,NM,US,STATE,10,CASES
1932,13,NEW MEXICO,NM,US,STATE,6,CASES
1932,14,NEW MEXICO,NM,US,STATE,10,CASES
1932,15,NEW MEXICO,NM,US,STATE,11,CASES
1932,16,NEW MEXICO,NM,US,STATE,9,CASES
1932,17,NEW MEXICO,NM,US,STATE,23,CASES
1932,18,NEW MEXICO,NM,US,STATE,5,CASES
1932,19,NEW MEXICO,NM,US,STATE,10,CASES
1932,20,NEW MEXICO,NM,US,STATE,9,CASES
1932,21,NEW MEXICO,NM,US,STATE,5,CASES
1932,22,NEW MEXICO,NM,US,STATE,7,CASES
1932,23,NEW MEXICO,NM,US,STATE,4,CASES
1932,24,NEW MEXICO,NM,US,STATE,5,CASES
1932,25,NEW MEXICO,NM,US,STATE,5,CASES
1932,26,NEW MEXICO,NM,US,STATE,3,CASES
1932,27,NEW MEXICO,NM,US,STATE,4,CASES
1932,28,NEW MEXICO,NM,US,STATE,6,CASES
1932,29,NEW MEXICO,NM,US,STATE,6,CASES
1932,30,NEW MEXICO,NM,US,STATE,9,CASES
1932,31,NEW MEXICO,NM,US,STATE,8,CASES
1932,32,NEW MEXICO,NM,US,STATE,22,CASES
1932,33,NEW MEXICO,NM,US,STATE,3,CASES
1932,34,NEW MEXICO,NM,US,STATE,6,CASES
1932,35,NEW MEXICO,NM,US,STATE,8,CASES
1932,36,NEW MEXICO,NM,US,STATE,7,CASES
1932,37,NEW MEXICO,NM,US,STATE,10,CASES
1932,38,NEW MEXICO,NM,US,STATE,8,CASES
1932,39,NEW MEXICO,NM,US,STATE,8,CASES
1932,40,NEW MEXICO,NM,US,STATE,8,CASES
1932,41,NEW MEXICO,NM,US,STATE,3,CASES
1932,42,NEW MEXICO,NM,US,STATE,54,CASES
1932,43,NEW MEXICO,NM,US,STATE,10,CASES
1932,44,NEW MEXICO,NM,US,STATE,26,CASES
1932,45,NEW MEXICO,NM,US,STATE,25,CASES
1932,46,NEW MEXICO,NM,US,STATE,18,CASES
1932,47,NEW MEXICO,NM,US,STATE,15,CASES
1932,48,NEW MEXICO,NM,US,STATE,5,CASES
1932,49,NEW MEXICO,NM,US,STATE,12,CASES
1932,50,NEW MEXICO,NM,US,STATE,10,CASES
1932,51,NEW MEXICO,NM,US,STATE,10,CASES
1932,52,NEW MEXICO,NM,US,STATE,24,CASES
1933,1,NEW MEXICO,NM,US,STATE,3,CASES
1933,2,NEW MEXICO,NM,US,STATE,12,CASES
1933,3,NEW MEXICO,NM,US,STATE,11,CASES
1933,4,NEW MEXICO,NM,US,STATE,7,CASES
1933,5,NEW MEXICO,NM,US,STATE,13,CASES
1933,6,NEW MEXICO,NM,US,STATE,10,CASES
1933,7,NEW MEXICO,NM,US,STATE,7,CASES
1933,8,NEW MEXICO,NM,US,STATE,10,CASES
1933,9,NEW MEXICO,NM,US,STATE,10,CASES
1933,10,NEW MEXICO,NM,US,STATE,11,CASES
1933,11,NEW MEXICO,NM,US,STATE,7,CASES
1933,12,NEW MEXICO,NM,US,STATE,14,CASES
1933,13,NEW MEXICO,NM,US,STATE,2,CASES
1933,14,NEW MEXICO,NM,US,STATE,4,CASES
1933,15,NEW MEXICO,NM,US,STATE,21,CASES
1933,16,NEW MEXICO,NM,US,STATE,2,CASES
1933,17,NEW MEXICO,NM,US,STATE,4,CASES
1933,18,NEW MEXICO,NM,US,STATE,6,CASES
1933,19,NEW MEXICO,NM,US,STATE,3,CASES
1933,20,NEW MEXICO,NM,US,STATE,3,CASES
1933,21,NEW MEXICO,NM,US,STATE,9,CASES
1933,22,NEW MEXICO,NM,US,STATE,9,CASES
1933,23,NEW MEXICO,NM,US,STATE,6,CASES
1933,24,NEW MEXICO,NM,US,STATE,8,CASES
1933,25,NEW MEXICO,NM,US,STATE,3,CASES
1933,26,NEW MEXICO,NM,US,STATE,3,CASES
1933,27,NEW MEXICO,NM,US,STATE,5,CASES
1933,28,NEW MEXICO,NM,US,STATE,6,CASES
1933,29,NEW MEXICO,NM,US,STATE,3,CASES
1933,30,NEW MEXICO,NM,US,STATE,1,CASES
1933,31,NEW MEXICO,NM,US,STATE,3,CASES
1933,33,NEW MEXICO,NM,US,STATE,6,CASES
1933,34,NEW MEXICO,NM,US,STATE,2,CASES
1933,35,NEW MEXICO,NM,US,STATE,10,CASES
1933,36,NEW MEXICO,NM,US,STATE,5,CASES
1933,38,NEW MEXICO,NM,US,STATE,8,CASES
1933,39,NEW MEXICO,NM,US,STATE,10,CASES
1933,40,NEW MEXICO,NM,US,STATE,12,CASES
1933,41,NEW MEXICO,NM,US,STATE,4,CASES
1933,42,NEW MEXICO,NM,US,STATE,12,CASES
1933,43,NEW MEXICO,NM,US,STATE,12,CASES
1933,44,NEW MEXICO,NM,US,STATE,11,CASES
1933,45,NEW MEXICO,NM,US,STATE,3,CASES
1933,46,NEW MEXICO,NM,US,STATE,14,CASES
1933,47,NEW MEXICO,NM,US,STATE,10,CASES
1933,48,NEW MEXICO,NM,US,STATE,16,CASES
1933,49,NEW MEXICO,NM,US,STATE,4,CASES
1933,50,NEW MEXICO,NM,US,STATE,10,CASES
1933,51,NEW MEXICO,NM,US,STATE,10,CASES
1933,52,NEW MEXICO,NM,US,STATE,6,CASES
1934,1,NEW MEXICO,NM,US,STATE,5,CASES
1934,2,NEW MEXICO,NM,US,STATE,8,CASES
1934,3,NEW MEXICO,NM,US,STATE,12,CASES
1934,4,NEW MEXICO,NM,US,STATE,7,CASES
1934,5,NEW MEXICO,NM,US,STATE,13,CASES
1934,6,NEW MEXICO,NM,US,STATE,7,CASES
1934,7,NEW MEXICO,NM,US,STATE,3,CASES
1934,8,NEW MEXICO,NM,US,STATE,5,CASES
1934,9,NEW MEXICO,NM,US,STATE,7,CASES
1934,10,NEW MEXICO,NM,US,STATE,9,CASES
1934,11,NEW MEXICO,NM,US,STATE,5,CASES
1934,12,NEW MEXICO,NM,US,STATE,5,CASES
1934,13,NEW MEXICO,NM,US,STATE,11,CASES
1934,14,NEW MEXICO,NM,US,STATE,5,CASES
1934,15,NEW MEXICO,NM,US,STATE,3,CASES
1934,16,NEW MEXICO,NM,US,STATE,2,CASES
1934,17,NEW MEXICO,NM,US,STATE,7,CASES
1934,18,NEW MEXICO,NM,US,STATE,4,CASES
1934,19,NEW MEXICO,NM,US,STATE,3,CASES
1934,20,NEW MEXICO,NM,US,STATE,2,CASES
1934,21,NEW MEXICO,NM,US,STATE,4,CASES
1934,22,NEW MEXICO,NM,US,STATE,4,CASES
1934,23,NEW MEXICO,NM,US,STATE,1,CASES
1934,25,NEW MEXICO,NM,US,STATE,1,CASES
1934,28,NEW MEXICO,NM,US,STATE,3,CASES
1934,29,NEW MEXICO,NM,US,STATE,1,CASES
1934,30,NEW MEXICO,NM,US,STATE,3,CASES
1934,31,NEW MEXICO,NM,US,STATE,3,CASES
1934,33,NEW MEXICO,NM,US,STATE,11,CASES
1934,34,NEW MEXICO,NM,US,STATE,1,CASES
1934,35,NEW MEXICO,NM,US,STATE,2,CASES
1934,36,NEW MEXICO,NM,US,STATE,1,CASES
1934,37,NEW MEXICO,NM,US,STATE,4,CASES
1934,39,NEW MEXICO,NM,US,STATE,2,CASES
1934,40,NEW MEXICO,NM,US,STATE,3,CASES
1934,41,NEW MEXICO,NM,US,STATE,1,CASES
1934,42,NEW MEXICO,NM,US,STATE,3,CASES
1934,43,NEW MEXICO,NM,US,STATE,3,CASES
1934,44,NEW MEXICO,NM,US,STATE,9,CASES
1934,45,NEW MEXICO,NM,US,STATE,9,CASES
1934,46,NEW MEXICO,NM,US,STATE,5,CASES
1934,47,NEW MEXICO,NM,US,STATE,5,CASES
1934,48,NEW MEXICO,NM,US,STATE,5,CASES
1934,49,NEW MEXICO,NM,US,STATE,3,CASES
1934,51,NEW MEXICO,NM,US,STATE,3,CASES
1934,52,NEW MEXICO,NM,US,STATE,3,CASES
1935,1,NEW MEXICO,NM,US,STATE,4,CASES
1935,2,NEW MEXICO,NM,US,STATE,11,CASES
1935,3,NEW MEXICO,NM,US,STATE,3,CASES
1935,4,NEW MEXICO,NM,US,STATE,5,CASES
1935,5,NEW MEXICO,NM,US,STATE,5,CASES
1935,6,NEW MEXICO,NM,US,STATE,5,CASES
1935,7,NEW MEXICO,NM,US,STATE,7,CASES
1935,8,NEW MEXICO,NM,US,STATE,8,CASES
1935,9,NEW MEXICO,NM,US,STATE,8,CASES
1935,10,NEW MEXICO,NM,US,STATE,7,CASES
1935,11,NEW MEXICO,NM,US,STATE,7,CASES
1935,12,NEW MEXICO,NM,US,STATE,1,CASES
1935,13,NEW MEXICO,NM,US,STATE,4,CASES
1935,14,NEW MEXICO,NM,US,STATE,6,CASES
1935,15,NEW MEXICO,NM,US,STATE,3,CASES
1935,16,NEW MEXICO,NM,US,STATE,3,CASES
1935,17,NEW MEXICO,NM,US,STATE,4,CASES
1935,18,NEW MEXICO,NM,US,STATE,6,CASES
1935,19,NEW MEXICO,NM,US,STATE,5,CASES
1935,20,NEW MEXICO,NM,US,STATE,1,CASES
1935,21,NEW MEXICO,NM,US,STATE,1,CASES
1935,22,NEW MEXICO,NM,US,STATE,6,CASES
1935,23,NEW MEXICO,NM,US,STATE,5,CASES
1935,27,NEW MEXICO,NM,US,STATE,2,CASES
1935,28,NEW MEXICO,NM,US,STATE,2,CASES
1935,29,NEW MEXICO,NM,US,STATE,1,CASES
1935,30,NEW MEXICO,NM,US,STATE,2,CASES
1935,31,NEW MEXICO,NM,US,STATE,1,CASES
1935,32,NEW MEXICO,NM,US,STATE,1,CASES
1935,33,NEW MEXICO,NM,US,STATE,2,CASES
1935,34,NEW MEXICO,NM,US,STATE,2,CASES
1935,35,NEW MEXICO,NM,US,STATE,1,CASES
1935,37,NEW MEXICO,NM,US,STATE,11,CASES
1935,38,NEW MEXICO,NM,US,STATE,8,CASES
1935,39,NEW MEXICO,NM,US,STATE,4,CASES
1935,40,NEW MEXICO,NM,US,STATE,6,CASES
1935,41,NEW MEXICO,NM,US,STATE,8,CASES
1935,42,NEW MEXICO,NM,US,STATE,14,CASES
1935,43,NEW MEXICO,NM,US,STATE,7,CASES
1935,44,NEW MEXICO,NM,US,STATE,4,CASES
1935,45,NEW MEXICO,NM,US,STATE,8,CASES
1935,46,NEW MEXICO,NM,US,STATE,6,CASES
1935,47,NEW MEXICO,NM,US,STATE,5,CASES
1935,48,NEW MEXICO,NM,US,STATE,2,CASES
1935,49,NEW MEXICO,NM,US,STATE,3,CASES
1935,50,NEW MEXICO,NM,US,STATE,6,CASES
1935,51,NEW MEXICO,NM,US,STATE,11,CASES
1935,52,NEW MEXICO,NM,US,STATE,3,CASES
1936,1,NEW MEXICO,NM,US,STATE,1,CASES
1936,2,NEW MEXICO,NM,US,STATE,4,CASES
1936,4,NEW MEXICO,NM,US,STATE,3,CASES
1936,5,NEW MEXICO,NM,US,STATE,9,CASES
1936,6,NEW MEXICO,NM,US,STATE,7,CASES
1936,7,NEW MEXICO,NM,US,STATE,6,CASES
1936,8,NEW MEXICO,NM,US,STATE,3,CASES
1936,9,NEW MEXICO,NM,US,STATE,9,CASES
1936,10,NEW MEXICO,NM,US,STATE,2,CASES
1936,11,NEW MEXICO,NM,US,STATE,5,CASES
1936,12,NEW MEXICO,NM,US,STATE,6,CASES
1936,14,NEW MEXICO,NM,US,STATE,3,CASES
1936,15,NEW MEXICO,NM,US,STATE,3,CASES
1936,16,NEW MEXICO,NM,US,STATE,3,CASES
1936,17,NEW MEXICO,NM,US,STATE,2,CASES
1936,18,NEW MEXICO,NM,US,STATE,3,CASES
1936,19,NEW MEXICO,NM,US,STATE,2,CASES
1936,20,NEW MEXICO,NM,US,STATE,4,CASES
1936,21,NEW MEXICO,NM,US,STATE,6,CASES
1936,22,NEW MEXICO,NM,US,STATE,2,CASES
1936,23,NEW MEXICO,NM,US,STATE,7,CASES
1936,24,NEW MEXICO,NM,US,STATE,2,CASES
1936,25,NEW MEXICO,NM,US,STATE,3,CASES
1936,26,NEW MEXICO,NM,US,STATE,1,CASES
1936,27,NEW MEXICO,NM,US,STATE,4,CASES
1936,29,NEW MEXICO,NM,US,STATE,1,CASES
1936,30,NEW MEXICO,NM,US,STATE,5,CASES
1936,31,NEW MEXICO,NM,US,STATE,3,CASES
1936,32,NEW MEXICO,NM,US,STATE,1,CASES
1936,33,NEW MEXICO,NM,US,STATE,1,CASES
1936,34,NEW MEXICO,NM,US,STATE,6,CASES
1936,35,NEW MEXICO,NM,US,STATE,5,CASES
1936,36,NEW MEXICO,NM,US,STATE,2,CASES
1936,37,NEW MEXICO,NM,US,STATE,2,CASES
1936,38,NEW MEXICO,NM,US,STATE,1,CASES
1936,39,NEW MEXICO,NM,US,STATE,1,CASES
1936,40,NEW MEXICO,NM,US,STATE,6,CASES
1936,41,NEW MEXICO,NM,US,STATE,3,CASES
1936,42,NEW MEXICO,NM,US,STATE,8,CASES
1936,43,NEW MEXICO,NM,US,STATE,5,CASES
1936,44,NEW MEXICO,NM,US,STATE,5,CASES
1936,45,NEW MEXICO,NM,US,STATE,2,CASES
1936,46,NEW MEXICO,NM,US,STATE,4,CASES
1936,47,NEW MEXICO,NM,US,STATE,7,CASES
1936,48,NEW MEXICO,NM,US,STATE,3,CASES
1936,49,NEW MEXICO,NM,US,STATE,7,CASES
1936,50,NEW MEXICO,NM,US,STATE,1,CASES
1936,51,NEW MEXICO,NM,US,STATE,4,CASES
1936,53,NEW MEXICO,NM,US,STATE,4,CASES
1937,1,NEW MEXICO,NM,US,STATE,5,CASES
1937,2,NEW MEXICO,NM,US,STATE,4,CASES
1937,4,NEW MEXICO,NM,US,STATE,4,CASES
1937,5,NEW MEXICO,NM,US,STATE,5,CASES
1937,7,NEW MEXICO,NM,US,STATE,2,CASES
1937,8,NEW MEXICO,NM,US,STATE,4,CASES
1937,9,NEW MEXICO,NM,US,STATE,5,CASES
1937,10,NEW MEXICO,NM,US,STATE,3,CASES
1937,11,NEW MEXICO,NM,US,STATE,1,CASES
1937,12,NEW MEXICO,NM,US,STATE,1,CASES
1937,13,NEW MEXICO,NM,US,STATE,4,CASES
1937,15,NEW MEXICO,NM,US,STATE,1,CASES
1937,16,NEW MEXICO,NM,US,STATE,5,CASES
1937,17,NEW MEXICO,NM,US,STATE,3,CASES
1937,18,NEW MEXICO,NM,US,STATE,3,CASES
1937,19,NEW MEXICO,NM,US,STATE,1,CASES
1937,21,NEW MEXICO,NM,US,STATE,3,CASES
1937,22,NEW MEXICO,NM,US,STATE,1,CASES
1937,23,NEW MEXICO,NM,US,STATE,1,CASES
1937,24,NEW MEXICO,NM,US,STATE,5,CASES
1937,25,NEW MEXICO,NM,US,STATE,5,CASES
1937,26,NEW MEXICO,NM,US,STATE,1,CASES
1937,27,NEW MEXICO,NM,US,STATE,1,CASES
1937,29,NEW MEXICO,NM,US,STATE,2,CASES
1937,30,NEW MEXICO,NM,US,STATE,3,CASES
1937,31,NEW MEXICO,NM,US,STATE,5,CASES
1937,33,NEW MEXICO,NM,US,STATE,3,CASES
1937,34,NEW MEXICO,NM,US,STATE,5,CASES
1937,35,NEW MEXICO,NM,US,STATE,2,CASES
1937,36,NEW MEXICO,NM,US,STATE,5,CASES
1937,37,NEW MEXICO,NM,US,STATE,2,CASES
1937,38,NEW MEXICO,NM,US,STATE,2,CASES
1937,39,NEW MEXICO,NM,US,STATE,2,CASES
1937,40,NEW MEXICO,NM,US,STATE,3,CASES
1937,41,NEW MEXICO,NM,US,STATE,2,CASES
1937,42,NEW MEXICO,NM,US,STATE,3,CASES
1937,43,NEW MEXICO,NM,US,STATE,2,CASES
1937,44,NEW MEXICO,NM,US,STATE,4,CASES
1937,45,NEW MEXICO,NM,US,STATE,8,CASES
1937,46,NEW MEXICO,NM,US,STATE,6,CASES
1937,47,NEW MEXICO,NM,US,STATE,7,CASES
1937,48,NEW MEXICO,NM,US,STATE,3,CASES
1937,49,NEW MEXICO,NM,US,STATE,7,CASES
1937,50,NEW MEXICO,NM,US,STATE,6,CASES
1937,51,NEW MEXICO,NM,US,STATE,3,CASES
1937,52,NEW MEXICO,NM,US,STATE,8,CASES
1938,1,NEW MEXICO,NM,US,STATE,4,CASES
1938,3,NEW MEXICO,NM,US,STATE,3,CASES
1938,4,NEW MEXICO,NM,US,STATE,4,CASES
1938,5,NEW MEXICO,NM,US,STATE,2,CASES
1938,6,NEW MEXICO,NM,US,STATE,7,CASES
1938,7,NEW MEXICO,NM,US,STATE,6,CASES
1938,8,NEW MEXICO,NM,US,STATE,1,CASES
1938,9,NEW MEXICO,NM,US,STATE,3,CASES
1938,10,NEW MEXICO,NM,US,STATE,2,CASES
1938,11,NEW MEXICO,NM,US,STATE,9,CASES
1938,12,NEW MEXICO,NM,US,STATE,10,CASES
1938,13,NEW MEXICO,NM,US,STATE,2,CASES
1938,14,NEW MEXICO,NM,US,STATE,0,CASES
1938,15,NEW MEXICO,NM,US,STATE,4,CASES
1938,16,NEW MEXICO,NM,US,STATE,1,CASES
1938,17,NEW MEXICO,NM,US,STATE,22,CASES
1938,18,NEW MEXICO,NM,US,STATE,1,CASES
1938,19,NEW MEXICO,NM,US,STATE,2,CASES
1938,20,NEW MEXICO,NM,US,STATE,1,CASES
1938,21,NEW MEXICO,NM,US,STATE,4,CASES
1938,22,NEW MEXICO,NM,US,STATE,1,CASES
1938,23,NEW MEXICO,NM,US,STATE,8,CASES
1938,24,NEW MEXICO,NM,US,STATE,2,CASES
1938,25,NEW MEXICO,NM,US,STATE,25,CASES
1938,26,NEW MEXICO,NM,US,STATE,12,CASES
1938,27,NEW MEXICO,NM,US,STATE,25,CASES
1938,29,NEW MEXICO,NM,US,STATE,0,CASES
1938,30,NEW MEXICO,NM,US,STATE,25,CASES
1938,31,NEW MEXICO,NM,US,STATE,25,CASES
1938,32,NEW MEXICO,NM,US,STATE,37,CASES
1938,33,NEW MEXICO,NM,US,STATE,0,CASES
1938,34,NEW MEXICO,NM,US,STATE,25,CASES
1938,35,NEW MEXICO,NM,US,STATE,62,CASES
1938,36,NEW MEXICO,NM,US,STATE,49,CASES
1938,37,NEW MEXICO,NM,US,STATE,2,CASES
1938,38,NEW MEXICO,NM,US,STATE,6,CASES
1938,39,NEW MEXICO,NM,US,STATE,3,CASES
1938,40,NEW MEXICO,NM,US,STATE,37,CASES
1938,41,NEW MEXICO,NM,US,STATE,15,CASES
1938,42,NEW MEXICO,NM,US,STATE,148,CASES
1938,43,NEW MEXICO,NM,US,STATE,3,CASES
1938,44,NEW MEXICO,NM,US,STATE,124,CASES
1938,45,NEW MEXICO,NM,US,STATE,5,CASES
1938,46,NEW MEXICO,NM,US,STATE,74,CASES
1938,47,NEW MEXICO,NM,US,STATE,12,CASES
1938,48,NEW MEXICO,NM,US,STATE,62,CASES
1938,49,NEW MEXICO,NM,US,STATE,49,CASES
1938,50,NEW MEXICO,NM,US,STATE,161,CASES
1938,51,NEW MEXICO,NM,US,STATE,62,CASES
1938,52,NEW MEXICO,NM,US,STATE,2,CASES
1939,1,NEW MEXICO,NM,US,STATE,62,CASES
1939,2,NEW MEXICO,NM,US,STATE,25,CASES
1939,3,NEW MEXICO,NM,US,STATE,12,CASES
1939,4,NEW MEXICO,NM,US,STATE,25,CASES
1939,5,NEW MEXICO,NM,US,STATE,1,CASES
1939,6,NEW MEXICO,NM,US,STATE,3,CASES
1939,7,NEW MEXICO,NM,US,STATE,1,CASES
1939,8,NEW MEXICO,NM,US,STATE,0,CASES
1939,9,NEW MEXICO,NM,US,STATE,1,CASES
1939,10,NEW MEXICO,NM,US,STATE,1,CASES
1939,11,NEW MEXICO,NM,US,STATE,4,CASES
1939,12,NEW MEXICO,NM,US,STATE,4,CASES
1939,13,NEW MEXICO,NM,US,STATE,3,CASES
1939,14,NEW MEXICO,NM,US,STATE,5,CASES
1939,15,NEW MEXICO,NM,US,STATE,0,CASES
1939,16,NEW MEXICO,NM,US,STATE,3,CASES
1939,17,NEW MEXICO,NM,US,STATE,12,CASES
1939,18,NEW MEXICO,NM,US,STATE,0,CASES
1939,19,NEW MEXICO,NM,US,STATE,12,CASES
1939,20,NEW MEXICO,NM,US,STATE,0,CASES
1939,21,NEW MEXICO,NM,US,STATE,0,CASES
1939,22,NEW MEXICO,NM,US,STATE,0,CASES
1939,23,NEW MEXICO,NM,US,STATE,0,CASES
1939,24,NEW MEXICO,NM,US,STATE,25,CASES
1939,25,NEW MEXICO,NM,US,STATE,5,CASES
1939,26,NEW MEXICO,NM,US,STATE,1,CASES
1939,27,NEW MEXICO,NM,US,STATE,0,CASES
1939,28,NEW MEXICO,NM,US,STATE,0,CASES
1939,29,NEW MEXICO,NM,US,STATE,2,CASES
1939,30,NEW MEXICO,NM,US,STATE,3,CASES
1939,31,NEW MEXICO,NM,US,STATE,0,CASES
1939,32,NEW MEXICO,NM,US,STATE,0,CASES
1939,33,NEW MEXICO,NM,US,STATE,12,CASES
1939,34,NEW MEXICO,NM,US,STATE,1,CASES
1939,35,NEW MEXICO,NM,US,STATE,1,CASES
1939,36,NEW MEXICO,NM,US,STATE,6,CASES
1939,37,NEW MEXICO,NM,US,STATE,0,CASES
1939,38,NEW MEXICO,NM,US,STATE,12,CASES
1939,39,NEW MEXICO,NM,US,STATE,37,CASES
1939,40,NEW MEXICO,NM,US,STATE,37,CASES
1939,41,NEW MEXICO,NM,US,STATE,0,CASES
1939,42,NEW MEXICO,NM,US,STATE,3,CASES
1939,43,NEW MEXICO,NM,US,STATE,12,CASES
1939,44,NEW MEXICO,NM,US,STATE,0,CASES
1939,45,NEW MEXICO,NM,US,STATE,5,CASES
1939,46,NEW MEXICO,NM,US,STATE,12,CASES
1939,47,NEW MEXICO,NM,US,STATE,4,CASES
1939,48,NEW MEXICO,NM,US,STATE,25,CASES
1939,49,NEW MEXICO,NM,US,STATE,62,CASES
1939,50,NEW MEXICO,NM,US,STATE,62,CASES
1939,51,NEW MEXICO,NM,US,STATE,2,CASES
1939,52,NEW MEXICO,NM,US,STATE,12,CASES
1940,1,NEW MEXICO,NM,US,STATE,2,CASES
1940,2,NEW MEXICO,NM,US,STATE,1,CASES
1940,3,NEW MEXICO,NM,US,STATE,4,CASES
1940,4,NEW MEXICO,NM,US,STATE,0,CASES
1940,5,NEW MEXICO,NM,US,STATE,4,CASES
1940,6,NEW MEXICO,NM,US,STATE,1,CASES
1940,7,NEW MEXICO,NM,US,STATE,1,CASES
1940,8,NEW MEXICO,NM,US,STATE,1,CASES
1940,9,NEW MEXICO,NM,US,STATE,0,CASES
1940,10,NEW MEXICO,NM,US,STATE,0,CASES
1940,11,NEW MEXICO,NM,US,STATE,1,CASES
1940,12,NEW MEXICO,NM,US,STATE,0,CASES
1940,13,NEW MEXICO,NM,US,STATE,0,CASES
1940,14,NEW MEXICO,NM,US,STATE,0,CASES
1940,15,NEW MEXICO,NM,US,STATE,4,CASES
1940,16,NEW MEXICO,NM,US,STATE,0,CASES
1940,17,NEW MEXICO,NM,US,STATE,1,CASES
1940,18,NEW MEXICO,NM,US,STATE,0,CASES
1940,19,NEW MEXICO,NM,US,STATE,0,CASES
1940,20,NEW MEXICO,NM,US,STATE,0,CASES
1940,21,NEW MEXICO,NM,US,STATE,4,CASES
1940,22,NEW MEXICO,NM,US,STATE,1,CASES
1940,23,NEW MEXICO,NM,US,STATE,1,CASES
1940,24,NEW MEXICO,NM,US,STATE,0,CASES
1940,25,NEW MEXICO,NM,US,STATE,1,CASES
1940,26,NEW MEXICO,NM,US,STATE,2,CASES
1940,27,NEW MEXICO,NM,US,STATE,2,CASES
1940,28,NEW MEXICO,NM,US,STATE,0,CASES
1940,29,NEW MEXICO,NM,US,STATE,0,CASES
1940,30,NEW MEXICO,NM,US,STATE,0,CASES
1940,31,NEW MEXICO,NM,US,STATE,0,CASES
1940,32,NEW MEXICO,NM,US,STATE,0,CASES
1940,33,NEW MEXICO,NM,US,STATE,0,CASES
1940,34,NEW MEXICO,NM,US,STATE,2,CASES
1940,35,NEW MEXICO,NM,US,STATE,5,CASES
1940,36,NEW MEXICO,NM,US,STATE,5,CASES
1940,37,NEW MEXICO,NM,US,STATE,4,CASES
1940,38,NEW MEXICO,NM,US,STATE,8,CASES
1940,39,NEW MEXICO,NM,US,STATE,3,CASES
1940,40,NEW MEXICO,NM,US,STATE,8,CASES
1940,41,NEW MEXICO,NM,US,STATE,0,CASES
1940,42,NEW MEXICO,NM,US,STATE,0,CASES
1940,43,NEW MEXICO,NM,US,STATE,0,CASES
1940,44,NEW MEXICO,NM,US,STATE,0,CASES
1940,45,NEW MEXICO,NM,US,STATE,0,CASES
1940,46,NEW MEXICO,NM,US,STATE,0,CASES
1940,47,NEW MEXICO,NM,US,STATE,0,CASES
1940,48,NEW MEXICO,NM,US,STATE,0,CASES
1940,49,NEW MEXICO,NM,US,STATE,1,CASES
1940,50,NEW MEXICO,NM,US,STATE,0,CASES
1940,51,NEW MEXICO,NM,US,STATE,1,CASES
1940,52,NEW MEXICO,NM,US,STATE,1,CASES
1941,1,NEW MEXICO,NM,US,STATE,0,CASES
1941,2,NEW MEXICO,NM,US,STATE,2,CASES
1941,3,NEW MEXICO,NM,US,STATE,0,CASES
1941,4,NEW MEXICO,NM,US,STATE,0,CASES
1941,5,NEW MEXICO,NM,US,STATE,5,CASES
1941,6,NEW MEXICO,NM,US,STATE,2,CASES
1941,7,NEW MEXICO,NM,US,STATE,6,CASES
1941,9,NEW MEXICO,NM,US,STATE,2,CASES
1941,10,NEW MEXICO,NM,US,STATE,0,CASES
1941,11,NEW MEXICO,NM,US,STATE,5,CASES
1941,12,NEW MEXICO,NM,US,STATE,1,CASES
1941,13,NEW MEXICO,NM,US,STATE,3,CASES
1941,14,NEW MEXICO,NM,US,STATE,2,CASES
1941,15,NEW MEXICO,NM,US,STATE,1,CASES
1941,16,NEW MEXICO,NM,US,STATE,2,CASES
1941,17,NEW MEXICO,NM,US,STATE,1,CASES
1941,18,NEW MEXICO,NM,US,STATE,0,CASES
1941,19,NEW MEXICO,NM,US,STATE,0,CASES
1941,20,NEW MEXICO,NM,US,STATE,1,CASES
1941,21,NEW MEXICO,NM,US,STATE,2,CASES
1941,22,NEW MEXICO,NM,US,STATE,0,CASES
1941,23,NEW MEXICO,NM,US,STATE,0,CASES
1941,24,NEW MEXICO,NM,US,STATE,3,CASES
1941,25,NEW MEXICO,NM,US,STATE,1,CASES
1941,26,NEW MEXICO,NM,US,STATE,3,CASES
1941,27,NEW MEXICO,NM,US,STATE,2,CASES
1941,28,NEW MEXICO,NM,US,STATE,1,CASES
1941,29,NEW MEXICO,NM,US,STATE,1,CASES
1941,30,NEW MEXICO,NM,US,STATE,0,CASES
1941,31,NEW MEXICO,NM,US,STATE,0,CASES
1941,32,NEW MEXICO,NM,US,STATE,0,CASES
1941,33,NEW MEXICO,NM,US,STATE,0,CASES
1941,34,NEW MEXICO,NM,US,STATE,1,CASES
1941,35,NEW MEXICO,NM,US,STATE,0,CASES
1941,36,NEW MEXICO,NM,US,STATE,0,CASES
1941,37,NEW MEXICO,NM,US,STATE,0,CASES
1941,38,NEW MEXICO,NM,US,STATE,0,CASES
1941,39,NEW MEXICO,NM,US,STATE,0,CASES
1941,40,NEW MEXICO,NM,US,STATE,0,CASES
1941,41,NEW MEXICO,NM,US,STATE,0,CASES
1941,42,NEW MEXICO,NM,US,STATE,1,CASES
1941,43,NEW MEXICO,NM,US,STATE,0,CASES
1941,44,NEW MEXICO,NM,US,STATE,1,CASES
1941,45,NEW MEXICO,NM,US,STATE,2,CASES
1941,46,NEW MEXICO,NM,US,STATE,1,CASES
1941,47,NEW MEXICO,NM,US,STATE,4,CASES
1941,48,NEW MEXICO,NM,US,STATE,4,CASES
1941,49,NEW MEXICO,NM,US,STATE,3,CASES
1941,50,NEW MEXICO,NM,US,STATE,0,CASES
1941,51,NEW MEXICO,NM,US,STATE,0,CASES
1941,52,NEW MEXICO,NM,US,STATE,0,CASES
1941,53,NEW MEXICO,NM,US,STATE,0,CASES
1942,1,NEW MEXICO,NM,US,STATE,1,CASES
1942,2,NEW MEXICO,NM,US,STATE,1,CASES
1942,3,NEW MEXICO,NM,US,STATE,0,CASES
1942,4,NEW MEXICO,NM,US,STATE,4,CASES
1942,5,NEW MEXICO,NM,US,STATE,2,CASES
1942,6,NEW MEXICO,NM,US,STATE,1,CASES
1942,7,NEW MEXICO,NM,US,STATE,0,CASES
1942,8,NEW MEXICO,NM,US,STATE,0,CASES
1942,9,NEW MEXICO,NM,US,STATE,3,CASES
1942,10,NEW MEXICO,NM,US,STATE,2,CASES
1942,11,NEW MEXICO,NM,US,STATE,2,CASES
1942,12,NEW MEXICO,NM,US,STATE,1,CASES
1942,13,NEW MEXICO,NM,US,STATE,0,CASES
1942,14,NEW MEXICO,NM,US,STATE,3,CASES
1942,15,NEW MEXICO,NM,US,STATE,4,CASES
1942,16,NEW MEXICO,NM,US,STATE,7,CASES
1942,17,NEW MEXICO,NM,US,STATE,5,CASES
1942,18,NEW MEXICO,NM,US,STATE,1,CASES
1942,19,NEW MEXICO,NM,US,STATE,6,CASES
1942,20,NEW MEXICO,NM,US,STATE,0,CASES
1942,21,NEW MEXICO,NM,US,STATE,1,CASES
1942,22,NEW MEXICO,NM,US,STATE,1,CASES
1942,23,NEW MEXICO,NM,US,STATE,5,CASES
1942,24,NEW MEXICO,NM,US,STATE,0,CASES
1942,25,NEW MEXICO,NM,US,STATE,0,CASES
1942,26,NEW MEXICO,NM,US,STATE,1,CASES
1942,27,NEW MEXICO,NM,US,STATE,0,CASES
1942,28,NEW MEXICO,NM,US,STATE,0,CASES
1942,29,NEW MEXICO,NM,US,STATE,1,CASES
1942,30,NEW MEXICO,NM,US,STATE,2,CASES
1942,31,NEW MEXICO,NM,US,STATE,0,CASES
1942,32,NEW MEXICO,NM,US,STATE,1,CASES
1942,33,NEW MEXICO,NM,US,STATE,1,CASES
1942,34,NEW MEXICO,NM,US,STATE,1,CASES
1942,35,NEW MEXICO,NM,US,STATE,0,CASES
1942,36,NEW MEXICO,NM,US,STATE,2,CASES
1942,37,NEW MEXICO,NM,US,STATE,2,CASES
1942,38,NEW MEXICO,NM,US,STATE,1,CASES
1942,39,NEW MEXICO,NM,US,STATE,5,CASES
1942,40,NEW MEXICO,NM,US,STATE,0,CASES
1942,41,NEW MEXICO,NM,US,STATE,6,CASES
1942,42,NEW MEXICO,NM,US,STATE,0,CASES
1942,43,NEW MEXICO,NM,US,STATE,1,CASES
1942,44,NEW MEXICO,NM,US,STATE,1,CASES
1942,45,NEW MEXICO,NM,US,STATE,1,CASES
1942,46,NEW MEXICO,NM,US,STATE,1,CASES
1942,47,NEW MEXICO,NM,US,STATE,0,CASES
1942,48,NEW MEXICO,NM,US,STATE,2,CASES
1942,49,NEW MEXICO,NM,US,STATE,2,CASES
1942,50,NEW MEXICO,NM,US,STATE,3,CASES
1942,51,NEW MEXICO,NM,US,STATE,0,CASES
1942,52,NEW MEXICO,NM,US,STATE,1,CASES
1943,1,NEW MEXICO,NM,US,STATE,1,CASES
1943,2,NEW MEXICO,NM,US,STATE,0,CASES
1943,3,NEW MEXICO,NM,US,STATE,3,CASES
1943,4,NEW MEXICO,NM,US,STATE,3,CASES
1943,5,NEW MEXICO,NM,US,STATE,0,CASES
1943,6,NEW MEXICO,NM,US,STATE,4,CASES
1943,7,NEW MEXICO,NM,US,STATE,3,CASES
1943,8,NEW MEXICO,NM,US,STATE,0,CASES
1943,9,NEW MEXICO,NM,US,STATE,2,CASES
1943,10,NEW MEXICO,NM,US,STATE,1,CASES
1943,11,NEW MEXICO,NM,US,STATE,0,CASES
1943,12,NEW MEXICO,NM,US,STATE,1,CASES
1943,13,NEW MEXICO,NM,US,STATE,0,CASES
1943,14,NEW MEXICO,NM,US,STATE,1,CASES
1943,15,NEW MEXICO,NM,US,STATE,0,CASES
1943,16,NEW MEXICO,NM,US,STATE,0,CASES
1943,17,NEW MEXICO,NM,US,STATE,0,CASES
1943,18,NEW MEXICO,NM,US,STATE,0,CASES
1943,19,NEW MEXICO,NM,US,STATE,0,CASES
1943,20,NEW MEXICO,NM,US,STATE,1,CASES
1943,21,NEW MEXICO,NM,US,STATE,0,CASES
1943,22,NEW MEXICO,NM,US,STATE,1,CASES
1943,23,NEW MEXICO,NM,US,STATE,0,CASES
1943,24,NEW MEXICO,NM,US,STATE,2,CASES
1943,25,NEW MEXICO,NM,US,STATE,2,CASES
1943,26,NEW MEXICO,NM,US,STATE,2,CASES
1943,27,NEW MEXICO,NM,US,STATE,0,CASES
1943,28,NEW MEXICO,NM,US,STATE,0,CASES
1943,29,NEW MEXICO,NM,US,STATE,0,CASES
1943,30,NEW MEXICO,NM,US,STATE,1,CASES
1943,31,NEW MEXICO,NM,US,STATE,1,CASES
1943,32,NEW MEXICO,NM,US,STATE,1,CASES
1943,33,NEW MEXICO,NM,US,STATE,1,CASES
1943,34,NEW MEXICO,NM,US,STATE,0,CASES
1943,35,NEW MEXICO,NM,US,STATE,1,CASES
1943,36,NEW MEXICO,NM,US,STATE,0,CASES
1943,37,NEW MEXICO,NM,US,STATE,1,CASES
1943,38,NEW MEXICO,NM,US,STATE,1,CASES
1943,39,NEW MEXICO,NM,US,STATE,1,CASES
1943,40,NEW MEXICO,NM,US,STATE,1,CASES
1943,41,NEW MEXICO,NM,US,STATE,0,CASES
1943,42,NEW MEXICO,NM,US,STATE,0,CASES
1943,43,NEW MEXICO,NM,US,STATE,6,CASES
1943,44,NEW MEXICO,NM,US,STATE,0,CASES
1943,45,NEW MEXICO,NM,US,STATE,0,CASES
1943,46,NEW MEXICO,NM,US,STATE,0,CASES
1943,47,NEW MEXICO,NM,US,STATE,2,CASES
1943,48,NEW MEXICO,NM,US,STATE,1,CASES
1943,49,NEW MEXICO,NM,US,STATE,1,CASES
1943,50,NEW MEXICO,NM,US,STATE,4,CASES
1943,51,NEW MEXICO,NM,US,STATE,0,CASES
1943,52,NEW MEXICO,NM,US,STATE,0,CASES
1944,1,NEW MEXICO,NM,US,STATE,3,CASES
1944,2,NEW MEXICO,NM,US,STATE,2,CASES
1944,3,NEW MEXICO,NM,US,STATE,3,CASES
1944,4,NEW MEXICO,NM,US,STATE,3,CASES
1944,5,NEW MEXICO,NM,US,STATE,2,CASES
1944,6,NEW MEXICO,NM,US,STATE,1,CASES
1944,7,NEW MEXICO,NM,US,STATE,1,CASES
1944,8,NEW MEXICO,NM,US,STATE,4,CASES
1944,9,NEW MEXICO,NM,US,STATE,0,CASES
1944,10,NEW MEXICO,NM,US,STATE,1,CASES
1944,11,NEW MEXICO,NM,US,STATE,1,CASES
1944,12,NEW MEXICO,NM,US,STATE,0,CASES
1944,13,NEW MEXICO,NM,US,STATE,0,CASES
1944,14,NEW MEXICO,NM,US,STATE,0,CASES
1944,15,NEW MEXICO,NM,US,STATE,0,CASES
1944,16,NEW MEXICO,NM,US,STATE,0,CASES
1944,17,NEW MEXICO,NM,US,STATE,2,CASES
1944,18,NEW MEXICO,NM,US,STATE,0,CASES
1944,19,NEW MEXICO,NM,US,STATE,0,CASES
1944,20,NEW MEXICO,NM,US,STATE,5,CASES
1944,21,NEW MEXICO,NM,US,STATE,7,CASES
1944,22,NEW MEXICO,NM,US,STATE,1,CASES
1944,23,NEW MEXICO,NM,US,STATE,1,CASES
1944,24,NEW MEXICO,NM,US,STATE,2,CASES
1944,25,NEW MEXICO,NM,US,STATE,3,CASES
1944,26,NEW MEXICO,NM,US,STATE,3,CASES
1944,27,NEW MEXICO,NM,US,STATE,2,CASES
1944,28,NEW MEXICO,NM,US,STATE,0,CASES
1944,29,NEW MEXICO,NM,US,STATE,0,CASES
1944,30,NEW MEXICO,NM,US,STATE,1,CASES
1944,31,NEW MEXICO,NM,US,STATE,3,CASES
1944,32,NEW MEXICO,NM,US,STATE,7,CASES
1944,33,NEW MEXICO,NM,US,STATE,1,CASES
1944,34,NEW MEXICO,NM,US,STATE,7,CASES
1944,35,NEW MEXICO,NM,US,STATE,5,CASES
1944,36,NEW MEXICO,NM,US,STATE,4,CASES
1944,37,NEW MEXICO,NM,US,STATE,2,CASES
1944,38,NEW MEXICO,NM,US,STATE,12,CASES
1944,39,NEW MEXICO,NM,US,STATE,5,CASES
1944,40,NEW MEXICO,NM,US,STATE,5,CASES
1944,41,NEW MEXICO,NM,US,STATE,11,CASES
1944,42,NEW MEXICO,NM,US,STATE,14,CASES
1944,43,NEW MEXICO,NM,US,STATE,2,CASES
1944,44,NEW MEXICO,NM,US,STATE,8,CASES
1944,45,NEW MEXICO,NM,US,STATE,5,CASES
1944,46,NEW MEXICO,NM,US,STATE,3,CASES
1944,47,NEW MEXICO,NM,US,STATE,5,CASES
1944,48,NEW MEXICO,NM,US,STATE,3,CASES
1944,49,NEW MEXICO,NM,US,STATE,9,CASES
1944,50,NEW MEXICO,NM,US,STATE,2,CASES
1944,51,NEW MEXICO,NM,US,STATE,2,CASES
1944,52,NEW MEXICO,NM,US,STATE,1,CASES
1945,1,NEW MEXICO,NM,US,STATE,13,CASES
1945,2,NEW MEXICO,NM,US,STATE,2,CASES
1945,3,NEW MEXICO,NM,US,STATE,4,CASES
1945,4,NEW MEXICO,NM,US,STATE,6,CASES
1945,5,NEW MEXICO,NM,US,STATE,9,CASES
1945,6,NEW MEXICO,NM,US,STATE,8,CASES
1945,7,NEW MEXICO,NM,US,STATE,2,CASES
1945,9,NEW MEXICO,NM,US,STATE,2,CASES
1945,10,NEW MEXICO,NM,US,STATE,2,CASES
1945,11,NEW MEXICO,NM,US,STATE,1,CASES
1945,12,NEW MEXICO,NM,US,STATE,5,CASES
1945,13,NEW MEXICO,NM,US,STATE,2,CASES
1945,14,NEW MEXICO,NM,US,STATE,0,CASES
1945,15,NEW MEXICO,NM,US,STATE,3,CASES
1945,16,NEW MEXICO,NM,US,STATE,5,CASES
1945,17,NEW MEXICO,NM,US,STATE,2,CASES
1945,18,NEW MEXICO,NM,US,STATE,4,CASES
1945,19,NEW MEXICO,NM,US,STATE,2,CASES
1945,20,NEW MEXICO,NM,US,STATE,4,CASES
1945,21,NEW MEXICO,NM,US,STATE,0,CASES
1945,22,NEW MEXICO,NM,US,STATE,2,CASES
1945,23,NEW MEXICO,NM,US,STATE,2,CASES
1945,24,NEW MEXICO,NM,US,STATE,3,CASES
1945,25,NEW MEXICO,NM,US,STATE,2,CASES
1945,26,NEW MEXICO,NM,US,STATE,6,CASES
1945,27,NEW MEXICO,NM,US,STATE,0,CASES
1945,28,NEW MEXICO,NM,US,STATE,0,CASES
1945,29,NEW MEXICO,NM,US,STATE,3,CASES
1945,30,NEW MEXICO,NM,US,STATE,4,CASES
1945,31,NEW MEXICO,NM,US,STATE,6,CASES
1945,32,NEW MEXICO,NM,US,STATE,3,CASES
1945,33,NEW MEXICO,NM,US,STATE,2,CASES
1945,34,NEW MEXICO,NM,US,STATE,7,CASES
1945,35,NEW MEXICO,NM,US,STATE,2,CASES
1945,36,NEW MEXICO,NM,US,STATE,2,CASES
1945,37,NEW MEXICO,NM,US,STATE,2,CASES
1945,38,NEW MEXICO,NM,US,STATE,7,CASES
1945,39,NEW MEXICO,NM,US,STATE,3,CASES
1945,40,NEW MEXICO,NM,US,STATE,3,CASES
1945,41,NEW MEXICO,NM,US,STATE,4,CASES
1945,42,NEW MEXICO,NM,US,STATE,2,CASES
1945,43,NEW MEXICO,NM,US,STATE,1,CASES
1945,44,NEW MEXICO,NM,US,STATE,3,CASES
1945,45,NEW MEXICO,NM,US,STATE,5,CASES
1945,47,NEW MEXICO,NM,US,STATE,9,CASES
1945,48,NEW MEXICO,NM,US,STATE,6,CASES
1945,49,NEW MEXICO,NM,US,STATE,5,CASES
1945,50,NEW MEXICO,NM,US,STATE,0,CASES
1945,51,NEW MEXICO,NM,US,STATE,3,CASES
1945,52,NEW MEXICO,NM,US,STATE,2,CASES
1946,1,NEW MEXICO,NM,US,STATE,3,CASES
1946,2,NEW MEXICO,NM,US,STATE,1,CASES
1946,3,NEW MEXICO,NM,US,STATE,3,CASES
1946,4,NEW MEXICO,NM,US,STATE,3,CASES
1946,5,NEW MEXICO,NM,US,STATE,1,CASES
1946,6,NEW MEXICO,NM,US,STATE,0,CASES
1946,7,NEW MEXICO,NM,US,STATE,2,CASES
1946,8,NEW MEXICO,NM,US,STATE,3,CASES
1946,9,NEW MEXICO,NM,US,STATE,0,CASES
1946,10,NEW MEXICO,NM,US,STATE,1,CASES
1946,11,NEW MEXICO,NM,US,STATE,0,CASES
1946,12,NEW MEXICO,NM,US,STATE,2,CASES
1946,13,NEW MEXICO,NM,US,STATE,0,CASES
1946,14,NEW MEXICO,NM,US,STATE,0,CASES
1946,15,NEW MEXICO,NM,US,STATE,1,CASES
1946,16,NEW MEXICO,NM,US,STATE,1,CASES
1946,17,NEW MEXICO,NM,US,STATE,0,CASES
1946,19,NEW MEXICO,NM,US,STATE,0,CASES
1946,20,NEW MEXICO,NM,US,STATE,1,CASES
1946,22,NEW MEXICO,NM,US,STATE,1,CASES
1946,23,NEW MEXICO,NM,US,STATE,1,CASES
1946,24,NEW MEXICO,NM,US,STATE,0,CASES
1946,25,NEW MEXICO,NM,US,STATE,3,CASES
1946,26,NEW MEXICO,NM,US,STATE,1,CASES
1946,27,NEW MEXICO,NM,US,STATE,1,CASES
1946,28,NEW MEXICO,NM,US,STATE,0,CASES
1946,29,NEW MEXICO,NM,US,STATE,2,CASES
1946,30,NEW MEXICO,NM,US,STATE,13,CASES
1946,31,NEW MEXICO,NM,US,STATE,0,CASES
1946,32,NEW MEXICO,NM,US,STATE,1,CASES
1946,33,NEW MEXICO,NM,US,STATE,3,CASES
1946,34,NEW MEXICO,NM,US,STATE,0,CASES
1946,35,NEW MEXICO,NM,US,STATE,0,CASES
1946,36,NEW MEXICO,NM,US,STATE,3,CASES
1946,37,NEW MEXICO,NM,US,STATE,3,CASES
1946,38,NEW MEXICO,NM,US,STATE,1,CASES
1946,39,NEW MEXICO,NM,US,STATE,1,CASES
1946,40,NEW MEXICO,NM,US,STATE,3,CASES
1946,41,NEW MEXICO,NM,US,STATE,2,CASES
1946,42,NEW MEXICO,NM,US,STATE,0,CASES
1946,43,NEW MEXICO,NM,US,STATE,2,CASES
1946,44,NEW MEXICO,NM,US,STATE,0,CASES
1946,45,NEW MEXICO,NM,US,STATE,1,CASES
1946,46,NEW MEXICO,NM,US,STATE,1,CASES
1946,47,NEW MEXICO,NM,US,STATE,3,CASES
1946,48,NEW MEXICO,NM,US,STATE,8,CASES
1946,49,NEW MEXICO,NM,US,STATE,3,CASES
1946,50,NEW MEXICO,NM,US,STATE,1,CASES
1946,51,NEW MEXICO,NM,US,STATE,2,CASES
1946,52,NEW MEXICO,NM,US,STATE,8,CASES
1947,2,NEW MEXICO,NM,US,STATE,3,CASES
1947,3,NEW MEXICO,NM,US,STATE,1,CASES
1947,4,NEW MEXICO,NM,US,STATE,1,CASES
1947,5,NEW MEXICO,NM,US,STATE,3,CASES
1947,6,NEW MEXICO,NM,US,STATE,3,CASES
1947,7,NEW MEXICO,NM,US,STATE,5,CASES
1947,8,NEW MEXICO,NM,US,STATE,2,CASES
1947,9,NEW MEXICO,NM,US,STATE,1,CASES
1947,10,NEW MEXICO,NM,US,STATE,0,CASES
1947,11,NEW MEXICO,NM,US,STATE,1,CASES
1947,12,NEW MEXICO,NM,US,STATE,2,CASES
1947,13,NEW MEXICO,NM,US,STATE,3,CASES
1947,14,NEW MEXICO,NM,US,STATE,0,CASES
1947,15,NEW MEXICO,NM,US,STATE,0,CASES
1947,16,NEW MEXICO,NM,US,STATE,0,CASES
1947,17,NEW MEXICO,NM,US,STATE,1,CASES
1947,18,NEW MEXICO,NM,US,STATE,1,CASES
1947,19,NEW MEXICO,NM,US,STATE,0,CASES
1947,20,NEW MEXICO,NM,US,STATE,2,CASES
1947,21,NEW MEXICO,NM,US,STATE,3,CASES
1947,22,NEW MEXICO,NM,US,STATE,0,CASES
1947,23,NEW MEXICO,NM,US,STATE,1,CASES
1947,24,NEW MEXICO,NM,US,STATE,1,CASES
1947,25,NEW MEXICO,NM,US,STATE,1,CASES
1947,26,NEW MEXICO,NM,US,STATE,0,CASES
1947,27,NEW MEXICO,NM,US,STATE,0,CASES
1947,28,NEW MEXICO,NM,US,STATE,0,CASES
1947,29,NEW MEXICO,NM,US,STATE,0,CASES
1947,30,NEW MEXICO,NM,US,STATE,3,CASES
1947,31,NEW MEXICO,NM,US,STATE,0,CASES
1947,32,NEW MEXICO,NM,US,STATE,0,CASES
1947,33,NEW MEXICO,NM,US,STATE,0,CASES
1947,34,NEW MEXICO,NM,US,STATE,0,CASES
1947,35,NEW MEXICO,NM,US,STATE,1,CASES
1947,36,NEW MEXICO,NM,US,STATE,0,CASES
1947,37,NEW MEXICO,NM,US,STATE,0,CASES
1947,38,NEW MEXICO,NM,US,STATE,0,CASES
1947,39,NEW MEXICO,NM,US,STATE,0,CASES
1947,40,NEW MEXICO,NM,US,STATE,1,CASES
1947,41,NEW MEXICO,NM,US,STATE,1,CASES
1947,42,NEW MEXICO,NM,US,STATE,0,CASES
1947,43,NEW MEXICO,NM,US,STATE,0,CASES
1947,44,NEW MEXICO,NM,US,STATE,3,CASES
1947,45,NEW MEXICO,NM,US,STATE,0,CASES
1947,46,NEW MEXICO,NM,US,STATE,2,CASES
1947,47,NEW MEXICO,NM,US,STATE,0,CASES
1947,48,NEW MEXICO,NM,US,STATE,2,CASES
1947,49,NEW MEXICO,NM,US,STATE,4,CASES
1947,50,NEW MEXICO,NM,US,STATE,5,CASES
1947,51,NEW MEXICO,NM,US,STATE,3,CASES
1947,52,NEW MEXICO,NM,US,STATE,2,CASES
1948,1,NEW MEXICO,NM,US,STATE,3,CASES
1948,2,NEW MEXICO,NM,US,STATE,1,CASES
1948,3,NEW MEXICO,NM,US,STATE,6,CASES
1948,4,NEW MEXICO,NM,US,STATE,3,CASES
1948,5,NEW MEXICO,NM,US,STATE,3,CASES
1948,6,NEW MEXICO,NM,US,STATE,2,CASES
1948,7,NEW MEXICO,NM,US,STATE,1,CASES
1948,8,NEW MEXICO,NM,US,STATE,3,CASES
1948,9,NEW MEXICO,NM,US,STATE,2,CASES
1948,10,NEW MEXICO,NM,US,STATE,1,CASES
1948,11,NEW MEXICO,NM,US,STATE,2,CASES
1948,12,NEW MEXICO,NM,US,STATE,3,CASES
1948,13,NEW MEXICO,NM,US,STATE,4,CASES
1948,14,NEW MEXICO,NM,US,STATE,3,CASES
1948,15,NEW MEXICO,NM,US,STATE,4,CASES
1948,16,NEW MEXICO,NM,US,STATE,1,CASES
1948,17,NEW MEXICO,NM,US,STATE,1,CASES
1948,18,NEW MEXICO,NM,US,STATE,0,CASES
1948,19,NEW MEXICO,NM,US,STATE,0,CASES
1948,20,NEW MEXICO,NM,US,STATE,1,CASES
1948,21,NEW MEXICO,NM,US,STATE,4,CASES
1948,22,NEW MEXICO,NM,US,STATE,0,CASES
1948,23,NEW MEXICO,NM,US,STATE,0,CASES
1948,24,NEW MEXICO,NM,US,STATE,2,CASES
1948,25,NEW MEXICO,NM,US,STATE,0,CASES
1948,26,NEW MEXICO,NM,US,STATE,1,CASES
1948,27,NEW MEXICO,NM,US,STATE,1,CASES
1948,35,NEW MEXICO,NM,US,STATE,1,CASES
1948,36,NEW MEXICO,NM,US,STATE,2,CASES
1948,37,NEW MEXICO,NM,US,STATE,2,CASES
1948,38,NEW MEXICO,NM,US,STATE,2,CASES
1948,39,NEW MEXICO,NM,US,STATE,2,CASES
1948,40,NEW MEXICO,NM,US,STATE,3,CASES
1948,42,NEW MEXICO,NM,US,STATE,3,CASES
1948,43,NEW MEXICO,NM,US,STATE,5,CASES
1948,45,NEW MEXICO,NM,US,STATE,1,CASES
1948,46,NEW MEXICO,NM,US,STATE,2,CASES
1948,47,NEW MEXICO,NM,US,STATE,2,CASES
1948,49,NEW MEXICO,NM,US,STATE,3,CASES
1949,1,NEW MEXICO,NM,US,STATE,2,CASES
1949,3,NEW MEXICO,NM,US,STATE,2,CASES
1949,4,NEW MEXICO,NM,US,STATE,1,CASES
1949,6,NEW MEXICO,NM,US,STATE,1,CASES
1949,8,NEW MEXICO,NM,US,STATE,6,CASES
1949,9,NEW MEXICO,NM,US,STATE,2,CASES
1949,11,NEW MEXICO,NM,US,STATE,1,CASES
1949,16,NEW MEXICO,NM,US,STATE,1,CASES
1949,18,NEW MEXICO,NM,US,STATE,1,CASES
1949,19,NEW MEXICO,NM,US,STATE,1,CASES
1949,21,NEW MEXICO,NM,US,STATE,1,CASES
1949,22,NEW MEXICO,NM,US,STATE,1,CASES
1949,24,NEW MEXICO,NM,US,STATE,1,CASES
1949,26,NEW MEXICO,NM,US,STATE,2,CASES
1949,27,NEW MEXICO,NM,US,STATE,1,CASES
1949,29,NEW MEXICO,NM,US,STATE,1,CASES
1949,30,NEW MEXICO,NM,US,STATE,2,CASES
1949,33,NEW MEXICO,NM,US,STATE,1,CASES
1949,36,NEW MEXICO,NM,US,STATE,1,CASES
1949,38,NEW MEXICO,NM,US,STATE,1,CASES
1949,39,NEW MEXICO,NM,US,STATE,1,CASES
1949,40,NEW MEXICO,NM,US,STATE,2,CASES
1949,44,NEW MEXICO,NM,US,STATE,1,CASES
1949,51,NEW MEXICO,NM,US,STATE,1,CASES
1949,52,NEW MEXICO,NM,US,STATE,2,CASES
1950,4,NEW MEXICO,NM,US,STATE,3,CASES
1950,7,NEW MEXICO,NM,US,STATE,1,CASES
1950,8,NEW MEXICO,NM,US,STATE,2,CASES
1950,10,NEW MEXICO,NM,US,STATE,1,CASES
1950,11,NEW MEXICO,NM,US,STATE,2,CASES
1950,13,NEW MEXICO,NM,US,STATE,2,CASES
1950,21,NEW MEXICO,NM,US,STATE,1,CASES
1950,22,NEW MEXICO,NM,US,STATE,2,CASES
1950,24,NEW MEXICO,NM,US,STATE,2,CASES
1950,39,NEW MEXICO,NM,US,STATE,1,CASES
1950,41,NEW MEXICO,NM,US,STATE,1,CASES
1950,42,NEW MEXICO,NM,US,STATE,1,CASES
1950,48,NEW MEXICO,NM,US,STATE,1,CASES
1950,50,NEW MEXICO,NM,US,STATE,2,CASES
1950,52,NEW MEXICO,NM,US,STATE,1,CASES
1951,1,NEW MEXICO,NM,US,STATE,1,CASES
1951,3,NEW MEXICO,NM,US,STATE,1,CASES
1951,4,NEW MEXICO,NM,US,STATE,3,CASES
1951,7,NEW MEXICO,NM,US,STATE,3,CASES
1951,10,NEW MEXICO,NM,US,STATE,1,CASES
1951,11,NEW MEXICO,NM,US,STATE,1,CASES
1951,13,NEW MEXICO,NM,US,STATE,1,CASES
1951,17,NEW MEXICO,NM,US,STATE,1,CASES
1951,19,NEW MEXICO,NM,US,STATE,1,CASES
1951,21,NEW MEXICO,NM,US,STATE,2,CASES
1951,22,NEW MEXICO,NM,US,STATE,2,CASES
1951,25,NEW MEXICO,NM,US,STATE,1,CASES
1951,28,NEW MEXICO,NM,US,STATE,1,CASES
1951,29,NEW MEXICO,NM,US,STATE,1,CASES
1951,36,NEW MEXICO,NM,US,STATE,1,CASES
1951,43,NEW MEXICO,NM,US,STATE,1,CASES
1951,44,NEW MEXICO,NM,US,STATE,1,CASES
1951,45,NEW MEXICO,NM,US,STATE,1,CASES
1951,46,NEW MEXICO,NM,US,STATE,1,CASES
1951,5,NEW MEXICO,NM,US,STATE,1,CASES
1952,4,NEW MEXICO,NM,US,STATE,1,CASES
1952,5,NEW MEXICO,NM,US,STATE,1,CASES
1952,6,NEW MEXICO,NM,US,STATE,2,CASES
1952,8,NEW MEXICO,NM,US,STATE,1,CASES
1952,10,NEW MEXICO,NM,US,STATE,1,CASES
1952,11,NEW MEXICO,NM,US,STATE,1,CASES
1952,13,NEW MEXICO,NM,US,STATE,1,CASES
1952,18,NEW MEXICO,NM,US,STATE,1,CASES
1952,29,NEW MEXICO,NM,US,STATE,1,CASES
1952,36,NEW MEXICO,NM,US,STATE,1,CASES
1952,41,NEW MEXICO,NM,US,STATE,1,CASES
1952,43,NEW MEXICO,NM,US,STATE,1,CASES
1952,44,NEW MEXICO,NM,US,STATE,1,CASES
1952,45,NEW MEXICO,NM,US,STATE,1,CASES
1952,52,NEW MEXICO,NM,US,STATE,2,CASES
1952,53,NEW MEXICO,NM,US,STATE,1,CASES
1953,5,NEW MEXICO,NM,US,STATE,1,CASES
1953,7,NEW MEXICO,NM,US,STATE,1,CASES
1953,12,NEW MEXICO,NM,US,STATE,1,CASES
1953,27,NEW MEXICO,NM,US,STATE,1,CASES
1953,50,NEW MEXICO,NM,US,STATE,1,CASES
1955,23,NEW MEXICO,NM,US,STATE,1,CASES
1955,31,NEW MEXICO,NM,US,STATE,2,CASES
1955,43,NEW MEXICO,NM,US,STATE,1,CASES
1956,6,NEW MEXICO,NM,US,STATE,1,CASES
1956,25,NEW MEXICO,NM,US,STATE,1,CASES
1956,27,NEW MEXICO,NM,US,STATE,2,CASES
1956,31,NEW MEXICO,NM,US,STATE,1,CASES
1956,46,NEW MEXICO,NM,US,STATE,1,CASES
1956,47,NEW MEXICO,NM,US,STATE,1,CASES
1956,48,NEW MEXICO,NM,US,STATE,11,CASES
1956,49,NEW MEXICO,NM,US,STATE,7,CASES
1956,50,NEW MEXICO,NM,US,STATE,7,CASES
1956,51,NEW MEXICO,NM,US,STATE,4,CASES
1956,52,NEW MEXICO,NM,US,STATE,1,CASES
1957,1,NEW MEXICO,NM,US,STATE,1,CASES
1957,4,NEW MEXICO,NM,US,STATE,2,CASES
1957,13,NEW MEXICO,NM,US,STATE,1,CASES
1957,16,NEW MEXICO,NM,US,STATE,1,CASES
1957,18,NEW MEXICO,NM,US,STATE,1,CASES
1957,24,NEW MEXICO,NM,US,STATE,1,CASES
1957,31,NEW MEXICO,NM,US,STATE,1,CASES
1957,34,NEW MEXICO,NM,US,STATE,1,CASES
1957,43,NEW MEXICO,NM,US,STATE,1,CASES
1957,45,NEW MEXICO,NM,US,STATE,1,CASES
1957,49,NEW MEXICO,NM,US,STATE,2,CASES
1957,51,NEW MEXICO,NM,US,STATE,2,CASES
1958,9,NEW MEXICO,NM,US,STATE,2,CASES
1958,13,NEW MEXICO,NM,US,STATE,1,CASES
1958,16,NEW MEXICO,NM,US,STATE,3,CASES
1958,17,NEW MEXICO,NM,US,STATE,1,CASES
1958,32,NEW MEXICO,NM,US,STATE,2,CASES
1958,36,NEW MEXICO,NM,US,STATE,1,CASES
1958,43,NEW MEXICO,NM,US,STATE,1,CASES
1958,44,NEW MEXICO,NM,US,STATE,5,CASES
1958,49,NEW MEXICO,NM,US,STATE,5,CASES
1958,50,NEW MEXICO,NM,US,STATE,1,CASES
1959,2,NEW MEXICO,NM,US,STATE,3,CASES
1959,5,NEW MEXICO,NM,US,STATE,1,CASES
1959,22,NEW MEXICO,NM,US,STATE,1,CASES
1959,26,NEW MEXICO,NM,US,STATE,1,CASES
1959,29,NEW MEXICO,NM,US,STATE,1,CASES
1959,30,NEW MEXICO,NM,US,STATE,1,CASES
1960,5,NEW MEXICO,NM,US,STATE,1,CASES
1960,9,NEW MEXICO,NM,US,STATE,2,CASES
1960,16,NEW MEXICO,NM,US,STATE,1,CASES
1960,24,NEW MEXICO,NM,US,STATE,1,CASES
1961,34,NEW MEXICO,NM,US,STATE,1,CASES
1961,40,NEW MEXICO,NM,US,STATE,2,CASES
1961,43,NEW MEXICO,NM,US,STATE,2,CASES
1962,2,NEW MEXICO,NM,US,STATE,1,CASES
1962,26,NEW MEXICO,NM,US,STATE,1,CASES
1962,46,NEW MEXICO,NM,US,STATE,1,CASES
1962,51,NEW MEXICO,NM,US,STATE,2,CASES
1963,13,NEW MEXICO,NM,US,STATE,1,CASES
1963,38,NEW MEXICO,NM,US,STATE,1,CASES
1964,13,NEW MEXICO,NM,US,STATE,1,CASES
1966,18,NEW MEXICO,NM,US,STATE,1,CASES
1968,14,NEW MEXICO,NM,US,STATE,1,CASES
1968,44,NEW MEXICO,NM,US,STATE,1,CASES
1968,49,NEW MEXICO,NM,US,STATE,1,CASES
1969,1,NEW MEXICO,NM,US,STATE,1,CASES
1969,40,NEW MEXICO,NM,US,STATE,1,CASES
1970,35,NEW MEXICO,NM,US,STATE,1,CASES
1971,10,NEW MEXICO,NM,US,STATE,2,CASES
1971,21,NEW MEXICO,NM,US,STATE,1,CASES
1971,33,NEW MEXICO,NM,US,STATE,2,CASES
1971,34,NEW MEXICO,NM,US,STATE,2,CASES
1971,43,NEW MEXICO,NM,US,STATE,1,CASES
1972,6,NEW MEXICO,NM,US,STATE,1,CASES
1972,46,NEW MEXICO,NM,US,STATE,1,CASES
1972,50,NEW MEXICO,NM,US,STATE,1,CASES
1973,11,NEW MEXICO,NM,US,STATE,1,CASES
1973,14,NEW MEXICO,NM,US,STATE,1,CASES
1973,28,NEW MEXICO,NM,US,STATE,4,CASES
1973,39,NEW MEXICO,NM,US,STATE,14,CASES
1973,42,NEW MEXICO,NM,US,STATE,5,CASES
1973,46,NEW MEXICO,NM,US,STATE,2,CASES
1974,1,NEW MEXICO,NM,US,STATE,7,CASES
1974,7,NEW MEXICO,NM,US,STATE,1,CASES
1974,13,NEW MEXICO,NM,US,STATE,5,CASES
1974,22,NEW MEXICO,NM,US,STATE,4,CASES
1974,36,NEW MEXICO,NM,US,STATE,2,CASES
1974,42,NEW MEXICO,NM,US,STATE,1,CASES
1974,48,NEW MEXICO,NM,US,STATE,1,CASES
1974,50,NEW MEXICO,NM,US,STATE,2,CASES
1974,51,NEW MEXICO,NM,US,STATE,1,CASES
1975,5,NEW MEXICO,NM,US,STATE,1,CASES
1975,32,NEW MEXICO,NM,US,STATE,1,CASES
1975,37,NEW MEXICO,NM,US,STATE,1,CASES
1975,44,NEW MEXICO,NM,US,STATE,2,CASES
1975,45,NEW MEXICO,NM,US,STATE,3,CASES
1976,30,NEW MEXICO,NM,US,STATE,1,CASES
1977,23,NEW MEXICO,NM,US,STATE,1,CASES
1977,31,NEW MEXICO,NM,US,STATE,1,CASES
1930,3,NEW MEXICO,NM,US,STATE,8,CASES
