year,week,loc,state,country,loc_type,number,event
1968,1,NEW YORK CITY,NY,US,STATE,40,CASES
1968,3,NEW YORK CITY,NY,US,STATE,84,CASES
1968,4,NEW YORK CITY,NY,US,STATE,50,CASES
1968,5,NEW YORK CITY,NY,US,STATE,93,CASES
1968,6,NEW YORK CITY,NY,US,STATE,67,CASES
1968,7,NEW YORK CITY,NY,US,STATE,69,CASES
1968,8,NEW YORK CITY,NY,US,STATE,77,CASES
1968,9,NEW YORK CITY,NY,US,STATE,103,CASES
1968,10,NEW YORK CITY,NY,US,STATE,105,CASES
1968,11,NEW YORK CITY,NY,US,STATE,77,CASES
1968,12,NEW YORK CITY,NY,US,STATE,111,CASES
1968,13,NEW YORK CITY,NY,US,STATE,114,CASES
1968,14,NEW YORK CITY,NY,US,STATE,140,CASES
1968,15,NEW YORK CITY,NY,US,STATE,127,CASES
1968,16,NEW YORK CITY,NY,US,STATE,154,CASES
1968,17,NEW YORK CITY,NY,US,STATE,119,CASES
1968,18,NEW YORK CITY,NY,US,STATE,136,CASES
1968,19,NEW YORK CITY,NY,US,STATE,125,CASES
1968,20,NEW YORK CITY,NY,US,STATE,108,CASES
1968,21,NEW YORK CITY,NY,US,STATE,141,CASES
1968,22,NEW YORK CITY,NY,US,STATE,129,CASES
1968,23,NEW YORK CITY,NY,US,STATE,129,CASES
1968,24,NEW YORK CITY,NY,US,STATE,120,CASES
1968,25,NEW YORK CITY,NY,US,STATE,119,CASES
1968,26,NEW YORK CITY,NY,US,STATE,128,CASES
1968,27,NEW YORK CITY,NY,US,STATE,59,CASES
1968,28,NEW YORK CITY,NY,US,STATE,101,CASES
1968,29,NEW YORK CITY,NY,US,STATE,97,CASES
1968,30,NEW YORK CITY,NY,US,STATE,120,CASES
1968,31,NEW YORK CITY,NY,US,STATE,57,CASES
1968,32,NEW YORK CITY,NY,US,STATE,67,CASES
1968,33,NEW YORK CITY,NY,US,STATE,62,CASES
1968,34,NEW YORK CITY,NY,US,STATE,56,CASES
1968,35,NEW YORK CITY,NY,US,STATE,36,CASES
1968,36,NEW YORK CITY,NY,US,STATE,50,CASES
1968,37,NEW YORK CITY,NY,US,STATE,43,CASES
1968,39,NEW YORK CITY,NY,US,STATE,33,CASES
1968,40,NEW YORK CITY,NY,US,STATE,25,CASES
1968,41,NEW YORK CITY,NY,US,STATE,30,CASES
1968,42,NEW YORK CITY,NY,US,STATE,26,CASES
1968,43,NEW YORK CITY,NY,US,STATE,31,CASES
1968,44,NEW YORK CITY,NY,US,STATE,31,CASES
1968,45,NEW YORK CITY,NY,US,STATE,26,CASES
1968,46,NEW YORK CITY,NY,US,STATE,33,CASES
1968,47,NEW YORK CITY,NY,US,STATE,30,CASES
1968,48,NEW YORK CITY,NY,US,STATE,32,CASES
1968,49,NEW YORK CITY,NY,US,STATE,22,CASES
1968,50,NEW YORK CITY,NY,US,STATE,23,CASES
1968,51,NEW YORK CITY,NY,US,STATE,25,CASES
1968,52,NEW YORK CITY,NY,US,STATE,24,CASES
1969,1,NEW YORK CITY,NY,US,STATE,16,CASES
1969,2,NEW YORK CITY,NY,US,STATE,41,CASES
1969,3,NEW YORK CITY,NY,US,STATE,42,CASES
1969,4,NEW YORK CITY,NY,US,STATE,34,CASES
1969,5,NEW YORK CITY,NY,US,STATE,37,CASES
1969,6,NEW YORK CITY,NY,US,STATE,26,CASES
1969,7,NEW YORK CITY,NY,US,STATE,23,CASES
1969,8,NEW YORK CITY,NY,US,STATE,50,CASES
1969,9,NEW YORK CITY,NY,US,STATE,48,CASES
1969,10,NEW YORK CITY,NY,US,STATE,45,CASES
1969,12,NEW YORK CITY,NY,US,STATE,78,CASES
1969,13,NEW YORK CITY,NY,US,STATE,95,CASES
1969,14,NEW YORK CITY,NY,US,STATE,88,CASES
1969,15,NEW YORK CITY,NY,US,STATE,96,CASES
1969,16,NEW YORK CITY,NY,US,STATE,149,CASES
1969,17,NEW YORK CITY,NY,US,STATE,127,CASES
1969,18,NEW YORK CITY,NY,US,STATE,113,CASES
1969,19,NEW YORK CITY,NY,US,STATE,111,CASES
1969,20,NEW YORK CITY,NY,US,STATE,141,CASES
1969,21,NEW YORK CITY,NY,US,STATE,133,CASES
1969,22,NEW YORK CITY,NY,US,STATE,127,CASES
1969,23,NEW YORK CITY,NY,US,STATE,133,CASES
1969,24,NEW YORK CITY,NY,US,STATE,171,CASES
1969,25,NEW YORK CITY,NY,US,STATE,184,CASES
1969,26,NEW YORK CITY,NY,US,STATE,127,CASES
1969,27,NEW YORK CITY,NY,US,STATE,101,CASES
1969,28,NEW YORK CITY,NY,US,STATE,68,CASES
1969,29,NEW YORK CITY,NY,US,STATE,144,CASES
1969,30,NEW YORK CITY,NY,US,STATE,84,CASES
1969,31,NEW YORK CITY,NY,US,STATE,88,CASES
1969,32,NEW YORK CITY,NY,US,STATE,83,CASES
1969,33,NEW YORK CITY,NY,US,STATE,65,CASES
1969,34,NEW YORK CITY,NY,US,STATE,70,CASES
1969,35,NEW YORK CITY,NY,US,STATE,51,CASES
1969,36,NEW YORK CITY,NY,US,STATE,29,CASES
1969,37,NEW YORK CITY,NY,US,STATE,22,CASES
1969,38,NEW YORK CITY,NY,US,STATE,49,CASES
1969,39,NEW YORK CITY,NY,US,STATE,34,CASES
1969,40,NEW YORK CITY,NY,US,STATE,32,CASES
1969,41,NEW YORK CITY,NY,US,STATE,59,CASES
1969,42,NEW YORK CITY,NY,US,STATE,35,CASES
1969,43,NEW YORK CITY,NY,US,STATE,63,CASES
1969,44,NEW YORK CITY,NY,US,STATE,48,CASES
1969,45,NEW YORK CITY,NY,US,STATE,37,CASES
1969,46,NEW YORK CITY,NY,US,STATE,51,CASES
1969,47,NEW YORK CITY,NY,US,STATE,67,CASES
1969,48,NEW YORK CITY,NY,US,STATE,57,CASES
1969,49,NEW YORK CITY,NY,US,STATE,70,CASES
1969,50,NEW YORK CITY,NY,US,STATE,102,CASES
1969,51,NEW YORK CITY,NY,US,STATE,68,CASES
1969,52,NEW YORK CITY,NY,US,STATE,57,CASES
1970,1,NEW YORK CITY,NY,US,STATE,90,CASES
1970,2,NEW YORK CITY,NY,US,STATE,67,CASES
1970,3,NEW YORK CITY,NY,US,STATE,51,CASES
1970,4,NEW YORK CITY,NY,US,STATE,108,CASES
1970,5,NEW YORK CITY,NY,US,STATE,57,CASES
1970,5,UPSTATE NEW YORK,NY,US,STATE,4,CASES
1970,6,NEW YORK CITY,NY,US,STATE,54,CASES
1970,7,NEW YORK CITY,NY,US,STATE,100,CASES
1970,8,NEW YORK CITY,NY,US,STATE,70,CASES
1970,9,NEW YORK CITY,NY,US,STATE,70,CASES
1970,10,NEW YORK CITY,NY,US,STATE,126,CASES
1970,11,NEW YORK CITY,NY,US,STATE,51,CASES
1970,12,NEW YORK CITY,NY,US,STATE,56,CASES
1970,13,NEW YORK CITY,NY,US,STATE,118,CASES
1970,14,NEW YORK CITY,NY,US,STATE,199,CASES
1970,15,NEW YORK CITY,NY,US,STATE,121,CASES
1970,16,NEW YORK CITY,NY,US,STATE,68,CASES
1970,17,NEW YORK CITY,NY,US,STATE,99,CASES
1970,18,NEW YORK CITY,NY,US,STATE,97,CASES
1970,19,NEW YORK CITY,NY,US,STATE,87,CASES
1970,21,NEW YORK CITY,NY,US,STATE,134,CASES
1970,22,NEW YORK CITY,NY,US,STATE,100,CASES
1970,23,NEW YORK CITY,NY,US,STATE,102,CASES
1970,24,NEW YORK CITY,NY,US,STATE,101,CASES
1970,25,NEW YORK CITY,NY,US,STATE,94,CASES
1970,26,NEW YORK CITY,NY,US,STATE,77,CASES
1970,27,NEW YORK CITY,NY,US,STATE,78,CASES
1970,28,NEW YORK CITY,NY,US,STATE,72,CASES
1970,29,NEW YORK CITY,NY,US,STATE,53,CASES
1970,30,NEW YORK CITY,NY,US,STATE,47,CASES
1970,31,NEW YORK CITY,NY,US,STATE,53,CASES
1970,32,NEW YORK CITY,NY,US,STATE,32,CASES
1970,33,NEW YORK CITY,NY,US,STATE,29,CASES
1970,34,NEW YORK CITY,NY,US,STATE,41,CASES
1970,35,NEW YORK CITY,NY,US,STATE,27,CASES
1970,36,NEW YORK CITY,NY,US,STATE,16,CASES
1970,37,NEW YORK CITY,NY,US,STATE,30,CASES
1970,38,NEW YORK CITY,NY,US,STATE,11,CASES
1970,39,NEW YORK CITY,NY,US,STATE,26,CASES
1970,40,NEW YORK CITY,NY,US,STATE,11,CASES
1970,41,NEW YORK CITY,NY,US,STATE,23,CASES
1970,42,NEW YORK CITY,NY,US,STATE,26,CASES
1970,43,NEW YORK CITY,NY,US,STATE,26,CASES
1970,45,NEW YORK CITY,NY,US,STATE,21,CASES
1970,46,NEW YORK CITY,NY,US,STATE,32,CASES
1970,47,NEW YORK CITY,NY,US,STATE,13,CASES
1970,48,NEW YORK CITY,NY,US,STATE,22,CASES
1970,49,NEW YORK CITY,NY,US,STATE,32,CASES
1970,50,NEW YORK CITY,NY,US,STATE,31,CASES
1970,51,NEW YORK CITY,NY,US,STATE,15,CASES
1970,52,NEW YORK CITY,NY,US,STATE,26,CASES
1971,1,NEW YORK CITY,NY,US,STATE,38,CASES
1971,2,NEW YORK CITY,NY,US,STATE,52,CASES
1971,3,NEW YORK CITY,NY,US,STATE,23,CASES
1971,4,NEW YORK CITY,NY,US,STATE,33,CASES
1971,5,NEW YORK CITY,NY,US,STATE,32,CASES
1971,6,NEW YORK CITY,NY,US,STATE,22,CASES
1971,7,NEW YORK CITY,NY,US,STATE,32,CASES
1971,9,NEW YORK CITY,NY,US,STATE,26,CASES
1971,10,NEW YORK CITY,NY,US,STATE,57,CASES
1971,11,NEW YORK CITY,NY,US,STATE,66,CASES
1971,12,NEW YORK CITY,NY,US,STATE,60,CASES
1971,13,NEW YORK CITY,NY,US,STATE,68,CASES
1971,14,NEW YORK CITY,NY,US,STATE,53,CASES
1971,15,NEW YORK CITY,NY,US,STATE,63,CASES
1971,16,NEW YORK CITY,NY,US,STATE,88,CASES
1971,17,NEW YORK CITY,NY,US,STATE,67,CASES
1971,18,NEW YORK CITY,NY,US,STATE,64,CASES
1971,19,NEW YORK CITY,NY,US,STATE,55,CASES
1971,20,NEW YORK CITY,NY,US,STATE,49,CASES
1971,21,NEW YORK CITY,NY,US,STATE,55,CASES
1971,22,NEW YORK CITY,NY,US,STATE,68,CASES
1971,23,NEW YORK CITY,NY,US,STATE,55,CASES
1971,24,NEW YORK CITY,NY,US,STATE,63,CASES
1971,25,NEW YORK CITY,NY,US,STATE,57,CASES
1971,26,NEW YORK CITY,NY,US,STATE,87,CASES
1971,27,NEW YORK CITY,NY,US,STATE,57,CASES
1971,28,NEW YORK CITY,NY,US,STATE,62,CASES
1971,29,NEW YORK CITY,NY,US,STATE,37,CASES
1971,30,NEW YORK CITY,NY,US,STATE,43,CASES
1971,31,NEW YORK CITY,NY,US,STATE,21,CASES
1971,32,NEW YORK CITY,NY,US,STATE,31,CASES
1971,33,NEW YORK CITY,NY,US,STATE,28,CASES
1971,34,NEW YORK CITY,NY,US,STATE,19,CASES
1971,35,NEW YORK CITY,NY,US,STATE,25,CASES
1971,36,NEW YORK CITY,NY,US,STATE,13,CASES
1971,37,NEW YORK CITY,NY,US,STATE,27,CASES
1971,38,NEW YORK CITY,NY,US,STATE,17,CASES
1971,39,NEW YORK CITY,NY,US,STATE,17,CASES
1971,40,NEW YORK CITY,NY,US,STATE,15,CASES
1971,41,NEW YORK CITY,NY,US,STATE,21,CASES
1971,42,NEW YORK CITY,NY,US,STATE,17,CASES
1971,44,NEW YORK CITY,NY,US,STATE,12,CASES
1971,45,NEW YORK CITY,NY,US,STATE,13,CASES
1971,46,NEW YORK CITY,NY,US,STATE,26,CASES
1971,47,NEW YORK CITY,NY,US,STATE,20,CASES
1971,48,NEW YORK CITY,NY,US,STATE,41,CASES
1971,49,NEW YORK CITY,NY,US,STATE,35,CASES
1971,50,NEW YORK CITY,NY,US,STATE,28,CASES
1971,51,NEW YORK CITY,NY,US,STATE,15,CASES
1972,1,NEW YORK CITY,NY,US,STATE,35,CASES
1972,3,NEW YORK CITY,NY,US,STATE,35,CASES
1972,4,NEW YORK CITY,NY,US,STATE,30,CASES
1972,5,NEW YORK CITY,NY,US,STATE,40,CASES
1972,6,NEW YORK CITY,NY,US,STATE,34,CASES
1972,7,NEW YORK CITY,NY,US,STATE,42,CASES
1972,8,NEW YORK CITY,NY,US,STATE,34,CASES
1972,9,NEW YORK CITY,NY,US,STATE,47,CASES
1972,10,NEW YORK CITY,NY,US,STATE,36,CASES
1972,11,NEW YORK CITY,NY,US,STATE,51,CASES
1972,12,NEW YORK CITY,NY,US,STATE,52,CASES
1972,13,NEW YORK CITY,NY,US,STATE,45,CASES
1972,14,NEW YORK CITY,NY,US,STATE,60,CASES
1972,15,NEW YORK CITY,NY,US,STATE,44,CASES
1972,16,NEW YORK CITY,NY,US,STATE,68,CASES
1972,17,NEW YORK CITY,NY,US,STATE,49,CASES
1972,18,NEW YORK CITY,NY,US,STATE,65,CASES
1972,19,NEW YORK CITY,NY,US,STATE,64,CASES
1972,20,NEW YORK CITY,NY,US,STATE,41,CASES
1972,21,NEW YORK CITY,NY,US,STATE,66,CASES
1972,22,NEW YORK CITY,NY,US,STATE,53,CASES
1972,23,NEW YORK CITY,NY,US,STATE,80,CASES
1972,24,NEW YORK CITY,NY,US,STATE,69,CASES
1972,25,NEW YORK CITY,NY,US,STATE,70,CASES
1972,26,NEW YORK CITY,NY,US,STATE,45,CASES
1972,27,NEW YORK CITY,NY,US,STATE,36,CASES
1972,28,NEW YORK CITY,NY,US,STATE,79,CASES
1972,29,NEW YORK CITY,NY,US,STATE,49,CASES
1972,30,NEW YORK CITY,NY,US,STATE,49,CASES
1972,31,NEW YORK CITY,NY,US,STATE,58,CASES
1972,32,NEW YORK CITY,NY,US,STATE,66,CASES
1972,33,NEW YORK CITY,NY,US,STATE,29,CASES
1972,35,NEW YORK CITY,NY,US,STATE,39,CASES
1972,36,NEW YORK CITY,NY,US,STATE,22,CASES
1972,37,NEW YORK CITY,NY,US,STATE,39,CASES
1972,38,NEW YORK CITY,NY,US,STATE,47,CASES
1972,39,NEW YORK CITY,NY,US,STATE,27,CASES
1972,40,NEW YORK CITY,NY,US,STATE,35,CASES
1972,41,NEW YORK CITY,NY,US,STATE,33,CASES
1972,42,NEW YORK CITY,NY,US,STATE,33,CASES
1972,43,NEW YORK CITY,NY,US,STATE,27,CASES
1972,44,NEW YORK CITY,NY,US,STATE,42,CASES
1972,45,NEW YORK CITY,NY,US,STATE,52,CASES
1972,46,NEW YORK CITY,NY,US,STATE,60,CASES
1972,47,NEW YORK CITY,NY,US,STATE,44,CASES
1972,48,NEW YORK CITY,NY,US,STATE,67,CASES
1972,49,NEW YORK CITY,NY,US,STATE,68,CASES
1972,50,NEW YORK CITY,NY,US,STATE,96,CASES
1972,51,NEW YORK CITY,NY,US,STATE,54,CASES
1973,1,NEW YORK CITY,NY,US,STATE,98,CASES
1973,2,NEW YORK CITY,NY,US,STATE,99,CASES
1973,3,NEW YORK CITY,NY,US,STATE,89,CASES
1973,4,NEW YORK CITY,NY,US,STATE,33,CASES
1973,5,NEW YORK CITY,NY,US,STATE,114,CASES
1973,6,NEW YORK CITY,NY,US,STATE,129,CASES
1973,7,NEW YORK CITY,NY,US,STATE,103,CASES
1973,8,NEW YORK CITY,NY,US,STATE,126,CASES
1973,9,NEW YORK CITY,NY,US,STATE,144,CASES
1973,10,NEW YORK CITY,NY,US,STATE,190,CASES
1973,11,NEW YORK CITY,NY,US,STATE,105,CASES
1973,12,NEW YORK CITY,NY,US,STATE,220,CASES
1973,13,NEW YORK CITY,NY,US,STATE,172,CASES
1973,14,NEW YORK CITY,NY,US,STATE,166,CASES
1973,15,NEW YORK CITY,NY,US,STATE,211,CASES
1973,16,NEW YORK CITY,NY,US,STATE,208,CASES
1973,17,NEW YORK CITY,NY,US,STATE,176,CASES
1973,18,NEW YORK CITY,NY,US,STATE,287,CASES
1973,19,NEW YORK CITY,NY,US,STATE,200,CASES
1973,20,NEW YORK CITY,NY,US,STATE,158,CASES
1973,21,NEW YORK CITY,NY,US,STATE,126,CASES
1973,22,NEW YORK CITY,NY,US,STATE,170,CASES
1973,23,NEW YORK CITY,NY,US,STATE,181,CASES
1973,24,NEW YORK CITY,NY,US,STATE,118,CASES
1973,25,NEW YORK CITY,NY,US,STATE,113,CASES
1973,26,NEW YORK CITY,NY,US,STATE,185,CASES
1973,27,NEW YORK CITY,NY,US,STATE,125,CASES
1973,28,NEW YORK CITY,NY,US,STATE,31,CASES
1973,29,NEW YORK CITY,NY,US,STATE,105,CASES
1973,30,NEW YORK CITY,NY,US,STATE,72,CASES
1973,31,NEW YORK CITY,NY,US,STATE,71,CASES
1973,32,NEW YORK CITY,NY,US,STATE,77,CASES
1973,33,NEW YORK CITY,NY,US,STATE,44,CASES
1973,34,NEW YORK CITY,NY,US,STATE,27,CASES
1973,35,NEW YORK CITY,NY,US,STATE,23,CASES
1973,36,NEW YORK CITY,NY,US,STATE,20,CASES
1973,37,NEW YORK CITY,NY,US,STATE,23,CASES
1973,39,NEW YORK CITY,NY,US,STATE,22,CASES
1973,40,NEW YORK CITY,NY,US,STATE,13,CASES
1973,41,NEW YORK CITY,NY,US,STATE,13,CASES
1973,42,NEW YORK CITY,NY,US,STATE,7,CASES
1973,43,NEW YORK CITY,NY,US,STATE,10,CASES
1973,45,NEW YORK CITY,NY,US,STATE,14,CASES
1973,46,NEW YORK CITY,NY,US,STATE,18,CASES
1973,47,NEW YORK CITY,NY,US,STATE,13,CASES
1973,48,NEW YORK CITY,NY,US,STATE,17,CASES
1973,49,NEW YORK CITY,NY,US,STATE,16,CASES
1973,50,NEW YORK CITY,NY,US,STATE,22,CASES
1973,51,NEW YORK CITY,NY,US,STATE,13,CASES
1973,52,NEW YORK CITY,NY,US,STATE,13,CASES
1974,1,UPSTATE NEW YORK,NY,US,STATE,20,CASES
1974,1,NEW YORK CITY,NY,US,STATE,10,CASES
1974,2,UPSTATE NEW YORK,NY,US,STATE,37,CASES
1974,2,NEW YORK CITY,NY,US,STATE,31,CASES
1974,3,UPSTATE NEW YORK,NY,US,STATE,15,CASES
1974,3,NEW YORK CITY,NY,US,STATE,22,CASES
1974,4,UPSTATE NEW YORK,NY,US,STATE,13,CASES
1974,4,NEW YORK CITY,NY,US,STATE,16,CASES
1974,5,UPSTATE NEW YORK,NY,US,STATE,13,CASES
1974,5,NEW YORK CITY,NY,US,STATE,24,CASES
1974,6,UPSTATE NEW YORK,NY,US,STATE,31,CASES
1974,6,NEW YORK CITY,NY,US,STATE,10,CASES
1974,7,UPSTATE NEW YORK,NY,US,STATE,11,CASES
1974,7,NEW YORK CITY,NY,US,STATE,25,CASES
1974,8,UPSTATE NEW YORK,NY,US,STATE,40,CASES
1974,8,NEW YORK CITY,NY,US,STATE,21,CASES
1974,9,UPSTATE NEW YORK,NY,US,STATE,33,CASES
1974,9,NEW YORK CITY,NY,US,STATE,6,CASES
1974,10,UPSTATE NEW YORK,NY,US,STATE,24,CASES
1974,10,NEW YORK CITY,NY,US,STATE,20,CASES
1974,11,UPSTATE NEW YORK,NY,US,STATE,24,CASES
1974,11,NEW YORK CITY,NY,US,STATE,22,CASES
1974,12,UPSTATE NEW YORK,NY,US,STATE,39,CASES
1974,12,NEW YORK CITY,NY,US,STATE,17,CASES
1974,13,UPSTATE NEW YORK,NY,US,STATE,54,CASES
1974,13,NEW YORK CITY,NY,US,STATE,16,CASES
1974,14,UPSTATE NEW YORK,NY,US,STATE,13,CASES
1974,14,NEW YORK CITY,NY,US,STATE,11,CASES
1974,15,UPSTATE NEW YORK,NY,US,STATE,10,CASES
1974,15,NEW YORK CITY,NY,US,STATE,21,CASES
1974,16,UPSTATE NEW YORK,NY,US,STATE,57,CASES
1974,16,NEW YORK CITY,NY,US,STATE,13,CASES
1974,17,UPSTATE NEW YORK,NY,US,STATE,23,CASES
1974,17,NEW YORK CITY,NY,US,STATE,20,CASES
1974,18,UPSTATE NEW YORK,NY,US,STATE,19,CASES
1974,18,NEW YORK CITY,NY,US,STATE,24,CASES
1974,19,UPSTATE NEW YORK,NY,US,STATE,59,CASES
1974,19,NEW YORK CITY,NY,US,STATE,14,CASES
1974,20,UPSTATE NEW YORK,NY,US,STATE,39,CASES
1974,20,NEW YORK CITY,NY,US,STATE,16,CASES
1974,21,UPSTATE NEW YORK,NY,US,STATE,24,CASES
1974,21,NEW YORK CITY,NY,US,STATE,14,CASES
1974,22,UPSTATE NEW YORK,NY,US,STATE,18,CASES
1974,22,NEW YORK CITY,NY,US,STATE,18,CASES
1974,24,UPSTATE NEW YORK,NY,US,STATE,20,CASES
1974,24,NEW YORK CITY,NY,US,STATE,20,CASES
1974,25,NEW YORK CITY,NY,US,STATE,31,CASES
1974,26,UPSTATE NEW YORK,NY,US,STATE,34,CASES
1974,26,NEW YORK CITY,NY,US,STATE,31,CASES
1974,27,UPSTATE NEW YORK,NY,US,STATE,36,CASES
1974,27,NEW YORK CITY,NY,US,STATE,22,CASES
1974,28,UPSTATE NEW YORK,NY,US,STATE,12,CASES
1974,28,NEW YORK CITY,NY,US,STATE,10,CASES
1974,29,UPSTATE NEW YORK,NY,US,STATE,23,CASES
1974,29,NEW YORK CITY,NY,US,STATE,14,CASES
1974,30,UPSTATE NEW YORK,NY,US,STATE,16,CASES
1974,30,NEW YORK CITY,NY,US,STATE,17,CASES
1974,31,UPSTATE NEW YORK,NY,US,STATE,12,CASES
1974,31,NEW YORK CITY,NY,US,STATE,17,CASES
1974,32,UPSTATE NEW YORK,NY,US,STATE,9,CASES
1974,32,NEW YORK CITY,NY,US,STATE,12,CASES
1974,33,UPSTATE NEW YORK,NY,US,STATE,6,CASES
1974,33,NEW YORK CITY,NY,US,STATE,11,CASES
1974,34,UPSTATE NEW YORK,NY,US,STATE,5,CASES
1974,34,NEW YORK CITY,NY,US,STATE,10,CASES
1974,35,UPSTATE NEW YORK,NY,US,STATE,7,CASES
1974,35,NEW YORK CITY,NY,US,STATE,8,CASES
1974,36,NEW YORK CITY,NY,US,STATE,3,CASES
1974,37,UPSTATE NEW YORK,NY,US,STATE,7,CASES
1974,37,NEW YORK CITY,NY,US,STATE,14,CASES
1974,39,UPSTATE NEW YORK,NY,US,STATE,7,CASES
1974,39,NEW YORK CITY,NY,US,STATE,16,CASES
1974,40,UPSTATE NEW YORK,NY,US,STATE,5,CASES
1974,40,NEW YORK CITY,NY,US,STATE,7,CASES
1974,41,UPSTATE NEW YORK,NY,US,STATE,6,CASES
1974,41,NEW YORK CITY,NY,US,STATE,11,CASES
1974,42,UPSTATE NEW YORK,NY,US,STATE,9,CASES
1974,42,NEW YORK CITY,NY,US,STATE,3,CASES
1974,43,UPSTATE NEW YORK,NY,US,STATE,20,CASES
1974,43,NEW YORK CITY,NY,US,STATE,10,CASES
1974,44,UPSTATE NEW YORK,NY,US,STATE,12,CASES
1974,45,UPSTATE NEW YORK,NY,US,STATE,4,CASES
1974,45,NEW YORK CITY,NY,US,STATE,10,CASES
1974,46,UPSTATE NEW YORK,NY,US,STATE,9,CASES
1974,46,NEW YORK CITY,NY,US,STATE,17,CASES
1974,47,UPSTATE NEW YORK,NY,US,STATE,22,CASES
1974,47,NEW YORK CITY,NY,US,STATE,25,CASES
1974,48,UPSTATE NEW YORK,NY,US,STATE,6,CASES
1974,48,NEW YORK CITY,NY,US,STATE,6,CASES
1974,49,UPSTATE NEW YORK,NY,US,STATE,105,CASES
1974,49,NEW YORK CITY,NY,US,STATE,12,CASES
1974,50,UPSTATE NEW YORK,NY,US,STATE,21,CASES
1974,50,NEW YORK CITY,NY,US,STATE,13,CASES
1974,51,UPSTATE NEW YORK,NY,US,STATE,17,CASES
1974,51,NEW YORK CITY,NY,US,STATE,17,CASES
1974,52,UPSTATE NEW YORK,NY,US,STATE,49,CASES
1974,52,NEW YORK CITY,NY,US,STATE,3,CASES
1975,1,UPSTATE NEW YORK,NY,US,STATE,2,CASES
1975,1,NEW YORK CITY,NY,US,STATE,8,CASES
1975,2,UPSTATE NEW YORK,NY,US,STATE,101,CASES
1975,2,NEW YORK CITY,NY,US,STATE,30,CASES
1975,3,UPSTATE NEW YORK,NY,US,STATE,23,CASES
1975,3,NEW YORK CITY,NY,US,STATE,9,CASES
1975,4,UPSTATE NEW YORK,NY,US,STATE,20,CASES
1975,4,NEW YORK CITY,NY,US,STATE,14,CASES
1975,5,UPSTATE NEW YORK,NY,US,STATE,26,CASES
1975,5,NEW YORK CITY,NY,US,STATE,16,CASES
1975,6,UPSTATE NEW YORK,NY,US,STATE,28,CASES
1975,6,NEW YORK CITY,NY,US,STATE,8,CASES
1975,7,UPSTATE NEW YORK,NY,US,STATE,44,CASES
1975,7,NEW YORK CITY,NY,US,STATE,11,CASES
1975,8,UPSTATE NEW YORK,NY,US,STATE,20,CASES
1975,8,NEW YORK CITY,NY,US,STATE,5,CASES
1975,9,UPSTATE NEW YORK,NY,US,STATE,27,CASES
1975,9,NEW YORK CITY,NY,US,STATE,25,CASES
1975,10,UPSTATE NEW YORK,NY,US,STATE,37,CASES
1975,10,NEW YORK CITY,NY,US,STATE,11,CASES
1975,11,UPSTATE NEW YORK,NY,US,STATE,52,CASES
1975,11,NEW YORK CITY,NY,US,STATE,18,CASES
1975,12,UPSTATE NEW YORK,NY,US,STATE,15,CASES
1975,12,NEW YORK CITY,NY,US,STATE,11,CASES
1975,13,UPSTATE NEW YORK,NY,US,STATE,43,CASES
1975,13,NEW YORK CITY,NY,US,STATE,20,CASES
1975,14,UPSTATE NEW YORK,NY,US,STATE,27,CASES
1975,14,NEW YORK CITY,NY,US,STATE,22,CASES
1975,15,UPSTATE NEW YORK,NY,US,STATE,29,CASES
1975,15,NEW YORK CITY,NY,US,STATE,21,CASES
1975,16,UPSTATE NEW YORK,NY,US,STATE,28,CASES
1975,16,NEW YORK CITY,NY,US,STATE,14,CASES
1975,17,UPSTATE NEW YORK,NY,US,STATE,27,CASES
1975,17,NEW YORK CITY,NY,US,STATE,36,CASES
1975,18,UPSTATE NEW YORK,NY,US,STATE,52,CASES
1975,18,NEW YORK CITY,NY,US,STATE,36,CASES
1975,19,UPSTATE NEW YORK,NY,US,STATE,31,CASES
1975,19,NEW YORK CITY,NY,US,STATE,22,CASES
1975,20,UPSTATE NEW YORK,NY,US,STATE,22,CASES
1975,20,NEW YORK CITY,NY,US,STATE,23,CASES
1975,21,UPSTATE NEW YORK,NY,US,STATE,26,CASES
1975,21,NEW YORK CITY,NY,US,STATE,22,CASES
1975,22,UPSTATE NEW YORK,NY,US,STATE,22,CASES
1975,22,NEW YORK CITY,NY,US,STATE,22,CASES
1975,23,UPSTATE NEW YORK,NY,US,STATE,59,CASES
1975,23,NEW YORK CITY,NY,US,STATE,14,CASES
1975,24,UPSTATE NEW YORK,NY,US,STATE,32,CASES
1975,24,NEW YORK CITY,NY,US,STATE,43,CASES
1975,25,UPSTATE NEW YORK,NY,US,STATE,14,CASES
1975,25,NEW YORK CITY,NY,US,STATE,39,CASES
1975,26,UPSTATE NEW YORK,NY,US,STATE,13,CASES
1975,26,NEW YORK CITY,NY,US,STATE,32,CASES
1975,27,UPSTATE NEW YORK,NY,US,STATE,45,CASES
1975,27,NEW YORK CITY,NY,US,STATE,19,CASES
1975,28,UPSTATE NEW YORK,NY,US,STATE,2,CASES
1975,28,NEW YORK CITY,NY,US,STATE,12,CASES
1975,29,UPSTATE NEW YORK,NY,US,STATE,7,CASES
1975,29,NEW YORK CITY,NY,US,STATE,36,CASES
1975,30,UPSTATE NEW YORK,NY,US,STATE,13,CASES
1975,30,NEW YORK CITY,NY,US,STATE,37,CASES
1975,31,UPSTATE NEW YORK,NY,US,STATE,6,CASES
1975,31,NEW YORK CITY,NY,US,STATE,27,CASES
1975,32,UPSTATE NEW YORK,NY,US,STATE,4,CASES
1975,32,NEW YORK CITY,NY,US,STATE,21,CASES
1975,33,UPSTATE NEW YORK,NY,US,STATE,15,CASES
1975,33,NEW YORK CITY,NY,US,STATE,19,CASES
1975,34,UPSTATE NEW YORK,NY,US,STATE,5,CASES
1975,34,NEW YORK CITY,NY,US,STATE,17,CASES
1975,35,NEW YORK CITY,NY,US,STATE,14,CASES
1975,36,UPSTATE NEW YORK,NY,US,STATE,5,CASES
1975,36,NEW YORK CITY,NY,US,STATE,13,CASES
1975,37,UPSTATE NEW YORK,NY,US,STATE,3,CASES
1975,37,NEW YORK CITY,NY,US,STATE,12,CASES
1975,38,UPSTATE NEW YORK,NY,US,STATE,6,CASES
1975,38,NEW YORK CITY,NY,US,STATE,14,CASES
1975,39,UPSTATE NEW YORK,NY,US,STATE,4,CASES
1975,39,NEW YORK CITY,NY,US,STATE,14,CASES
1975,40,UPSTATE NEW YORK,NY,US,STATE,3,CASES
1975,40,NEW YORK CITY,NY,US,STATE,7,CASES
1975,41,UPSTATE NEW YORK,NY,US,STATE,1,CASES
1975,41,NEW YORK CITY,NY,US,STATE,9,CASES
1975,42,NEW YORK CITY,NY,US,STATE,1,CASES
1975,43,UPSTATE NEW YORK,NY,US,STATE,3,CASES
1975,43,NEW YORK CITY,NY,US,STATE,9,CASES
1975,44,UPSTATE NEW YORK,NY,US,STATE,3,CASES
1975,45,UPSTATE NEW YORK,NY,US,STATE,63,CASES
1975,45,NEW YORK CITY,NY,US,STATE,9,CASES
1975,46,NEW YORK CITY,NY,US,STATE,13,CASES
1975,47,UPSTATE NEW YORK,NY,US,STATE,12,CASES
1975,47,NEW YORK CITY,NY,US,STATE,18,CASES
1975,48,UPSTATE NEW YORK,NY,US,STATE,25,CASES
1975,48,NEW YORK CITY,NY,US,STATE,14,CASES
1975,49,UPSTATE NEW YORK,NY,US,STATE,8,CASES
1975,49,NEW YORK CITY,NY,US,STATE,20,CASES
1975,50,UPSTATE NEW YORK,NY,US,STATE,89,CASES
1975,50,NEW YORK CITY,NY,US,STATE,23,CASES
1975,51,UPSTATE NEW YORK,NY,US,STATE,14,CASES
1975,51,NEW YORK CITY,NY,US,STATE,20,CASES
1975,52,UPSTATE NEW YORK,NY,US,STATE,48,CASES
1975,52,NEW YORK CITY,NY,US,STATE,14,CASES
1976,1,UPSTATE NEW YORK,NY,US,STATE,5,CASES
1976,1,NEW YORK CITY,NY,US,STATE,35,CASES
1976,2,UPSTATE NEW YORK,NY,US,STATE,16,CASES
1976,2,NEW YORK CITY,NY,US,STATE,18,CASES
1976,3,UPSTATE NEW YORK,NY,US,STATE,11,CASES
1976,3,NEW YORK CITY,NY,US,STATE,36,CASES
1976,4,UPSTATE NEW YORK,NY,US,STATE,6,CASES
1976,4,NEW YORK CITY,NY,US,STATE,30,CASES
1976,5,UPSTATE NEW YORK,NY,US,STATE,14,CASES
1976,5,NEW YORK CITY,NY,US,STATE,23,CASES
1976,6,UPSTATE NEW YORK,NY,US,STATE,15,CASES
1976,6,NEW YORK CITY,NY,US,STATE,41,CASES
1976,7,UPSTATE NEW YORK,NY,US,STATE,33,CASES
1976,7,NEW YORK CITY,NY,US,STATE,38,CASES
1976,8,UPSTATE NEW YORK,NY,US,STATE,12,CASES
1976,8,NEW YORK CITY,NY,US,STATE,43,CASES
1976,9,UPSTATE NEW YORK,NY,US,STATE,23,CASES
1976,9,NEW YORK CITY,NY,US,STATE,49,CASES
1976,10,UPSTATE NEW YORK,NY,US,STATE,12,CASES
1976,10,NEW YORK CITY,NY,US,STATE,43,CASES
1976,11,UPSTATE NEW YORK,NY,US,STATE,16,CASES
1976,11,NEW YORK CITY,NY,US,STATE,48,CASES
1976,12,UPSTATE NEW YORK,NY,US,STATE,16,CASES
1976,12,NEW YORK CITY,NY,US,STATE,64,CASES
1976,13,UPSTATE NEW YORK,NY,US,STATE,13,CASES
1976,13,NEW YORK CITY,NY,US,STATE,32,CASES
1976,14,UPSTATE NEW YORK,NY,US,STATE,9,CASES
1976,14,NEW YORK CITY,NY,US,STATE,63,CASES
1976,15,UPSTATE NEW YORK,NY,US,STATE,39,CASES
1976,15,NEW YORK CITY,NY,US,STATE,61,CASES
1976,16,UPSTATE NEW YORK,NY,US,STATE,12,CASES
1976,16,NEW YORK CITY,NY,US,STATE,41,CASES
1976,17,UPSTATE NEW YORK,NY,US,STATE,14,CASES
1976,17,NEW YORK CITY,NY,US,STATE,62,CASES
1976,18,UPSTATE NEW YORK,NY,US,STATE,5,CASES
1976,18,NEW YORK CITY,NY,US,STATE,56,CASES
1976,19,UPSTATE NEW YORK,NY,US,STATE,6,CASES
1976,19,NEW YORK CITY,NY,US,STATE,91,CASES
1976,20,UPSTATE NEW YORK,NY,US,STATE,14,CASES
1976,20,NEW YORK CITY,NY,US,STATE,73,CASES
1976,21,UPSTATE NEW YORK,NY,US,STATE,9,CASES
1976,21,NEW YORK CITY,NY,US,STATE,61,CASES
1976,22,UPSTATE NEW YORK,NY,US,STATE,4,CASES
1976,22,NEW YORK CITY,NY,US,STATE,14,CASES
1976,23,UPSTATE NEW YORK,NY,US,STATE,3,CASES
1976,23,NEW YORK CITY,NY,US,STATE,128,CASES
1976,24,UPSTATE NEW YORK,NY,US,STATE,3,CASES
1976,24,NEW YORK CITY,NY,US,STATE,72,CASES
1976,25,UPSTATE NEW YORK,NY,US,STATE,6,CASES
1976,25,NEW YORK CITY,NY,US,STATE,24,CASES
1976,26,UPSTATE NEW YORK,NY,US,STATE,15,CASES
1976,26,NEW YORK CITY,NY,US,STATE,49,CASES
1976,27,UPSTATE NEW YORK,NY,US,STATE,4,CASES
1976,27,NEW YORK CITY,NY,US,STATE,37,CASES
1976,28,UPSTATE NEW YORK,NY,US,STATE,7,CASES
1976,28,NEW YORK CITY,NY,US,STATE,62,CASES
1976,29,UPSTATE NEW YORK,NY,US,STATE,16,CASES
1976,29,NEW YORK CITY,NY,US,STATE,83,CASES
1976,30,UPSTATE NEW YORK,NY,US,STATE,1,CASES
1976,30,NEW YORK CITY,NY,US,STATE,41,CASES
1976,31,UPSTATE NEW YORK,NY,US,STATE,2,CASES
1976,31,NEW YORK CITY,NY,US,STATE,30,CASES
1976,32,UPSTATE NEW YORK,NY,US,STATE,6,CASES
1976,32,NEW YORK CITY,NY,US,STATE,22,CASES
1976,33,UPSTATE NEW YORK,NY,US,STATE,2,CASES
1976,33,NEW YORK CITY,NY,US,STATE,7,CASES
1976,34,UPSTATE NEW YORK,NY,US,STATE,4,CASES
1976,34,NEW YORK CITY,NY,US,STATE,14,CASES
1976,35,UPSTATE NEW YORK,NY,US,STATE,3,CASES
1976,35,NEW YORK CITY,NY,US,STATE,6,CASES
1976,36,UPSTATE NEW YORK,NY,US,STATE,4,CASES
1976,36,NEW YORK CITY,NY,US,STATE,4,CASES
1976,37,UPSTATE NEW YORK,NY,US,STATE,4,CASES
1976,37,NEW YORK CITY,NY,US,STATE,5,CASES
1976,38,UPSTATE NEW YORK,NY,US,STATE,2,CASES
1976,38,NEW YORK CITY,NY,US,STATE,5,CASES
1976,39,UPSTATE NEW YORK,NY,US,STATE,3,CASES
1976,39,NEW YORK CITY,NY,US,STATE,5,CASES
1976,40,UPSTATE NEW YORK,NY,US,STATE,4,CASES
1976,40,NEW YORK CITY,NY,US,STATE,3,CASES
1976,41,UPSTATE NEW YORK,NY,US,STATE,2,CASES
1976,41,NEW YORK CITY,NY,US,STATE,36,CASES
1976,42,UPSTATE NEW YORK,NY,US,STATE,2,CASES
1976,42,NEW YORK CITY,NY,US,STATE,24,CASES
1976,43,UPSTATE NEW YORK,NY,US,STATE,3,CASES
1976,43,NEW YORK CITY,NY,US,STATE,3,CASES
1976,44,UPSTATE NEW YORK,NY,US,STATE,4,CASES
1976,44,NEW YORK CITY,NY,US,STATE,10,CASES
1976,45,NEW YORK CITY,NY,US,STATE,10,CASES
1976,46,UPSTATE NEW YORK,NY,US,STATE,2,CASES
1976,46,NEW YORK CITY,NY,US,STATE,9,CASES
1976,47,UPSTATE NEW YORK,NY,US,STATE,1,CASES
1976,47,NEW YORK CITY,NY,US,STATE,1,CASES
1976,48,UPSTATE NEW YORK,NY,US,STATE,1,CASES
1976,48,NEW YORK CITY,NY,US,STATE,4,CASES
1976,49,UPSTATE NEW YORK,NY,US,STATE,20,CASES
1976,49,NEW YORK CITY,NY,US,STATE,7,CASES
1976,50,UPSTATE NEW YORK,NY,US,STATE,2,CASES
1976,50,NEW YORK CITY,NY,US,STATE,4,CASES
1976,51,UPSTATE NEW YORK,NY,US,STATE,5,CASES
1976,51,NEW YORK CITY,NY,US,STATE,8,CASES
1976,52,UPSTATE NEW YORK,NY,US,STATE,22,CASES
1976,52,NEW YORK CITY,NY,US,STATE,6,CASES
1977,2,UPSTATE NEW YORK,NY,US,STATE,15,CASES
1977,2,NEW YORK CITY,NY,US,STATE,20,CASES
1977,3,UPSTATE NEW YORK,NY,US,STATE,6,CASES
1977,3,NEW YORK CITY,NY,US,STATE,14,CASES
1977,4,UPSTATE NEW YORK,NY,US,STATE,3,CASES
1977,4,NEW YORK CITY,NY,US,STATE,19,CASES
1977,5,UPSTATE NEW YORK,NY,US,STATE,6,CASES
1977,5,NEW YORK CITY,NY,US,STATE,14,CASES
1977,6,UPSTATE NEW YORK,NY,US,STATE,5,CASES
1977,6,NEW YORK CITY,NY,US,STATE,13,CASES
1977,7,UPSTATE NEW YORK,NY,US,STATE,5,CASES
1977,7,NEW YORK CITY,NY,US,STATE,19,CASES
1977,8,UPSTATE NEW YORK,NY,US,STATE,6,CASES
1977,8,NEW YORK CITY,NY,US,STATE,10,CASES
1977,9,UPSTATE NEW YORK,NY,US,STATE,1,CASES
1977,9,NEW YORK CITY,NY,US,STATE,12,CASES
1977,10,UPSTATE NEW YORK,NY,US,STATE,4,CASES
1977,10,NEW YORK CITY,NY,US,STATE,27,CASES
1977,11,UPSTATE NEW YORK,NY,US,STATE,11,CASES
1977,11,NEW YORK CITY,NY,US,STATE,20,CASES
1977,12,UPSTATE NEW YORK,NY,US,STATE,4,CASES
1977,12,NEW YORK CITY,NY,US,STATE,17,CASES
1977,13,UPSTATE NEW YORK,NY,US,STATE,11,CASES
1977,13,NEW YORK CITY,NY,US,STATE,8,CASES
1977,14,UPSTATE NEW YORK,NY,US,STATE,9,CASES
1977,14,NEW YORK CITY,NY,US,STATE,9,CASES
1977,15,UPSTATE NEW YORK,NY,US,STATE,8,CASES
1977,15,NEW YORK CITY,NY,US,STATE,11,CASES
1977,16,UPSTATE NEW YORK,NY,US,STATE,4,CASES
1977,16,NEW YORK CITY,NY,US,STATE,20,CASES
1977,17,UPSTATE NEW YORK,NY,US,STATE,6,CASES
1977,17,NEW YORK CITY,NY,US,STATE,8,CASES
1977,18,UPSTATE NEW YORK,NY,US,STATE,10,CASES
1977,18,NEW YORK CITY,NY,US,STATE,18,CASES
1977,19,UPSTATE NEW YORK,NY,US,STATE,10,CASES
1977,19,NEW YORK CITY,NY,US,STATE,24,CASES
1977,20,UPSTATE NEW YORK,NY,US,STATE,10,CASES
1977,20,NEW YORK CITY,NY,US,STATE,17,CASES
1977,21,UPSTATE NEW YORK,NY,US,STATE,9,CASES
1977,21,NEW YORK CITY,NY,US,STATE,29,CASES
1977,22,UPSTATE NEW YORK,NY,US,STATE,23,CASES
1977,22,NEW YORK CITY,NY,US,STATE,10,CASES
1977,23,UPSTATE NEW YORK,NY,US,STATE,10,CASES
1977,23,NEW YORK CITY,NY,US,STATE,14,CASES
1977,24,UPSTATE NEW YORK,NY,US,STATE,20,CASES
1977,24,NEW YORK CITY,NY,US,STATE,18,CASES
1977,25,UPSTATE NEW YORK,NY,US,STATE,16,CASES
1977,25,NEW YORK CITY,NY,US,STATE,17,CASES
1977,26,UPSTATE NEW YORK,NY,US,STATE,28,CASES
1977,26,NEW YORK CITY,NY,US,STATE,20,CASES
1977,27,UPSTATE NEW YORK,NY,US,STATE,13,CASES
1977,27,NEW YORK CITY,NY,US,STATE,17,CASES
1977,28,UPSTATE NEW YORK,NY,US,STATE,12,CASES
1977,28,NEW YORK CITY,NY,US,STATE,10,CASES
1977,29,UPSTATE NEW YORK,NY,US,STATE,5,CASES
1977,29,NEW YORK CITY,NY,US,STATE,4,CASES
1977,30,UPSTATE NEW YORK,NY,US,STATE,2,CASES
1977,31,UPSTATE NEW YORK,NY,US,STATE,3,CASES
1977,31,NEW YORK CITY,NY,US,STATE,6,CASES
1977,32,UPSTATE NEW YORK,NY,US,STATE,3,CASES
1977,32,NEW YORK CITY,NY,US,STATE,7,CASES
1977,33,UPSTATE NEW YORK,NY,US,STATE,1,CASES
1977,33,NEW YORK CITY,NY,US,STATE,2,CASES
1977,34,NEW YORK CITY,NY,US,STATE,4,CASES
1977,35,UPSTATE NEW YORK,NY,US,STATE,1,CASES
1977,35,NEW YORK CITY,NY,US,STATE,4,CASES
1977,36,UPSTATE NEW YORK,NY,US,STATE,1,CASES
1977,36,NEW YORK CITY,NY,US,STATE,9,CASES
1977,37,UPSTATE NEW YORK,NY,US,STATE,2,CASES
1977,37,NEW YORK CITY,NY,US,STATE,3,CASES
1977,38,NEW YORK CITY,NY,US,STATE,2,CASES
1977,39,UPSTATE NEW YORK,NY,US,STATE,5,CASES
1977,39,NEW YORK CITY,NY,US,STATE,7,CASES
1977,40,UPSTATE NEW YORK,NY,US,STATE,1,CASES
1977,40,NEW YORK CITY,NY,US,STATE,2,CASES
1977,41,NEW YORK CITY,NY,US,STATE,4,CASES
1977,42,UPSTATE NEW YORK,NY,US,STATE,9,CASES
1977,42,NEW YORK CITY,NY,US,STATE,3,CASES
1977,43,NEW YORK CITY,NY,US,STATE,3,CASES
1977,44,UPSTATE NEW YORK,NY,US,STATE,11,CASES
1977,44,NEW YORK CITY,NY,US,STATE,5,CASES
1977,45,UPSTATE NEW YORK,NY,US,STATE,4,CASES
1977,46,UPSTATE NEW YORK,NY,US,STATE,8,CASES
1977,46,NEW YORK CITY,NY,US,STATE,7,CASES
1977,47,UPSTATE NEW YORK,NY,US,STATE,6,CASES
1977,47,NEW YORK CITY,NY,US,STATE,3,CASES
1977,48,UPSTATE NEW YORK,NY,US,STATE,8,CASES
1977,48,NEW YORK CITY,NY,US,STATE,2,CASES
1977,49,UPSTATE NEW YORK,NY,US,STATE,9,CASES
1977,49,NEW YORK CITY,NY,US,STATE,5,CASES
1977,50,UPSTATE NEW YORK,NY,US,STATE,5,CASES
1977,50,NEW YORK CITY,NY,US,STATE,6,CASES
1977,51,UPSTATE NEW YORK,NY,US,STATE,13,CASES
1977,51,NEW YORK CITY,NY,US,STATE,6,CASES
1977,52,UPSTATE NEW YORK,NY,US,STATE,6,CASES
1977,52,NEW YORK CITY,NY,US,STATE,3,CASES
1978,1,UPSTATE NEW YORK,NY,US,STATE,3,CASES
1978,1,NEW YORK CITY,NY,US,STATE,5,CASES
1978,2,UPSTATE NEW YORK,NY,US,STATE,3,CASES
1978,2,NEW YORK CITY,NY,US,STATE,6,CASES
1978,3,UPSTATE NEW YORK,NY,US,STATE,14,CASES
1978,3,NEW YORK CITY,NY,US,STATE,8,CASES
1978,4,UPSTATE NEW YORK,NY,US,STATE,8,CASES
1978,4,NEW YORK CITY,NY,US,STATE,3,CASES
1978,5,UPSTATE NEW YORK,NY,US,STATE,5,CASES
1978,5,NEW YORK CITY,NY,US,STATE,11,CASES
1978,6,UPSTATE NEW YORK,NY,US,STATE,9,CASES
1978,6,NEW YORK CITY,NY,US,STATE,6,CASES
1978,7,NEW YORK CITY,NY,US,STATE,2,CASES
1978,8,UPSTATE NEW YORK,NY,US,STATE,12,CASES
1978,8,NEW YORK CITY,NY,US,STATE,7,CASES
1978,9,NEW YORK CITY,NY,US,STATE,4,CASES
1978,10,UPSTATE NEW YORK,NY,US,STATE,5,CASES
1978,10,NEW YORK CITY,NY,US,STATE,1,CASES
1978,11,UPSTATE NEW YORK,NY,US,STATE,7,CASES
1978,11,NEW YORK CITY,NY,US,STATE,5,CASES
1978,12,UPSTATE NEW YORK,NY,US,STATE,7,CASES
1978,12,NEW YORK CITY,NY,US,STATE,2,CASES
1978,13,UPSTATE NEW YORK,NY,US,STATE,3,CASES
1978,13,NEW YORK CITY,NY,US,STATE,9,CASES
1978,14,UPSTATE NEW YORK,NY,US,STATE,3,CASES
1978,15,UPSTATE NEW YORK,NY,US,STATE,8,CASES
1978,15,NEW YORK CITY,NY,US,STATE,6,CASES
1978,16,UPSTATE NEW YORK,NY,US,STATE,5,CASES
1978,16,NEW YORK CITY,NY,US,STATE,5,CASES
1978,17,UPSTATE NEW YORK,NY,US,STATE,8,CASES
1978,17,NEW YORK CITY,NY,US,STATE,1,CASES
1978,18,UPSTATE NEW YORK,NY,US,STATE,8,CASES
1978,18,NEW YORK CITY,NY,US,STATE,5,CASES
1978,19,UPSTATE NEW YORK,NY,US,STATE,5,CASES
1978,19,NEW YORK CITY,NY,US,STATE,5,CASES
1978,20,UPSTATE NEW YORK,NY,US,STATE,8,CASES
1978,20,NEW YORK CITY,NY,US,STATE,1,CASES
1978,21,UPSTATE NEW YORK,NY,US,STATE,6,CASES
1978,22,UPSTATE NEW YORK,NY,US,STATE,9,CASES
1978,22,NEW YORK CITY,NY,US,STATE,2,CASES
1978,23,UPSTATE NEW YORK,NY,US,STATE,12,CASES
1978,23,NEW YORK CITY,NY,US,STATE,4,CASES
1978,24,UPSTATE NEW YORK,NY,US,STATE,5,CASES
1978,24,NEW YORK CITY,NY,US,STATE,5,CASES
1978,25,UPSTATE NEW YORK,NY,US,STATE,20,CASES
1978,25,NEW YORK CITY,NY,US,STATE,9,CASES
1978,26,UPSTATE NEW YORK,NY,US,STATE,2,CASES
1978,26,NEW YORK CITY,NY,US,STATE,3,CASES
1978,27,UPSTATE NEW YORK,NY,US,STATE,7,CASES
1978,27,NEW YORK CITY,NY,US,STATE,3,CASES
1978,28,UPSTATE NEW YORK,NY,US,STATE,2,CASES
1978,28,NEW YORK CITY,NY,US,STATE,3,CASES
1978,29,NEW YORK CITY,NY,US,STATE,3,CASES
1978,30,UPSTATE NEW YORK,NY,US,STATE,4,CASES
1978,30,NEW YORK CITY,NY,US,STATE,1,CASES
1978,31,UPSTATE NEW YORK,NY,US,STATE,5,CASES
1978,31,NEW YORK CITY,NY,US,STATE,3,CASES
1978,32,UPSTATE NEW YORK,NY,US,STATE,3,CASES
1978,32,NEW YORK CITY,NY,US,STATE,2,CASES
1978,33,UPSTATE NEW YORK,NY,US,STATE,1,CASES
1978,33,NEW YORK CITY,NY,US,STATE,1,CASES
1978,34,UPSTATE NEW YORK,NY,US,STATE,1,CASES
1978,34,NEW YORK CITY,NY,US,STATE,3,CASES
1978,35,UPSTATE NEW YORK,NY,US,STATE,3,CASES
1978,35,NEW YORK CITY,NY,US,STATE,3,CASES
1978,36,UPSTATE NEW YORK,NY,US,STATE,2,CASES
1978,36,NEW YORK CITY,NY,US,STATE,4,CASES
1978,37,UPSTATE NEW YORK,NY,US,STATE,1,CASES
1978,37,NEW YORK CITY,NY,US,STATE,4,CASES
1978,38,UPSTATE NEW YORK,NY,US,STATE,2,CASES
1978,38,NEW YORK CITY,NY,US,STATE,1,CASES
1978,39,UPSTATE NEW YORK,NY,US,STATE,6,CASES
1978,39,NEW YORK CITY,NY,US,STATE,1,CASES
1978,40,NEW YORK CITY,NY,US,STATE,1,CASES
1978,41,UPSTATE NEW YORK,NY,US,STATE,1,CASES
1978,41,NEW YORK CITY,NY,US,STATE,1,CASES
1978,42,UPSTATE NEW YORK,NY,US,STATE,8,CASES
1978,42,NEW YORK CITY,NY,US,STATE,1,CASES
1978,43,UPSTATE NEW YORK,NY,US,STATE,3,CASES
1978,43,NEW YORK CITY,NY,US,STATE,4,CASES
1978,44,UPSTATE NEW YORK,NY,US,STATE,1,CASES
1978,45,UPSTATE NEW YORK,NY,US,STATE,1,CASES
1978,45,NEW YORK CITY,NY,US,STATE,1,CASES
1978,46,UPSTATE NEW YORK,NY,US,STATE,8,CASES
1978,47,UPSTATE NEW YORK,NY,US,STATE,2,CASES
1978,48,UPSTATE NEW YORK,NY,US,STATE,2,CASES
1978,48,NEW YORK CITY,NY,US,STATE,3,CASES
1978,49,UPSTATE NEW YORK,NY,US,STATE,10,CASES
1978,49,NEW YORK CITY,NY,US,STATE,2,CASES
1978,50,UPSTATE NEW YORK,NY,US,STATE,4,CASES
1978,50,NEW YORK CITY,NY,US,STATE,1,CASES
1978,51,UPSTATE NEW YORK,NY,US,STATE,6,CASES
1978,51,NEW YORK CITY,NY,US,STATE,1,CASES
1978,52,UPSTATE NEW YORK,NY,US,STATE,2,CASES
1979,1,UPSTATE NEW YORK,NY,US,STATE,7,CASES
1979,1,NEW YORK CITY,NY,US,STATE,1,CASES
1979,2,UPSTATE NEW YORK,NY,US,STATE,1,CASES
1979,2,NEW YORK CITY,NY,US,STATE,3,CASES
1979,3,UPSTATE NEW YORK,NY,US,STATE,4,CASES
1979,3,NEW YORK CITY,NY,US,STATE,2,CASES
1979,4,UPSTATE NEW YORK,NY,US,STATE,8,CASES
1979,4,NEW YORK CITY,NY,US,STATE,3,CASES
1979,5,UPSTATE NEW YORK,NY,US,STATE,1,CASES
1979,5,NEW YORK CITY,NY,US,STATE,4,CASES
1979,6,UPSTATE NEW YORK,NY,US,STATE,4,CASES
1979,6,NEW YORK CITY,NY,US,STATE,5,CASES
1979,7,UPSTATE NEW YORK,NY,US,STATE,2,CASES
1979,7,NEW YORK CITY,NY,US,STATE,1,CASES
1979,8,UPSTATE NEW YORK,NY,US,STATE,2,CASES
1979,8,NEW YORK CITY,NY,US,STATE,1,CASES
1979,9,UPSTATE NEW YORK,NY,US,STATE,7,CASES
1979,9,NEW YORK CITY,NY,US,STATE,8,CASES
1979,10,UPSTATE NEW YORK,NY,US,STATE,3,CASES
1979,10,NEW YORK CITY,NY,US,STATE,3,CASES
1979,11,UPSTATE NEW YORK,NY,US,STATE,6,CASES
1979,11,NEW YORK CITY,NY,US,STATE,2,CASES
1979,12,UPSTATE NEW YORK,NY,US,STATE,1,CASES
1979,12,NEW YORK CITY,NY,US,STATE,4,CASES
1979,13,UPSTATE NEW YORK,NY,US,STATE,2,CASES
1979,13,NEW YORK CITY,NY,US,STATE,5,CASES
1979,14,UPSTATE NEW YORK,NY,US,STATE,12,CASES
1979,14,NEW YORK CITY,NY,US,STATE,10,CASES
1979,15,UPSTATE NEW YORK,NY,US,STATE,8,CASES
1979,15,NEW YORK CITY,NY,US,STATE,2,CASES
1979,16,UPSTATE NEW YORK,NY,US,STATE,4,CASES
1979,16,NEW YORK CITY,NY,US,STATE,5,CASES
1979,17,UPSTATE NEW YORK,NY,US,STATE,4,CASES
1979,17,NEW YORK CITY,NY,US,STATE,2,CASES
1979,18,UPSTATE NEW YORK,NY,US,STATE,2,CASES
1979,18,NEW YORK CITY,NY,US,STATE,4,CASES
1979,19,UPSTATE NEW YORK,NY,US,STATE,5,CASES
1979,19,NEW YORK CITY,NY,US,STATE,1,CASES
1979,20,UPSTATE NEW YORK,NY,US,STATE,4,CASES
1979,20,NEW YORK CITY,NY,US,STATE,4,CASES
1979,21,UPSTATE NEW YORK,NY,US,STATE,5,CASES
1979,21,NEW YORK CITY,NY,US,STATE,8,CASES
1979,23,UPSTATE NEW YORK,NY,US,STATE,2,CASES
1979,23,NEW YORK CITY,NY,US,STATE,7,CASES
1979,24,UPSTATE NEW YORK,NY,US,STATE,30,CASES
1979,24,NEW YORK CITY,NY,US,STATE,5,CASES
1979,25,UPSTATE NEW YORK,NY,US,STATE,10,CASES
1979,25,NEW YORK CITY,NY,US,STATE,3,CASES
1979,26,UPSTATE NEW YORK,NY,US,STATE,3,CASES
1979,26,NEW YORK CITY,NY,US,STATE,8,CASES
1979,27,UPSTATE NEW YORK,NY,US,STATE,5,CASES
1979,27,NEW YORK CITY,NY,US,STATE,2,CASES
1979,28,UPSTATE NEW YORK,NY,US,STATE,4,CASES
1979,29,UPSTATE NEW YORK,NY,US,STATE,2,CASES
1979,30,UPSTATE NEW YORK,NY,US,STATE,4,CASES
1979,30,NEW YORK CITY,NY,US,STATE,2,CASES
1979,31,UPSTATE NEW YORK,NY,US,STATE,3,CASES
1979,31,NEW YORK CITY,NY,US,STATE,4,CASES
1979,32,UPSTATE NEW YORK,NY,US,STATE,2,CASES
1979,32,NEW YORK CITY,NY,US,STATE,2,CASES
1979,33,UPSTATE NEW YORK,NY,US,STATE,1,CASES
1979,33,NEW YORK CITY,NY,US,STATE,2,CASES
1979,34,NEW YORK CITY,NY,US,STATE,4,CASES
1979,35,UPSTATE NEW YORK,NY,US,STATE,1,CASES
1979,35,NEW YORK CITY,NY,US,STATE,2,CASES
1979,39,UPSTATE NEW YORK,NY,US,STATE,1,CASES
1979,39,NEW YORK CITY,NY,US,STATE,2,CASES
1979,40,UPSTATE NEW YORK,NY,US,STATE,3,CASES
1979,40,NEW YORK CITY,NY,US,STATE,1,CASES
1979,41,UPSTATE NEW YORK,NY,US,STATE,3,CASES
1979,42,UPSTATE NEW YORK,NY,US,STATE,1,CASES
1979,42,NEW YORK CITY,NY,US,STATE,3,CASES
1979,43,UPSTATE NEW YORK,NY,US,STATE,1,CASES
1979,43,NEW YORK CITY,NY,US,STATE,1,CASES
1979,44,UPSTATE NEW YORK,NY,US,STATE,4,CASES
1979,45,UPSTATE NEW YORK,NY,US,STATE,2,CASES
1979,46,UPSTATE NEW YORK,NY,US,STATE,4,CASES
1979,46,NEW YORK CITY,NY,US,STATE,1,CASES
1979,47,UPSTATE NEW YORK,NY,US,STATE,5,CASES
1979,47,NEW YORK CITY,NY,US,STATE,1,CASES
1979,48,UPSTATE NEW YORK,NY,US,STATE,1,CASES
1979,48,NEW YORK CITY,NY,US,STATE,6,CASES
1979,49,UPSTATE NEW YORK,NY,US,STATE,2,CASES
1979,49,NEW YORK CITY,NY,US,STATE,1,CASES
1979,50,UPSTATE NEW YORK,NY,US,STATE,2,CASES
1979,50,NEW YORK CITY,NY,US,STATE,6,CASES
1979,51,UPSTATE NEW YORK,NY,US,STATE,2,CASES
1979,51,NEW YORK CITY,NY,US,STATE,3,CASES
1979,52,UPSTATE NEW YORK,NY,US,STATE,4,CASES
1980,1,NEW YORK CITY,NY,US,STATE,2,CASES
1980,2,UPSTATE NEW YORK,NY,US,STATE,3,CASES
1980,2,NEW YORK CITY,NY,US,STATE,3,CASES
1980,3,UPSTATE NEW YORK,NY,US,STATE,1,CASES
1980,3,NEW YORK CITY,NY,US,STATE,4,CASES
1980,4,UPSTATE NEW YORK,NY,US,STATE,1,CASES
1980,4,NEW YORK CITY,NY,US,STATE,3,CASES
1980,5,UPSTATE NEW YORK,NY,US,STATE,5,CASES
1980,5,NEW YORK CITY,NY,US,STATE,4,CASES
1980,6,UPSTATE NEW YORK,NY,US,STATE,3,CASES
1980,6,NEW YORK CITY,NY,US,STATE,2,CASES
1980,7,UPSTATE NEW YORK,NY,US,STATE,5,CASES
1980,8,UPSTATE NEW YORK,NY,US,STATE,1,CASES
1980,9,UPSTATE NEW YORK,NY,US,STATE,4,CASES
1980,9,NEW YORK CITY,NY,US,STATE,4,CASES
1980,10,UPSTATE NEW YORK,NY,US,STATE,4,CASES
1980,10,NEW YORK CITY,NY,US,STATE,1,CASES
1980,11,UPSTATE NEW YORK,NY,US,STATE,1,CASES
1980,11,NEW YORK CITY,NY,US,STATE,1,CASES
1980,12,UPSTATE NEW YORK,NY,US,STATE,3,CASES
1980,13,UPSTATE NEW YORK,NY,US,STATE,6,CASES
1980,14,UPSTATE NEW YORK,NY,US,STATE,3,CASES
1980,14,NEW YORK CITY,NY,US,STATE,2,CASES
1980,15,UPSTATE NEW YORK,NY,US,STATE,10,CASES
1980,16,UPSTATE NEW YORK,NY,US,STATE,9,CASES
1980,16,NEW YORK CITY,NY,US,STATE,4,CASES
1980,17,UPSTATE NEW YORK,NY,US,STATE,4,CASES
1980,17,NEW YORK CITY,NY,US,STATE,3,CASES
1980,18,UPSTATE NEW YORK,NY,US,STATE,2,CASES
1980,18,NEW YORK CITY,NY,US,STATE,2,CASES
1980,19,UPSTATE NEW YORK,NY,US,STATE,4,CASES
1980,19,NEW YORK CITY,NY,US,STATE,4,CASES
1980,20,UPSTATE NEW YORK,NY,US,STATE,2,CASES
1980,20,NEW YORK CITY,NY,US,STATE,8,CASES
1980,21,UPSTATE NEW YORK,NY,US,STATE,4,CASES
1980,22,UPSTATE NEW YORK,NY,US,STATE,2,CASES
1980,22,NEW YORK CITY,NY,US,STATE,5,CASES
1980,23,UPSTATE NEW YORK,NY,US,STATE,1,CASES
1980,23,NEW YORK CITY,NY,US,STATE,4,CASES
1980,24,UPSTATE NEW YORK,NY,US,STATE,3,CASES
1980,24,NEW YORK CITY,NY,US,STATE,2,CASES
1980,25,UPSTATE NEW YORK,NY,US,STATE,3,CASES
1980,25,NEW YORK CITY,NY,US,STATE,5,CASES
1980,26,UPSTATE NEW YORK,NY,US,STATE,2,CASES
1980,26,NEW YORK CITY,NY,US,STATE,4,CASES
1980,27,UPSTATE NEW YORK,NY,US,STATE,2,CASES
1980,27,NEW YORK CITY,NY,US,STATE,2,CASES
1980,28,NEW YORK CITY,NY,US,STATE,3,CASES
1980,29,UPSTATE NEW YORK,NY,US,STATE,2,CASES
1980,29,NEW YORK CITY,NY,US,STATE,3,CASES
1980,30,UPSTATE NEW YORK,NY,US,STATE,3,CASES
1980,30,NEW YORK CITY,NY,US,STATE,4,CASES
1980,31,UPSTATE NEW YORK,NY,US,STATE,5,CASES
1980,31,NEW YORK CITY,NY,US,STATE,3,CASES
1980,32,UPSTATE NEW YORK,NY,US,STATE,1,CASES
1980,32,NEW YORK CITY,NY,US,STATE,1,CASES
1980,33,UPSTATE NEW YORK,NY,US,STATE,1,CASES
1980,33,NEW YORK CITY,NY,US,STATE,3,CASES
1980,34,UPSTATE NEW YORK,NY,US,STATE,1,CASES
1980,34,NEW YORK CITY,NY,US,STATE,2,CASES
1980,35,UPSTATE NEW YORK,NY,US,STATE,3,CASES
1980,35,NEW YORK CITY,NY,US,STATE,1,CASES
1980,36,UPSTATE NEW YORK,NY,US,STATE,9,CASES
1980,36,NEW YORK CITY,NY,US,STATE,1,CASES
1980,37,UPSTATE NEW YORK,NY,US,STATE,1,CASES
1980,37,NEW YORK CITY,NY,US,STATE,2,CASES
1980,39,UPSTATE NEW YORK,NY,US,STATE,3,CASES
1980,40,UPSTATE NEW YORK,NY,US,STATE,2,CASES
1980,41,UPSTATE NEW YORK,NY,US,STATE,4,CASES
1980,42,UPSTATE NEW YORK,NY,US,STATE,3,CASES
1980,43,UPSTATE NEW YORK,NY,US,STATE,4,CASES
1980,44,UPSTATE NEW YORK,NY,US,STATE,4,CASES
1980,45,UPSTATE NEW YORK,NY,US,STATE,6,CASES
1980,45,NEW YORK CITY,NY,US,STATE,1,CASES
1980,46,UPSTATE NEW YORK,NY,US,STATE,4,CASES
1980,46,NEW YORK CITY,NY,US,STATE,1,CASES
1980,47,UPSTATE NEW YORK,NY,US,STATE,3,CASES
1980,47,NEW YORK CITY,NY,US,STATE,3,CASES
1980,48,UPSTATE NEW YORK,NY,US,STATE,3,CASES
1980,48,NEW YORK CITY,NY,US,STATE,4,CASES
1980,49,UPSTATE NEW YORK,NY,US,STATE,7,CASES
1980,49,NEW YORK CITY,NY,US,STATE,2,CASES
1980,50,UPSTATE NEW YORK,NY,US,STATE,4,CASES
1980,50,NEW YORK CITY,NY,US,STATE,3,CASES
1980,51,UPSTATE NEW YORK,NY,US,STATE,9,CASES
1980,51,NEW YORK CITY,NY,US,STATE,3,CASES
1980,53,UPSTATE NEW YORK,NY,US,STATE,4,CASES
1980,53,NEW YORK CITY,NY,US,STATE,2,CASES
1981,1,UPSTATE NEW YORK,NY,US,STATE,3,CASES
1981,1,NEW YORK CITY,NY,US,STATE,2,CASES
1981,2,UPSTATE NEW YORK,NY,US,STATE,2,CASES
1981,2,NEW YORK CITY,NY,US,STATE,2,CASES
1981,3,UPSTATE NEW YORK,NY,US,STATE,2,CASES
1981,4,UPSTATE NEW YORK,NY,US,STATE,4,CASES
1981,4,NEW YORK CITY,NY,US,STATE,3,CASES
1981,5,UPSTATE NEW YORK,NY,US,STATE,3,CASES
1981,5,NEW YORK CITY,NY,US,STATE,1,CASES
1981,6,UPSTATE NEW YORK,NY,US,STATE,3,CASES
1981,7,NEW YORK CITY,NY,US,STATE,1,CASES
1981,8,UPSTATE NEW YORK,NY,US,STATE,5,CASES
1981,9,UPSTATE NEW YORK,NY,US,STATE,1,CASES
1981,9,NEW YORK CITY,NY,US,STATE,2,CASES
1981,11,UPSTATE NEW YORK,NY,US,STATE,1,CASES
1981,11,NEW YORK CITY,NY,US,STATE,5,CASES
1981,12,UPSTATE NEW YORK,NY,US,STATE,6,CASES
1981,12,NEW YORK CITY,NY,US,STATE,9,CASES
1981,13,UPSTATE NEW YORK,NY,US,STATE,1,CASES
1981,13,NEW YORK CITY,NY,US,STATE,1,CASES
1981,14,UPSTATE NEW YORK,NY,US,STATE,3,CASES
1981,14,NEW YORK CITY,NY,US,STATE,2,CASES
1981,15,UPSTATE NEW YORK,NY,US,STATE,7,CASES
1981,15,NEW YORK CITY,NY,US,STATE,1,CASES
1981,16,UPSTATE NEW YORK,NY,US,STATE,3,CASES
1981,16,NEW YORK CITY,NY,US,STATE,1,CASES
1981,17,UPSTATE NEW YORK,NY,US,STATE,7,CASES
1981,17,NEW YORK CITY,NY,US,STATE,1,CASES
1981,18,UPSTATE NEW YORK,NY,US,STATE,1,CASES
1981,18,NEW YORK CITY,NY,US,STATE,3,CASES
1981,19,UPSTATE NEW YORK,NY,US,STATE,4,CASES
1981,19,NEW YORK CITY,NY,US,STATE,2,CASES
1981,20,UPSTATE NEW YORK,NY,US,STATE,1,CASES
1981,21,UPSTATE NEW YORK,NY,US,STATE,3,CASES
1981,21,NEW YORK CITY,NY,US,STATE,3,CASES
1981,22,UPSTATE NEW YORK,NY,US,STATE,6,CASES
1981,22,NEW YORK CITY,NY,US,STATE,1,CASES
1981,23,UPSTATE NEW YORK,NY,US,STATE,8,CASES
1981,23,NEW YORK CITY,NY,US,STATE,3,CASES
1981,24,UPSTATE NEW YORK,NY,US,STATE,1,CASES
1981,24,NEW YORK CITY,NY,US,STATE,3,CASES
1981,26,UPSTATE NEW YORK,NY,US,STATE,1,CASES
1981,26,NEW YORK CITY,NY,US,STATE,3,CASES
1981,27,UPSTATE NEW YORK,NY,US,STATE,6,CASES
1981,27,NEW YORK CITY,NY,US,STATE,3,CASES
1981,28,UPSTATE NEW YORK,NY,US,STATE,1,CASES
1981,28,NEW YORK CITY,NY,US,STATE,2,CASES
1981,29,NEW YORK CITY,NY,US,STATE,1,CASES
1981,30,UPSTATE NEW YORK,NY,US,STATE,6,CASES
1981,30,NEW YORK CITY,NY,US,STATE,3,CASES
1981,31,UPSTATE NEW YORK,NY,US,STATE,1,CASES
1981,31,NEW YORK CITY,NY,US,STATE,3,CASES
1981,32,UPSTATE NEW YORK,NY,US,STATE,6,CASES
1981,32,NEW YORK CITY,NY,US,STATE,2,CASES
1981,33,UPSTATE NEW YORK,NY,US,STATE,5,CASES
1981,34,UPSTATE NEW YORK,NY,US,STATE,1,CASES
1981,34,NEW YORK CITY,NY,US,STATE,2,CASES
1981,35,UPSTATE NEW YORK,NY,US,STATE,1,CASES
1981,35,NEW YORK CITY,NY,US,STATE,2,CASES
1981,36,UPSTATE NEW YORK,NY,US,STATE,1,CASES
1981,37,UPSTATE NEW YORK,NY,US,STATE,3,CASES
1981,39,UPSTATE NEW YORK,NY,US,STATE,2,CASES
1981,39,NEW YORK CITY,NY,US,STATE,2,CASES
1981,40,UPSTATE NEW YORK,NY,US,STATE,6,CASES
1981,41,UPSTATE NEW YORK,NY,US,STATE,2,CASES
1981,41,NEW YORK CITY,NY,US,STATE,1,CASES
1981,42,UPSTATE NEW YORK,NY,US,STATE,6,CASES
1981,42,NEW YORK CITY,NY,US,STATE,1,CASES
1981,44,UPSTATE NEW YORK,NY,US,STATE,7,CASES
1981,44,NEW YORK CITY,NY,US,STATE,2,CASES
1981,45,UPSTATE NEW YORK,NY,US,STATE,3,CASES
1981,46,UPSTATE NEW YORK,NY,US,STATE,3,CASES
1981,46,NEW YORK CITY,NY,US,STATE,1,CASES
1981,47,UPSTATE NEW YORK,NY,US,STATE,6,CASES
1981,47,NEW YORK CITY,NY,US,STATE,2,CASES
1981,48,UPSTATE NEW YORK,NY,US,STATE,2,CASES
1981,48,NEW YORK CITY,NY,US,STATE,1,CASES
1981,49,UPSTATE NEW YORK,NY,US,STATE,4,CASES
1981,49,NEW YORK CITY,NY,US,STATE,1,CASES
1981,50,UPSTATE NEW YORK,NY,US,STATE,1,CASES
1981,52,UPSTATE NEW YORK,NY,US,STATE,4,CASES
1981,52,NEW YORK CITY,NY,US,STATE,4,CASES
1982,2,UPSTATE NEW YORK,NY,US,STATE,3,CASES
1982,2,NEW YORK CITY,NY,US,STATE,1,CASES
1982,3,UPSTATE NEW YORK,NY,US,STATE,1,CASES
1982,3,NEW YORK CITY,NY,US,STATE,3,CASES
1982,4,UPSTATE NEW YORK,NY,US,STATE,2,CASES
1982,4,NEW YORK CITY,NY,US,STATE,2,CASES
1982,5,UPSTATE NEW YORK,NY,US,STATE,5,CASES
1982,6,UPSTATE NEW YORK,NY,US,STATE,4,CASES
1982,7,UPSTATE NEW YORK,NY,US,STATE,1,CASES
1982,8,UPSTATE NEW YORK,NY,US,STATE,1,CASES
1982,8,NEW YORK CITY,NY,US,STATE,2,CASES
1982,9,NEW YORK CITY,NY,US,STATE,1,CASES
1982,10,UPSTATE NEW YORK,NY,US,STATE,1,CASES
1982,10,NEW YORK CITY,NY,US,STATE,3,CASES
1982,11,UPSTATE NEW YORK,NY,US,STATE,2,CASES
1982,11,NEW YORK CITY,NY,US,STATE,2,CASES
1982,12,UPSTATE NEW YORK,NY,US,STATE,1,CASES
1982,12,NEW YORK CITY,NY,US,STATE,2,CASES
1982,13,UPSTATE NEW YORK,NY,US,STATE,1,CASES
1982,13,NEW YORK CITY,NY,US,STATE,2,CASES
1982,14,UPSTATE NEW YORK,NY,US,STATE,5,CASES
1982,14,NEW YORK CITY,NY,US,STATE,2,CASES
1982,15,UPSTATE NEW YORK,NY,US,STATE,1,CASES
1982,16,UPSTATE NEW YORK,NY,US,STATE,2,CASES
1982,16,NEW YORK CITY,NY,US,STATE,4,CASES
1982,17,UPSTATE NEW YORK,NY,US,STATE,3,CASES
1982,17,NEW YORK CITY,NY,US,STATE,4,CASES
1982,18,UPSTATE NEW YORK,NY,US,STATE,2,CASES
1982,18,NEW YORK CITY,NY,US,STATE,3,CASES
1982,19,UPSTATE NEW YORK,NY,US,STATE,1,CASES
1982,20,NEW YORK CITY,NY,US,STATE,1,CASES
1982,21,NEW YORK CITY,NY,US,STATE,1,CASES
1982,22,UPSTATE NEW YORK,NY,US,STATE,4,CASES
1982,22,NEW YORK CITY,NY,US,STATE,1,CASES
1982,23,UPSTATE NEW YORK,NY,US,STATE,2,CASES
1982,24,NEW YORK CITY,NY,US,STATE,1,CASES
1982,25,UPSTATE NEW YORK,NY,US,STATE,3,CASES
1982,25,NEW YORK CITY,NY,US,STATE,3,CASES
1982,26,UPSTATE NEW YORK,NY,US,STATE,2,CASES
1982,27,UPSTATE NEW YORK,NY,US,STATE,1,CASES
1982,28,UPSTATE NEW YORK,NY,US,STATE,3,CASES
1982,28,NEW YORK CITY,NY,US,STATE,3,CASES
1982,29,UPSTATE NEW YORK,NY,US,STATE,2,CASES
1982,30,UPSTATE NEW YORK,NY,US,STATE,1,CASES
1982,30,NEW YORK CITY,NY,US,STATE,1,CASES
1982,32,UPSTATE NEW YORK,NY,US,STATE,1,CASES
1982,33,UPSTATE NEW YORK,NY,US,STATE,1,CASES
1982,33,NEW YORK CITY,NY,US,STATE,2,CASES
1982,35,UPSTATE NEW YORK,NY,US,STATE,1,CASES
1982,35,NEW YORK CITY,NY,US,STATE,1,CASES
1982,36,UPSTATE NEW YORK,NY,US,STATE,2,CASES
1982,37,UPSTATE NEW YORK,NY,US,STATE,2,CASES
1982,39,NEW YORK CITY,NY,US,STATE,1,CASES
1982,40,UPSTATE NEW YORK,NY,US,STATE,5,CASES
1982,41,UPSTATE NEW YORK,NY,US,STATE,2,CASES
1982,41,NEW YORK CITY,NY,US,STATE,1,CASES
1982,42,UPSTATE NEW YORK,NY,US,STATE,1,CASES
1982,43,UPSTATE NEW YORK,NY,US,STATE,3,CASES
1982,44,UPSTATE NEW YORK,NY,US,STATE,5,CASES
1982,45,UPSTATE NEW YORK,NY,US,STATE,2,CASES
1982,46,UPSTATE NEW YORK,NY,US,STATE,3,CASES
1982,47,UPSTATE NEW YORK,NY,US,STATE,3,CASES
1982,48,UPSTATE NEW YORK,NY,US,STATE,3,CASES
1982,49,UPSTATE NEW YORK,NY,US,STATE,3,CASES
1982,50,UPSTATE NEW YORK,NY,US,STATE,3,CASES
1982,51,UPSTATE NEW YORK,NY,US,STATE,2,CASES
1983,3,UPSTATE NEW YORK,NY,US,STATE,1,CASES
1983,3,NEW YORK CITY,NY,US,STATE,1,CASES
1983,4,UPSTATE NEW YORK,NY,US,STATE,2,CASES
1983,4,NEW YORK CITY,NY,US,STATE,1,CASES
1983,5,NEW YORK CITY,NY,US,STATE,1,CASES
1983,6,UPSTATE NEW YORK,NY,US,STATE,3,CASES
1983,7,UPSTATE NEW YORK,NY,US,STATE,2,CASES
1983,7,NEW YORK CITY,NY,US,STATE,2,CASES
1983,8,UPSTATE NEW YORK,NY,US,STATE,4,CASES
1983,9,UPSTATE NEW YORK,NY,US,STATE,4,CASES
1983,10,UPSTATE NEW YORK,NY,US,STATE,3,CASES
1983,11,UPSTATE NEW YORK,NY,US,STATE,6,CASES
1983,12,UPSTATE NEW YORK,NY,US,STATE,1,CASES
1983,13,UPSTATE NEW YORK,NY,US,STATE,9,CASES
1983,13,NEW YORK CITY,NY,US,STATE,1,CASES
1983,14,NEW YORK CITY,NY,US,STATE,1,CASES
1983,15,UPSTATE NEW YORK,NY,US,STATE,4,CASES
1983,16,UPSTATE NEW YORK,NY,US,STATE,3,CASES
1983,17,UPSTATE NEW YORK,NY,US,STATE,1,CASES
1983,18,UPSTATE NEW YORK,NY,US,STATE,2,CASES
1983,19,UPSTATE NEW YORK,NY,US,STATE,1,CASES
1983,19,NEW YORK CITY,NY,US,STATE,1,CASES
1983,21,UPSTATE NEW YORK,NY,US,STATE,3,CASES
1983,21,NEW YORK CITY,NY,US,STATE,2,CASES
1983,23,UPSTATE NEW YORK,NY,US,STATE,3,CASES
1983,23,NEW YORK CITY,NY,US,STATE,1,CASES
1983,24,UPSTATE NEW YORK,NY,US,STATE,3,CASES
1983,24,NEW YORK CITY,NY,US,STATE,2,CASES
1983,25,UPSTATE NEW YORK,NY,US,STATE,1,CASES
1983,25,NEW YORK CITY,NY,US,STATE,4,CASES
1983,26,UPSTATE NEW YORK,NY,US,STATE,3,CASES
1983,26,NEW YORK CITY,NY,US,STATE,4,CASES
1983,27,UPSTATE NEW YORK,NY,US,STATE,1,CASES
1983,27,NEW YORK CITY,NY,US,STATE,2,CASES
1983,28,UPSTATE NEW YORK,NY,US,STATE,1,CASES
1983,29,UPSTATE NEW YORK,NY,US,STATE,1,CASES
1983,30,NEW YORK CITY,NY,US,STATE,1,CASES
1983,31,UPSTATE NEW YORK,NY,US,STATE,4,CASES
1983,32,NEW YORK CITY,NY,US,STATE,5,CASES
1983,33,UPSTATE NEW YORK,NY,US,STATE,3,CASES
1983,33,NEW YORK CITY,NY,US,STATE,3,CASES
1983,34,UPSTATE NEW YORK,NY,US,STATE,2,CASES
1983,34,NEW YORK CITY,NY,US,STATE,1,CASES
1983,35,UPSTATE NEW YORK,NY,US,STATE,2,CASES
1983,36,UPSTATE NEW YORK,NY,US,STATE,1,CASES
1983,37,UPSTATE NEW YORK,NY,US,STATE,1,CASES
1983,39,UPSTATE NEW YORK,NY,US,STATE,1,CASES
1983,40,UPSTATE NEW YORK,NY,US,STATE,5,CASES
1983,41,UPSTATE NEW YORK,NY,US,STATE,1,CASES
1983,42,UPSTATE NEW YORK,NY,US,STATE,1,CASES
1983,43,UPSTATE NEW YORK,NY,US,STATE,3,CASES
1983,44,UPSTATE NEW YORK,NY,US,STATE,4,CASES
1983,45,UPSTATE NEW YORK,NY,US,STATE,4,CASES
1983,45,NEW YORK CITY,NY,US,STATE,2,CASES
1983,46,UPSTATE NEW YORK,NY,US,STATE,1,CASES
1983,48,UPSTATE NEW YORK,NY,US,STATE,1,CASES
1983,49,UPSTATE NEW YORK,NY,US,STATE,2,CASES
1983,49,NEW YORK CITY,NY,US,STATE,1,CASES
1983,50,UPSTATE NEW YORK,NY,US,STATE,2,CASES
1983,50,NEW YORK CITY,NY,US,STATE,1,CASES
1983,51,UPSTATE NEW YORK,NY,US,STATE,4,CASES
1983,52,UPSTATE NEW YORK,NY,US,STATE,1,CASES
1983,52,NEW YORK CITY,NY,US,STATE,1,CASES
1984,1,UPSTATE NEW YORK,NY,US,STATE,2,CASES
1984,1,NEW YORK CITY,NY,US,STATE,1,CASES
1984,3,UPSTATE NEW YORK,NY,US,STATE,4,CASES
1984,5,UPSTATE NEW YORK,NY,US,STATE,5,CASES
1984,6,UPSTATE NEW YORK,NY,US,STATE,1,CASES
1984,7,UPSTATE NEW YORK,NY,US,STATE,4,CASES
1984,7,NEW YORK CITY,NY,US,STATE,2,CASES
1984,8,UPSTATE NEW YORK,NY,US,STATE,3,CASES
1984,9,UPSTATE NEW YORK,NY,US,STATE,2,CASES
1984,10,UPSTATE NEW YORK,NY,US,STATE,2,CASES
1984,11,UPSTATE NEW YORK,NY,US,STATE,2,CASES
1984,12,UPSTATE NEW YORK,NY,US,STATE,1,CASES
1984,13,UPSTATE NEW YORK,NY,US,STATE,3,CASES
1984,14,UPSTATE NEW YORK,NY,US,STATE,1,CASES
1984,14,NEW YORK CITY,NY,US,STATE,1,CASES
1984,15,UPSTATE NEW YORK,NY,US,STATE,2,CASES
1984,15,NEW YORK CITY,NY,US,STATE,2,CASES
1984,16,UPSTATE NEW YORK,NY,US,STATE,1,CASES
1984,16,NEW YORK CITY,NY,US,STATE,1,CASES
1984,17,UPSTATE NEW YORK,NY,US,STATE,3,CASES
1984,20,UPSTATE NEW YORK,NY,US,STATE,1,CASES
1984,21,UPSTATE NEW YORK,NY,US,STATE,3,CASES
1984,23,UPSTATE NEW YORK,NY,US,STATE,1,CASES
1984,24,UPSTATE NEW YORK,NY,US,STATE,5,CASES
1984,24,NEW YORK CITY,NY,US,STATE,5,CASES
1984,25,UPSTATE NEW YORK,NY,US,STATE,2,CASES
1984,26,UPSTATE NEW YORK,NY,US,STATE,2,CASES
1984,27,UPSTATE NEW YORK,NY,US,STATE,1,CASES
1984,28,UPSTATE NEW YORK,NY,US,STATE,1,CASES
1984,29,UPSTATE NEW YORK,NY,US,STATE,3,CASES
1984,30,NEW YORK CITY,NY,US,STATE,3,CASES
1984,31,UPSTATE NEW YORK,NY,US,STATE,5,CASES
1984,31,NEW YORK CITY,NY,US,STATE,1,CASES
1984,33,NEW YORK CITY,NY,US,STATE,2,CASES
1984,35,UPSTATE NEW YORK,NY,US,STATE,5,CASES
1984,35,NEW YORK CITY,NY,US,STATE,1,CASES
1984,36,UPSTATE NEW YORK,NY,US,STATE,1,CASES
1984,36,NEW YORK CITY,NY,US,STATE,1,CASES
1984,37,UPSTATE NEW YORK,NY,US,STATE,2,CASES
1984,38,UPSTATE NEW YORK,NY,US,STATE,3,CASES
1984,38,NEW YORK CITY,NY,US,STATE,3,CASES
1984,39,UPSTATE NEW YORK,NY,US,STATE,3,CASES
1984,40,UPSTATE NEW YORK,NY,US,STATE,1,CASES
1984,41,UPSTATE NEW YORK,NY,US,STATE,3,CASES
1984,42,UPSTATE NEW YORK,NY,US,STATE,5,CASES
1984,42,NEW YORK CITY,NY,US,STATE,1,CASES
1984,43,UPSTATE NEW YORK,NY,US,STATE,1,CASES
1984,43,NEW YORK CITY,NY,US,STATE,1,CASES
1984,44,NEW YORK CITY,NY,US,STATE,1,CASES
1984,45,UPSTATE NEW YORK,NY,US,STATE,1,CASES
1984,45,NEW YORK CITY,NY,US,STATE,1,CASES
1984,46,UPSTATE NEW YORK,NY,US,STATE,2,CASES
1984,47,UPSTATE NEW YORK,NY,US,STATE,4,CASES
1984,47,NEW YORK CITY,NY,US,STATE,1,CASES
1984,48,UPSTATE NEW YORK,NY,US,STATE,3,CASES
1984,48,NEW YORK CITY,NY,US,STATE,2,CASES
1984,49,UPSTATE NEW YORK,NY,US,STATE,2,CASES
1984,50,UPSTATE NEW YORK,NY,US,STATE,3,CASES
1984,50,NEW YORK CITY,NY,US,STATE,5,CASES
1984,52,UPSTATE NEW YORK,NY,US,STATE,4,CASES
1984,52,NEW YORK CITY,NY,US,STATE,10,CASES
1985,1,NEW YORK CITY,NY,US,STATE,9,CASES
1985,3,UPSTATE NEW YORK,NY,US,STATE,3,CASES
1985,4,UPSTATE NEW YORK,NY,US,STATE,19,CASES
1985,5,UPSTATE NEW YORK,NY,US,STATE,4,CASES
1985,6,UPSTATE NEW YORK,NY,US,STATE,14,CASES
1985,7,UPSTATE NEW YORK,NY,US,STATE,3,CASES
1985,7,NEW YORK CITY,NY,US,STATE,2,CASES
1985,8,UPSTATE NEW YORK,NY,US,STATE,2,CASES
1985,8,NEW YORK CITY,NY,US,STATE,1,CASES
1985,9,UPSTATE NEW YORK,NY,US,STATE,1,CASES
1985,9,NEW YORK CITY,NY,US,STATE,5,CASES
1985,10,UPSTATE NEW YORK,NY,US,STATE,7,CASES
1985,11,UPSTATE NEW YORK,NY,US,STATE,7,CASES
1985,12,UPSTATE NEW YORK,NY,US,STATE,4,CASES
1985,12,NEW YORK CITY,NY,US,STATE,3,CASES
1985,13,UPSTATE NEW YORK,NY,US,STATE,10,CASES
1985,13,NEW YORK CITY,NY,US,STATE,1,CASES
1985,14,UPSTATE NEW YORK,NY,US,STATE,4,CASES
1985,15,UPSTATE NEW YORK,NY,US,STATE,4,CASES
1985,16,UPSTATE NEW YORK,NY,US,STATE,2,CASES
1985,17,UPSTATE NEW YORK,NY,US,STATE,2,CASES
1985,17,NEW YORK CITY,NY,US,STATE,2,CASES
1985,18,UPSTATE NEW YORK,NY,US,STATE,3,CASES
1985,20,UPSTATE NEW YORK,NY,US,STATE,2,CASES
1985,21,UPSTATE NEW YORK,NY,US,STATE,3,CASES
1985,22,UPSTATE NEW YORK,NY,US,STATE,3,CASES
1985,23,UPSTATE NEW YORK,NY,US,STATE,3,CASES
1985,24,UPSTATE NEW YORK,NY,US,STATE,6,CASES
1985,25,UPSTATE NEW YORK,NY,US,STATE,4,CASES
1985,26,UPSTATE NEW YORK,NY,US,STATE,3,CASES
1985,27,UPSTATE NEW YORK,NY,US,STATE,1,CASES
1985,28,UPSTATE NEW YORK,NY,US,STATE,2,CASES
1985,29,UPSTATE NEW YORK,NY,US,STATE,1,CASES
1985,31,UPSTATE NEW YORK,NY,US,STATE,1,CASES
1985,32,UPSTATE NEW YORK,NY,US,STATE,1,CASES
1985,36,UPSTATE NEW YORK,NY,US,STATE,6,CASES
1985,37,UPSTATE NEW YORK,NY,US,STATE,1,CASES
1985,37,NEW YORK CITY,NY,US,STATE,14,CASES
1985,38,UPSTATE NEW YORK,NY,US,STATE,2,CASES
1985,38,NEW YORK CITY,NY,US,STATE,2,CASES
1985,39,NEW YORK CITY,NY,US,STATE,2,CASES
1985,41,UPSTATE NEW YORK,NY,US,STATE,10,CASES
1985,42,UPSTATE NEW YORK,NY,US,STATE,3,CASES
1985,43,UPSTATE NEW YORK,NY,US,STATE,3,CASES
1985,44,UPSTATE NEW YORK,NY,US,STATE,2,CASES
1985,45,UPSTATE NEW YORK,NY,US,STATE,7,CASES
1985,46,UPSTATE NEW YORK,NY,US,STATE,2,CASES
1985,47,NEW YORK CITY,NY,US,STATE,3,CASES
1985,48,UPSTATE NEW YORK,NY,US,STATE,5,CASES
1985,49,UPSTATE NEW YORK,NY,US,STATE,5,CASES
1985,50,UPSTATE NEW YORK,NY,US,STATE,5,CASES
1985,51,UPSTATE NEW YORK,NY,US,STATE,3,CASES
1986,2,UPSTATE NEW YORK,NY,US,STATE,2,CASES
1986,3,UPSTATE NEW YORK,NY,US,STATE,1,CASES
1986,4,UPSTATE NEW YORK,NY,US,STATE,1,CASES
1986,5,UPSTATE NEW YORK,NY,US,STATE,1,CASES
1986,6,UPSTATE NEW YORK,NY,US,STATE,1,CASES
1986,7,UPSTATE NEW YORK,NY,US,STATE,1,CASES
1986,8,UPSTATE NEW YORK,NY,US,STATE,1,CASES
1986,9,UPSTATE NEW YORK,NY,US,STATE,1,CASES
1986,9,NEW YORK CITY,NY,US,STATE,1,CASES
1986,10,UPSTATE NEW YORK,NY,US,STATE,1,CASES
1986,11,UPSTATE NEW YORK,NY,US,STATE,6,CASES
1986,12,UPSTATE NEW YORK,NY,US,STATE,1,CASES
1986,12,NEW YORK CITY,NY,US,STATE,4,CASES
1986,13,UPSTATE NEW YORK,NY,US,STATE,2,CASES
1986,14,UPSTATE NEW YORK,NY,US,STATE,2,CASES
1986,16,UPSTATE NEW YORK,NY,US,STATE,2,CASES
1986,19,UPSTATE NEW YORK,NY,US,STATE,2,CASES
1986,20,UPSTATE NEW YORK,NY,US,STATE,1,CASES
1986,21,UPSTATE NEW YORK,NY,US,STATE,2,CASES
1986,23,UPSTATE NEW YORK,NY,US,STATE,1,CASES
1986,24,UPSTATE NEW YORK,NY,US,STATE,3,CASES
1986,26,UPSTATE NEW YORK,NY,US,STATE,2,CASES
1986,27,UPSTATE NEW YORK,NY,US,STATE,2,CASES
1986,28,UPSTATE NEW YORK,NY,US,STATE,1,CASES
1986,29,UPSTATE NEW YORK,NY,US,STATE,5,CASES
1986,30,UPSTATE NEW YORK,NY,US,STATE,1,CASES
1986,31,UPSTATE NEW YORK,NY,US,STATE,1,CASES
1986,32,UPSTATE NEW YORK,NY,US,STATE,1,CASES
1986,35,UPSTATE NEW YORK,NY,US,STATE,1,CASES
1986,36,UPSTATE NEW YORK,NY,US,STATE,1,CASES
1986,39,UPSTATE NEW YORK,NY,US,STATE,1,CASES
1986,41,UPSTATE NEW YORK,NY,US,STATE,2,CASES
1986,42,UPSTATE NEW YORK,NY,US,STATE,1,CASES
1986,45,UPSTATE NEW YORK,NY,US,STATE,2,CASES
1986,47,UPSTATE NEW YORK,NY,US,STATE,2,CASES
1986,48,UPSTATE NEW YORK,NY,US,STATE,1,CASES
1986,49,UPSTATE NEW YORK,NY,US,STATE,2,CASES
1986,50,UPSTATE NEW YORK,NY,US,STATE,5,CASES
1986,52,UPSTATE NEW YORK,NY,US,STATE,1,CASES
1987,1,UPSTATE NEW YORK,NY,US,STATE,1,CASES
1987,2,UPSTATE NEW YORK,NY,US,STATE,1,CASES
1987,3,UPSTATE NEW YORK,NY,US,STATE,1,CASES
1987,4,UPSTATE NEW YORK,NY,US,STATE,1,CASES
1987,5,UPSTATE NEW YORK,NY,US,STATE,1,CASES
1987,6,UPSTATE NEW YORK,NY,US,STATE,2,CASES
1987,8,UPSTATE NEW YORK,NY,US,STATE,1,CASES
1987,9,UPSTATE NEW YORK,NY,US,STATE,1,CASES
1987,10,UPSTATE NEW YORK,NY,US,STATE,1,CASES
1987,12,UPSTATE NEW YORK,NY,US,STATE,6,CASES
1987,13,UPSTATE NEW YORK,NY,US,STATE,1,CASES
1987,14,UPSTATE NEW YORK,NY,US,STATE,3,CASES
1987,15,UPSTATE NEW YORK,NY,US,STATE,2,CASES
1987,16,UPSTATE NEW YORK,NY,US,STATE,2,CASES
1987,17,UPSTATE NEW YORK,NY,US,STATE,1,CASES
1987,18,UPSTATE NEW YORK,NY,US,STATE,8,CASES
1987,20,UPSTATE NEW YORK,NY,US,STATE,6,CASES
1987,21,UPSTATE NEW YORK,NY,US,STATE,4,CASES
1987,22,UPSTATE NEW YORK,NY,US,STATE,1,CASES
1987,23,UPSTATE NEW YORK,NY,US,STATE,4,CASES
1987,24,UPSTATE NEW YORK,NY,US,STATE,10,CASES
1987,26,UPSTATE NEW YORK,NY,US,STATE,1,CASES
1987,27,UPSTATE NEW YORK,NY,US,STATE,1,CASES
1987,29,UPSTATE NEW YORK,NY,US,STATE,2,CASES
1987,31,UPSTATE NEW YORK,NY,US,STATE,3,CASES
1987,31,NEW YORK CITY,NY,US,STATE,10,CASES
1987,32,UPSTATE NEW YORK,NY,US,STATE,1,CASES
1987,34,UPSTATE NEW YORK,NY,US,STATE,3,CASES
1987,35,UPSTATE NEW YORK,NY,US,STATE,2,CASES
1987,39,UPSTATE NEW YORK,NY,US,STATE,3,CASES
1987,40,UPSTATE NEW YORK,NY,US,STATE,5,CASES
1987,42,UPSTATE NEW YORK,NY,US,STATE,1,CASES
1987,43,UPSTATE NEW YORK,NY,US,STATE,4,CASES
1987,44,UPSTATE NEW YORK,NY,US,STATE,5,CASES
1987,47,UPSTATE NEW YORK,NY,US,STATE,4,CASES
1987,49,UPSTATE NEW YORK,NY,US,STATE,3,CASES
1987,50,UPSTATE NEW YORK,NY,US,STATE,8,CASES
1987,51,UPSTATE NEW YORK,NY,US,STATE,6,CASES
1987,52,UPSTATE NEW YORK,NY,US,STATE,2,CASES
1988,4,UPSTATE NEW YORK,NY,US,STATE,2,CASES
1988,6,UPSTATE NEW YORK,NY,US,STATE,3,CASES
1988,7,UPSTATE NEW YORK,NY,US,STATE,5,CASES
1988,8,UPSTATE NEW YORK,NY,US,STATE,2,CASES
1988,9,UPSTATE NEW YORK,NY,US,STATE,1,CASES
1988,10,UPSTATE NEW YORK,NY,US,STATE,2,CASES
1988,12,UPSTATE NEW YORK,NY,US,STATE,6,CASES
1988,13,UPSTATE NEW YORK,NY,US,STATE,3,CASES
1988,14,UPSTATE NEW YORK,NY,US,STATE,4,CASES
1988,14,NEW YORK CITY,NY,US,STATE,34,CASES
1988,15,NEW YORK CITY,NY,US,STATE,1,CASES
1988,16,UPSTATE NEW YORK,NY,US,STATE,5,CASES
1988,17,UPSTATE NEW YORK,NY,US,STATE,1,CASES
1988,17,NEW YORK CITY,NY,US,STATE,4,CASES
1988,18,UPSTATE NEW YORK,NY,US,STATE,5,CASES
1988,18,NEW YORK CITY,NY,US,STATE,1,CASES
1988,19,UPSTATE NEW YORK,NY,US,STATE,1,CASES
1988,19,NEW YORK CITY,NY,US,STATE,25,CASES
1988,21,UPSTATE NEW YORK,NY,US,STATE,2,CASES
1988,22,UPSTATE NEW YORK,NY,US,STATE,1,CASES
1988,22,NEW YORK CITY,NY,US,STATE,4,CASES
1988,23,NEW YORK CITY,NY,US,STATE,3,CASES
1988,24,UPSTATE NEW YORK,NY,US,STATE,3,CASES
1988,26,UPSTATE NEW YORK,NY,US,STATE,12,CASES
1988,27,UPSTATE NEW YORK,NY,US,STATE,9,CASES
1988,28,UPSTATE NEW YORK,NY,US,STATE,2,CASES
1988,28,NEW YORK CITY,NY,US,STATE,10,CASES
1988,30,UPSTATE NEW YORK,NY,US,STATE,3,CASES
1988,33,UPSTATE NEW YORK,NY,US,STATE,2,CASES
1988,34,UPSTATE NEW YORK,NY,US,STATE,3,CASES
1988,34,NEW YORK CITY,NY,US,STATE,2,CASES
1988,36,UPSTATE NEW YORK,NY,US,STATE,2,CASES
1988,37,UPSTATE NEW YORK,NY,US,STATE,2,CASES
1988,38,UPSTATE NEW YORK,NY,US,STATE,1,CASES
1988,39,UPSTATE NEW YORK,NY,US,STATE,3,CASES
1988,40,UPSTATE NEW YORK,NY,US,STATE,3,CASES
1988,40,NEW YORK CITY,NY,US,STATE,5,CASES
1988,41,UPSTATE NEW YORK,NY,US,STATE,1,CASES
1988,42,UPSTATE NEW YORK,NY,US,STATE,5,CASES
1988,42,NEW YORK CITY,NY,US,STATE,2,CASES
1988,44,UPSTATE NEW YORK,NY,US,STATE,1,CASES
1988,48,UPSTATE NEW YORK,NY,US,STATE,1,CASES
1988,49,UPSTATE NEW YORK,NY,US,STATE,2,CASES
1988,50,NEW YORK CITY,NY,US,STATE,3,CASES
1988,51,UPSTATE NEW YORK,NY,US,STATE,4,CASES
1988,52,UPSTATE NEW YORK,NY,US,STATE,1,CASES
1989,6,UPSTATE NEW YORK,NY,US,STATE,1,CASES
1989,8,UPSTATE NEW YORK,NY,US,STATE,8,CASES
1989,10,UPSTATE NEW YORK,NY,US,STATE,2,CASES
1989,13,UPSTATE NEW YORK,NY,US,STATE,1,CASES
1989,14,UPSTATE NEW YORK,NY,US,STATE,2,CASES
1989,15,UPSTATE NEW YORK,NY,US,STATE,2,CASES
1989,15,NEW YORK CITY,NY,US,STATE,3,CASES
1989,16,UPSTATE NEW YORK,NY,US,STATE,3,CASES
1989,16,NEW YORK CITY,NY,US,STATE,2,CASES
1989,17,UPSTATE NEW YORK,NY,US,STATE,2,CASES
1989,17,NEW YORK CITY,NY,US,STATE,3,CASES
1989,18,UPSTATE NEW YORK,NY,US,STATE,21,CASES
1989,19,UPSTATE NEW YORK,NY,US,STATE,4,CASES
1989,20,NEW YORK CITY,NY,US,STATE,2,CASES
1989,21,UPSTATE NEW YORK,NY,US,STATE,18,CASES
1989,21,NEW YORK CITY,NY,US,STATE,2,CASES
1989,22,UPSTATE NEW YORK,NY,US,STATE,20,CASES
1989,22,NEW YORK CITY,NY,US,STATE,2,CASES
1989,23,UPSTATE NEW YORK,NY,US,STATE,11,CASES
1989,23,NEW YORK CITY,NY,US,STATE,2,CASES
1989,24,UPSTATE NEW YORK,NY,US,STATE,2,CASES
1989,25,UPSTATE NEW YORK,NY,US,STATE,4,CASES
1989,26,UPSTATE NEW YORK,NY,US,STATE,2,CASES
1989,27,UPSTATE NEW YORK,NY,US,STATE,2,CASES
1989,28,UPSTATE NEW YORK,NY,US,STATE,8,CASES
1989,29,UPSTATE NEW YORK,NY,US,STATE,5,CASES
1989,30,UPSTATE NEW YORK,NY,US,STATE,6,CASES
1989,30,NEW YORK CITY,NY,US,STATE,2,CASES
1989,31,UPSTATE NEW YORK,NY,US,STATE,2,CASES
1989,32,UPSTATE NEW YORK,NY,US,STATE,4,CASES
1989,34,UPSTATE NEW YORK,NY,US,STATE,2,CASES
1989,36,UPSTATE NEW YORK,NY,US,STATE,2,CASES
1989,38,UPSTATE NEW YORK,NY,US,STATE,2,CASES
1989,39,UPSTATE NEW YORK,NY,US,STATE,3,CASES
1989,40,UPSTATE NEW YORK,NY,US,STATE,3,CASES
1989,41,UPSTATE NEW YORK,NY,US,STATE,6,CASES
1989,42,UPSTATE NEW YORK,NY,US,STATE,2,CASES
1989,43,UPSTATE NEW YORK,NY,US,STATE,1,CASES
1989,44,UPSTATE NEW YORK,NY,US,STATE,2,CASES
1989,45,UPSTATE NEW YORK,NY,US,STATE,3,CASES
1989,46,UPSTATE NEW YORK,NY,US,STATE,5,CASES
1989,47,UPSTATE NEW YORK,NY,US,STATE,3,CASES
1989,48,UPSTATE NEW YORK,NY,US,STATE,4,CASES
1989,49,UPSTATE NEW YORK,NY,US,STATE,1,CASES
1989,49,NEW YORK CITY,NY,US,STATE,1,CASES
1989,50,UPSTATE NEW YORK,NY,US,STATE,4,CASES
1989,50,NEW YORK CITY,NY,US,STATE,3,CASES
1989,51,UPSTATE NEW YORK,NY,US,STATE,4,CASES
1989,52,UPSTATE NEW YORK,NY,US,STATE,1,CASES
1990,2,UPSTATE NEW YORK,NY,US,STATE,3,CASES
1990,4,UPSTATE NEW YORK,NY,US,STATE,5,CASES
1990,5,UPSTATE NEW YORK,NY,US,STATE,1,CASES
1990,6,UPSTATE NEW YORK,NY,US,STATE,4,CASES
1990,7,UPSTATE NEW YORK,NY,US,STATE,4,CASES
1990,9,UPSTATE NEW YORK,NY,US,STATE,3,CASES
1990,10,UPSTATE NEW YORK,NY,US,STATE,4,CASES
1990,11,UPSTATE NEW YORK,NY,US,STATE,4,CASES
1990,13,UPSTATE NEW YORK,NY,US,STATE,2,CASES
1990,14,UPSTATE NEW YORK,NY,US,STATE,8,CASES
1990,15,UPSTATE NEW YORK,NY,US,STATE,9,CASES
1990,16,UPSTATE NEW YORK,NY,US,STATE,3,CASES
1990,17,UPSTATE NEW YORK,NY,US,STATE,5,CASES
1990,18,UPSTATE NEW YORK,NY,US,STATE,4,CASES
1990,19,UPSTATE NEW YORK,NY,US,STATE,2,CASES
1990,21,UPSTATE NEW YORK,NY,US,STATE,1,CASES
1990,22,UPSTATE NEW YORK,NY,US,STATE,5,CASES
1990,23,UPSTATE NEW YORK,NY,US,STATE,2,CASES
1990,24,UPSTATE NEW YORK,NY,US,STATE,7,CASES
1990,25,UPSTATE NEW YORK,NY,US,STATE,2,CASES
1990,26,UPSTATE NEW YORK,NY,US,STATE,1,CASES
1990,27,UPSTATE NEW YORK,NY,US,STATE,3,CASES
1990,28,UPSTATE NEW YORK,NY,US,STATE,1,CASES
1990,29,UPSTATE NEW YORK,NY,US,STATE,5,CASES
1990,30,UPSTATE NEW YORK,NY,US,STATE,2,CASES
1990,31,UPSTATE NEW YORK,NY,US,STATE,9,CASES
1990,32,UPSTATE NEW YORK,NY,US,STATE,1,CASES
1990,37,UPSTATE NEW YORK,NY,US,STATE,1,CASES
1990,38,UPSTATE NEW YORK,NY,US,STATE,9,CASES
1990,39,UPSTATE NEW YORK,NY,US,STATE,1,CASES
1990,40,UPSTATE NEW YORK,NY,US,STATE,2,CASES
1990,42,UPSTATE NEW YORK,NY,US,STATE,5,CASES
1990,44,UPSTATE NEW YORK,NY,US,STATE,1,CASES
1990,45,UPSTATE NEW YORK,NY,US,STATE,1,CASES
1990,46,UPSTATE NEW YORK,NY,US,STATE,3,CASES
1990,48,UPSTATE NEW YORK,NY,US,STATE,1,CASES
1990,49,UPSTATE NEW YORK,NY,US,STATE,4,CASES
1990,50,UPSTATE NEW YORK,NY,US,STATE,2,CASES
1990,51,UPSTATE NEW YORK,NY,US,STATE,7,CASES
1990,52,UPSTATE NEW YORK,NY,US,STATE,2,CASES
1991,1,UPSTATE NEW YORK,NY,US,STATE,5,CASES
1991,3,UPSTATE NEW YORK,NY,US,STATE,3,CASES
1991,4,UPSTATE NEW YORK,NY,US,STATE,3,CASES
1991,5,UPSTATE NEW YORK,NY,US,STATE,2,CASES
1991,6,UPSTATE NEW YORK,NY,US,STATE,3,CASES
1991,7,UPSTATE NEW YORK,NY,US,STATE,2,CASES
1991,8,UPSTATE NEW YORK,NY,US,STATE,2,CASES
1991,9,UPSTATE NEW YORK,NY,US,STATE,6,CASES
1991,10,UPSTATE NEW YORK,NY,US,STATE,4,CASES
1991,11,UPSTATE NEW YORK,NY,US,STATE,4,CASES
1991,12,UPSTATE NEW YORK,NY,US,STATE,6,CASES
1991,14,UPSTATE NEW YORK,NY,US,STATE,4,CASES
1991,15,UPSTATE NEW YORK,NY,US,STATE,2,CASES
1991,17,UPSTATE NEW YORK,NY,US,STATE,2,CASES
1991,18,UPSTATE NEW YORK,NY,US,STATE,2,CASES
1991,19,UPSTATE NEW YORK,NY,US,STATE,1,CASES
1991,20,UPSTATE NEW YORK,NY,US,STATE,3,CASES
1991,21,UPSTATE NEW YORK,NY,US,STATE,2,CASES
1991,22,UPSTATE NEW YORK,NY,US,STATE,3,CASES
1991,23,UPSTATE NEW YORK,NY,US,STATE,5,CASES
1991,27,UPSTATE NEW YORK,NY,US,STATE,2,CASES
1991,30,UPSTATE NEW YORK,NY,US,STATE,3,CASES
1991,34,UPSTATE NEW YORK,NY,US,STATE,2,CASES
1991,35,UPSTATE NEW YORK,NY,US,STATE,1,CASES
1991,37,UPSTATE NEW YORK,NY,US,STATE,2,CASES
1991,38,UPSTATE NEW YORK,NY,US,STATE,1,CASES
1991,39,UPSTATE NEW YORK,NY,US,STATE,1,CASES
1991,40,UPSTATE NEW YORK,NY,US,STATE,1,CASES
1991,41,UPSTATE NEW YORK,NY,US,STATE,1,CASES
1991,42,UPSTATE NEW YORK,NY,US,STATE,1,CASES
1991,43,UPSTATE NEW YORK,NY,US,STATE,1,CASES
1991,44,UPSTATE NEW YORK,NY,US,STATE,2,CASES
1991,46,UPSTATE NEW YORK,NY,US,STATE,1,CASES
1991,47,UPSTATE NEW YORK,NY,US,STATE,1,CASES
1991,49,UPSTATE NEW YORK,NY,US,STATE,1,CASES
1991,50,UPSTATE NEW YORK,NY,US,STATE,1,CASES
1991,52,UPSTATE NEW YORK,NY,US,STATE,2,CASES
1992,6,UPSTATE NEW YORK,NY,US,STATE,2,CASES
1992,7,UPSTATE NEW YORK,NY,US,STATE,8,CASES
1992,8,UPSTATE NEW YORK,NY,US,STATE,5,CASES
1992,10,UPSTATE NEW YORK,NY,US,STATE,1,CASES
1992,11,UPSTATE NEW YORK,NY,US,STATE,2,CASES
1992,12,UPSTATE NEW YORK,NY,US,STATE,3,CASES
1992,13,UPSTATE NEW YORK,NY,US,STATE,1,CASES
1992,14,UPSTATE NEW YORK,NY,US,STATE,1,CASES
1992,16,UPSTATE NEW YORK,NY,US,STATE,3,CASES
1992,18,NEW YORK CITY,NY,US,STATE,4,CASES
1992,21,UPSTATE NEW YORK,NY,US,STATE,2,CASES
1992,22,UPSTATE NEW YORK,NY,US,STATE,2,CASES
1992,23,UPSTATE NEW YORK,NY,US,STATE,1,CASES
1992,26,UPSTATE NEW YORK,NY,US,STATE,1,CASES
1992,26,NEW YORK CITY,NY,US,STATE,3,CASES
1992,30,UPSTATE NEW YORK,NY,US,STATE,2,CASES
1992,32,UPSTATE NEW YORK,NY,US,STATE,2,CASES
1992,33,UPSTATE NEW YORK,NY,US,STATE,2,CASES
1992,35,UPSTATE NEW YORK,NY,US,STATE,1,CASES
1992,36,UPSTATE NEW YORK,NY,US,STATE,1,CASES
1992,40,UPSTATE NEW YORK,NY,US,STATE,1,CASES
1992,42,UPSTATE NEW YORK,NY,US,STATE,2,CASES
1992,45,UPSTATE NEW YORK,NY,US,STATE,3,CASES
1992,46,UPSTATE NEW YORK,NY,US,STATE,2,CASES
1992,47,UPSTATE NEW YORK,NY,US,STATE,2,CASES
1992,48,UPSTATE NEW YORK,NY,US,STATE,1,CASES
1992,50,UPSTATE NEW YORK,NY,US,STATE,4,CASES
1992,51,UPSTATE NEW YORK,NY,US,STATE,9,CASES
1992,52,UPSTATE NEW YORK,NY,US,STATE,1,CASES
1993,3,UPSTATE NEW YORK,NY,US,STATE,1,CASES
1993,4,UPSTATE NEW YORK,NY,US,STATE,1,CASES
1993,5,UPSTATE NEW YORK,NY,US,STATE,2,CASES
1993,6,UPSTATE NEW YORK,NY,US,STATE,3,CASES
1993,8,UPSTATE NEW YORK,NY,US,STATE,2,CASES
1993,9,UPSTATE NEW YORK,NY,US,STATE,2,CASES
1993,10,UPSTATE NEW YORK,NY,US,STATE,1,CASES
1993,13,UPSTATE NEW YORK,NY,US,STATE,1,CASES
1993,17,UPSTATE NEW YORK,NY,US,STATE,2,CASES
1993,18,UPSTATE NEW YORK,NY,US,STATE,1,CASES
1993,19,UPSTATE NEW YORK,NY,US,STATE,1,CASES
1993,20,UPSTATE NEW YORK,NY,US,STATE,1,CASES
1993,24,UPSTATE NEW YORK,NY,US,STATE,1,CASES
1993,25,UPSTATE NEW YORK,NY,US,STATE,2,CASES
1993,26,UPSTATE NEW YORK,NY,US,STATE,2,CASES
1993,28,UPSTATE NEW YORK,NY,US,STATE,1,CASES
1993,29,UPSTATE NEW YORK,NY,US,STATE,2,CASES
1993,30,UPSTATE NEW YORK,NY,US,STATE,3,CASES
1993,32,UPSTATE NEW YORK,NY,US,STATE,2,CASES
1993,33,UPSTATE NEW YORK,NY,US,STATE,2,CASES
1993,34,UPSTATE NEW YORK,NY,US,STATE,1,CASES
1993,40,UPSTATE NEW YORK,NY,US,STATE,1,CASES
1993,44,UPSTATE NEW YORK,NY,US,STATE,1,CASES
1993,45,UPSTATE NEW YORK,NY,US,STATE,2,CASES
1993,47,UPSTATE NEW YORK,NY,US,STATE,1,CASES
1993,48,UPSTATE NEW YORK,NY,US,STATE,2,CASES
1993,50,UPSTATE NEW YORK,NY,US,STATE,3,CASES
1993,51,UPSTATE NEW YORK,NY,US,STATE,1,CASES
1993,52,UPSTATE NEW YORK,NY,US,STATE,2,CASES
1994,6,UPSTATE NEW YORK,NY,US,STATE,1,CASES
1994,8,UPSTATE NEW YORK,NY,US,STATE,1,CASES
1994,11,UPSTATE NEW YORK,NY,US,STATE,1,CASES
1994,14,UPSTATE NEW YORK,NY,US,STATE,2,CASES
1994,16,UPSTATE NEW YORK,NY,US,STATE,2,CASES
1994,17,UPSTATE NEW YORK,NY,US,STATE,2,CASES
1994,18,UPSTATE NEW YORK,NY,US,STATE,1,CASES
1994,19,UPSTATE NEW YORK,NY,US,STATE,1,CASES
1994,21,UPSTATE NEW YORK,NY,US,STATE,2,CASES
1994,23,UPSTATE NEW YORK,NY,US,STATE,1,CASES
1994,26,UPSTATE NEW YORK,NY,US,STATE,1,CASES
1994,26,NEW YORK CITY,NY,US,STATE,2,CASES
1994,27,NEW YORK CITY,NY,US,STATE,3,CASES
1994,29,UPSTATE NEW YORK,NY,US,STATE,2,CASES
1994,30,UPSTATE NEW YORK,NY,US,STATE,1,CASES
1994,33,UPSTATE NEW YORK,NY,US,STATE,1,CASES
1994,33,NEW YORK CITY,NY,US,STATE,2,CASES
1994,35,UPSTATE NEW YORK,NY,US,STATE,1,CASES
1994,37,UPSTATE NEW YORK,NY,US,STATE,1,CASES
1994,38,UPSTATE NEW YORK,NY,US,STATE,2,CASES
1994,38,NEW YORK CITY,NY,US,STATE,3,CASES
1994,42,UPSTATE NEW YORK,NY,US,STATE,1,CASES
1994,44,UPSTATE NEW YORK,NY,US,STATE,1,CASES
1994,44,NEW YORK CITY,NY,US,STATE,1,CASES
1994,45,UPSTATE NEW YORK,NY,US,STATE,1,CASES
1996,4,UPSTATE NEW YORK,NY,US,STATE,1,CASES
1996,6,UPSTATE NEW YORK,NY,US,STATE,2,CASES
1996,6,NEW YORK CITY,NY,US,STATE,2,CASES
1996,8,UPSTATE NEW YORK,NY,US,STATE,3,CASES
1996,12,UPSTATE NEW YORK,NY,US,STATE,1,CASES
1996,16,UPSTATE NEW YORK,NY,US,STATE,1,CASES
1996,19,UPSTATE NEW YORK,NY,US,STATE,1,CASES
1996,20,UPSTATE NEW YORK,NY,US,STATE,1,CASES
1996,21,NEW YORK CITY,NY,US,STATE,1,CASES
1996,23,UPSTATE NEW YORK,NY,US,STATE,1,CASES
1996,24,UPSTATE NEW YORK,NY,US,STATE,1,CASES
1996,25,UPSTATE NEW YORK,NY,US,STATE,1,CASES
1996,28,UPSTATE NEW YORK,NY,US,STATE,1,CASES
1996,29,UPSTATE NEW YORK,NY,US,STATE,1,CASES
1996,30,UPSTATE NEW YORK,NY,US,STATE,1,CASES
1996,35,UPSTATE NEW YORK,NY,US,STATE,1,CASES
1996,39,UPSTATE NEW YORK,NY,US,STATE,1,CASES
1996,40,UPSTATE NEW YORK,NY,US,STATE,1,CASES
1996,43,UPSTATE NEW YORK,NY,US,STATE,2,CASES
1996,45,UPSTATE NEW YORK,NY,US,STATE,1,CASES
1996,49,UPSTATE NEW YORK,NY,US,STATE,1,CASES
1996,51,UPSTATE NEW YORK,NY,US,STATE,1,CASES
1996,52,UPSTATE NEW YORK,NY,US,STATE,1,CASES
1997,12,UPSTATE NEW YORK,NY,US,STATE,1,CASES
1997,42,UPSTATE NEW YORK,NY,US,STATE,1,CASES
1997,51,UPSTATE NEW YORK,NY,US,STATE,1,CASES
1998,9,UPSTATE NEW YORK,NY,US,STATE,1,CASES
1998,15,UPSTATE NEW YORK,NY,US,STATE,1,CASES
1998,34,UPSTATE NEW YORK,NY,US,STATE,1,CASES
1998,39,UPSTATE NEW YORK,NY,US,STATE,1,CASES
1998,41,UPSTATE NEW YORK,NY,US,STATE,1,CASES
1998,47,UPSTATE NEW YORK,NY,US,STATE,2,CASES
1998,48,UPSTATE NEW YORK,NY,US,STATE,2,CASES
1998,49,UPSTATE NEW YORK,NY,US,STATE,1,CASES
1998,50,UPSTATE NEW YORK,NY,US,STATE,1,CASES
1998,51,UPSTATE NEW YORK,NY,US,STATE,1,CASES
1999,7,UPSTATE NEW YORK,NY,US,STATE,2,CASES
1999,19,UPSTATE NEW YORK,NY,US,STATE,1,CASES
1999,22,UPSTATE NEW YORK,NY,US,STATE,1,CASES
1999,23,UPSTATE NEW YORK,NY,US,STATE,1,CASES
1999,28,UPSTATE NEW YORK,NY,US,STATE,1,CASES
1999,35,UPSTATE NEW YORK,NY,US,STATE,2,CASES
1999,38,UPSTATE NEW YORK,NY,US,STATE,1,CASES
1999,42,UPSTATE NEW YORK,NY,US,STATE,1,CASES
1999,46,UPSTATE NEW YORK,NY,US,STATE,2,CASES
1999,47,UPSTATE NEW YORK,NY,US,STATE,1,CASES
1999,49,UPSTATE NEW YORK,NY,US,STATE,1,CASES
2000,5,UPSTATE NEW YORK,NY,US,STATE,1,CASES
2000,10,UPSTATE NEW YORK,NY,US,STATE,1,CASES
2000,11,UPSTATE NEW YORK,NY,US,STATE,1,CASES
2000,14,UPSTATE NEW YORK,NY,US,STATE,2,CASES
2000,19,UPSTATE NEW YORK,NY,US,STATE,1,CASES
2000,34,UPSTATE NEW YORK,NY,US,STATE,1,CASES
2000,36,UPSTATE NEW YORK,NY,US,STATE,1,CASES
2000,39,UPSTATE NEW YORK,NY,US,STATE,1,CASES
2000,43,UPSTATE NEW YORK,NY,US,STATE,1,CASES
2000,49,UPSTATE NEW YORK,NY,US,STATE,1,CASES
2000,51,UPSTATE NEW YORK,NY,US,STATE,1,CASES
2001,19,UPSTATE NEW YORK,NY,US,STATE,1,CASES
2001,32,UPSTATE NEW YORK,NY,US,STATE,1,CASES
2001,51,UPSTATE NEW YORK,NY,US,STATE,1,CASES
2011,8,UPSTATE NEW YORK,NY,US,STATE,1,CASES
2011,11,NEW YORK CITY,NY,US,STATE,4,CASES
2011,17,UPSTATE NEW YORK,NY,US,STATE,1,CASES
2011,20,UPSTATE NEW YORK,NY,US,STATE,1,CASES
2011,22,NEW YORK CITY,NY,US,STATE,1,CASES
2011,27,NEW YORK CITY,NY,US,STATE,1,CASES
2011,30,UPSTATE NEW YORK,NY,US,STATE,1,CASES
2011,31,NEW YORK CITY,NY,US,STATE,1,CASES
2011,32,UPSTATE NEW YORK,NY,US,STATE,1,CASES
2011,37,UPSTATE NEW YORK,NY,US,STATE,1,CASES
2011,38,UPSTATE NEW YORK,NY,US,STATE,2,CASES
2011,40,NEW YORK CITY,NY,US,STATE,1,CASES
2011,43,UPSTATE NEW YORK,NY,US,STATE,1,CASES
2011,44,UPSTATE NEW YORK,NY,US,STATE,1,CASES
2011,45,UPSTATE NEW YORK,NY,US,STATE,1,CASES
2012,20,UPSTATE NEW YORK,NY,US,STATE,1,CASES
2012,27,UPSTATE NEW YORK,NY,US,STATE,1,CASES
2012,31,UPSTATE NEW YORK,NY,US,STATE,1,CASES
2012,36,UPSTATE NEW YORK,NY,US,STATE,1,CASES
2012,40,UPSTATE NEW YORK,NY,US,STATE,1,CASES
2013,14,UPSTATE NEW YORK,NY,US,STATE,1,CASES
2013,16,UPSTATE NEW YORK,NY,US,STATE,1,CASES
2013,22,UPSTATE NEW YORK,NY,US,STATE,1,CASES
2013,29,UPSTATE NEW YORK,NY,US,STATE,2,CASES
