year,week,loc,state,country,loc_type,number,event
1972,1,PENNSYLVANIA,PA,US,STATE,1,CASES
1972,3,PENNSYLVANIA,PA,US,STATE,4,CASES
1972,4,PENNSYLVANIA,PA,US,STATE,2,CASES
1972,5,PENNSYLVANIA,PA,US,STATE,125,CASES
1972,6,PENNSYLVANIA,PA,US,STATE,12,CASES
1972,7,PENNSYLVANIA,PA,US,STATE,120,CASES
1972,8,PENNSYLVANIA,PA,US,STATE,1,CASES
1972,9,PENNSYLVANIA,PA,US,STATE,152,CASES
1972,10,PENNSYLVANIA,PA,US,STATE,325,CASES
1972,11,PENNSYLVANIA,PA,US,STATE,18,CASES
1972,12,PENNSYLVANIA,PA,US,STATE,12,CASES
1972,13,PENNSYLVANIA,PA,US,STATE,1,CASES
1972,14,PENNSYLVANIA,PA,US,STATE,178,CASES
1972,15,PENNSYLVANIA,PA,US,STATE,245,CASES
1972,16,PENNSYLVANIA,PA,US,STATE,277,CASES
1972,17,PENNSYLVANIA,PA,US,STATE,219,CASES
1972,18,PENNSYLVANIA,PA,US,STATE,268,CASES
1972,19,PENNSYLVANIA,PA,US,STATE,222,CASES
1972,20,PENNSYLVANIA,PA,US,STATE,14,CASES
1972,21,PENNSYLVANIA,PA,US,STATE,194,CASES
1972,23,PENNSYLVANIA,PA,US,STATE,195,CASES
1972,24,PENNSYLVANIA,PA,US,STATE,71,CASES
1972,28,PENNSYLVANIA,PA,US,STATE,1,CASES
1972,44,PENNSYLVANIA,PA,US,STATE,7,CASES
1972,45,PENNSYLVANIA,PA,US,STATE,2,CASES
1972,46,PENNSYLVANIA,PA,US,STATE,4,CASES
1972,47,PENNSYLVANIA,PA,US,STATE,6,CASES
1972,48,PENNSYLVANIA,PA,US,STATE,127,CASES
1972,49,PENNSYLVANIA,PA,US,STATE,4,CASES
1972,50,PENNSYLVANIA,PA,US,STATE,154,CASES
1973,1,PENNSYLVANIA,PA,US,STATE,8,CASES
1973,3,PENNSYLVANIA,PA,US,STATE,2,CASES
1973,4,PENNSYLVANIA,PA,US,STATE,3,CASES
1973,5,PENNSYLVANIA,PA,US,STATE,12,CASES
1973,6,PENNSYLVANIA,PA,US,STATE,161,CASES
1973,7,PENNSYLVANIA,PA,US,STATE,134,CASES
1973,8,PENNSYLVANIA,PA,US,STATE,182,CASES
1973,9,PENNSYLVANIA,PA,US,STATE,197,CASES
1973,10,PENNSYLVANIA,PA,US,STATE,3,CASES
1973,11,PENNSYLVANIA,PA,US,STATE,186,CASES
1973,12,PENNSYLVANIA,PA,US,STATE,215,CASES
1973,13,PENNSYLVANIA,PA,US,STATE,141,CASES
1973,14,PENNSYLVANIA,PA,US,STATE,290,CASES
1973,15,PENNSYLVANIA,PA,US,STATE,3,CASES
1973,16,PENNSYLVANIA,PA,US,STATE,302,CASES
1973,17,PENNSYLVANIA,PA,US,STATE,27,CASES
1973,18,PENNSYLVANIA,PA,US,STATE,169,CASES
1973,19,PENNSYLVANIA,PA,US,STATE,317,CASES
1973,20,PENNSYLVANIA,PA,US,STATE,208,CASES
1973,21,PENNSYLVANIA,PA,US,STATE,7,CASES
1973,22,PENNSYLVANIA,PA,US,STATE,160,CASES
1973,23,PENNSYLVANIA,PA,US,STATE,197,CASES
1973,24,PENNSYLVANIA,PA,US,STATE,186,CASES
1973,25,PENNSYLVANIA,PA,US,STATE,4,CASES
1973,26,PENNSYLVANIA,PA,US,STATE,2,CASES
1973,27,PENNSYLVANIA,PA,US,STATE,1,CASES
1973,28,PENNSYLVANIA,PA,US,STATE,1,CASES
1973,29,PENNSYLVANIA,PA,US,STATE,2,CASES
1973,33,PENNSYLVANIA,PA,US,STATE,1,CASES
1973,34,PENNSYLVANIA,PA,US,STATE,1,CASES
1973,37,PENNSYLVANIA,PA,US,STATE,2,CASES
1973,41,PENNSYLVANIA,PA,US,STATE,2,CASES
1973,42,PENNSYLVANIA,PA,US,STATE,2,CASES
1973,46,PENNSYLVANIA,PA,US,STATE,2,CASES
1973,47,PENNSYLVANIA,PA,US,STATE,2,CASES
1973,49,PENNSYLVANIA,PA,US,STATE,10,CASES
1973,50,PENNSYLVANIA,PA,US,STATE,6,CASES
1973,51,PENNSYLVANIA,PA,US,STATE,4,CASES
1973,52,PENNSYLVANIA,PA,US,STATE,10,CASES
1974,1,PENNSYLVANIA,PA,US,STATE,13,CASES
1974,2,PENNSYLVANIA,PA,US,STATE,12,CASES
1974,3,PENNSYLVANIA,PA,US,STATE,48,CASES
1974,4,PENNSYLVANIA,PA,US,STATE,108,CASES
1974,5,PENNSYLVANIA,PA,US,STATE,3,CASES
1974,6,PENNSYLVANIA,PA,US,STATE,14,CASES
1974,7,PENNSYLVANIA,PA,US,STATE,7,CASES
1974,8,PENNSYLVANIA,PA,US,STATE,9,CASES
1974,9,PENNSYLVANIA,PA,US,STATE,12,CASES
1974,10,PENNSYLVANIA,PA,US,STATE,13,CASES
1974,11,PENNSYLVANIA,PA,US,STATE,3,CASES
1974,12,PENNSYLVANIA,PA,US,STATE,17,CASES
1974,13,PENNSYLVANIA,PA,US,STATE,2,CASES
1974,14,PENNSYLVANIA,PA,US,STATE,13,CASES
1974,15,PENNSYLVANIA,PA,US,STATE,8,CASES
1974,16,PENNSYLVANIA,PA,US,STATE,1,CASES
1974,17,PENNSYLVANIA,PA,US,STATE,8,CASES
1974,18,PENNSYLVANIA,PA,US,STATE,3,CASES
1974,19,PENNSYLVANIA,PA,US,STATE,7,CASES
1974,20,PENNSYLVANIA,PA,US,STATE,3,CASES
1974,21,PENNSYLVANIA,PA,US,STATE,11,CASES
1974,22,PENNSYLVANIA,PA,US,STATE,7,CASES
1974,23,PENNSYLVANIA,PA,US,STATE,6,CASES
1974,24,PENNSYLVANIA,PA,US,STATE,5,CASES
1974,25,PENNSYLVANIA,PA,US,STATE,6,CASES
1974,26,PENNSYLVANIA,PA,US,STATE,5,CASES
1974,27,PENNSYLVANIA,PA,US,STATE,3,CASES
1974,28,PENNSYLVANIA,PA,US,STATE,1,CASES
1974,29,PENNSYLVANIA,PA,US,STATE,4,CASES
1974,32,PENNSYLVANIA,PA,US,STATE,3,CASES
1974,36,PENNSYLVANIA,PA,US,STATE,1,CASES
1974,37,PENNSYLVANIA,PA,US,STATE,2,CASES
1974,39,PENNSYLVANIA,PA,US,STATE,1,CASES
1974,40,PENNSYLVANIA,PA,US,STATE,1,CASES
1974,41,PENNSYLVANIA,PA,US,STATE,1,CASES
1974,46,PENNSYLVANIA,PA,US,STATE,1,CASES
1974,48,PENNSYLVANIA,PA,US,STATE,2,CASES
1974,49,PENNSYLVANIA,PA,US,STATE,7,CASES
1974,50,PENNSYLVANIA,PA,US,STATE,12,CASES
1974,51,PENNSYLVANIA,PA,US,STATE,3,CASES
1974,52,PENNSYLVANIA,PA,US,STATE,9,CASES
1975,2,PENNSYLVANIA,PA,US,STATE,2,CASES
1975,3,PENNSYLVANIA,PA,US,STATE,5,CASES
1975,4,PENNSYLVANIA,PA,US,STATE,4,CASES
1975,5,PENNSYLVANIA,PA,US,STATE,16,CASES
1975,6,PENNSYLVANIA,PA,US,STATE,4,CASES
1975,7,PENNSYLVANIA,PA,US,STATE,22,CASES
1975,8,PENNSYLVANIA,PA,US,STATE,15,CASES
1975,9,PENNSYLVANIA,PA,US,STATE,9,CASES
1975,10,PENNSYLVANIA,PA,US,STATE,5,CASES
1975,11,PENNSYLVANIA,PA,US,STATE,34,CASES
1975,12,PENNSYLVANIA,PA,US,STATE,8,CASES
1975,13,PENNSYLVANIA,PA,US,STATE,1,CASES
1975,14,PENNSYLVANIA,PA,US,STATE,2,CASES
1975,16,PENNSYLVANIA,PA,US,STATE,1,CASES
1975,17,PENNSYLVANIA,PA,US,STATE,2,CASES
1975,18,PENNSYLVANIA,PA,US,STATE,10,CASES
1975,19,PENNSYLVANIA,PA,US,STATE,1,CASES
1975,21,PENNSYLVANIA,PA,US,STATE,4,CASES
1975,22,PENNSYLVANIA,PA,US,STATE,4,CASES
1975,23,PENNSYLVANIA,PA,US,STATE,65,CASES
1975,25,PENNSYLVANIA,PA,US,STATE,3,CASES
1975,26,PENNSYLVANIA,PA,US,STATE,1,CASES
1975,28,PENNSYLVANIA,PA,US,STATE,2,CASES
1975,29,PENNSYLVANIA,PA,US,STATE,5,CASES
1975,31,PENNSYLVANIA,PA,US,STATE,1,CASES
1975,32,PENNSYLVANIA,PA,US,STATE,1,CASES
1975,34,PENNSYLVANIA,PA,US,STATE,1,CASES
1975,35,PENNSYLVANIA,PA,US,STATE,13,CASES
1975,37,PENNSYLVANIA,PA,US,STATE,14,CASES
1975,38,PENNSYLVANIA,PA,US,STATE,23,CASES
1975,41,PENNSYLVANIA,PA,US,STATE,42,CASES
1975,42,PENNSYLVANIA,PA,US,STATE,18,CASES
1975,43,PENNSYLVANIA,PA,US,STATE,28,CASES
1975,44,PENNSYLVANIA,PA,US,STATE,35,CASES
1975,45,PENNSYLVANIA,PA,US,STATE,12,CASES
1975,46,PENNSYLVANIA,PA,US,STATE,24,CASES
1975,48,PENNSYLVANIA,PA,US,STATE,27,CASES
1975,49,PENNSYLVANIA,PA,US,STATE,3,CASES
1975,50,PENNSYLVANIA,PA,US,STATE,95,CASES
1975,51,PENNSYLVANIA,PA,US,STATE,1,CASES
1976,1,PENNSYLVANIA,PA,US,STATE,91,CASES
1976,2,PENNSYLVANIA,PA,US,STATE,108,CASES
1976,3,PENNSYLVANIA,PA,US,STATE,70,CASES
1976,4,PENNSYLVANIA,PA,US,STATE,74,CASES
1976,5,PENNSYLVANIA,PA,US,STATE,33,CASES
1976,6,PENNSYLVANIA,PA,US,STATE,82,CASES
1976,7,PENNSYLVANIA,PA,US,STATE,61,CASES
1976,8,PENNSYLVANIA,PA,US,STATE,20,CASES
1976,9,PENNSYLVANIA,PA,US,STATE,209,CASES
1976,10,PENNSYLVANIA,PA,US,STATE,182,CASES
1976,11,PENNSYLVANIA,PA,US,STATE,206,CASES
1976,12,PENNSYLVANIA,PA,US,STATE,11,CASES
1976,13,PENNSYLVANIA,PA,US,STATE,138,CASES
1976,14,PENNSYLVANIA,PA,US,STATE,80,CASES
1976,15,PENNSYLVANIA,PA,US,STATE,11,CASES
1976,16,PENNSYLVANIA,PA,US,STATE,124,CASES
1976,17,PENNSYLVANIA,PA,US,STATE,86,CASES
1976,18,PENNSYLVANIA,PA,US,STATE,70,CASES
1976,19,PENNSYLVANIA,PA,US,STATE,54,CASES
1976,20,PENNSYLVANIA,PA,US,STATE,42,CASES
1976,21,PENNSYLVANIA,PA,US,STATE,26,CASES
1976,22,PENNSYLVANIA,PA,US,STATE,35,CASES
1976,23,PENNSYLVANIA,PA,US,STATE,98,CASES
1976,24,PENNSYLVANIA,PA,US,STATE,26,CASES
1976,25,PENNSYLVANIA,PA,US,STATE,7,CASES
1976,26,PENNSYLVANIA,PA,US,STATE,16,CASES
1976,27,PENNSYLVANIA,PA,US,STATE,10,CASES
1976,28,PENNSYLVANIA,PA,US,STATE,1,CASES
1976,29,PENNSYLVANIA,PA,US,STATE,4,CASES
1976,30,PENNSYLVANIA,PA,US,STATE,1,CASES
1976,31,PENNSYLVANIA,PA,US,STATE,2,CASES
1976,33,PENNSYLVANIA,PA,US,STATE,1,CASES
1976,34,PENNSYLVANIA,PA,US,STATE,1,CASES
1976,36,PENNSYLVANIA,PA,US,STATE,3,CASES
1976,37,PENNSYLVANIA,PA,US,STATE,3,CASES
1976,39,PENNSYLVANIA,PA,US,STATE,6,CASES
1976,40,PENNSYLVANIA,PA,US,STATE,5,CASES
1976,41,PENNSYLVANIA,PA,US,STATE,1,CASES
1976,42,PENNSYLVANIA,PA,US,STATE,1,CASES
1976,43,PENNSYLVANIA,PA,US,STATE,3,CASES
1976,44,PENNSYLVANIA,PA,US,STATE,14,CASES
1976,45,PENNSYLVANIA,PA,US,STATE,76,CASES
1976,46,PENNSYLVANIA,PA,US,STATE,34,CASES
1976,47,PENNSYLVANIA,PA,US,STATE,23,CASES
1976,48,PENNSYLVANIA,PA,US,STATE,47,CASES
1976,49,PENNSYLVANIA,PA,US,STATE,41,CASES
1976,50,PENNSYLVANIA,PA,US,STATE,101,CASES
1976,51,PENNSYLVANIA,PA,US,STATE,42,CASES
1976,52,PENNSYLVANIA,PA,US,STATE,2,CASES
1977,2,PENNSYLVANIA,PA,US,STATE,3,CASES
1977,3,PENNSYLVANIA,PA,US,STATE,111,CASES
1977,4,PENNSYLVANIA,PA,US,STATE,30,CASES
1977,5,PENNSYLVANIA,PA,US,STATE,29,CASES
1977,6,PENNSYLVANIA,PA,US,STATE,37,CASES
1977,7,PENNSYLVANIA,PA,US,STATE,5,CASES
1977,8,PENNSYLVANIA,PA,US,STATE,148,CASES
1977,9,PENNSYLVANIA,PA,US,STATE,180,CASES
1977,10,PENNSYLVANIA,PA,US,STATE,99,CASES
1977,11,PENNSYLVANIA,PA,US,STATE,84,CASES
1977,12,PENNSYLVANIA,PA,US,STATE,81,CASES
1977,13,PENNSYLVANIA,PA,US,STATE,96,CASES
1977,14,PENNSYLVANIA,PA,US,STATE,81,CASES
1977,15,PENNSYLVANIA,PA,US,STATE,13,CASES
1977,16,PENNSYLVANIA,PA,US,STATE,70,CASES
1977,17,PENNSYLVANIA,PA,US,STATE,172,CASES
1977,18,PENNSYLVANIA,PA,US,STATE,87,CASES
1977,20,PENNSYLVANIA,PA,US,STATE,129,CASES
1977,21,PENNSYLVANIA,PA,US,STATE,83,CASES
1977,22,PENNSYLVANIA,PA,US,STATE,60,CASES
1977,23,PENNSYLVANIA,PA,US,STATE,29,CASES
1977,24,PENNSYLVANIA,PA,US,STATE,30,CASES
1977,25,PENNSYLVANIA,PA,US,STATE,50,CASES
1977,26,PENNSYLVANIA,PA,US,STATE,21,CASES
1977,27,PENNSYLVANIA,PA,US,STATE,16,CASES
1977,28,PENNSYLVANIA,PA,US,STATE,5,CASES
1977,29,PENNSYLVANIA,PA,US,STATE,10,CASES
1977,30,PENNSYLVANIA,PA,US,STATE,1,CASES
1977,32,PENNSYLVANIA,PA,US,STATE,3,CASES
1977,33,PENNSYLVANIA,PA,US,STATE,1,CASES
1977,35,PENNSYLVANIA,PA,US,STATE,1,CASES
1977,36,PENNSYLVANIA,PA,US,STATE,2,CASES
1977,37,PENNSYLVANIA,PA,US,STATE,1,CASES
1977,39,PENNSYLVANIA,PA,US,STATE,1,CASES
1977,42,PENNSYLVANIA,PA,US,STATE,1,CASES
1977,43,PENNSYLVANIA,PA,US,STATE,40,CASES
1977,44,PENNSYLVANIA,PA,US,STATE,42,CASES
1977,46,PENNSYLVANIA,PA,US,STATE,30,CASES
1977,47,PENNSYLVANIA,PA,US,STATE,77,CASES
1977,48,PENNSYLVANIA,PA,US,STATE,117,CASES
1977,49,PENNSYLVANIA,PA,US,STATE,74,CASES
1977,50,PENNSYLVANIA,PA,US,STATE,75,CASES
1977,51,PENNSYLVANIA,PA,US,STATE,104,CASES
1977,52,PENNSYLVANIA,PA,US,STATE,24,CASES
1978,1,PENNSYLVANIA,PA,US,STATE,26,CASES
1978,2,PENNSYLVANIA,PA,US,STATE,2,CASES
1978,3,PENNSYLVANIA,PA,US,STATE,2,CASES
1978,4,PENNSYLVANIA,PA,US,STATE,266,CASES
1978,8,PENNSYLVANIA,PA,US,STATE,65,CASES
1978,9,PENNSYLVANIA,PA,US,STATE,65,CASES
1978,10,PENNSYLVANIA,PA,US,STATE,68,CASES
1978,12,PENNSYLVANIA,PA,US,STATE,89,CASES
1978,13,PENNSYLVANIA,PA,US,STATE,45,CASES
1978,15,PENNSYLVANIA,PA,US,STATE,55,CASES
1978,16,PENNSYLVANIA,PA,US,STATE,97,CASES
1978,17,PENNSYLVANIA,PA,US,STATE,56,CASES
1978,18,PENNSYLVANIA,PA,US,STATE,79,CASES
1978,19,PENNSYLVANIA,PA,US,STATE,75,CASES
1978,20,PENNSYLVANIA,PA,US,STATE,98,CASES
1978,21,PENNSYLVANIA,PA,US,STATE,110,CASES
1978,22,PENNSYLVANIA,PA,US,STATE,38,CASES
1978,23,PENNSYLVANIA,PA,US,STATE,125,CASES
1978,24,PENNSYLVANIA,PA,US,STATE,22,CASES
1978,26,PENNSYLVANIA,PA,US,STATE,14,CASES
1978,28,PENNSYLVANIA,PA,US,STATE,2,CASES
1978,29,PENNSYLVANIA,PA,US,STATE,9,CASES
1978,31,PENNSYLVANIA,PA,US,STATE,1,CASES
1978,32,PENNSYLVANIA,PA,US,STATE,2,CASES
1978,33,PENNSYLVANIA,PA,US,STATE,2,CASES
1978,34,PENNSYLVANIA,PA,US,STATE,1,CASES
1978,35,PENNSYLVANIA,PA,US,STATE,3,CASES
1978,37,PENNSYLVANIA,PA,US,STATE,3,CASES
1978,38,PENNSYLVANIA,PA,US,STATE,7,CASES
1978,40,PENNSYLVANIA,PA,US,STATE,16,CASES
1978,42,PENNSYLVANIA,PA,US,STATE,23,CASES
1978,43,PENNSYLVANIA,PA,US,STATE,1,CASES
1978,44,PENNSYLVANIA,PA,US,STATE,16,CASES
1978,45,PENNSYLVANIA,PA,US,STATE,17,CASES
1978,46,PENNSYLVANIA,PA,US,STATE,46,CASES
1978,47,PENNSYLVANIA,PA,US,STATE,27,CASES
1978,48,PENNSYLVANIA,PA,US,STATE,87,CASES
1978,49,PENNSYLVANIA,PA,US,STATE,158,CASES
1978,50,PENNSYLVANIA,PA,US,STATE,91,CASES
1978,51,PENNSYLVANIA,PA,US,STATE,62,CASES
1978,52,PENNSYLVANIA,PA,US,STATE,90,CASES
1979,1,PENNSYLVANIA,PA,US,STATE,7,CASES
1979,4,PENNSYLVANIA,PA,US,STATE,8,CASES
1979,5,PENNSYLVANIA,PA,US,STATE,115,CASES
1979,7,PENNSYLVANIA,PA,US,STATE,217,CASES
1979,8,PENNSYLVANIA,PA,US,STATE,78,CASES
1979,9,PENNSYLVANIA,PA,US,STATE,94,CASES
1979,10,PENNSYLVANIA,PA,US,STATE,14,CASES
1979,11,PENNSYLVANIA,PA,US,STATE,294,CASES
1979,12,PENNSYLVANIA,PA,US,STATE,127,CASES
1979,14,PENNSYLVANIA,PA,US,STATE,207,CASES
1979,15,PENNSYLVANIA,PA,US,STATE,162,CASES
1979,16,PENNSYLVANIA,PA,US,STATE,88,CASES
1979,17,PENNSYLVANIA,PA,US,STATE,38,CASES
1979,18,PENNSYLVANIA,PA,US,STATE,217,CASES
1979,19,PENNSYLVANIA,PA,US,STATE,8,CASES
1979,20,PENNSYLVANIA,PA,US,STATE,175,CASES
1979,21,PENNSYLVANIA,PA,US,STATE,93,CASES
1979,22,PENNSYLVANIA,PA,US,STATE,54,CASES
1979,23,PENNSYLVANIA,PA,US,STATE,69,CASES
1979,24,PENNSYLVANIA,PA,US,STATE,63,CASES
1979,25,PENNSYLVANIA,PA,US,STATE,16,CASES
1979,26,PENNSYLVANIA,PA,US,STATE,14,CASES
1979,27,PENNSYLVANIA,PA,US,STATE,13,CASES
1979,28,PENNSYLVANIA,PA,US,STATE,3,CASES
1979,30,PENNSYLVANIA,PA,US,STATE,2,CASES
1979,31,PENNSYLVANIA,PA,US,STATE,4,CASES
1979,32,PENNSYLVANIA,PA,US,STATE,1,CASES
1979,33,PENNSYLVANIA,PA,US,STATE,2,CASES
1979,34,PENNSYLVANIA,PA,US,STATE,1,CASES
1979,35,PENNSYLVANIA,PA,US,STATE,1,CASES
1979,36,PENNSYLVANIA,PA,US,STATE,1,CASES
1979,37,PENNSYLVANIA,PA,US,STATE,3,CASES
1979,38,PENNSYLVANIA,PA,US,STATE,1,CASES
1979,39,PENNSYLVANIA,PA,US,STATE,3,CASES
1979,40,PENNSYLVANIA,PA,US,STATE,4,CASES
1979,41,PENNSYLVANIA,PA,US,STATE,3,CASES
1979,42,PENNSYLVANIA,PA,US,STATE,7,CASES
1979,43,PENNSYLVANIA,PA,US,STATE,4,CASES
1979,44,PENNSYLVANIA,PA,US,STATE,42,CASES
1979,45,PENNSYLVANIA,PA,US,STATE,26,CASES
1979,47,PENNSYLVANIA,PA,US,STATE,1,CASES
1979,48,PENNSYLVANIA,PA,US,STATE,99,CASES
1979,49,PENNSYLVANIA,PA,US,STATE,94,CASES
1979,50,PENNSYLVANIA,PA,US,STATE,51,CASES
1979,51,PENNSYLVANIA,PA,US,STATE,5,CASES
1980,1,PENNSYLVANIA,PA,US,STATE,26,CASES
1980,4,PENNSYLVANIA,PA,US,STATE,150,CASES
1980,5,PENNSYLVANIA,PA,US,STATE,118,CASES
1980,6,PENNSYLVANIA,PA,US,STATE,3,CASES
1980,7,PENNSYLVANIA,PA,US,STATE,356,CASES
1980,8,PENNSYLVANIA,PA,US,STATE,99,CASES
1980,9,PENNSYLVANIA,PA,US,STATE,163,CASES
1980,10,PENNSYLVANIA,PA,US,STATE,120,CASES
1980,12,PENNSYLVANIA,PA,US,STATE,266,CASES
1980,13,PENNSYLVANIA,PA,US,STATE,10,CASES
1980,14,PENNSYLVANIA,PA,US,STATE,213,CASES
1980,15,PENNSYLVANIA,PA,US,STATE,136,CASES
1980,16,PENNSYLVANIA,PA,US,STATE,179,CASES
1980,17,PENNSYLVANIA,PA,US,STATE,11,CASES
1980,18,PENNSYLVANIA,PA,US,STATE,18,CASES
1980,19,PENNSYLVANIA,PA,US,STATE,213,CASES
1980,20,PENNSYLVANIA,PA,US,STATE,166,CASES
1980,21,PENNSYLVANIA,PA,US,STATE,139,CASES
1980,22,PENNSYLVANIA,PA,US,STATE,90,CASES
1980,23,PENNSYLVANIA,PA,US,STATE,70,CASES
1980,24,PENNSYLVANIA,PA,US,STATE,13,CASES
1980,25,PENNSYLVANIA,PA,US,STATE,22,CASES
1980,26,PENNSYLVANIA,PA,US,STATE,7,CASES
1980,27,PENNSYLVANIA,PA,US,STATE,8,CASES
1980,28,PENNSYLVANIA,PA,US,STATE,8,CASES
1980,29,PENNSYLVANIA,PA,US,STATE,2,CASES
1980,30,PENNSYLVANIA,PA,US,STATE,4,CASES
1980,31,PENNSYLVANIA,PA,US,STATE,3,CASES
1980,32,PENNSYLVANIA,PA,US,STATE,3,CASES
1980,33,PENNSYLVANIA,PA,US,STATE,2,CASES
1980,35,PENNSYLVANIA,PA,US,STATE,1,CASES
1980,36,PENNSYLVANIA,PA,US,STATE,1,CASES
1980,51,PENNSYLVANIA,PA,US,STATE,40,CASES
1981,2,PENNSYLVANIA,PA,US,STATE,69,CASES
1981,3,PENNSYLVANIA,PA,US,STATE,37,CASES
1981,4,PENNSYLVANIA,PA,US,STATE,54,CASES
1981,5,PENNSYLVANIA,PA,US,STATE,118,CASES
1981,6,PENNSYLVANIA,PA,US,STATE,63,CASES
1981,7,PENNSYLVANIA,PA,US,STATE,35,CASES
1981,8,PENNSYLVANIA,PA,US,STATE,110,CASES
1981,9,PENNSYLVANIA,PA,US,STATE,78,CASES
1981,10,PENNSYLVANIA,PA,US,STATE,2,CASES
1981,11,PENNSYLVANIA,PA,US,STATE,73,CASES
1981,12,PENNSYLVANIA,PA,US,STATE,49,CASES
1981,13,PENNSYLVANIA,PA,US,STATE,52,CASES
1981,14,PENNSYLVANIA,PA,US,STATE,133,CASES
1981,15,PENNSYLVANIA,PA,US,STATE,95,CASES
1981,16,PENNSYLVANIA,PA,US,STATE,75,CASES
1981,18,PENNSYLVANIA,PA,US,STATE,170,CASES
1981,20,PENNSYLVANIA,PA,US,STATE,53,CASES
1981,21,PENNSYLVANIA,PA,US,STATE,22,CASES
1981,22,PENNSYLVANIA,PA,US,STATE,66,CASES
1981,26,PENNSYLVANIA,PA,US,STATE,2,CASES
1981,27,PENNSYLVANIA,PA,US,STATE,22,CASES
1981,28,PENNSYLVANIA,PA,US,STATE,2,CASES
1981,31,PENNSYLVANIA,PA,US,STATE,1,CASES
1981,43,PENNSYLVANIA,PA,US,STATE,1,CASES
1981,45,PENNSYLVANIA,PA,US,STATE,2,CASES
1981,48,PENNSYLVANIA,PA,US,STATE,1,CASES
2008,1,PENNSYLVANIA,PA,US,STATE,43,CASES
2008,2,PENNSYLVANIA,PA,US,STATE,61,CASES
2008,3,PENNSYLVANIA,PA,US,STATE,83,CASES
2008,4,PENNSYLVANIA,PA,US,STATE,72,CASES
2008,5,PENNSYLVANIA,PA,US,STATE,59,CASES
2008,6,PENNSYLVANIA,PA,US,STATE,71,CASES
2008,8,PENNSYLVANIA,PA,US,STATE,44,CASES
2008,9,PENNSYLVANIA,PA,US,STATE,56,CASES
2008,10,PENNSYLVANIA,PA,US,STATE,21,CASES
2008,11,PENNSYLVANIA,PA,US,STATE,60,CASES
2008,12,PENNSYLVANIA,PA,US,STATE,37,CASES
2008,13,PENNSYLVANIA,PA,US,STATE,58,CASES
2008,14,PENNSYLVANIA,PA,US,STATE,67,CASES
2008,15,PENNSYLVANIA,PA,US,STATE,55,CASES
2008,16,PENNSYLVANIA,PA,US,STATE,63,CASES
2008,18,PENNSYLVANIA,PA,US,STATE,61,CASES
2008,19,PENNSYLVANIA,PA,US,STATE,89,CASES
2008,20,PENNSYLVANIA,PA,US,STATE,66,CASES
2008,21,PENNSYLVANIA,PA,US,STATE,76,CASES
2008,22,PENNSYLVANIA,PA,US,STATE,51,CASES
2008,23,PENNSYLVANIA,PA,US,STATE,43,CASES
2008,24,PENNSYLVANIA,PA,US,STATE,70,CASES
2008,25,PENNSYLVANIA,PA,US,STATE,55,CASES
2008,26,PENNSYLVANIA,PA,US,STATE,30,CASES
2008,27,PENNSYLVANIA,PA,US,STATE,34,CASES
2008,28,PENNSYLVANIA,PA,US,STATE,29,CASES
2008,29,PENNSYLVANIA,PA,US,STATE,32,CASES
2008,30,PENNSYLVANIA,PA,US,STATE,33,CASES
2008,31,PENNSYLVANIA,PA,US,STATE,30,CASES
2008,32,PENNSYLVANIA,PA,US,STATE,26,CASES
2008,33,PENNSYLVANIA,PA,US,STATE,34,CASES
2008,34,PENNSYLVANIA,PA,US,STATE,28,CASES
2008,35,PENNSYLVANIA,PA,US,STATE,34,CASES
2008,36,PENNSYLVANIA,PA,US,STATE,37,CASES
2008,37,PENNSYLVANIA,PA,US,STATE,34,CASES
2008,38,PENNSYLVANIA,PA,US,STATE,53,CASES
2008,39,PENNSYLVANIA,PA,US,STATE,51,CASES
2008,40,PENNSYLVANIA,PA,US,STATE,57,CASES
2008,41,PENNSYLVANIA,PA,US,STATE,54,CASES
2008,42,PENNSYLVANIA,PA,US,STATE,50,CASES
2008,43,PENNSYLVANIA,PA,US,STATE,60,CASES
2008,44,PENNSYLVANIA,PA,US,STATE,66,CASES
2008,45,PENNSYLVANIA,PA,US,STATE,57,CASES
2008,46,PENNSYLVANIA,PA,US,STATE,47,CASES
2008,47,PENNSYLVANIA,PA,US,STATE,49,CASES
2008,48,PENNSYLVANIA,PA,US,STATE,39,CASES
2008,49,PENNSYLVANIA,PA,US,STATE,45,CASES
2008,50,PENNSYLVANIA,PA,US,STATE,60,CASES
2008,51,PENNSYLVANIA,PA,US,STATE,39,CASES
2008,52,PENNSYLVANIA,PA,US,STATE,55,CASES
2009,1,PENNSYLVANIA,PA,US,STATE,2,CASES
2009,3,PENNSYLVANIA,PA,US,STATE,37,CASES
2009,4,PENNSYLVANIA,PA,US,STATE,33,CASES
2009,5,PENNSYLVANIA,PA,US,STATE,39,CASES
2009,6,PENNSYLVANIA,PA,US,STATE,32,CASES
2009,7,PENNSYLVANIA,PA,US,STATE,23,CASES
2009,8,PENNSYLVANIA,PA,US,STATE,33,CASES
2009,9,PENNSYLVANIA,PA,US,STATE,33,CASES
2009,10,PENNSYLVANIA,PA,US,STATE,26,CASES
2009,11,PENNSYLVANIA,PA,US,STATE,23,CASES
2009,12,PENNSYLVANIA,PA,US,STATE,32,CASES
2009,13,PENNSYLVANIA,PA,US,STATE,29,CASES
2009,14,PENNSYLVANIA,PA,US,STATE,31,CASES
2009,15,PENNSYLVANIA,PA,US,STATE,33,CASES
2009,16,PENNSYLVANIA,PA,US,STATE,32,CASES
2009,17,PENNSYLVANIA,PA,US,STATE,26,CASES
2009,18,PENNSYLVANIA,PA,US,STATE,37,CASES
2009,19,PENNSYLVANIA,PA,US,STATE,44,CASES
2009,20,PENNSYLVANIA,PA,US,STATE,40,CASES
2009,21,PENNSYLVANIA,PA,US,STATE,24,CASES
2009,22,PENNSYLVANIA,PA,US,STATE,43,CASES
2009,23,PENNSYLVANIA,PA,US,STATE,15,CASES
2009,24,PENNSYLVANIA,PA,US,STATE,17,CASES
2009,26,PENNSYLVANIA,PA,US,STATE,9,CASES
2009,27,PENNSYLVANIA,PA,US,STATE,13,CASES
2009,28,PENNSYLVANIA,PA,US,STATE,13,CASES
2009,29,PENNSYLVANIA,PA,US,STATE,11,CASES
2009,30,PENNSYLVANIA,PA,US,STATE,5,CASES
2009,31,PENNSYLVANIA,PA,US,STATE,8,CASES
2009,32,PENNSYLVANIA,PA,US,STATE,14,CASES
2009,33,PENNSYLVANIA,PA,US,STATE,6,CASES
2009,34,PENNSYLVANIA,PA,US,STATE,6,CASES
2009,35,PENNSYLVANIA,PA,US,STATE,15,CASES
2009,36,PENNSYLVANIA,PA,US,STATE,10,CASES
2009,37,PENNSYLVANIA,PA,US,STATE,19,CASES
2009,38,PENNSYLVANIA,PA,US,STATE,35,CASES
2009,39,PENNSYLVANIA,PA,US,STATE,13,CASES
2009,40,PENNSYLVANIA,PA,US,STATE,28,CASES
2009,41,PENNSYLVANIA,PA,US,STATE,18,CASES
2009,42,PENNSYLVANIA,PA,US,STATE,23,CASES
2009,43,PENNSYLVANIA,PA,US,STATE,20,CASES
2009,44,PENNSYLVANIA,PA,US,STATE,12,CASES
2009,45,PENNSYLVANIA,PA,US,STATE,12,CASES
2009,46,PENNSYLVANIA,PA,US,STATE,9,CASES
2009,47,PENNSYLVANIA,PA,US,STATE,7,CASES
2009,48,PENNSYLVANIA,PA,US,STATE,11,CASES
2009,49,PENNSYLVANIA,PA,US,STATE,22,CASES
2009,50,PENNSYLVANIA,PA,US,STATE,14,CASES
2009,51,PENNSYLVANIA,PA,US,STATE,6,CASES
2009,52,PENNSYLVANIA,PA,US,STATE,13,CASES
2006,1,PENNSYLVANIA,PA,US,STATE,74,CASES
2006,2,PENNSYLVANIA,PA,US,STATE,145,CASES
2006,3,PENNSYLVANIA,PA,US,STATE,86,CASES
2006,4,PENNSYLVANIA,PA,US,STATE,108,CASES
2006,5,PENNSYLVANIA,PA,US,STATE,128,CASES
2006,6,PENNSYLVANIA,PA,US,STATE,115,CASES
2006,7,PENNSYLVANIA,PA,US,STATE,86,CASES
2006,8,PENNSYLVANIA,PA,US,STATE,87,CASES
2006,9,PENNSYLVANIA,PA,US,STATE,125,CASES
2006,10,PENNSYLVANIA,PA,US,STATE,70,CASES
2006,11,PENNSYLVANIA,PA,US,STATE,143,CASES
2006,12,PENNSYLVANIA,PA,US,STATE,139,CASES
2006,13,PENNSYLVANIA,PA,US,STATE,106,CASES
2006,14,PENNSYLVANIA,PA,US,STATE,118,CASES
2006,15,PENNSYLVANIA,PA,US,STATE,69,CASES
2006,16,PENNSYLVANIA,PA,US,STATE,84,CASES
2006,17,PENNSYLVANIA,PA,US,STATE,111,CASES
2006,18,PENNSYLVANIA,PA,US,STATE,77,CASES
2006,19,PENNSYLVANIA,PA,US,STATE,105,CASES
2006,20,PENNSYLVANIA,PA,US,STATE,74,CASES
2006,21,PENNSYLVANIA,PA,US,STATE,89,CASES
2006,22,PENNSYLVANIA,PA,US,STATE,80,CASES
2006,23,PENNSYLVANIA,PA,US,STATE,126,CASES
2006,24,PENNSYLVANIA,PA,US,STATE,45,CASES
2006,26,PENNSYLVANIA,PA,US,STATE,25,CASES
2006,27,PENNSYLVANIA,PA,US,STATE,16,CASES
2006,28,PENNSYLVANIA,PA,US,STATE,40,CASES
2006,30,PENNSYLVANIA,PA,US,STATE,14,CASES
2006,31,PENNSYLVANIA,PA,US,STATE,15,CASES
2006,32,PENNSYLVANIA,PA,US,STATE,25,CASES
2006,33,PENNSYLVANIA,PA,US,STATE,10,CASES
2006,34,PENNSYLVANIA,PA,US,STATE,7,CASES
2006,35,PENNSYLVANIA,PA,US,STATE,26,CASES
2006,36,PENNSYLVANIA,PA,US,STATE,21,CASES
2006,37,PENNSYLVANIA,PA,US,STATE,34,CASES
2006,38,PENNSYLVANIA,PA,US,STATE,63,CASES
2006,39,PENNSYLVANIA,PA,US,STATE,76,CASES
2006,40,PENNSYLVANIA,PA,US,STATE,84,CASES
2006,41,PENNSYLVANIA,PA,US,STATE,77,CASES
2006,42,PENNSYLVANIA,PA,US,STATE,88,CASES
2006,43,PENNSYLVANIA,PA,US,STATE,86,CASES
2006,44,PENNSYLVANIA,PA,US,STATE,77,CASES
2006,45,PENNSYLVANIA,PA,US,STATE,60,CASES
2006,47,PENNSYLVANIA,PA,US,STATE,86,CASES
2006,48,PENNSYLVANIA,PA,US,STATE,119,CASES
2006,49,PENNSYLVANIA,PA,US,STATE,95,CASES
2006,50,PENNSYLVANIA,PA,US,STATE,129,CASES
2006,51,PENNSYLVANIA,PA,US,STATE,97,CASES
2006,52,PENNSYLVANIA,PA,US,STATE,29,CASES
2007,3,PENNSYLVANIA,PA,US,STATE,114,CASES
2007,4,PENNSYLVANIA,PA,US,STATE,122,CASES
2007,5,PENNSYLVANIA,PA,US,STATE,123,CASES
2007,6,PENNSYLVANIA,PA,US,STATE,108,CASES
2007,7,PENNSYLVANIA,PA,US,STATE,81,CASES
2007,8,PENNSYLVANIA,PA,US,STATE,74,CASES
2007,10,PENNSYLVANIA,PA,US,STATE,94,CASES
2007,11,PENNSYLVANIA,PA,US,STATE,89,CASES
2007,12,PENNSYLVANIA,PA,US,STATE,91,CASES
2007,13,PENNSYLVANIA,PA,US,STATE,119,CASES
2007,14,PENNSYLVANIA,PA,US,STATE,60,CASES
2007,15,PENNSYLVANIA,PA,US,STATE,96,CASES
2007,16,PENNSYLVANIA,PA,US,STATE,98,CASES
2007,17,PENNSYLVANIA,PA,US,STATE,57,CASES
2007,18,PENNSYLVANIA,PA,US,STATE,97,CASES
2007,19,PENNSYLVANIA,PA,US,STATE,98,CASES
2007,20,PENNSYLVANIA,PA,US,STATE,80,CASES
2007,21,PENNSYLVANIA,PA,US,STATE,91,CASES
2007,22,PENNSYLVANIA,PA,US,STATE,89,CASES
2007,23,PENNSYLVANIA,PA,US,STATE,101,CASES
2007,24,PENNSYLVANIA,PA,US,STATE,30,CASES
2007,25,PENNSYLVANIA,PA,US,STATE,31,CASES
2007,26,PENNSYLVANIA,PA,US,STATE,40,CASES
2007,27,PENNSYLVANIA,PA,US,STATE,20,CASES
2007,28,PENNSYLVANIA,PA,US,STATE,31,CASES
2007,29,PENNSYLVANIA,PA,US,STATE,13,CASES
2007,30,PENNSYLVANIA,PA,US,STATE,13,CASES
2007,31,PENNSYLVANIA,PA,US,STATE,6,CASES
2007,32,PENNSYLVANIA,PA,US,STATE,12,CASES
2007,33,PENNSYLVANIA,PA,US,STATE,36,CASES
2007,34,PENNSYLVANIA,PA,US,STATE,40,CASES
2007,36,PENNSYLVANIA,PA,US,STATE,25,CASES
2007,37,PENNSYLVANIA,PA,US,STATE,97,CASES
2007,38,PENNSYLVANIA,PA,US,STATE,1,CASES
2007,42,PENNSYLVANIA,PA,US,STATE,2,CASES
2007,43,PENNSYLVANIA,PA,US,STATE,1,CASES
2007,44,PENNSYLVANIA,PA,US,STATE,1,CASES
2007,45,PENNSYLVANIA,PA,US,STATE,1,CASES
2007,46,PENNSYLVANIA,PA,US,STATE,2,CASES
2007,48,PENNSYLVANIA,PA,US,STATE,48,CASES
2007,49,PENNSYLVANIA,PA,US,STATE,64,CASES
2007,51,PENNSYLVANIA,PA,US,STATE,62,CASES
2007,52,PENNSYLVANIA,PA,US,STATE,45,CASES
2010,1,PENNSYLVANIA,PA,US,STATE,7,CASES
2010,2,PENNSYLVANIA,PA,US,STATE,18,CASES
2010,3,PENNSYLVANIA,PA,US,STATE,18,CASES
2010,4,PENNSYLVANIA,PA,US,STATE,16,CASES
2010,5,PENNSYLVANIA,PA,US,STATE,28,CASES
2010,6,PENNSYLVANIA,PA,US,STATE,11,CASES
2010,7,PENNSYLVANIA,PA,US,STATE,14,CASES
2010,8,PENNSYLVANIA,PA,US,STATE,9,CASES
2010,9,PENNSYLVANIA,PA,US,STATE,11,CASES
2010,10,PENNSYLVANIA,PA,US,STATE,21,CASES
2010,11,PENNSYLVANIA,PA,US,STATE,22,CASES
2010,12,PENNSYLVANIA,PA,US,STATE,17,CASES
2010,13,PENNSYLVANIA,PA,US,STATE,16,CASES
2010,14,PENNSYLVANIA,PA,US,STATE,9,CASES
2010,15,PENNSYLVANIA,PA,US,STATE,20,CASES
2010,16,PENNSYLVANIA,PA,US,STATE,22,CASES
2010,17,PENNSYLVANIA,PA,US,STATE,19,CASES
2010,18,PENNSYLVANIA,PA,US,STATE,16,CASES
2010,19,PENNSYLVANIA,PA,US,STATE,14,CASES
2010,20,PENNSYLVANIA,PA,US,STATE,18,CASES
2010,21,PENNSYLVANIA,PA,US,STATE,28,CASES
2010,22,PENNSYLVANIA,PA,US,STATE,27,CASES
2010,23,PENNSYLVANIA,PA,US,STATE,19,CASES
2010,24,PENNSYLVANIA,PA,US,STATE,13,CASES
2010,25,PENNSYLVANIA,PA,US,STATE,9,CASES
2010,26,PENNSYLVANIA,PA,US,STATE,6,CASES
2010,27,PENNSYLVANIA,PA,US,STATE,5,CASES
2010,28,PENNSYLVANIA,PA,US,STATE,12,CASES
2010,29,PENNSYLVANIA,PA,US,STATE,5,CASES
2010,30,PENNSYLVANIA,PA,US,STATE,11,CASES
2010,31,PENNSYLVANIA,PA,US,STATE,6,CASES
2010,32,PENNSYLVANIA,PA,US,STATE,9,CASES
2010,33,PENNSYLVANIA,PA,US,STATE,7,CASES
2010,34,PENNSYLVANIA,PA,US,STATE,11,CASES
2010,35,PENNSYLVANIA,PA,US,STATE,15,CASES
2010,36,PENNSYLVANIA,PA,US,STATE,11,CASES
2010,37,PENNSYLVANIA,PA,US,STATE,19,CASES
2010,38,PENNSYLVANIA,PA,US,STATE,21,CASES
2010,39,PENNSYLVANIA,PA,US,STATE,19,CASES
2010,40,PENNSYLVANIA,PA,US,STATE,13,CASES
2010,41,PENNSYLVANIA,PA,US,STATE,13,CASES
2010,42,PENNSYLVANIA,PA,US,STATE,9,CASES
2010,43,PENNSYLVANIA,PA,US,STATE,23,CASES
2010,44,PENNSYLVANIA,PA,US,STATE,34,CASES
2010,45,PENNSYLVANIA,PA,US,STATE,24,CASES
2010,46,PENNSYLVANIA,PA,US,STATE,16,CASES
2010,47,PENNSYLVANIA,PA,US,STATE,9,CASES
2010,48,PENNSYLVANIA,PA,US,STATE,38,CASES
2010,49,PENNSYLVANIA,PA,US,STATE,29,CASES
2010,50,PENNSYLVANIA,PA,US,STATE,29,CASES
2010,51,PENNSYLVANIA,PA,US,STATE,12,CASES
2010,52,PENNSYLVANIA,PA,US,STATE,6,CASES
2011,1,PENNSYLVANIA,PA,US,STATE,11,CASES
2011,2,PENNSYLVANIA,PA,US,STATE,13,CASES
2011,3,PENNSYLVANIA,PA,US,STATE,6,CASES
2011,4,PENNSYLVANIA,PA,US,STATE,11,CASES
2011,5,PENNSYLVANIA,PA,US,STATE,17,CASES
2011,6,PENNSYLVANIA,PA,US,STATE,12,CASES
2011,7,PENNSYLVANIA,PA,US,STATE,8,CASES
2011,8,PENNSYLVANIA,PA,US,STATE,26,CASES
2011,9,PENNSYLVANIA,PA,US,STATE,16,CASES
2011,10,PENNSYLVANIA,PA,US,STATE,15,CASES
2011,11,PENNSYLVANIA,PA,US,STATE,13,CASES
2011,12,PENNSYLVANIA,PA,US,STATE,20,CASES
2011,13,PENNSYLVANIA,PA,US,STATE,19,CASES
2011,14,PENNSYLVANIA,PA,US,STATE,22,CASES
2011,15,PENNSYLVANIA,PA,US,STATE,31,CASES
2011,16,PENNSYLVANIA,PA,US,STATE,19,CASES
2011,17,PENNSYLVANIA,PA,US,STATE,16,CASES
2011,18,PENNSYLVANIA,PA,US,STATE,20,CASES
2011,19,PENNSYLVANIA,PA,US,STATE,17,CASES
2011,20,PENNSYLVANIA,PA,US,STATE,34,CASES
2011,21,PENNSYLVANIA,PA,US,STATE,20,CASES
2011,22,PENNSYLVANIA,PA,US,STATE,24,CASES
2011,23,PENNSYLVANIA,PA,US,STATE,21,CASES
2011,24,PENNSYLVANIA,PA,US,STATE,15,CASES
2011,25,PENNSYLVANIA,PA,US,STATE,9,CASES
2011,26,PENNSYLVANIA,PA,US,STATE,1,CASES
2011,27,PENNSYLVANIA,PA,US,STATE,8,CASES
2011,28,PENNSYLVANIA,PA,US,STATE,15,CASES
2011,29,PENNSYLVANIA,PA,US,STATE,8,CASES
2011,30,PENNSYLVANIA,PA,US,STATE,7,CASES
2011,31,PENNSYLVANIA,PA,US,STATE,3,CASES
2011,32,PENNSYLVANIA,PA,US,STATE,10,CASES
2011,33,PENNSYLVANIA,PA,US,STATE,2,CASES
2011,34,PENNSYLVANIA,PA,US,STATE,7,CASES
2011,35,PENNSYLVANIA,PA,US,STATE,8,CASES
2011,36,PENNSYLVANIA,PA,US,STATE,5,CASES
2011,37,PENNSYLVANIA,PA,US,STATE,21,CASES
2011,38,PENNSYLVANIA,PA,US,STATE,14,CASES
2011,39,PENNSYLVANIA,PA,US,STATE,25,CASES
2011,40,PENNSYLVANIA,PA,US,STATE,14,CASES
2011,41,PENNSYLVANIA,PA,US,STATE,13,CASES
2011,42,PENNSYLVANIA,PA,US,STATE,13,CASES
2011,43,PENNSYLVANIA,PA,US,STATE,25,CASES
2011,44,PENNSYLVANIA,PA,US,STATE,19,CASES
2011,45,PENNSYLVANIA,PA,US,STATE,13,CASES
2011,46,PENNSYLVANIA,PA,US,STATE,14,CASES
2011,47,PENNSYLVANIA,PA,US,STATE,10,CASES
2011,48,PENNSYLVANIA,PA,US,STATE,13,CASES
2011,49,PENNSYLVANIA,PA,US,STATE,11,CASES
2011,50,PENNSYLVANIA,PA,US,STATE,15,CASES
2011,51,PENNSYLVANIA,PA,US,STATE,16,CASES
2011,52,PENNSYLVANIA,PA,US,STATE,6,CASES
2012,1,PENNSYLVANIA,PA,US,STATE,15,CASES
2012,2,PENNSYLVANIA,PA,US,STATE,9,CASES
2012,3,PENNSYLVANIA,PA,US,STATE,9,CASES
2012,4,PENNSYLVANIA,PA,US,STATE,15,CASES
2012,5,PENNSYLVANIA,PA,US,STATE,16,CASES
2012,6,PENNSYLVANIA,PA,US,STATE,11,CASES
2012,7,PENNSYLVANIA,PA,US,STATE,29,CASES
2012,8,PENNSYLVANIA,PA,US,STATE,26,CASES
2012,9,PENNSYLVANIA,PA,US,STATE,15,CASES
2012,10,PENNSYLVANIA,PA,US,STATE,10,CASES
2012,11,PENNSYLVANIA,PA,US,STATE,21,CASES
2012,12,PENNSYLVANIA,PA,US,STATE,10,CASES
2012,13,PENNSYLVANIA,PA,US,STATE,20,CASES
2012,14,PENNSYLVANIA,PA,US,STATE,14,CASES
2012,15,PENNSYLVANIA,PA,US,STATE,23,CASES
2012,16,PENNSYLVANIA,PA,US,STATE,16,CASES
2012,17,PENNSYLVANIA,PA,US,STATE,9,CASES
2012,18,PENNSYLVANIA,PA,US,STATE,22,CASES
2012,19,PENNSYLVANIA,PA,US,STATE,14,CASES
2012,20,PENNSYLVANIA,PA,US,STATE,17,CASES
2012,21,PENNSYLVANIA,PA,US,STATE,17,CASES
2012,22,PENNSYLVANIA,PA,US,STATE,21,CASES
2012,23,PENNSYLVANIA,PA,US,STATE,12,CASES
2012,24,PENNSYLVANIA,PA,US,STATE,12,CASES
2012,25,PENNSYLVANIA,PA,US,STATE,5,CASES
2012,26,PENNSYLVANIA,PA,US,STATE,2,CASES
2012,27,PENNSYLVANIA,PA,US,STATE,4,CASES
2012,28,PENNSYLVANIA,PA,US,STATE,9,CASES
2012,29,PENNSYLVANIA,PA,US,STATE,9,CASES
2012,30,PENNSYLVANIA,PA,US,STATE,6,CASES
2012,31,PENNSYLVANIA,PA,US,STATE,2,CASES
2012,32,PENNSYLVANIA,PA,US,STATE,5,CASES
2012,33,PENNSYLVANIA,PA,US,STATE,4,CASES
2012,34,PENNSYLVANIA,PA,US,STATE,4,CASES
2012,35,PENNSYLVANIA,PA,US,STATE,7,CASES
2012,36,PENNSYLVANIA,PA,US,STATE,10,CASES
2012,37,PENNSYLVANIA,PA,US,STATE,13,CASES
2012,38,PENNSYLVANIA,PA,US,STATE,7,CASES
2012,39,PENNSYLVANIA,PA,US,STATE,18,CASES
2012,40,PENNSYLVANIA,PA,US,STATE,7,CASES
2012,41,PENNSYLVANIA,PA,US,STATE,12,CASES
2012,42,PENNSYLVANIA,PA,US,STATE,27,CASES
2012,44,PENNSYLVANIA,PA,US,STATE,9,CASES
2012,45,PENNSYLVANIA,PA,US,STATE,17,CASES
2012,46,PENNSYLVANIA,PA,US,STATE,12,CASES
2012,47,PENNSYLVANIA,PA,US,STATE,9,CASES
2012,48,PENNSYLVANIA,PA,US,STATE,17,CASES
2012,49,PENNSYLVANIA,PA,US,STATE,10,CASES
2012,50,PENNSYLVANIA,PA,US,STATE,12,CASES
2012,51,PENNSYLVANIA,PA,US,STATE,12,CASES
2012,52,PENNSYLVANIA,PA,US,STATE,7,CASES
2013,1,PENNSYLVANIA,PA,US,STATE,10,CASES
2013,2,PENNSYLVANIA,PA,US,STATE,13,CASES
2013,3,PENNSYLVANIA,PA,US,STATE,6,CASES
2013,4,PENNSYLVANIA,PA,US,STATE,7,CASES
2013,5,PENNSYLVANIA,PA,US,STATE,14,CASES
2013,6,PENNSYLVANIA,PA,US,STATE,10,CASES
2013,7,PENNSYLVANIA,PA,US,STATE,18,CASES
2013,8,PENNSYLVANIA,PA,US,STATE,5,CASES
2013,9,PENNSYLVANIA,PA,US,STATE,12,CASES
2013,10,PENNSYLVANIA,PA,US,STATE,11,CASES
2013,11,PENNSYLVANIA,PA,US,STATE,8,CASES
2013,12,PENNSYLVANIA,PA,US,STATE,17,CASES
2013,13,PENNSYLVANIA,PA,US,STATE,12,CASES
2013,14,PENNSYLVANIA,PA,US,STATE,11,CASES
2013,15,PENNSYLVANIA,PA,US,STATE,19,CASES
2013,16,PENNSYLVANIA,PA,US,STATE,7,CASES
2013,17,PENNSYLVANIA,PA,US,STATE,13,CASES
2013,18,PENNSYLVANIA,PA,US,STATE,16,CASES
2013,19,PENNSYLVANIA,PA,US,STATE,15,CASES
2013,20,PENNSYLVANIA,PA,US,STATE,14,CASES
2013,21,PENNSYLVANIA,PA,US,STATE,11,CASES
2013,22,PENNSYLVANIA,PA,US,STATE,18,CASES
2013,23,PENNSYLVANIA,PA,US,STATE,10,CASES
2013,24,PENNSYLVANIA,PA,US,STATE,11,CASES
2013,25,PENNSYLVANIA,PA,US,STATE,7,CASES
2013,26,PENNSYLVANIA,PA,US,STATE,5,CASES
2013,27,PENNSYLVANIA,PA,US,STATE,11,CASES
2013,28,PENNSYLVANIA,PA,US,STATE,7,CASES
2013,29,PENNSYLVANIA,PA,US,STATE,9,CASES
2013,30,PENNSYLVANIA,PA,US,STATE,6,CASES
2013,31,PENNSYLVANIA,PA,US,STATE,5,CASES
2013,32,PENNSYLVANIA,PA,US,STATE,5,CASES
