year,week,loc,state,country,loc_type,number,event
1927,47,RHODE ISLAND,RI,US,STATE,13,CASES
1927,48,RHODE ISLAND,RI,US,STATE,31,CASES
1927,49,RHODE ISLAND,RI,US,STATE,25,CASES
1927,51,RHODE ISLAND,RI,US,STATE,31,CASES
1927,52,RHODE ISLAND,RI,US,STATE,11,CASES
1928,1,RHODE ISLAND,RI,US,STATE,19,CASES
1928,2,RHODE ISLAND,RI,US,STATE,17,CASES
1928,3,RHODE ISLAND,RI,US,STATE,19,CASES
1928,4,RHODE ISLAND,RI,US,STATE,16,CASES
1928,5,RHODE ISLAND,RI,US,STATE,13,CASES
1928,6,RHODE ISLAND,RI,US,STATE,13,CASES
1928,7,RHODE ISLAND,RI,US,STATE,6,CASES
1928,8,RHODE ISLAND,RI,US,STATE,9,CASES
1928,9,RHODE ISLAND,RI,US,STATE,9,CASES
1928,10,RHODE ISLAND,RI,US,STATE,10,CASES
1928,11,RHODE ISLAND,RI,US,STATE,10,CASES
1928,12,RHODE ISLAND,RI,US,STATE,7,CASES
1928,13,RHODE ISLAND,RI,US,STATE,14,CASES
1928,14,RHODE ISLAND,RI,US,STATE,7,CASES
1928,15,RHODE ISLAND,RI,US,STATE,15,CASES
1928,16,RHODE ISLAND,RI,US,STATE,5,CASES
1928,17,RHODE ISLAND,RI,US,STATE,8,CASES
1928,18,RHODE ISLAND,RI,US,STATE,6,CASES
1928,19,RHODE ISLAND,RI,US,STATE,4,CASES
1928,20,RHODE ISLAND,RI,US,STATE,8,CASES
1928,21,RHODE ISLAND,RI,US,STATE,1,CASES
1928,22,RHODE ISLAND,RI,US,STATE,5,CASES
1928,23,RHODE ISLAND,RI,US,STATE,6,CASES
1928,24,RHODE ISLAND,RI,US,STATE,2,CASES
1928,25,RHODE ISLAND,RI,US,STATE,9,CASES
1928,26,RHODE ISLAND,RI,US,STATE,4,CASES
1928,27,RHODE ISLAND,RI,US,STATE,2,CASES
1928,28,RHODE ISLAND,RI,US,STATE,11,CASES
1928,29,RHODE ISLAND,RI,US,STATE,2,CASES
1928,30,RHODE ISLAND,RI,US,STATE,5,CASES
1928,31,RHODE ISLAND,RI,US,STATE,7,CASES
1928,32,RHODE ISLAND,RI,US,STATE,2,CASES
1928,34,RHODE ISLAND,RI,US,STATE,4,CASES
1928,35,RHODE ISLAND,RI,US,STATE,3,CASES
1928,36,RHODE ISLAND,RI,US,STATE,2,CASES
1928,37,RHODE ISLAND,RI,US,STATE,6,CASES
1928,38,RHODE ISLAND,RI,US,STATE,4,CASES
1928,39,RHODE ISLAND,RI,US,STATE,7,CASES
1928,40,RHODE ISLAND,RI,US,STATE,13,CASES
1928,41,RHODE ISLAND,RI,US,STATE,12,CASES
1928,42,RHODE ISLAND,RI,US,STATE,10,CASES
1928,43,RHODE ISLAND,RI,US,STATE,12,CASES
1928,45,RHODE ISLAND,RI,US,STATE,12,CASES
1928,46,RHODE ISLAND,RI,US,STATE,22,CASES
1928,47,RHODE ISLAND,RI,US,STATE,20,CASES
1928,48,RHODE ISLAND,RI,US,STATE,35,CASES
1928,49,RHODE ISLAND,RI,US,STATE,21,CASES
1928,50,RHODE ISLAND,RI,US,STATE,12,CASES
1928,51,RHODE ISLAND,RI,US,STATE,17,CASES
1928,52,RHODE ISLAND,RI,US,STATE,18,CASES
1929,1,RHODE ISLAND,RI,US,STATE,15,CASES
1929,2,RHODE ISLAND,RI,US,STATE,6,CASES
1929,3,RHODE ISLAND,RI,US,STATE,13,CASES
1929,4,RHODE ISLAND,RI,US,STATE,14,CASES
1929,5,RHODE ISLAND,RI,US,STATE,2,CASES
1929,6,RHODE ISLAND,RI,US,STATE,10,CASES
1929,7,RHODE ISLAND,RI,US,STATE,6,CASES
1929,8,RHODE ISLAND,RI,US,STATE,14,CASES
1929,9,RHODE ISLAND,RI,US,STATE,8,CASES
1929,10,RHODE ISLAND,RI,US,STATE,6,CASES
1929,11,RHODE ISLAND,RI,US,STATE,10,CASES
1929,12,RHODE ISLAND,RI,US,STATE,11,CASES
1929,13,RHODE ISLAND,RI,US,STATE,7,CASES
1929,14,RHODE ISLAND,RI,US,STATE,14,CASES
1929,15,RHODE ISLAND,RI,US,STATE,12,CASES
1929,16,RHODE ISLAND,RI,US,STATE,11,CASES
1929,17,RHODE ISLAND,RI,US,STATE,9,CASES
1929,18,RHODE ISLAND,RI,US,STATE,8,CASES
1929,19,RHODE ISLAND,RI,US,STATE,6,CASES
1929,20,RHODE ISLAND,RI,US,STATE,7,CASES
1929,21,RHODE ISLAND,RI,US,STATE,8,CASES
1929,22,RHODE ISLAND,RI,US,STATE,8,CASES
1929,23,RHODE ISLAND,RI,US,STATE,9,CASES
1929,24,RHODE ISLAND,RI,US,STATE,8,CASES
1929,25,RHODE ISLAND,RI,US,STATE,3,CASES
1929,26,RHODE ISLAND,RI,US,STATE,5,CASES
1929,27,RHODE ISLAND,RI,US,STATE,5,CASES
1929,28,RHODE ISLAND,RI,US,STATE,3,CASES
1929,29,RHODE ISLAND,RI,US,STATE,3,CASES
1929,30,RHODE ISLAND,RI,US,STATE,2,CASES
1929,31,RHODE ISLAND,RI,US,STATE,2,CASES
1929,32,RHODE ISLAND,RI,US,STATE,2,CASES
1929,33,RHODE ISLAND,RI,US,STATE,3,CASES
1929,34,RHODE ISLAND,RI,US,STATE,5,CASES
1929,35,RHODE ISLAND,RI,US,STATE,3,CASES
1929,36,RHODE ISLAND,RI,US,STATE,2,CASES
1929,37,RHODE ISLAND,RI,US,STATE,9,CASES
1929,38,RHODE ISLAND,RI,US,STATE,4,CASES
1929,39,RHODE ISLAND,RI,US,STATE,8,CASES
1929,40,RHODE ISLAND,RI,US,STATE,5,CASES
1929,41,RHODE ISLAND,RI,US,STATE,12,CASES
1929,42,RHODE ISLAND,RI,US,STATE,7,CASES
1929,43,RHODE ISLAND,RI,US,STATE,13,CASES
1929,44,RHODE ISLAND,RI,US,STATE,14,CASES
1929,45,RHODE ISLAND,RI,US,STATE,15,CASES
1929,46,RHODE ISLAND,RI,US,STATE,15,CASES
1929,47,RHODE ISLAND,RI,US,STATE,22,CASES
1929,48,RHODE ISLAND,RI,US,STATE,17,CASES
1929,49,RHODE ISLAND,RI,US,STATE,10,CASES
1929,50,RHODE ISLAND,RI,US,STATE,12,CASES
1929,51,RHODE ISLAND,RI,US,STATE,4,CASES
1929,52,RHODE ISLAND,RI,US,STATE,7,CASES
1930,1,RHODE ISLAND,RI,US,STATE,16,CASES
1930,3,RHODE ISLAND,RI,US,STATE,12,CASES
1930,4,RHODE ISLAND,RI,US,STATE,12,CASES
1930,5,RHODE ISLAND,RI,US,STATE,14,CASES
1930,6,RHODE ISLAND,RI,US,STATE,8,CASES
1930,7,RHODE ISLAND,RI,US,STATE,15,CASES
1930,8,RHODE ISLAND,RI,US,STATE,18,CASES
1930,9,RHODE ISLAND,RI,US,STATE,5,CASES
1930,10,RHODE ISLAND,RI,US,STATE,13,CASES
1930,11,RHODE ISLAND,RI,US,STATE,25,CASES
1930,12,RHODE ISLAND,RI,US,STATE,4,CASES
1930,13,RHODE ISLAND,RI,US,STATE,7,CASES
1930,14,RHODE ISLAND,RI,US,STATE,2,CASES
1930,15,RHODE ISLAND,RI,US,STATE,7,CASES
1930,16,RHODE ISLAND,RI,US,STATE,10,CASES
1930,17,RHODE ISLAND,RI,US,STATE,6,CASES
1930,18,RHODE ISLAND,RI,US,STATE,7,CASES
1930,19,RHODE ISLAND,RI,US,STATE,9,CASES
1930,20,RHODE ISLAND,RI,US,STATE,3,CASES
1930,21,RHODE ISLAND,RI,US,STATE,3,CASES
1930,22,RHODE ISLAND,RI,US,STATE,3,CASES
1930,23,RHODE ISLAND,RI,US,STATE,6,CASES
1930,25,RHODE ISLAND,RI,US,STATE,3,CASES
1930,26,RHODE ISLAND,RI,US,STATE,7,CASES
1930,27,RHODE ISLAND,RI,US,STATE,2,CASES
1930,28,RHODE ISLAND,RI,US,STATE,2,CASES
1930,29,RHODE ISLAND,RI,US,STATE,1,CASES
1930,30,RHODE ISLAND,RI,US,STATE,1,CASES
1930,31,RHODE ISLAND,RI,US,STATE,2,CASES
1930,32,RHODE ISLAND,RI,US,STATE,5,CASES
1930,34,RHODE ISLAND,RI,US,STATE,1,CASES
1930,35,RHODE ISLAND,RI,US,STATE,4,CASES
1930,36,RHODE ISLAND,RI,US,STATE,4,CASES
1930,37,RHODE ISLAND,RI,US,STATE,4,CASES
1930,38,RHODE ISLAND,RI,US,STATE,5,CASES
1930,39,RHODE ISLAND,RI,US,STATE,6,CASES
1930,40,RHODE ISLAND,RI,US,STATE,4,CASES
1930,41,RHODE ISLAND,RI,US,STATE,25,CASES
1930,42,RHODE ISLAND,RI,US,STATE,7,CASES
1930,43,RHODE ISLAND,RI,US,STATE,8,CASES
1930,44,RHODE ISLAND,RI,US,STATE,11,CASES
1930,45,RHODE ISLAND,RI,US,STATE,10,CASES
1930,46,RHODE ISLAND,RI,US,STATE,6,CASES
1930,47,RHODE ISLAND,RI,US,STATE,12,CASES
1930,48,RHODE ISLAND,RI,US,STATE,4,CASES
1930,49,RHODE ISLAND,RI,US,STATE,7,CASES
1930,50,RHODE ISLAND,RI,US,STATE,16,CASES
1930,51,RHODE ISLAND,RI,US,STATE,7,CASES
1930,52,RHODE ISLAND,RI,US,STATE,8,CASES
1930,53,RHODE ISLAND,RI,US,STATE,5,CASES
1931,1,RHODE ISLAND,RI,US,STATE,2,CASES
1931,2,RHODE ISLAND,RI,US,STATE,7,CASES
1931,3,RHODE ISLAND,RI,US,STATE,8,CASES
1931,4,RHODE ISLAND,RI,US,STATE,7,CASES
1931,5,RHODE ISLAND,RI,US,STATE,8,CASES
1931,6,RHODE ISLAND,RI,US,STATE,13,CASES
1931,7,RHODE ISLAND,RI,US,STATE,2,CASES
1931,8,RHODE ISLAND,RI,US,STATE,7,CASES
1931,9,RHODE ISLAND,RI,US,STATE,10,CASES
1931,10,RHODE ISLAND,RI,US,STATE,3,CASES
1931,11,RHODE ISLAND,RI,US,STATE,6,CASES
1931,12,RHODE ISLAND,RI,US,STATE,3,CASES
1931,13,RHODE ISLAND,RI,US,STATE,3,CASES
1931,14,RHODE ISLAND,RI,US,STATE,4,CASES
1931,15,RHODE ISLAND,RI,US,STATE,6,CASES
1931,16,RHODE ISLAND,RI,US,STATE,9,CASES
1931,17,RHODE ISLAND,RI,US,STATE,3,CASES
1931,18,RHODE ISLAND,RI,US,STATE,8,CASES
1931,19,RHODE ISLAND,RI,US,STATE,3,CASES
1931,20,RHODE ISLAND,RI,US,STATE,4,CASES
1931,21,RHODE ISLAND,RI,US,STATE,4,CASES
1931,22,RHODE ISLAND,RI,US,STATE,9,CASES
1931,23,RHODE ISLAND,RI,US,STATE,6,CASES
1931,24,RHODE ISLAND,RI,US,STATE,8,CASES
1931,25,RHODE ISLAND,RI,US,STATE,2,CASES
1931,26,RHODE ISLAND,RI,US,STATE,11,CASES
1931,27,RHODE ISLAND,RI,US,STATE,4,CASES
1931,28,RHODE ISLAND,RI,US,STATE,2,CASES
1931,29,RHODE ISLAND,RI,US,STATE,1,CASES
1931,30,RHODE ISLAND,RI,US,STATE,5,CASES
1931,31,RHODE ISLAND,RI,US,STATE,5,CASES
1931,32,RHODE ISLAND,RI,US,STATE,2,CASES
1931,33,RHODE ISLAND,RI,US,STATE,1,CASES
1931,35,RHODE ISLAND,RI,US,STATE,1,CASES
1931,37,RHODE ISLAND,RI,US,STATE,5,CASES
1931,38,RHODE ISLAND,RI,US,STATE,1,CASES
1931,39,RHODE ISLAND,RI,US,STATE,8,CASES
1931,40,RHODE ISLAND,RI,US,STATE,2,CASES
1931,41,RHODE ISLAND,RI,US,STATE,2,CASES
1931,42,RHODE ISLAND,RI,US,STATE,5,CASES
1931,43,RHODE ISLAND,RI,US,STATE,7,CASES
1931,44,RHODE ISLAND,RI,US,STATE,11,CASES
1931,45,RHODE ISLAND,RI,US,STATE,8,CASES
1931,46,RHODE ISLAND,RI,US,STATE,3,CASES
1931,47,RHODE ISLAND,RI,US,STATE,12,CASES
1931,48,RHODE ISLAND,RI,US,STATE,2,CASES
1931,49,RHODE ISLAND,RI,US,STATE,7,CASES
1931,50,RHODE ISLAND,RI,US,STATE,4,CASES
1931,51,RHODE ISLAND,RI,US,STATE,5,CASES
1931,52,RHODE ISLAND,RI,US,STATE,5,CASES
1932,1,RHODE ISLAND,RI,US,STATE,12,CASES
1932,2,RHODE ISLAND,RI,US,STATE,8,CASES
1932,3,RHODE ISLAND,RI,US,STATE,4,CASES
1932,4,RHODE ISLAND,RI,US,STATE,11,CASES
1932,5,RHODE ISLAND,RI,US,STATE,9,CASES
1932,6,RHODE ISLAND,RI,US,STATE,8,CASES
1932,7,RHODE ISLAND,RI,US,STATE,2,CASES
1932,8,RHODE ISLAND,RI,US,STATE,2,CASES
1932,9,RHODE ISLAND,RI,US,STATE,13,CASES
1932,10,RHODE ISLAND,RI,US,STATE,3,CASES
1932,11,RHODE ISLAND,RI,US,STATE,5,CASES
1932,12,RHODE ISLAND,RI,US,STATE,11,CASES
1932,13,RHODE ISLAND,RI,US,STATE,6,CASES
1932,14,RHODE ISLAND,RI,US,STATE,5,CASES
1932,15,RHODE ISLAND,RI,US,STATE,3,CASES
1932,16,RHODE ISLAND,RI,US,STATE,11,CASES
1932,17,RHODE ISLAND,RI,US,STATE,2,CASES
1932,18,RHODE ISLAND,RI,US,STATE,5,CASES
1932,19,RHODE ISLAND,RI,US,STATE,3,CASES
1932,20,RHODE ISLAND,RI,US,STATE,4,CASES
1932,21,RHODE ISLAND,RI,US,STATE,3,CASES
1932,22,RHODE ISLAND,RI,US,STATE,4,CASES
1932,23,RHODE ISLAND,RI,US,STATE,8,CASES
1932,24,RHODE ISLAND,RI,US,STATE,6,CASES
1932,25,RHODE ISLAND,RI,US,STATE,5,CASES
1932,26,RHODE ISLAND,RI,US,STATE,6,CASES
1932,27,RHODE ISLAND,RI,US,STATE,1,CASES
1932,28,RHODE ISLAND,RI,US,STATE,4,CASES
1932,29,RHODE ISLAND,RI,US,STATE,2,CASES
1932,30,RHODE ISLAND,RI,US,STATE,1,CASES
1932,31,RHODE ISLAND,RI,US,STATE,1,CASES
1932,33,RHODE ISLAND,RI,US,STATE,1,CASES
1932,34,RHODE ISLAND,RI,US,STATE,2,CASES
1932,36,RHODE ISLAND,RI,US,STATE,2,CASES
1932,37,RHODE ISLAND,RI,US,STATE,1,CASES
1932,38,RHODE ISLAND,RI,US,STATE,3,CASES
1932,39,RHODE ISLAND,RI,US,STATE,5,CASES
1932,40,RHODE ISLAND,RI,US,STATE,5,CASES
1932,41,RHODE ISLAND,RI,US,STATE,3,CASES
1932,42,RHODE ISLAND,RI,US,STATE,10,CASES
1932,43,RHODE ISLAND,RI,US,STATE,7,CASES
1932,44,RHODE ISLAND,RI,US,STATE,4,CASES
1932,45,RHODE ISLAND,RI,US,STATE,5,CASES
1932,46,RHODE ISLAND,RI,US,STATE,2,CASES
1932,47,RHODE ISLAND,RI,US,STATE,6,CASES
1932,48,RHODE ISLAND,RI,US,STATE,4,CASES
1932,50,RHODE ISLAND,RI,US,STATE,4,CASES
1932,51,RHODE ISLAND,RI,US,STATE,2,CASES
1932,52,RHODE ISLAND,RI,US,STATE,1,CASES
1933,1,RHODE ISLAND,RI,US,STATE,5,CASES
1933,2,RHODE ISLAND,RI,US,STATE,4,CASES
1933,3,RHODE ISLAND,RI,US,STATE,5,CASES
1933,4,RHODE ISLAND,RI,US,STATE,5,CASES
1933,5,RHODE ISLAND,RI,US,STATE,5,CASES
1933,6,RHODE ISLAND,RI,US,STATE,1,CASES
1933,7,RHODE ISLAND,RI,US,STATE,5,CASES
1933,9,RHODE ISLAND,RI,US,STATE,3,CASES
1933,10,RHODE ISLAND,RI,US,STATE,2,CASES
1933,11,RHODE ISLAND,RI,US,STATE,3,CASES
1933,12,RHODE ISLAND,RI,US,STATE,2,CASES
1933,13,RHODE ISLAND,RI,US,STATE,3,CASES
1933,14,RHODE ISLAND,RI,US,STATE,4,CASES
1933,15,RHODE ISLAND,RI,US,STATE,4,CASES
1933,16,RHODE ISLAND,RI,US,STATE,3,CASES
1933,17,RHODE ISLAND,RI,US,STATE,2,CASES
1933,19,RHODE ISLAND,RI,US,STATE,2,CASES
1933,20,RHODE ISLAND,RI,US,STATE,2,CASES
1933,21,RHODE ISLAND,RI,US,STATE,1,CASES
1933,22,RHODE ISLAND,RI,US,STATE,1,CASES
1933,23,RHODE ISLAND,RI,US,STATE,5,CASES
1933,24,RHODE ISLAND,RI,US,STATE,2,CASES
1933,25,RHODE ISLAND,RI,US,STATE,2,CASES
1933,26,RHODE ISLAND,RI,US,STATE,1,CASES
1933,27,RHODE ISLAND,RI,US,STATE,1,CASES
1933,28,RHODE ISLAND,RI,US,STATE,2,CASES
1933,29,RHODE ISLAND,RI,US,STATE,7,CASES
1933,31,RHODE ISLAND,RI,US,STATE,2,CASES
1933,33,RHODE ISLAND,RI,US,STATE,2,CASES
1933,35,RHODE ISLAND,RI,US,STATE,1,CASES
1933,37,RHODE ISLAND,RI,US,STATE,1,CASES
1933,38,RHODE ISLAND,RI,US,STATE,1,CASES
1933,39,RHODE ISLAND,RI,US,STATE,2,CASES
1933,40,RHODE ISLAND,RI,US,STATE,3,CASES
1933,42,RHODE ISLAND,RI,US,STATE,1,CASES
1933,43,RHODE ISLAND,RI,US,STATE,1,CASES
1933,44,RHODE ISLAND,RI,US,STATE,1,CASES
1933,45,RHODE ISLAND,RI,US,STATE,5,CASES
1933,46,RHODE ISLAND,RI,US,STATE,3,CASES
1933,48,RHODE ISLAND,RI,US,STATE,4,CASES
1933,50,RHODE ISLAND,RI,US,STATE,2,CASES
1933,51,RHODE ISLAND,RI,US,STATE,3,CASES
1933,52,RHODE ISLAND,RI,US,STATE,3,CASES
1934,1,RHODE ISLAND,RI,US,STATE,3,CASES
1934,2,RHODE ISLAND,RI,US,STATE,1,CASES
1934,3,RHODE ISLAND,RI,US,STATE,1,CASES
1934,4,RHODE ISLAND,RI,US,STATE,3,CASES
1934,5,RHODE ISLAND,RI,US,STATE,1,CASES
1934,6,RHODE ISLAND,RI,US,STATE,2,CASES
1934,7,RHODE ISLAND,RI,US,STATE,3,CASES
1934,8,RHODE ISLAND,RI,US,STATE,1,CASES
1934,9,RHODE ISLAND,RI,US,STATE,5,CASES
1934,10,RHODE ISLAND,RI,US,STATE,4,CASES
1934,12,RHODE ISLAND,RI,US,STATE,1,CASES
1934,13,RHODE ISLAND,RI,US,STATE,3,CASES
1934,21,RHODE ISLAND,RI,US,STATE,2,CASES
1934,22,RHODE ISLAND,RI,US,STATE,5,CASES
1934,24,RHODE ISLAND,RI,US,STATE,3,CASES
1934,25,RHODE ISLAND,RI,US,STATE,1,CASES
1934,26,RHODE ISLAND,RI,US,STATE,0,CASES
1934,28,RHODE ISLAND,RI,US,STATE,2,CASES
1934,30,RHODE ISLAND,RI,US,STATE,1,CASES
1934,32,RHODE ISLAND,RI,US,STATE,2,CASES
1934,33,RHODE ISLAND,RI,US,STATE,1,CASES
1934,36,RHODE ISLAND,RI,US,STATE,4,CASES
1934,39,RHODE ISLAND,RI,US,STATE,1,CASES
1934,40,RHODE ISLAND,RI,US,STATE,2,CASES
1934,41,RHODE ISLAND,RI,US,STATE,2,CASES
1934,42,RHODE ISLAND,RI,US,STATE,2,CASES
1934,43,RHODE ISLAND,RI,US,STATE,3,CASES
1934,45,RHODE ISLAND,RI,US,STATE,1,CASES
1934,46,RHODE ISLAND,RI,US,STATE,3,CASES
1934,47,RHODE ISLAND,RI,US,STATE,2,CASES
1934,48,RHODE ISLAND,RI,US,STATE,2,CASES
1934,49,RHODE ISLAND,RI,US,STATE,3,CASES
1934,50,RHODE ISLAND,RI,US,STATE,5,CASES
1934,51,RHODE ISLAND,RI,US,STATE,6,CASES
1934,52,RHODE ISLAND,RI,US,STATE,6,CASES
1935,1,RHODE ISLAND,RI,US,STATE,2,CASES
1935,2,RHODE ISLAND,RI,US,STATE,6,CASES
1935,3,RHODE ISLAND,RI,US,STATE,6,CASES
1935,4,RHODE ISLAND,RI,US,STATE,4,CASES
1935,5,RHODE ISLAND,RI,US,STATE,2,CASES
1935,7,RHODE ISLAND,RI,US,STATE,1,CASES
1935,8,RHODE ISLAND,RI,US,STATE,2,CASES
1935,9,RHODE ISLAND,RI,US,STATE,3,CASES
1935,11,RHODE ISLAND,RI,US,STATE,2,CASES
1935,14,RHODE ISLAND,RI,US,STATE,2,CASES
1935,16,RHODE ISLAND,RI,US,STATE,2,CASES
1935,20,RHODE ISLAND,RI,US,STATE,2,CASES
1935,21,RHODE ISLAND,RI,US,STATE,1,CASES
1935,23,RHODE ISLAND,RI,US,STATE,1,CASES
1935,24,RHODE ISLAND,RI,US,STATE,2,CASES
1935,25,RHODE ISLAND,RI,US,STATE,1,CASES
1935,26,RHODE ISLAND,RI,US,STATE,1,CASES
1935,27,RHODE ISLAND,RI,US,STATE,3,CASES
1935,28,RHODE ISLAND,RI,US,STATE,2,CASES
1935,30,RHODE ISLAND,RI,US,STATE,3,CASES
1935,31,RHODE ISLAND,RI,US,STATE,2,CASES
1935,33,RHODE ISLAND,RI,US,STATE,2,CASES
1935,34,RHODE ISLAND,RI,US,STATE,2,CASES
1935,36,RHODE ISLAND,RI,US,STATE,1,CASES
1935,37,RHODE ISLAND,RI,US,STATE,2,CASES
1935,39,RHODE ISLAND,RI,US,STATE,1,CASES
1935,40,RHODE ISLAND,RI,US,STATE,2,CASES
1935,44,RHODE ISLAND,RI,US,STATE,2,CASES
1935,46,RHODE ISLAND,RI,US,STATE,1,CASES
1935,50,RHODE ISLAND,RI,US,STATE,1,CASES
1935,52,RHODE ISLAND,RI,US,STATE,1,CASES
1936,3,RHODE ISLAND,RI,US,STATE,1,CASES
1936,5,RHODE ISLAND,RI,US,STATE,2,CASES
1936,6,RHODE ISLAND,RI,US,STATE,1,CASES
1936,7,RHODE ISLAND,RI,US,STATE,1,CASES
1936,10,RHODE ISLAND,RI,US,STATE,1,CASES
1936,15,RHODE ISLAND,RI,US,STATE,2,CASES
1936,16,RHODE ISLAND,RI,US,STATE,1,CASES
1936,21,RHODE ISLAND,RI,US,STATE,2,CASES
1936,22,RHODE ISLAND,RI,US,STATE,3,CASES
1936,23,RHODE ISLAND,RI,US,STATE,1,CASES
1936,24,RHODE ISLAND,RI,US,STATE,2,CASES
1936,25,RHODE ISLAND,RI,US,STATE,2,CASES
1936,26,RHODE ISLAND,RI,US,STATE,1,CASES
1936,28,RHODE ISLAND,RI,US,STATE,1,CASES
1936,29,RHODE ISLAND,RI,US,STATE,3,CASES
1936,30,RHODE ISLAND,RI,US,STATE,2,CASES
1936,34,RHODE ISLAND,RI,US,STATE,1,CASES
1936,39,RHODE ISLAND,RI,US,STATE,0,CASES
1936,41,RHODE ISLAND,RI,US,STATE,1,CASES
1936,42,RHODE ISLAND,RI,US,STATE,1,CASES
1936,44,RHODE ISLAND,RI,US,STATE,1,CASES
1936,46,RHODE ISLAND,RI,US,STATE,2,CASES
1936,48,RHODE ISLAND,RI,US,STATE,3,CASES
1936,49,RHODE ISLAND,RI,US,STATE,1,CASES
1936,53,RHODE ISLAND,RI,US,STATE,1,CASES
1937,1,RHODE ISLAND,RI,US,STATE,1,CASES
1937,3,RHODE ISLAND,RI,US,STATE,1,CASES
1937,5,RHODE ISLAND,RI,US,STATE,1,CASES
1937,6,RHODE ISLAND,RI,US,STATE,1,CASES
1937,7,RHODE ISLAND,RI,US,STATE,1,CASES
1937,8,RHODE ISLAND,RI,US,STATE,1,CASES
1937,9,RHODE ISLAND,RI,US,STATE,1,CASES
1937,10,RHODE ISLAND,RI,US,STATE,1,CASES
1937,11,RHODE ISLAND,RI,US,STATE,1,CASES
1937,13,RHODE ISLAND,RI,US,STATE,1,CASES
1937,15,RHODE ISLAND,RI,US,STATE,2,CASES
1937,17,RHODE ISLAND,RI,US,STATE,2,CASES
1937,18,RHODE ISLAND,RI,US,STATE,1,CASES
1937,20,RHODE ISLAND,RI,US,STATE,1,CASES
1937,23,RHODE ISLAND,RI,US,STATE,2,CASES
1937,25,RHODE ISLAND,RI,US,STATE,1,CASES
1937,26,RHODE ISLAND,RI,US,STATE,1,CASES
1937,29,RHODE ISLAND,RI,US,STATE,1,CASES
1937,41,RHODE ISLAND,RI,US,STATE,1,CASES
1937,44,RHODE ISLAND,RI,US,STATE,3,CASES
1937,45,RHODE ISLAND,RI,US,STATE,1,CASES
1937,50,RHODE ISLAND,RI,US,STATE,1,CASES
1938,8,RHODE ISLAND,RI,US,STATE,0,CASES
1938,9,RHODE ISLAND,RI,US,STATE,1,CASES
1938,10,RHODE ISLAND,RI,US,STATE,1,CASES
1938,11,RHODE ISLAND,RI,US,STATE,0,CASES
1938,12,RHODE ISLAND,RI,US,STATE,0,CASES
1938,13,RHODE ISLAND,RI,US,STATE,0,CASES
1938,14,RHODE ISLAND,RI,US,STATE,0,CASES
1938,15,RHODE ISLAND,RI,US,STATE,0,CASES
1938,16,RHODE ISLAND,RI,US,STATE,0,CASES
1938,17,RHODE ISLAND,RI,US,STATE,0,CASES
1938,18,RHODE ISLAND,RI,US,STATE,0,CASES
1938,19,RHODE ISLAND,RI,US,STATE,0,CASES
1938,20,RHODE ISLAND,RI,US,STATE,0,CASES
1938,21,RHODE ISLAND,RI,US,STATE,0,CASES
1938,22,RHODE ISLAND,RI,US,STATE,0,CASES
1938,23,RHODE ISLAND,RI,US,STATE,0,CASES
1938,24,RHODE ISLAND,RI,US,STATE,0,CASES
1938,25,RHODE ISLAND,RI,US,STATE,0,CASES
1938,26,RHODE ISLAND,RI,US,STATE,15,CASES
1938,27,RHODE ISLAND,RI,US,STATE,8,CASES
1938,29,RHODE ISLAND,RI,US,STATE,0,CASES
1938,31,RHODE ISLAND,RI,US,STATE,8,CASES
1938,34,RHODE ISLAND,RI,US,STATE,0,CASES
1938,37,RHODE ISLAND,RI,US,STATE,2,CASES
1938,38,RHODE ISLAND,RI,US,STATE,0,CASES
1938,39,RHODE ISLAND,RI,US,STATE,0,CASES
1938,41,RHODE ISLAND,RI,US,STATE,0,CASES
1938,42,RHODE ISLAND,RI,US,STATE,8,CASES
1938,43,RHODE ISLAND,RI,US,STATE,1,CASES
1938,44,RHODE ISLAND,RI,US,STATE,8,CASES
1938,45,RHODE ISLAND,RI,US,STATE,0,CASES
1938,47,RHODE ISLAND,RI,US,STATE,8,CASES
1938,50,RHODE ISLAND,RI,US,STATE,0,CASES
1938,51,RHODE ISLAND,RI,US,STATE,0,CASES
1938,52,RHODE ISLAND,RI,US,STATE,0,CASES
1939,2,RHODE ISLAND,RI,US,STATE,8,CASES
1939,4,RHODE ISLAND,RI,US,STATE,0,CASES
1939,5,RHODE ISLAND,RI,US,STATE,0,CASES
1939,6,RHODE ISLAND,RI,US,STATE,1,CASES
1939,7,RHODE ISLAND,RI,US,STATE,1,CASES
1939,8,RHODE ISLAND,RI,US,STATE,0,CASES
1939,9,RHODE ISLAND,RI,US,STATE,0,CASES
1939,10,RHODE ISLAND,RI,US,STATE,0,CASES
1939,11,RHODE ISLAND,RI,US,STATE,0,CASES
1939,12,RHODE ISLAND,RI,US,STATE,1,CASES
1939,13,RHODE ISLAND,RI,US,STATE,1,CASES
1939,14,RHODE ISLAND,RI,US,STATE,0,CASES
1939,15,RHODE ISLAND,RI,US,STATE,1,CASES
1939,16,RHODE ISLAND,RI,US,STATE,0,CASES
1939,17,RHODE ISLAND,RI,US,STATE,0,CASES
1939,19,RHODE ISLAND,RI,US,STATE,8,CASES
1939,20,RHODE ISLAND,RI,US,STATE,8,CASES
1939,21,RHODE ISLAND,RI,US,STATE,0,CASES
1939,22,RHODE ISLAND,RI,US,STATE,0,CASES
1939,23,RHODE ISLAND,RI,US,STATE,0,CASES
1939,25,RHODE ISLAND,RI,US,STATE,2,CASES
1939,26,RHODE ISLAND,RI,US,STATE,0,CASES
1939,27,RHODE ISLAND,RI,US,STATE,0,CASES
1939,28,RHODE ISLAND,RI,US,STATE,1,CASES
1939,29,RHODE ISLAND,RI,US,STATE,0,CASES
1939,30,RHODE ISLAND,RI,US,STATE,0,CASES
1939,31,RHODE ISLAND,RI,US,STATE,0,CASES
1939,32,RHODE ISLAND,RI,US,STATE,0,CASES
1939,33,RHODE ISLAND,RI,US,STATE,0,CASES
1939,34,RHODE ISLAND,RI,US,STATE,0,CASES
1939,35,RHODE ISLAND,RI,US,STATE,0,CASES
1939,36,RHODE ISLAND,RI,US,STATE,0,CASES
1939,37,RHODE ISLAND,RI,US,STATE,0,CASES
1939,38,RHODE ISLAND,RI,US,STATE,0,CASES
1939,39,RHODE ISLAND,RI,US,STATE,8,CASES
1939,42,RHODE ISLAND,RI,US,STATE,0,CASES
1939,43,RHODE ISLAND,RI,US,STATE,8,CASES
1939,44,RHODE ISLAND,RI,US,STATE,0,CASES
1939,45,RHODE ISLAND,RI,US,STATE,0,CASES
1939,46,RHODE ISLAND,RI,US,STATE,0,CASES
1939,47,RHODE ISLAND,RI,US,STATE,1,CASES
1939,49,RHODE ISLAND,RI,US,STATE,8,CASES
1939,50,RHODE ISLAND,RI,US,STATE,8,CASES
1939,51,RHODE ISLAND,RI,US,STATE,0,CASES
1939,52,RHODE ISLAND,RI,US,STATE,8,CASES
1940,1,RHODE ISLAND,RI,US,STATE,0,CASES
1940,2,RHODE ISLAND,RI,US,STATE,0,CASES
1940,3,RHODE ISLAND,RI,US,STATE,0,CASES
1940,4,RHODE ISLAND,RI,US,STATE,0,CASES
1940,5,RHODE ISLAND,RI,US,STATE,0,CASES
1940,6,RHODE ISLAND,RI,US,STATE,1,CASES
1940,7,RHODE ISLAND,RI,US,STATE,0,CASES
1940,8,RHODE ISLAND,RI,US,STATE,0,CASES
1940,9,RHODE ISLAND,RI,US,STATE,0,CASES
1940,10,RHODE ISLAND,RI,US,STATE,0,CASES
1940,11,RHODE ISLAND,RI,US,STATE,0,CASES
1940,12,RHODE ISLAND,RI,US,STATE,0,CASES
1940,13,RHODE ISLAND,RI,US,STATE,0,CASES
1940,14,RHODE ISLAND,RI,US,STATE,0,CASES
1940,15,RHODE ISLAND,RI,US,STATE,2,CASES
1940,16,RHODE ISLAND,RI,US,STATE,0,CASES
1940,17,RHODE ISLAND,RI,US,STATE,3,CASES
1940,18,RHODE ISLAND,RI,US,STATE,0,CASES
1940,19,RHODE ISLAND,RI,US,STATE,0,CASES
1940,20,RHODE ISLAND,RI,US,STATE,0,CASES
1940,21,RHODE ISLAND,RI,US,STATE,0,CASES
1940,22,RHODE ISLAND,RI,US,STATE,0,CASES
1940,23,RHODE ISLAND,RI,US,STATE,1,CASES
1940,24,RHODE ISLAND,RI,US,STATE,0,CASES
1940,25,RHODE ISLAND,RI,US,STATE,1,CASES
1940,26,RHODE ISLAND,RI,US,STATE,0,CASES
1940,27,RHODE ISLAND,RI,US,STATE,0,CASES
1940,28,RHODE ISLAND,RI,US,STATE,0,CASES
1940,29,RHODE ISLAND,RI,US,STATE,0,CASES
1940,30,RHODE ISLAND,RI,US,STATE,0,CASES
1940,31,RHODE ISLAND,RI,US,STATE,0,CASES
1940,32,RHODE ISLAND,RI,US,STATE,0,CASES
1940,33,RHODE ISLAND,RI,US,STATE,0,CASES
1940,34,RHODE ISLAND,RI,US,STATE,0,CASES
1940,35,RHODE ISLAND,RI,US,STATE,0,CASES
1940,36,RHODE ISLAND,RI,US,STATE,0,CASES
1940,37,RHODE ISLAND,RI,US,STATE,0,CASES
1940,38,RHODE ISLAND,RI,US,STATE,0,CASES
1940,39,RHODE ISLAND,RI,US,STATE,0,CASES
1940,40,RHODE ISLAND,RI,US,STATE,2,CASES
1940,41,RHODE ISLAND,RI,US,STATE,0,CASES
1940,42,RHODE ISLAND,RI,US,STATE,1,CASES
1940,43,RHODE ISLAND,RI,US,STATE,0,CASES
1940,44,RHODE ISLAND,RI,US,STATE,0,CASES
1940,45,RHODE ISLAND,RI,US,STATE,0,CASES
1940,46,RHODE ISLAND,RI,US,STATE,0,CASES
1940,47,RHODE ISLAND,RI,US,STATE,1,CASES
1940,48,RHODE ISLAND,RI,US,STATE,1,CASES
1940,49,RHODE ISLAND,RI,US,STATE,1,CASES
1940,50,RHODE ISLAND,RI,US,STATE,0,CASES
1940,51,RHODE ISLAND,RI,US,STATE,0,CASES
1940,52,RHODE ISLAND,RI,US,STATE,0,CASES
1941,1,RHODE ISLAND,RI,US,STATE,0,CASES
1941,2,RHODE ISLAND,RI,US,STATE,0,CASES
1941,3,RHODE ISLAND,RI,US,STATE,0,CASES
1941,4,RHODE ISLAND,RI,US,STATE,0,CASES
1941,5,RHODE ISLAND,RI,US,STATE,0,CASES
1941,6,RHODE ISLAND,RI,US,STATE,0,CASES
1941,7,RHODE ISLAND,RI,US,STATE,1,CASES
1941,9,RHODE ISLAND,RI,US,STATE,0,CASES
1941,10,RHODE ISLAND,RI,US,STATE,0,CASES
1941,11,RHODE ISLAND,RI,US,STATE,0,CASES
1941,12,RHODE ISLAND,RI,US,STATE,0,CASES
1941,13,RHODE ISLAND,RI,US,STATE,0,CASES
1941,14,RHODE ISLAND,RI,US,STATE,0,CASES
1941,15,RHODE ISLAND,RI,US,STATE,0,CASES
1941,16,RHODE ISLAND,RI,US,STATE,0,CASES
1941,17,RHODE ISLAND,RI,US,STATE,3,CASES
1941,18,RHODE ISLAND,RI,US,STATE,2,CASES
1941,19,RHODE ISLAND,RI,US,STATE,0,CASES
1941,20,RHODE ISLAND,RI,US,STATE,0,CASES
1941,21,RHODE ISLAND,RI,US,STATE,0,CASES
1941,22,RHODE ISLAND,RI,US,STATE,0,CASES
1941,23,RHODE ISLAND,RI,US,STATE,1,CASES
1941,24,RHODE ISLAND,RI,US,STATE,1,CASES
1941,25,RHODE ISLAND,RI,US,STATE,0,CASES
1941,26,RHODE ISLAND,RI,US,STATE,1,CASES
1941,27,RHODE ISLAND,RI,US,STATE,0,CASES
1941,28,RHODE ISLAND,RI,US,STATE,1,CASES
1941,29,RHODE ISLAND,RI,US,STATE,1,CASES
1941,30,RHODE ISLAND,RI,US,STATE,3,CASES
1941,31,RHODE ISLAND,RI,US,STATE,1,CASES
1941,32,RHODE ISLAND,RI,US,STATE,1,CASES
1941,33,RHODE ISLAND,RI,US,STATE,0,CASES
1941,34,RHODE ISLAND,RI,US,STATE,3,CASES
1941,35,RHODE ISLAND,RI,US,STATE,1,CASES
1941,36,RHODE ISLAND,RI,US,STATE,0,CASES
1941,37,RHODE ISLAND,RI,US,STATE,0,CASES
1941,38,RHODE ISLAND,RI,US,STATE,4,CASES
1941,39,RHODE ISLAND,RI,US,STATE,3,CASES
1941,40,RHODE ISLAND,RI,US,STATE,0,CASES
1941,41,RHODE ISLAND,RI,US,STATE,1,CASES
1941,42,RHODE ISLAND,RI,US,STATE,2,CASES
1941,43,RHODE ISLAND,RI,US,STATE,0,CASES
1941,44,RHODE ISLAND,RI,US,STATE,1,CASES
1941,45,RHODE ISLAND,RI,US,STATE,3,CASES
1941,46,RHODE ISLAND,RI,US,STATE,1,CASES
1941,47,RHODE ISLAND,RI,US,STATE,4,CASES
1941,48,RHODE ISLAND,RI,US,STATE,1,CASES
1941,49,RHODE ISLAND,RI,US,STATE,4,CASES
1941,50,RHODE ISLAND,RI,US,STATE,4,CASES
1941,51,RHODE ISLAND,RI,US,STATE,1,CASES
1941,52,RHODE ISLAND,RI,US,STATE,2,CASES
1941,53,RHODE ISLAND,RI,US,STATE,3,CASES
1942,1,RHODE ISLAND,RI,US,STATE,0,CASES
1942,2,RHODE ISLAND,RI,US,STATE,5,CASES
1942,3,RHODE ISLAND,RI,US,STATE,1,CASES
1942,4,RHODE ISLAND,RI,US,STATE,2,CASES
1942,5,RHODE ISLAND,RI,US,STATE,3,CASES
1942,6,RHODE ISLAND,RI,US,STATE,0,CASES
1942,7,RHODE ISLAND,RI,US,STATE,1,CASES
1942,8,RHODE ISLAND,RI,US,STATE,1,CASES
1942,9,RHODE ISLAND,RI,US,STATE,3,CASES
1942,10,RHODE ISLAND,RI,US,STATE,0,CASES
1942,11,RHODE ISLAND,RI,US,STATE,1,CASES
1942,12,RHODE ISLAND,RI,US,STATE,1,CASES
1942,13,RHODE ISLAND,RI,US,STATE,0,CASES
1942,14,RHODE ISLAND,RI,US,STATE,0,CASES
1942,15,RHODE ISLAND,RI,US,STATE,0,CASES
1942,16,RHODE ISLAND,RI,US,STATE,1,CASES
1942,17,RHODE ISLAND,RI,US,STATE,1,CASES
1942,18,RHODE ISLAND,RI,US,STATE,1,CASES
1942,19,RHODE ISLAND,RI,US,STATE,1,CASES
1942,20,RHODE ISLAND,RI,US,STATE,0,CASES
1942,21,RHODE ISLAND,RI,US,STATE,0,CASES
1942,22,RHODE ISLAND,RI,US,STATE,0,CASES
1942,23,RHODE ISLAND,RI,US,STATE,0,CASES
1942,24,RHODE ISLAND,RI,US,STATE,3,CASES
1942,25,RHODE ISLAND,RI,US,STATE,1,CASES
1942,26,RHODE ISLAND,RI,US,STATE,0,CASES
1942,27,RHODE ISLAND,RI,US,STATE,0,CASES
1942,28,RHODE ISLAND,RI,US,STATE,2,CASES
1942,29,RHODE ISLAND,RI,US,STATE,0,CASES
1942,30,RHODE ISLAND,RI,US,STATE,1,CASES
1942,31,RHODE ISLAND,RI,US,STATE,1,CASES
1942,32,RHODE ISLAND,RI,US,STATE,0,CASES
1942,33,RHODE ISLAND,RI,US,STATE,0,CASES
1942,34,RHODE ISLAND,RI,US,STATE,0,CASES
1942,35,RHODE ISLAND,RI,US,STATE,0,CASES
1942,36,RHODE ISLAND,RI,US,STATE,1,CASES
1942,37,RHODE ISLAND,RI,US,STATE,1,CASES
1942,38,RHODE ISLAND,RI,US,STATE,5,CASES
1942,39,RHODE ISLAND,RI,US,STATE,4,CASES
1942,40,RHODE ISLAND,RI,US,STATE,3,CASES
1942,41,RHODE ISLAND,RI,US,STATE,2,CASES
1942,42,RHODE ISLAND,RI,US,STATE,2,CASES
1942,43,RHODE ISLAND,RI,US,STATE,2,CASES
1942,44,RHODE ISLAND,RI,US,STATE,1,CASES
1942,45,RHODE ISLAND,RI,US,STATE,4,CASES
1942,46,RHODE ISLAND,RI,US,STATE,1,CASES
1942,47,RHODE ISLAND,RI,US,STATE,0,CASES
1942,48,RHODE ISLAND,RI,US,STATE,2,CASES
1942,49,RHODE ISLAND,RI,US,STATE,0,CASES
1942,50,RHODE ISLAND,RI,US,STATE,1,CASES
1942,51,RHODE ISLAND,RI,US,STATE,0,CASES
1942,52,RHODE ISLAND,RI,US,STATE,0,CASES
1943,1,RHODE ISLAND,RI,US,STATE,2,CASES
1943,2,RHODE ISLAND,RI,US,STATE,2,CASES
1943,3,RHODE ISLAND,RI,US,STATE,1,CASES
1943,4,RHODE ISLAND,RI,US,STATE,0,CASES
1943,5,RHODE ISLAND,RI,US,STATE,5,CASES
1943,6,RHODE ISLAND,RI,US,STATE,0,CASES
1943,7,RHODE ISLAND,RI,US,STATE,0,CASES
1943,8,RHODE ISLAND,RI,US,STATE,0,CASES
1943,9,RHODE ISLAND,RI,US,STATE,0,CASES
1943,10,RHODE ISLAND,RI,US,STATE,0,CASES
1943,11,RHODE ISLAND,RI,US,STATE,1,CASES
1943,12,RHODE ISLAND,RI,US,STATE,0,CASES
1943,13,RHODE ISLAND,RI,US,STATE,1,CASES
1943,14,RHODE ISLAND,RI,US,STATE,0,CASES
1943,15,RHODE ISLAND,RI,US,STATE,0,CASES
1943,16,RHODE ISLAND,RI,US,STATE,2,CASES
1943,17,RHODE ISLAND,RI,US,STATE,0,CASES
1943,18,RHODE ISLAND,RI,US,STATE,1,CASES
1943,19,RHODE ISLAND,RI,US,STATE,2,CASES
1943,20,RHODE ISLAND,RI,US,STATE,0,CASES
1943,21,RHODE ISLAND,RI,US,STATE,0,CASES
1943,22,RHODE ISLAND,RI,US,STATE,0,CASES
1943,23,RHODE ISLAND,RI,US,STATE,0,CASES
1943,24,RHODE ISLAND,RI,US,STATE,0,CASES
1943,25,RHODE ISLAND,RI,US,STATE,0,CASES
1943,26,RHODE ISLAND,RI,US,STATE,0,CASES
1943,27,RHODE ISLAND,RI,US,STATE,0,CASES
1943,28,RHODE ISLAND,RI,US,STATE,0,CASES
1943,29,RHODE ISLAND,RI,US,STATE,0,CASES
1943,30,RHODE ISLAND,RI,US,STATE,0,CASES
1943,31,RHODE ISLAND,RI,US,STATE,0,CASES
1943,32,RHODE ISLAND,RI,US,STATE,0,CASES
1943,33,RHODE ISLAND,RI,US,STATE,0,CASES
1943,34,RHODE ISLAND,RI,US,STATE,0,CASES
1943,35,RHODE ISLAND,RI,US,STATE,0,CASES
1943,36,RHODE ISLAND,RI,US,STATE,0,CASES
1943,37,RHODE ISLAND,RI,US,STATE,0,CASES
1943,38,RHODE ISLAND,RI,US,STATE,0,CASES
1943,39,RHODE ISLAND,RI,US,STATE,0,CASES
1943,40,RHODE ISLAND,RI,US,STATE,0,CASES
1943,41,RHODE ISLAND,RI,US,STATE,0,CASES
1943,42,RHODE ISLAND,RI,US,STATE,0,CASES
1943,43,RHODE ISLAND,RI,US,STATE,0,CASES
1943,44,RHODE ISLAND,RI,US,STATE,3,CASES
1943,45,RHODE ISLAND,RI,US,STATE,0,CASES
1943,46,RHODE ISLAND,RI,US,STATE,1,CASES
1943,47,RHODE ISLAND,RI,US,STATE,0,CASES
1943,48,RHODE ISLAND,RI,US,STATE,0,CASES
1943,49,RHODE ISLAND,RI,US,STATE,0,CASES
1943,50,RHODE ISLAND,RI,US,STATE,1,CASES
1943,51,RHODE ISLAND,RI,US,STATE,0,CASES
1943,52,RHODE ISLAND,RI,US,STATE,0,CASES
1944,1,RHODE ISLAND,RI,US,STATE,0,CASES
1944,2,RHODE ISLAND,RI,US,STATE,2,CASES
1944,3,RHODE ISLAND,RI,US,STATE,0,CASES
1944,4,RHODE ISLAND,RI,US,STATE,0,CASES
1944,5,RHODE ISLAND,RI,US,STATE,0,CASES
1944,6,RHODE ISLAND,RI,US,STATE,0,CASES
1944,7,RHODE ISLAND,RI,US,STATE,1,CASES
1944,8,RHODE ISLAND,RI,US,STATE,0,CASES
1944,9,RHODE ISLAND,RI,US,STATE,1,CASES
1944,10,RHODE ISLAND,RI,US,STATE,0,CASES
1944,11,RHODE ISLAND,RI,US,STATE,0,CASES
1944,12,RHODE ISLAND,RI,US,STATE,1,CASES
1944,13,RHODE ISLAND,RI,US,STATE,1,CASES
1944,14,RHODE ISLAND,RI,US,STATE,0,CASES
1944,15,RHODE ISLAND,RI,US,STATE,1,CASES
1944,16,RHODE ISLAND,RI,US,STATE,1,CASES
1944,17,RHODE ISLAND,RI,US,STATE,1,CASES
1944,18,RHODE ISLAND,RI,US,STATE,1,CASES
1944,19,RHODE ISLAND,RI,US,STATE,0,CASES
1944,20,RHODE ISLAND,RI,US,STATE,1,CASES
1944,21,RHODE ISLAND,RI,US,STATE,0,CASES
1944,22,RHODE ISLAND,RI,US,STATE,0,CASES
1944,23,RHODE ISLAND,RI,US,STATE,0,CASES
1944,24,RHODE ISLAND,RI,US,STATE,0,CASES
1944,25,RHODE ISLAND,RI,US,STATE,0,CASES
1944,26,RHODE ISLAND,RI,US,STATE,0,CASES
1944,27,RHODE ISLAND,RI,US,STATE,1,CASES
1944,28,RHODE ISLAND,RI,US,STATE,0,CASES
1944,29,RHODE ISLAND,RI,US,STATE,0,CASES
1944,30,RHODE ISLAND,RI,US,STATE,1,CASES
1944,31,RHODE ISLAND,RI,US,STATE,1,CASES
1944,32,RHODE ISLAND,RI,US,STATE,0,CASES
1944,33,RHODE ISLAND,RI,US,STATE,0,CASES
1944,34,RHODE ISLAND,RI,US,STATE,1,CASES
1944,35,RHODE ISLAND,RI,US,STATE,2,CASES
1944,36,RHODE ISLAND,RI,US,STATE,2,CASES
1944,37,RHODE ISLAND,RI,US,STATE,0,CASES
1944,38,RHODE ISLAND,RI,US,STATE,0,CASES
1944,39,RHODE ISLAND,RI,US,STATE,0,CASES
1944,40,RHODE ISLAND,RI,US,STATE,0,CASES
1944,41,RHODE ISLAND,RI,US,STATE,0,CASES
1944,42,RHODE ISLAND,RI,US,STATE,2,CASES
1944,43,RHODE ISLAND,RI,US,STATE,0,CASES
1944,44,RHODE ISLAND,RI,US,STATE,2,CASES
1944,45,RHODE ISLAND,RI,US,STATE,0,CASES
1944,46,RHODE ISLAND,RI,US,STATE,2,CASES
1944,47,RHODE ISLAND,RI,US,STATE,0,CASES
1944,48,RHODE ISLAND,RI,US,STATE,0,CASES
1944,49,RHODE ISLAND,RI,US,STATE,1,CASES
1944,50,RHODE ISLAND,RI,US,STATE,1,CASES
1944,51,RHODE ISLAND,RI,US,STATE,1,CASES
1944,52,RHODE ISLAND,RI,US,STATE,1,CASES
1945,1,RHODE ISLAND,RI,US,STATE,0,CASES
1945,2,RHODE ISLAND,RI,US,STATE,0,CASES
1945,3,RHODE ISLAND,RI,US,STATE,0,CASES
1945,4,RHODE ISLAND,RI,US,STATE,0,CASES
1945,5,RHODE ISLAND,RI,US,STATE,0,CASES
1945,6,RHODE ISLAND,RI,US,STATE,0,CASES
1945,7,RHODE ISLAND,RI,US,STATE,0,CASES
1945,8,RHODE ISLAND,RI,US,STATE,0,CASES
1945,9,RHODE ISLAND,RI,US,STATE,0,CASES
1945,10,RHODE ISLAND,RI,US,STATE,0,CASES
1945,11,RHODE ISLAND,RI,US,STATE,0,CASES
1945,12,RHODE ISLAND,RI,US,STATE,1,CASES
1945,13,RHODE ISLAND,RI,US,STATE,0,CASES
1945,14,RHODE ISLAND,RI,US,STATE,0,CASES
1945,15,RHODE ISLAND,RI,US,STATE,0,CASES
1945,16,RHODE ISLAND,RI,US,STATE,0,CASES
1945,17,RHODE ISLAND,RI,US,STATE,1,CASES
1945,18,RHODE ISLAND,RI,US,STATE,0,CASES
1945,19,RHODE ISLAND,RI,US,STATE,0,CASES
1945,20,RHODE ISLAND,RI,US,STATE,0,CASES
1945,21,RHODE ISLAND,RI,US,STATE,0,CASES
1945,22,RHODE ISLAND,RI,US,STATE,0,CASES
1945,23,RHODE ISLAND,RI,US,STATE,0,CASES
1945,24,RHODE ISLAND,RI,US,STATE,1,CASES
1945,25,RHODE ISLAND,RI,US,STATE,0,CASES
1945,26,RHODE ISLAND,RI,US,STATE,0,CASES
1945,27,RHODE ISLAND,RI,US,STATE,2,CASES
1945,28,RHODE ISLAND,RI,US,STATE,0,CASES
1945,29,RHODE ISLAND,RI,US,STATE,0,CASES
1945,30,RHODE ISLAND,RI,US,STATE,0,CASES
1945,31,RHODE ISLAND,RI,US,STATE,0,CASES
1945,32,RHODE ISLAND,RI,US,STATE,0,CASES
1945,33,RHODE ISLAND,RI,US,STATE,0,CASES
1945,34,RHODE ISLAND,RI,US,STATE,0,CASES
1945,35,RHODE ISLAND,RI,US,STATE,0,CASES
1945,36,RHODE ISLAND,RI,US,STATE,0,CASES
1945,37,RHODE ISLAND,RI,US,STATE,0,CASES
1945,38,RHODE ISLAND,RI,US,STATE,0,CASES
1945,39,RHODE ISLAND,RI,US,STATE,0,CASES
1945,40,RHODE ISLAND,RI,US,STATE,0,CASES
1945,41,RHODE ISLAND,RI,US,STATE,0,CASES
1945,42,RHODE ISLAND,RI,US,STATE,2,CASES
1945,43,RHODE ISLAND,RI,US,STATE,0,CASES
1945,44,RHODE ISLAND,RI,US,STATE,0,CASES
1945,45,RHODE ISLAND,RI,US,STATE,1,CASES
1945,46,RHODE ISLAND,RI,US,STATE,0,CASES
1945,47,RHODE ISLAND,RI,US,STATE,0,CASES
1945,48,RHODE ISLAND,RI,US,STATE,0,CASES
1945,49,RHODE ISLAND,RI,US,STATE,0,CASES
1945,50,RHODE ISLAND,RI,US,STATE,0,CASES
1945,51,RHODE ISLAND,RI,US,STATE,0,CASES
1945,52,RHODE ISLAND,RI,US,STATE,1,CASES
1946,1,RHODE ISLAND,RI,US,STATE,0,CASES
1946,2,RHODE ISLAND,RI,US,STATE,0,CASES
1946,3,RHODE ISLAND,RI,US,STATE,0,CASES
1946,4,RHODE ISLAND,RI,US,STATE,0,CASES
1946,5,RHODE ISLAND,RI,US,STATE,0,CASES
1946,6,RHODE ISLAND,RI,US,STATE,0,CASES
1946,7,RHODE ISLAND,RI,US,STATE,0,CASES
1946,8,RHODE ISLAND,RI,US,STATE,0,CASES
1946,9,RHODE ISLAND,RI,US,STATE,1,CASES
1946,10,RHODE ISLAND,RI,US,STATE,0,CASES
1946,11,RHODE ISLAND,RI,US,STATE,0,CASES
1946,12,RHODE ISLAND,RI,US,STATE,2,CASES
1946,13,RHODE ISLAND,RI,US,STATE,1,CASES
1946,14,RHODE ISLAND,RI,US,STATE,0,CASES
1946,15,RHODE ISLAND,RI,US,STATE,0,CASES
1946,16,RHODE ISLAND,RI,US,STATE,0,CASES
1946,17,RHODE ISLAND,RI,US,STATE,1,CASES
1946,19,RHODE ISLAND,RI,US,STATE,1,CASES
1946,20,RHODE ISLAND,RI,US,STATE,0,CASES
1946,22,RHODE ISLAND,RI,US,STATE,0,CASES
1946,23,RHODE ISLAND,RI,US,STATE,0,CASES
1946,24,RHODE ISLAND,RI,US,STATE,0,CASES
1946,25,RHODE ISLAND,RI,US,STATE,0,CASES
1946,26,RHODE ISLAND,RI,US,STATE,0,CASES
1946,27,RHODE ISLAND,RI,US,STATE,0,CASES
1946,28,RHODE ISLAND,RI,US,STATE,0,CASES
1946,29,RHODE ISLAND,RI,US,STATE,1,CASES
1946,30,RHODE ISLAND,RI,US,STATE,0,CASES
1946,31,RHODE ISLAND,RI,US,STATE,1,CASES
1946,32,RHODE ISLAND,RI,US,STATE,0,CASES
1946,33,RHODE ISLAND,RI,US,STATE,0,CASES
1946,34,RHODE ISLAND,RI,US,STATE,1,CASES
1946,35,RHODE ISLAND,RI,US,STATE,0,CASES
1946,36,RHODE ISLAND,RI,US,STATE,0,CASES
1946,37,RHODE ISLAND,RI,US,STATE,0,CASES
1946,38,RHODE ISLAND,RI,US,STATE,2,CASES
1946,39,RHODE ISLAND,RI,US,STATE,2,CASES
1946,40,RHODE ISLAND,RI,US,STATE,2,CASES
1946,41,RHODE ISLAND,RI,US,STATE,0,CASES
1946,42,RHODE ISLAND,RI,US,STATE,0,CASES
1946,43,RHODE ISLAND,RI,US,STATE,0,CASES
1946,44,RHODE ISLAND,RI,US,STATE,0,CASES
1946,45,RHODE ISLAND,RI,US,STATE,1,CASES
1946,46,RHODE ISLAND,RI,US,STATE,1,CASES
1946,47,RHODE ISLAND,RI,US,STATE,1,CASES
1946,48,RHODE ISLAND,RI,US,STATE,1,CASES
1946,49,RHODE ISLAND,RI,US,STATE,0,CASES
1946,50,RHODE ISLAND,RI,US,STATE,0,CASES
1946,51,RHODE ISLAND,RI,US,STATE,1,CASES
1946,52,RHODE ISLAND,RI,US,STATE,0,CASES
1947,2,RHODE ISLAND,RI,US,STATE,2,CASES
1947,3,RHODE ISLAND,RI,US,STATE,0,CASES
1947,4,RHODE ISLAND,RI,US,STATE,3,CASES
1947,5,RHODE ISLAND,RI,US,STATE,0,CASES
1947,6,RHODE ISLAND,RI,US,STATE,0,CASES
1947,7,RHODE ISLAND,RI,US,STATE,1,CASES
1947,8,RHODE ISLAND,RI,US,STATE,2,CASES
1947,9,RHODE ISLAND,RI,US,STATE,0,CASES
1947,10,RHODE ISLAND,RI,US,STATE,0,CASES
1947,11,RHODE ISLAND,RI,US,STATE,1,CASES
1947,12,RHODE ISLAND,RI,US,STATE,1,CASES
1947,13,RHODE ISLAND,RI,US,STATE,0,CASES
1947,14,RHODE ISLAND,RI,US,STATE,1,CASES
1947,15,RHODE ISLAND,RI,US,STATE,1,CASES
1947,16,RHODE ISLAND,RI,US,STATE,1,CASES
1947,17,RHODE ISLAND,RI,US,STATE,1,CASES
1947,18,RHODE ISLAND,RI,US,STATE,1,CASES
1947,19,RHODE ISLAND,RI,US,STATE,1,CASES
1947,20,RHODE ISLAND,RI,US,STATE,0,CASES
1947,21,RHODE ISLAND,RI,US,STATE,2,CASES
1947,22,RHODE ISLAND,RI,US,STATE,1,CASES
1947,23,RHODE ISLAND,RI,US,STATE,0,CASES
1947,24,RHODE ISLAND,RI,US,STATE,0,CASES
1947,25,RHODE ISLAND,RI,US,STATE,0,CASES
1947,26,RHODE ISLAND,RI,US,STATE,0,CASES
1947,27,RHODE ISLAND,RI,US,STATE,0,CASES
1947,28,RHODE ISLAND,RI,US,STATE,0,CASES
1947,29,RHODE ISLAND,RI,US,STATE,0,CASES
1947,30,RHODE ISLAND,RI,US,STATE,0,CASES
1947,31,RHODE ISLAND,RI,US,STATE,0,CASES
1947,32,RHODE ISLAND,RI,US,STATE,0,CASES
1947,33,RHODE ISLAND,RI,US,STATE,0,CASES
1947,34,RHODE ISLAND,RI,US,STATE,0,CASES
1947,35,RHODE ISLAND,RI,US,STATE,0,CASES
1947,36,RHODE ISLAND,RI,US,STATE,3,CASES
1947,37,RHODE ISLAND,RI,US,STATE,1,CASES
1947,38,RHODE ISLAND,RI,US,STATE,1,CASES
1947,39,RHODE ISLAND,RI,US,STATE,1,CASES
1947,40,RHODE ISLAND,RI,US,STATE,1,CASES
1947,41,RHODE ISLAND,RI,US,STATE,2,CASES
1947,42,RHODE ISLAND,RI,US,STATE,1,CASES
1947,43,RHODE ISLAND,RI,US,STATE,0,CASES
1947,44,RHODE ISLAND,RI,US,STATE,2,CASES
1947,45,RHODE ISLAND,RI,US,STATE,1,CASES
1947,46,RHODE ISLAND,RI,US,STATE,0,CASES
1947,47,RHODE ISLAND,RI,US,STATE,0,CASES
1947,48,RHODE ISLAND,RI,US,STATE,0,CASES
1947,49,RHODE ISLAND,RI,US,STATE,1,CASES
1947,50,RHODE ISLAND,RI,US,STATE,1,CASES
1947,51,RHODE ISLAND,RI,US,STATE,0,CASES
1947,52,RHODE ISLAND,RI,US,STATE,0,CASES
1948,1,RHODE ISLAND,RI,US,STATE,0,CASES
1948,2,RHODE ISLAND,RI,US,STATE,0,CASES
1948,3,RHODE ISLAND,RI,US,STATE,0,CASES
1948,4,RHODE ISLAND,RI,US,STATE,1,CASES
1948,5,RHODE ISLAND,RI,US,STATE,1,CASES
1948,6,RHODE ISLAND,RI,US,STATE,0,CASES
1948,7,RHODE ISLAND,RI,US,STATE,0,CASES
1948,8,RHODE ISLAND,RI,US,STATE,0,CASES
1948,9,RHODE ISLAND,RI,US,STATE,0,CASES
1948,10,RHODE ISLAND,RI,US,STATE,0,CASES
1948,11,RHODE ISLAND,RI,US,STATE,0,CASES
1948,12,RHODE ISLAND,RI,US,STATE,0,CASES
1948,13,RHODE ISLAND,RI,US,STATE,0,CASES
1948,14,RHODE ISLAND,RI,US,STATE,0,CASES
1948,15,RHODE ISLAND,RI,US,STATE,0,CASES
1948,16,RHODE ISLAND,RI,US,STATE,0,CASES
1948,17,RHODE ISLAND,RI,US,STATE,0,CASES
1948,18,RHODE ISLAND,RI,US,STATE,0,CASES
1948,19,RHODE ISLAND,RI,US,STATE,0,CASES
1948,20,RHODE ISLAND,RI,US,STATE,0,CASES
1948,21,RHODE ISLAND,RI,US,STATE,0,CASES
1948,22,RHODE ISLAND,RI,US,STATE,1,CASES
1948,23,RHODE ISLAND,RI,US,STATE,0,CASES
1948,24,RHODE ISLAND,RI,US,STATE,0,CASES
1948,25,RHODE ISLAND,RI,US,STATE,0,CASES
1948,26,RHODE ISLAND,RI,US,STATE,0,CASES
1948,29,RHODE ISLAND,RI,US,STATE,1,CASES
1948,40,RHODE ISLAND,RI,US,STATE,1,CASES
1948,43,RHODE ISLAND,RI,US,STATE,1,CASES
1948,45,RHODE ISLAND,RI,US,STATE,1,CASES
1948,49,RHODE ISLAND,RI,US,STATE,1,CASES
1948,52,RHODE ISLAND,RI,US,STATE,2,CASES
1949,19,RHODE ISLAND,RI,US,STATE,2,CASES
1949,23,RHODE ISLAND,RI,US,STATE,1,CASES
1949,27,RHODE ISLAND,RI,US,STATE,1,CASES
1950,2,RHODE ISLAND,RI,US,STATE,1,CASES
1950,5,RHODE ISLAND,RI,US,STATE,1,CASES
1950,8,RHODE ISLAND,RI,US,STATE,1,CASES
1950,9,RHODE ISLAND,RI,US,STATE,1,CASES
1950,14,RHODE ISLAND,RI,US,STATE,1,CASES
1950,17,RHODE ISLAND,RI,US,STATE,1,CASES
1950,18,RHODE ISLAND,RI,US,STATE,1,CASES
1950,29,RHODE ISLAND,RI,US,STATE,1,CASES
1950,42,RHODE ISLAND,RI,US,STATE,1,CASES
1950,50,RHODE ISLAND,RI,US,STATE,1,CASES
1951,30,RHODE ISLAND,RI,US,STATE,1,CASES
1952,30,RHODE ISLAND,RI,US,STATE,1,CASES
1954,47,RHODE ISLAND,RI,US,STATE,1,CASES
1960,2,RHODE ISLAND,RI,US,STATE,1,CASES
1963,9,RHODE ISLAND,RI,US,STATE,1,CASES
1963,17,RHODE ISLAND,RI,US,STATE,1,CASES
1964,39,RHODE ISLAND,RI,US,STATE,1,CASES
1967,16,RHODE ISLAND,RI,US,STATE,1,CASES
1970,18,RHODE ISLAND,RI,US,STATE,2,CASES
1971,49,RHODE ISLAND,RI,US,STATE,1,CASES
1973,3,RHODE ISLAND,RI,US,STATE,2,CASES
