year,week,loc,state,country,loc_type,number,event
1927,47,SOUTH CAROLINA,SC,US,STATE,573,CASES
1927,48,SOUTH CAROLINA,SC,US,STATE,559,CASES
1927,49,SOUTH CAROLINA,SC,US,STATE,629,CASES
1927,51,SOUTH CAROLINA,SC,US,STATE,339,CASES
1927,52,SOUTH CAROLINA,SC,US,STATE,829,CASES
1928,1,SOUTH CAROLINA,SC,US,STATE,1314,CASES
1928,2,SOUTH CAROLINA,SC,US,STATE,1439,CASES
1928,3,SOUTH CAROLINA,SC,US,STATE,1201,CASES
1928,4,SOUTH CAROLINA,SC,US,STATE,1083,CASES
1928,5,SOUTH CAROLINA,SC,US,STATE,1397,CASES
1928,6,SOUTH CAROLINA,SC,US,STATE,1246,CASES
1928,7,SOUTH CAROLINA,SC,US,STATE,1423,CASES
1928,8,SOUTH CAROLINA,SC,US,STATE,1058,CASES
1928,9,SOUTH CAROLINA,SC,US,STATE,1028,CASES
1928,10,SOUTH CAROLINA,SC,US,STATE,1194,CASES
1928,11,SOUTH CAROLINA,SC,US,STATE,944,CASES
1928,12,SOUTH CAROLINA,SC,US,STATE,859,CASES
1928,13,SOUTH CAROLINA,SC,US,STATE,905,CASES
1928,14,SOUTH CAROLINA,SC,US,STATE,784,CASES
1928,15,SOUTH CAROLINA,SC,US,STATE,657,CASES
1928,16,SOUTH CAROLINA,SC,US,STATE,613,CASES
1928,17,SOUTH CAROLINA,SC,US,STATE,543,CASES
1928,18,SOUTH CAROLINA,SC,US,STATE,469,CASES
1928,19,SOUTH CAROLINA,SC,US,STATE,419,CASES
1928,20,SOUTH CAROLINA,SC,US,STATE,474,CASES
1928,21,SOUTH CAROLINA,SC,US,STATE,460,CASES
1928,22,SOUTH CAROLINA,SC,US,STATE,421,CASES
1928,23,SOUTH CAROLINA,SC,US,STATE,287,CASES
1928,24,SOUTH CAROLINA,SC,US,STATE,297,CASES
1928,25,SOUTH CAROLINA,SC,US,STATE,231,CASES
1928,26,SOUTH CAROLINA,SC,US,STATE,132,CASES
1928,27,SOUTH CAROLINA,SC,US,STATE,257,CASES
1928,28,SOUTH CAROLINA,SC,US,STATE,202,CASES
1928,29,SOUTH CAROLINA,SC,US,STATE,220,CASES
1928,30,SOUTH CAROLINA,SC,US,STATE,214,CASES
1928,31,SOUTH CAROLINA,SC,US,STATE,154,CASES
1928,32,SOUTH CAROLINA,SC,US,STATE,233,CASES
1928,33,SOUTH CAROLINA,SC,US,STATE,254,CASES
1928,34,SOUTH CAROLINA,SC,US,STATE,239,CASES
1928,35,SOUTH CAROLINA,SC,US,STATE,281,CASES
1928,36,SOUTH CAROLINA,SC,US,STATE,209,CASES
1928,37,SOUTH CAROLINA,SC,US,STATE,521,CASES
1928,38,SOUTH CAROLINA,SC,US,STATE,342,CASES
1928,39,SOUTH CAROLINA,SC,US,STATE,664,CASES
1928,40,SOUTH CAROLINA,SC,US,STATE,664,CASES
1928,41,SOUTH CAROLINA,SC,US,STATE,591,CASES
1928,42,SOUTH CAROLINA,SC,US,STATE,546,CASES
1928,43,SOUTH CAROLINA,SC,US,STATE,533,CASES
1928,44,SOUTH CAROLINA,SC,US,STATE,858,CASES
1928,45,SOUTH CAROLINA,SC,US,STATE,981,CASES
1928,46,SOUTH CAROLINA,SC,US,STATE,1008,CASES
1928,47,SOUTH CAROLINA,SC,US,STATE,1770,CASES
1928,48,SOUTH CAROLINA,SC,US,STATE,2718,CASES
1928,49,SOUTH CAROLINA,SC,US,STATE,5145,CASES
1928,50,SOUTH CAROLINA,SC,US,STATE,8912,CASES
1928,51,SOUTH CAROLINA,SC,US,STATE,9662,CASES
1928,52,SOUTH CAROLINA,SC,US,STATE,7885,CASES
1929,1,SOUTH CAROLINA,SC,US,STATE,9428,CASES
1929,2,SOUTH CAROLINA,SC,US,STATE,6421,CASES
1929,3,SOUTH CAROLINA,SC,US,STATE,4123,CASES
1929,4,SOUTH CAROLINA,SC,US,STATE,2157,CASES
1929,5,SOUTH CAROLINA,SC,US,STATE,2148,CASES
1929,6,SOUTH CAROLINA,SC,US,STATE,2107,CASES
1929,7,SOUTH CAROLINA,SC,US,STATE,922,CASES
1929,8,SOUTH CAROLINA,SC,US,STATE,922,CASES
1929,9,SOUTH CAROLINA,SC,US,STATE,1053,CASES
1929,10,SOUTH CAROLINA,SC,US,STATE,716,CASES
1929,11,SOUTH CAROLINA,SC,US,STATE,811,CASES
1929,12,SOUTH CAROLINA,SC,US,STATE,623,CASES
1929,13,SOUTH CAROLINA,SC,US,STATE,671,CASES
1929,14,SOUTH CAROLINA,SC,US,STATE,558,CASES
1929,15,SOUTH CAROLINA,SC,US,STATE,344,CASES
1929,16,SOUTH CAROLINA,SC,US,STATE,351,CASES
1929,17,SOUTH CAROLINA,SC,US,STATE,325,CASES
1929,18,SOUTH CAROLINA,SC,US,STATE,372,CASES
1929,19,SOUTH CAROLINA,SC,US,STATE,235,CASES
1929,20,SOUTH CAROLINA,SC,US,STATE,225,CASES
1929,21,SOUTH CAROLINA,SC,US,STATE,234,CASES
1929,22,SOUTH CAROLINA,SC,US,STATE,198,CASES
1929,23,SOUTH CAROLINA,SC,US,STATE,176,CASES
1929,24,SOUTH CAROLINA,SC,US,STATE,221,CASES
1929,25,SOUTH CAROLINA,SC,US,STATE,124,CASES
1929,26,SOUTH CAROLINA,SC,US,STATE,89,CASES
1929,27,SOUTH CAROLINA,SC,US,STATE,91,CASES
1929,28,SOUTH CAROLINA,SC,US,STATE,104,CASES
1929,29,SOUTH CAROLINA,SC,US,STATE,129,CASES
1929,30,SOUTH CAROLINA,SC,US,STATE,33,CASES
1929,31,SOUTH CAROLINA,SC,US,STATE,119,CASES
1929,32,SOUTH CAROLINA,SC,US,STATE,126,CASES
1929,33,SOUTH CAROLINA,SC,US,STATE,48,CASES
1929,34,SOUTH CAROLINA,SC,US,STATE,132,CASES
1929,35,SOUTH CAROLINA,SC,US,STATE,180,CASES
1929,36,SOUTH CAROLINA,SC,US,STATE,265,CASES
1929,39,SOUTH CAROLINA,SC,US,STATE,250,CASES
1929,40,SOUTH CAROLINA,SC,US,STATE,316,CASES
1929,41,SOUTH CAROLINA,SC,US,STATE,377,CASES
1929,44,SOUTH CAROLINA,SC,US,STATE,506,CASES
1929,45,SOUTH CAROLINA,SC,US,STATE,591,CASES
1929,46,SOUTH CAROLINA,SC,US,STATE,782,CASES
1929,47,SOUTH CAROLINA,SC,US,STATE,689,CASES
1929,48,SOUTH CAROLINA,SC,US,STATE,547,CASES
1929,49,SOUTH CAROLINA,SC,US,STATE,956,CASES
1929,50,SOUTH CAROLINA,SC,US,STATE,945,CASES
1929,51,SOUTH CAROLINA,SC,US,STATE,653,CASES
1929,52,SOUTH CAROLINA,SC,US,STATE,903,CASES
1930,1,SOUTH CAROLINA,SC,US,STATE,1234,CASES
1930,2,SOUTH CAROLINA,SC,US,STATE,1133,CASES
1930,3,SOUTH CAROLINA,SC,US,STATE,981,CASES
1930,4,SOUTH CAROLINA,SC,US,STATE,1036,CASES
1930,5,SOUTH CAROLINA,SC,US,STATE,966,CASES
1930,6,SOUTH CAROLINA,SC,US,STATE,1214,CASES
1930,7,SOUTH CAROLINA,SC,US,STATE,1061,CASES
1930,8,SOUTH CAROLINA,SC,US,STATE,985,CASES
1930,9,SOUTH CAROLINA,SC,US,STATE,1082,CASES
1930,10,SOUTH CAROLINA,SC,US,STATE,1072,CASES
1930,11,SOUTH CAROLINA,SC,US,STATE,914,CASES
1930,12,SOUTH CAROLINA,SC,US,STATE,914,CASES
1930,13,SOUTH CAROLINA,SC,US,STATE,832,CASES
1930,14,SOUTH CAROLINA,SC,US,STATE,926,CASES
1930,15,SOUTH CAROLINA,SC,US,STATE,603,CASES
1930,16,SOUTH CAROLINA,SC,US,STATE,639,CASES
1930,17,SOUTH CAROLINA,SC,US,STATE,502,CASES
1930,18,SOUTH CAROLINA,SC,US,STATE,457,CASES
1930,19,SOUTH CAROLINA,SC,US,STATE,313,CASES
1930,20,SOUTH CAROLINA,SC,US,STATE,245,CASES
1930,21,SOUTH CAROLINA,SC,US,STATE,177,CASES
1930,22,SOUTH CAROLINA,SC,US,STATE,216,CASES
1930,23,SOUTH CAROLINA,SC,US,STATE,114,CASES
1930,24,SOUTH CAROLINA,SC,US,STATE,174,CASES
1930,25,SOUTH CAROLINA,SC,US,STATE,137,CASES
1930,26,SOUTH CAROLINA,SC,US,STATE,126,CASES
1930,27,SOUTH CAROLINA,SC,US,STATE,69,CASES
1930,28,SOUTH CAROLINA,SC,US,STATE,52,CASES
1930,29,SOUTH CAROLINA,SC,US,STATE,66,CASES
1930,30,SOUTH CAROLINA,SC,US,STATE,68,CASES
1930,31,SOUTH CAROLINA,SC,US,STATE,47,CASES
1930,32,SOUTH CAROLINA,SC,US,STATE,38,CASES
1930,33,SOUTH CAROLINA,SC,US,STATE,29,CASES
1930,34,SOUTH CAROLINA,SC,US,STATE,86,CASES
1930,35,SOUTH CAROLINA,SC,US,STATE,138,CASES
1930,36,SOUTH CAROLINA,SC,US,STATE,216,CASES
1930,37,SOUTH CAROLINA,SC,US,STATE,177,CASES
1930,38,SOUTH CAROLINA,SC,US,STATE,186,CASES
1930,39,SOUTH CAROLINA,SC,US,STATE,160,CASES
1930,40,SOUTH CAROLINA,SC,US,STATE,187,CASES
1930,41,SOUTH CAROLINA,SC,US,STATE,251,CASES
1930,42,SOUTH CAROLINA,SC,US,STATE,320,CASES
1930,43,SOUTH CAROLINA,SC,US,STATE,391,CASES
1930,44,SOUTH CAROLINA,SC,US,STATE,449,CASES
1930,45,SOUTH CAROLINA,SC,US,STATE,498,CASES
1930,46,SOUTH CAROLINA,SC,US,STATE,547,CASES
1930,47,SOUTH CAROLINA,SC,US,STATE,550,CASES
1930,48,SOUTH CAROLINA,SC,US,STATE,588,CASES
1930,49,SOUTH CAROLINA,SC,US,STATE,629,CASES
1930,50,SOUTH CAROLINA,SC,US,STATE,625,CASES
1930,51,SOUTH CAROLINA,SC,US,STATE,516,CASES
1930,52,SOUTH CAROLINA,SC,US,STATE,588,CASES
1930,53,SOUTH CAROLINA,SC,US,STATE,703,CASES
1931,1,SOUTH CAROLINA,SC,US,STATE,890,CASES
1931,2,SOUTH CAROLINA,SC,US,STATE,1078,CASES
1931,3,SOUTH CAROLINA,SC,US,STATE,1968,CASES
1931,4,SOUTH CAROLINA,SC,US,STATE,2873,CASES
1931,5,SOUTH CAROLINA,SC,US,STATE,3147,CASES
1931,6,SOUTH CAROLINA,SC,US,STATE,3742,CASES
1931,7,SOUTH CAROLINA,SC,US,STATE,4191,CASES
1931,8,SOUTH CAROLINA,SC,US,STATE,3463,CASES
1931,9,SOUTH CAROLINA,SC,US,STATE,2652,CASES
1931,10,SOUTH CAROLINA,SC,US,STATE,2320,CASES
1931,11,SOUTH CAROLINA,SC,US,STATE,1088,CASES
1931,12,SOUTH CAROLINA,SC,US,STATE,1857,CASES
1931,13,SOUTH CAROLINA,SC,US,STATE,1364,CASES
1931,14,SOUTH CAROLINA,SC,US,STATE,1153,CASES
1931,15,SOUTH CAROLINA,SC,US,STATE,702,CASES
1931,16,SOUTH CAROLINA,SC,US,STATE,703,CASES
1931,17,SOUTH CAROLINA,SC,US,STATE,543,CASES
1931,18,SOUTH CAROLINA,SC,US,STATE,401,CASES
1931,19,SOUTH CAROLINA,SC,US,STATE,391,CASES
1931,20,SOUTH CAROLINA,SC,US,STATE,254,CASES
1931,21,SOUTH CAROLINA,SC,US,STATE,289,CASES
1931,22,SOUTH CAROLINA,SC,US,STATE,282,CASES
1931,23,SOUTH CAROLINA,SC,US,STATE,176,CASES
1931,24,SOUTH CAROLINA,SC,US,STATE,163,CASES
1931,25,SOUTH CAROLINA,SC,US,STATE,142,CASES
1931,26,SOUTH CAROLINA,SC,US,STATE,86,CASES
1931,28,SOUTH CAROLINA,SC,US,STATE,48,CASES
1931,29,SOUTH CAROLINA,SC,US,STATE,42,CASES
1931,30,SOUTH CAROLINA,SC,US,STATE,47,CASES
1931,31,SOUTH CAROLINA,SC,US,STATE,70,CASES
1931,32,SOUTH CAROLINA,SC,US,STATE,68,CASES
1931,33,SOUTH CAROLINA,SC,US,STATE,100,CASES
1931,34,SOUTH CAROLINA,SC,US,STATE,144,CASES
1931,35,SOUTH CAROLINA,SC,US,STATE,134,CASES
1931,36,SOUTH CAROLINA,SC,US,STATE,121,CASES
1931,37,SOUTH CAROLINA,SC,US,STATE,142,CASES
1931,38,SOUTH CAROLINA,SC,US,STATE,113,CASES
1931,39,SOUTH CAROLINA,SC,US,STATE,188,CASES
1931,40,SOUTH CAROLINA,SC,US,STATE,154,CASES
1931,41,SOUTH CAROLINA,SC,US,STATE,217,CASES
1931,42,SOUTH CAROLINA,SC,US,STATE,264,CASES
1931,43,SOUTH CAROLINA,SC,US,STATE,322,CASES
1931,44,SOUTH CAROLINA,SC,US,STATE,289,CASES
1931,45,SOUTH CAROLINA,SC,US,STATE,361,CASES
1931,46,SOUTH CAROLINA,SC,US,STATE,452,CASES
1931,47,SOUTH CAROLINA,SC,US,STATE,401,CASES
1931,48,SOUTH CAROLINA,SC,US,STATE,415,CASES
1931,49,SOUTH CAROLINA,SC,US,STATE,406,CASES
1931,50,SOUTH CAROLINA,SC,US,STATE,406,CASES
1931,51,SOUTH CAROLINA,SC,US,STATE,252,CASES
1931,52,SOUTH CAROLINA,SC,US,STATE,387,CASES
1932,1,SOUTH CAROLINA,SC,US,STATE,429,CASES
1932,2,SOUTH CAROLINA,SC,US,STATE,431,CASES
1932,3,SOUTH CAROLINA,SC,US,STATE,389,CASES
1932,4,SOUTH CAROLINA,SC,US,STATE,508,CASES
1932,5,SOUTH CAROLINA,SC,US,STATE,443,CASES
1932,6,SOUTH CAROLINA,SC,US,STATE,595,CASES
1932,7,SOUTH CAROLINA,SC,US,STATE,564,CASES
1932,8,SOUTH CAROLINA,SC,US,STATE,1037,CASES
1932,9,SOUTH CAROLINA,SC,US,STATE,1049,CASES
1932,10,SOUTH CAROLINA,SC,US,STATE,993,CASES
1932,11,SOUTH CAROLINA,SC,US,STATE,1477,CASES
1932,12,SOUTH CAROLINA,SC,US,STATE,1909,CASES
1932,13,SOUTH CAROLINA,SC,US,STATE,2081,CASES
1932,14,SOUTH CAROLINA,SC,US,STATE,2262,CASES
1932,15,SOUTH CAROLINA,SC,US,STATE,1871,CASES
1932,16,SOUTH CAROLINA,SC,US,STATE,1484,CASES
1932,17,SOUTH CAROLINA,SC,US,STATE,1259,CASES
1932,18,SOUTH CAROLINA,SC,US,STATE,892,CASES
1932,19,SOUTH CAROLINA,SC,US,STATE,635,CASES
1932,20,SOUTH CAROLINA,SC,US,STATE,625,CASES
1932,21,SOUTH CAROLINA,SC,US,STATE,355,CASES
1932,22,SOUTH CAROLINA,SC,US,STATE,249,CASES
1932,23,SOUTH CAROLINA,SC,US,STATE,243,CASES
1932,24,SOUTH CAROLINA,SC,US,STATE,194,CASES
1932,25,SOUTH CAROLINA,SC,US,STATE,186,CASES
1932,26,SOUTH CAROLINA,SC,US,STATE,121,CASES
1932,27,SOUTH CAROLINA,SC,US,STATE,123,CASES
1932,28,SOUTH CAROLINA,SC,US,STATE,111,CASES
1932,29,SOUTH CAROLINA,SC,US,STATE,67,CASES
1932,30,SOUTH CAROLINA,SC,US,STATE,74,CASES
1932,31,SOUTH CAROLINA,SC,US,STATE,49,CASES
1932,32,SOUTH CAROLINA,SC,US,STATE,88,CASES
1932,33,SOUTH CAROLINA,SC,US,STATE,89,CASES
1932,34,SOUTH CAROLINA,SC,US,STATE,99,CASES
1932,35,SOUTH CAROLINA,SC,US,STATE,102,CASES
1932,36,SOUTH CAROLINA,SC,US,STATE,161,CASES
1932,37,SOUTH CAROLINA,SC,US,STATE,143,CASES
1932,38,SOUTH CAROLINA,SC,US,STATE,209,CASES
1932,39,SOUTH CAROLINA,SC,US,STATE,190,CASES
1932,40,SOUTH CAROLINA,SC,US,STATE,285,CASES
1932,41,SOUTH CAROLINA,SC,US,STATE,317,CASES
1932,42,SOUTH CAROLINA,SC,US,STATE,379,CASES
1932,43,SOUTH CAROLINA,SC,US,STATE,393,CASES
1932,44,SOUTH CAROLINA,SC,US,STATE,401,CASES
1932,45,SOUTH CAROLINA,SC,US,STATE,415,CASES
1932,46,SOUTH CAROLINA,SC,US,STATE,500,CASES
1932,47,SOUTH CAROLINA,SC,US,STATE,469,CASES
1932,48,SOUTH CAROLINA,SC,US,STATE,543,CASES
1932,49,SOUTH CAROLINA,SC,US,STATE,1092,CASES
1932,50,SOUTH CAROLINA,SC,US,STATE,1446,CASES
1932,51,SOUTH CAROLINA,SC,US,STATE,1060,CASES
1932,52,SOUTH CAROLINA,SC,US,STATE,2179,CASES
1933,1,SOUTH CAROLINA,SC,US,STATE,3667,CASES
1933,2,SOUTH CAROLINA,SC,US,STATE,3016,CASES
1933,3,SOUTH CAROLINA,SC,US,STATE,3681,CASES
1933,4,SOUTH CAROLINA,SC,US,STATE,3092,CASES
1933,5,SOUTH CAROLINA,SC,US,STATE,2286,CASES
1933,6,SOUTH CAROLINA,SC,US,STATE,2097,CASES
1933,7,SOUTH CAROLINA,SC,US,STATE,1824,CASES
1933,8,SOUTH CAROLINA,SC,US,STATE,1464,CASES
1933,9,SOUTH CAROLINA,SC,US,STATE,1151,CASES
1933,10,SOUTH CAROLINA,SC,US,STATE,918,CASES
1933,11,SOUTH CAROLINA,SC,US,STATE,708,CASES
1933,12,SOUTH CAROLINA,SC,US,STATE,751,CASES
1933,13,SOUTH CAROLINA,SC,US,STATE,434,CASES
1933,14,SOUTH CAROLINA,SC,US,STATE,352,CASES
1933,15,SOUTH CAROLINA,SC,US,STATE,376,CASES
1933,16,SOUTH CAROLINA,SC,US,STATE,273,CASES
1933,17,SOUTH CAROLINA,SC,US,STATE,269,CASES
1933,18,SOUTH CAROLINA,SC,US,STATE,247,CASES
1933,19,SOUTH CAROLINA,SC,US,STATE,165,CASES
1933,20,SOUTH CAROLINA,SC,US,STATE,162,CASES
1933,21,SOUTH CAROLINA,SC,US,STATE,130,CASES
1933,22,SOUTH CAROLINA,SC,US,STATE,100,CASES
1933,23,SOUTH CAROLINA,SC,US,STATE,98,CASES
1933,25,SOUTH CAROLINA,SC,US,STATE,65,CASES
1933,26,SOUTH CAROLINA,SC,US,STATE,35,CASES
1933,27,SOUTH CAROLINA,SC,US,STATE,115,CASES
1933,28,SOUTH CAROLINA,SC,US,STATE,79,CASES
1933,29,SOUTH CAROLINA,SC,US,STATE,79,CASES
1933,30,SOUTH CAROLINA,SC,US,STATE,72,CASES
1933,31,SOUTH CAROLINA,SC,US,STATE,62,CASES
1933,32,SOUTH CAROLINA,SC,US,STATE,61,CASES
1933,33,SOUTH CAROLINA,SC,US,STATE,81,CASES
1933,34,SOUTH CAROLINA,SC,US,STATE,83,CASES
1933,35,SOUTH CAROLINA,SC,US,STATE,92,CASES
1933,36,SOUTH CAROLINA,SC,US,STATE,95,CASES
1933,37,SOUTH CAROLINA,SC,US,STATE,98,CASES
1933,38,SOUTH CAROLINA,SC,US,STATE,131,CASES
1933,39,SOUTH CAROLINA,SC,US,STATE,142,CASES
1933,40,SOUTH CAROLINA,SC,US,STATE,192,CASES
1933,41,SOUTH CAROLINA,SC,US,STATE,244,CASES
1933,42,SOUTH CAROLINA,SC,US,STATE,291,CASES
1933,43,SOUTH CAROLINA,SC,US,STATE,270,CASES
1933,44,SOUTH CAROLINA,SC,US,STATE,327,CASES
1933,45,SOUTH CAROLINA,SC,US,STATE,337,CASES
1933,46,SOUTH CAROLINA,SC,US,STATE,385,CASES
1933,47,SOUTH CAROLINA,SC,US,STATE,393,CASES
1933,48,SOUTH CAROLINA,SC,US,STATE,587,CASES
1933,49,SOUTH CAROLINA,SC,US,STATE,569,CASES
1933,50,SOUTH CAROLINA,SC,US,STATE,459,CASES
1933,51,SOUTH CAROLINA,SC,US,STATE,433,CASES
1933,52,SOUTH CAROLINA,SC,US,STATE,288,CASES
1934,1,SOUTH CAROLINA,SC,US,STATE,960,CASES
1934,2,SOUTH CAROLINA,SC,US,STATE,684,CASES
1934,3,SOUTH CAROLINA,SC,US,STATE,683,CASES
1934,4,SOUTH CAROLINA,SC,US,STATE,744,CASES
1934,5,SOUTH CAROLINA,SC,US,STATE,808,CASES
1934,6,SOUTH CAROLINA,SC,US,STATE,591,CASES
1934,7,SOUTH CAROLINA,SC,US,STATE,841,CASES
1934,8,SOUTH CAROLINA,SC,US,STATE,880,CASES
1934,9,SOUTH CAROLINA,SC,US,STATE,799,CASES
1934,10,SOUTH CAROLINA,SC,US,STATE,871,CASES
1934,11,SOUTH CAROLINA,SC,US,STATE,757,CASES
1934,12,SOUTH CAROLINA,SC,US,STATE,586,CASES
1934,13,SOUTH CAROLINA,SC,US,STATE,693,CASES
1934,14,SOUTH CAROLINA,SC,US,STATE,500,CASES
1934,15,SOUTH CAROLINA,SC,US,STATE,420,CASES
1934,16,SOUTH CAROLINA,SC,US,STATE,372,CASES
1934,17,SOUTH CAROLINA,SC,US,STATE,356,CASES
1934,18,SOUTH CAROLINA,SC,US,STATE,324,CASES
1934,19,SOUTH CAROLINA,SC,US,STATE,246,CASES
1934,20,SOUTH CAROLINA,SC,US,STATE,158,CASES
1934,21,SOUTH CAROLINA,SC,US,STATE,117,CASES
1934,22,SOUTH CAROLINA,SC,US,STATE,134,CASES
1934,23,SOUTH CAROLINA,SC,US,STATE,100,CASES
1934,24,SOUTH CAROLINA,SC,US,STATE,77,CASES
1934,25,SOUTH CAROLINA,SC,US,STATE,99,CASES
1934,26,SOUTH CAROLINA,SC,US,STATE,70,CASES
1934,27,SOUTH CAROLINA,SC,US,STATE,53,CASES
1934,28,SOUTH CAROLINA,SC,US,STATE,46,CASES
1934,29,SOUTH CAROLINA,SC,US,STATE,44,CASES
1934,30,SOUTH CAROLINA,SC,US,STATE,38,CASES
1934,31,SOUTH CAROLINA,SC,US,STATE,70,CASES
1934,32,SOUTH CAROLINA,SC,US,STATE,58,CASES
1934,33,SOUTH CAROLINA,SC,US,STATE,52,CASES
1934,34,SOUTH CAROLINA,SC,US,STATE,81,CASES
1934,35,SOUTH CAROLINA,SC,US,STATE,76,CASES
1934,36,SOUTH CAROLINA,SC,US,STATE,127,CASES
1934,37,SOUTH CAROLINA,SC,US,STATE,74,CASES
1934,38,SOUTH CAROLINA,SC,US,STATE,132,CASES
1934,39,SOUTH CAROLINA,SC,US,STATE,142,CASES
1934,40,SOUTH CAROLINA,SC,US,STATE,191,CASES
1934,41,SOUTH CAROLINA,SC,US,STATE,132,CASES
1934,42,SOUTH CAROLINA,SC,US,STATE,172,CASES
1934,44,SOUTH CAROLINA,SC,US,STATE,311,CASES
1934,45,SOUTH CAROLINA,SC,US,STATE,221,CASES
1934,46,SOUTH CAROLINA,SC,US,STATE,328,CASES
1934,47,SOUTH CAROLINA,SC,US,STATE,267,CASES
1934,48,SOUTH CAROLINA,SC,US,STATE,239,CASES
1934,49,SOUTH CAROLINA,SC,US,STATE,278,CASES
1934,50,SOUTH CAROLINA,SC,US,STATE,419,CASES
1934,51,SOUTH CAROLINA,SC,US,STATE,738,CASES
1934,52,SOUTH CAROLINA,SC,US,STATE,1086,CASES
1935,1,SOUTH CAROLINA,SC,US,STATE,2000,CASES
1935,2,SOUTH CAROLINA,SC,US,STATE,1832,CASES
1935,3,SOUTH CAROLINA,SC,US,STATE,1060,CASES
1935,4,SOUTH CAROLINA,SC,US,STATE,1226,CASES
1935,5,SOUTH CAROLINA,SC,US,STATE,1176,CASES
1935,6,SOUTH CAROLINA,SC,US,STATE,1022,CASES
1935,7,SOUTH CAROLINA,SC,US,STATE,797,CASES
1935,8,SOUTH CAROLINA,SC,US,STATE,580,CASES
1935,9,SOUTH CAROLINA,SC,US,STATE,534,CASES
1935,10,SOUTH CAROLINA,SC,US,STATE,425,CASES
1935,11,SOUTH CAROLINA,SC,US,STATE,334,CASES
1935,12,SOUTH CAROLINA,SC,US,STATE,247,CASES
1935,13,SOUTH CAROLINA,SC,US,STATE,235,CASES
1935,14,SOUTH CAROLINA,SC,US,STATE,233,CASES
1935,15,SOUTH CAROLINA,SC,US,STATE,221,CASES
1935,16,SOUTH CAROLINA,SC,US,STATE,157,CASES
1935,17,SOUTH CAROLINA,SC,US,STATE,129,CASES
1935,18,SOUTH CAROLINA,SC,US,STATE,142,CASES
1935,19,SOUTH CAROLINA,SC,US,STATE,80,CASES
1935,20,SOUTH CAROLINA,SC,US,STATE,72,CASES
1935,21,SOUTH CAROLINA,SC,US,STATE,119,CASES
1935,22,SOUTH CAROLINA,SC,US,STATE,88,CASES
1935,23,SOUTH CAROLINA,SC,US,STATE,67,CASES
1935,24,SOUTH CAROLINA,SC,US,STATE,56,CASES
1935,25,SOUTH CAROLINA,SC,US,STATE,52,CASES
1935,26,SOUTH CAROLINA,SC,US,STATE,59,CASES
1935,27,SOUTH CAROLINA,SC,US,STATE,27,CASES
1935,28,SOUTH CAROLINA,SC,US,STATE,35,CASES
1935,29,SOUTH CAROLINA,SC,US,STATE,58,CASES
1935,30,SOUTH CAROLINA,SC,US,STATE,46,CASES
1935,31,SOUTH CAROLINA,SC,US,STATE,45,CASES
1935,32,SOUTH CAROLINA,SC,US,STATE,42,CASES
1935,33,SOUTH CAROLINA,SC,US,STATE,49,CASES
1935,34,SOUTH CAROLINA,SC,US,STATE,45,CASES
1935,35,SOUTH CAROLINA,SC,US,STATE,51,CASES
1935,36,SOUTH CAROLINA,SC,US,STATE,94,CASES
1935,37,SOUTH CAROLINA,SC,US,STATE,112,CASES
1935,38,SOUTH CAROLINA,SC,US,STATE,161,CASES
1935,39,SOUTH CAROLINA,SC,US,STATE,176,CASES
1935,40,SOUTH CAROLINA,SC,US,STATE,171,CASES
1935,41,SOUTH CAROLINA,SC,US,STATE,166,CASES
1935,42,SOUTH CAROLINA,SC,US,STATE,169,CASES
1935,43,SOUTH CAROLINA,SC,US,STATE,185,CASES
1935,44,SOUTH CAROLINA,SC,US,STATE,141,CASES
1935,45,SOUTH CAROLINA,SC,US,STATE,114,CASES
1935,46,SOUTH CAROLINA,SC,US,STATE,147,CASES
1935,47,SOUTH CAROLINA,SC,US,STATE,163,CASES
1935,48,SOUTH CAROLINA,SC,US,STATE,162,CASES
1935,49,SOUTH CAROLINA,SC,US,STATE,228,CASES
1935,50,SOUTH CAROLINA,SC,US,STATE,235,CASES
1935,51,SOUTH CAROLINA,SC,US,STATE,230,CASES
1935,52,SOUTH CAROLINA,SC,US,STATE,162,CASES
1936,1,SOUTH CAROLINA,SC,US,STATE,239,CASES
1936,2,SOUTH CAROLINA,SC,US,STATE,401,CASES
1936,3,SOUTH CAROLINA,SC,US,STATE,480,CASES
1936,4,SOUTH CAROLINA,SC,US,STATE,391,CASES
1936,5,SOUTH CAROLINA,SC,US,STATE,572,CASES
1936,6,SOUTH CAROLINA,SC,US,STATE,1009,CASES
1936,7,SOUTH CAROLINA,SC,US,STATE,1538,CASES
1936,8,SOUTH CAROLINA,SC,US,STATE,1272,CASES
1936,9,SOUTH CAROLINA,SC,US,STATE,1509,CASES
1936,10,SOUTH CAROLINA,SC,US,STATE,1005,CASES
1936,11,SOUTH CAROLINA,SC,US,STATE,873,CASES
1936,12,SOUTH CAROLINA,SC,US,STATE,689,CASES
1936,13,SOUTH CAROLINA,SC,US,STATE,533,CASES
1936,14,SOUTH CAROLINA,SC,US,STATE,303,CASES
1936,15,SOUTH CAROLINA,SC,US,STATE,331,CASES
1936,16,SOUTH CAROLINA,SC,US,STATE,299,CASES
1936,17,SOUTH CAROLINA,SC,US,STATE,264,CASES
1936,18,SOUTH CAROLINA,SC,US,STATE,223,CASES
1936,19,SOUTH CAROLINA,SC,US,STATE,142,CASES
1936,20,SOUTH CAROLINA,SC,US,STATE,126,CASES
1936,21,SOUTH CAROLINA,SC,US,STATE,104,CASES
1936,22,SOUTH CAROLINA,SC,US,STATE,73,CASES
1936,23,SOUTH CAROLINA,SC,US,STATE,63,CASES
1936,24,SOUTH CAROLINA,SC,US,STATE,25,CASES
1936,25,SOUTH CAROLINA,SC,US,STATE,52,CASES
1936,26,SOUTH CAROLINA,SC,US,STATE,41,CASES
1936,27,SOUTH CAROLINA,SC,US,STATE,37,CASES
1936,28,SOUTH CAROLINA,SC,US,STATE,36,CASES
1936,29,SOUTH CAROLINA,SC,US,STATE,23,CASES
1936,30,SOUTH CAROLINA,SC,US,STATE,19,CASES
1936,31,SOUTH CAROLINA,SC,US,STATE,29,CASES
1936,32,SOUTH CAROLINA,SC,US,STATE,32,CASES
1936,33,SOUTH CAROLINA,SC,US,STATE,52,CASES
1936,34,SOUTH CAROLINA,SC,US,STATE,39,CASES
1936,35,SOUTH CAROLINA,SC,US,STATE,53,CASES
1936,36,SOUTH CAROLINA,SC,US,STATE,50,CASES
1936,37,SOUTH CAROLINA,SC,US,STATE,67,CASES
1936,38,SOUTH CAROLINA,SC,US,STATE,94,CASES
1936,40,SOUTH CAROLINA,SC,US,STATE,79,CASES
1936,41,SOUTH CAROLINA,SC,US,STATE,96,CASES
1936,42,SOUTH CAROLINA,SC,US,STATE,98,CASES
1936,43,SOUTH CAROLINA,SC,US,STATE,114,CASES
1936,44,SOUTH CAROLINA,SC,US,STATE,192,CASES
1936,45,SOUTH CAROLINA,SC,US,STATE,194,CASES
1936,46,SOUTH CAROLINA,SC,US,STATE,313,CASES
1936,47,SOUTH CAROLINA,SC,US,STATE,324,CASES
1936,48,SOUTH CAROLINA,SC,US,STATE,213,CASES
1936,49,SOUTH CAROLINA,SC,US,STATE,381,CASES
1936,50,SOUTH CAROLINA,SC,US,STATE,410,CASES
1936,51,SOUTH CAROLINA,SC,US,STATE,353,CASES
1936,52,SOUTH CAROLINA,SC,US,STATE,206,CASES
1936,53,SOUTH CAROLINA,SC,US,STATE,400,CASES
1937,1,SOUTH CAROLINA,SC,US,STATE,720,CASES
1937,2,SOUTH CAROLINA,SC,US,STATE,652,CASES
1937,3,SOUTH CAROLINA,SC,US,STATE,861,CASES
1937,4,SOUTH CAROLINA,SC,US,STATE,827,CASES
1937,5,SOUTH CAROLINA,SC,US,STATE,968,CASES
1937,6,SOUTH CAROLINA,SC,US,STATE,1135,CASES
1937,7,SOUTH CAROLINA,SC,US,STATE,1116,CASES
1937,8,SOUTH CAROLINA,SC,US,STATE,1346,CASES
1937,9,SOUTH CAROLINA,SC,US,STATE,1707,CASES
1937,10,SOUTH CAROLINA,SC,US,STATE,1602,CASES
1937,11,SOUTH CAROLINA,SC,US,STATE,1508,CASES
1937,12,SOUTH CAROLINA,SC,US,STATE,812,CASES
1937,13,SOUTH CAROLINA,SC,US,STATE,707,CASES
1937,14,SOUTH CAROLINA,SC,US,STATE,528,CASES
1937,15,SOUTH CAROLINA,SC,US,STATE,429,CASES
1937,16,SOUTH CAROLINA,SC,US,STATE,388,CASES
1937,17,SOUTH CAROLINA,SC,US,STATE,264,CASES
1937,18,SOUTH CAROLINA,SC,US,STATE,211,CASES
1937,19,SOUTH CAROLINA,SC,US,STATE,115,CASES
1937,20,SOUTH CAROLINA,SC,US,STATE,69,CASES
1937,21,SOUTH CAROLINA,SC,US,STATE,101,CASES
1937,22,SOUTH CAROLINA,SC,US,STATE,63,CASES
1937,23,SOUTH CAROLINA,SC,US,STATE,85,CASES
1937,24,SOUTH CAROLINA,SC,US,STATE,56,CASES
1937,25,SOUTH CAROLINA,SC,US,STATE,52,CASES
1937,26,SOUTH CAROLINA,SC,US,STATE,28,CASES
1937,27,SOUTH CAROLINA,SC,US,STATE,53,CASES
1937,28,SOUTH CAROLINA,SC,US,STATE,40,CASES
1937,29,SOUTH CAROLINA,SC,US,STATE,38,CASES
1937,30,SOUTH CAROLINA,SC,US,STATE,40,CASES
1937,31,SOUTH CAROLINA,SC,US,STATE,42,CASES
1937,32,SOUTH CAROLINA,SC,US,STATE,54,CASES
1937,33,SOUTH CAROLINA,SC,US,STATE,50,CASES
1937,34,SOUTH CAROLINA,SC,US,STATE,80,CASES
1937,36,SOUTH CAROLINA,SC,US,STATE,91,CASES
1937,37,SOUTH CAROLINA,SC,US,STATE,104,CASES
1937,38,SOUTH CAROLINA,SC,US,STATE,135,CASES
1937,39,SOUTH CAROLINA,SC,US,STATE,122,CASES
1937,40,SOUTH CAROLINA,SC,US,STATE,93,CASES
1937,41,SOUTH CAROLINA,SC,US,STATE,114,CASES
1937,42,SOUTH CAROLINA,SC,US,STATE,140,CASES
1937,43,SOUTH CAROLINA,SC,US,STATE,229,CASES
1937,44,SOUTH CAROLINA,SC,US,STATE,163,CASES
1937,45,SOUTH CAROLINA,SC,US,STATE,220,CASES
1937,46,SOUTH CAROLINA,SC,US,STATE,214,CASES
1937,47,SOUTH CAROLINA,SC,US,STATE,238,CASES
1937,48,SOUTH CAROLINA,SC,US,STATE,371,CASES
1937,49,SOUTH CAROLINA,SC,US,STATE,377,CASES
1937,50,SOUTH CAROLINA,SC,US,STATE,359,CASES
1937,51,SOUTH CAROLINA,SC,US,STATE,95,CASES
1937,52,SOUTH CAROLINA,SC,US,STATE,311,CASES
1938,1,SOUTH CAROLINA,SC,US,STATE,533,CASES
1938,2,SOUTH CAROLINA,SC,US,STATE,673,CASES
1938,3,SOUTH CAROLINA,SC,US,STATE,740,CASES
1938,4,SOUTH CAROLINA,SC,US,STATE,711,CASES
1938,5,SOUTH CAROLINA,SC,US,STATE,636,CASES
1938,6,SOUTH CAROLINA,SC,US,STATE,645,CASES
1938,7,SOUTH CAROLINA,SC,US,STATE,635,CASES
1938,8,SOUTH CAROLINA,SC,US,STATE,604,CASES
1938,9,SOUTH CAROLINA,SC,US,STATE,481,CASES
1938,10,SOUTH CAROLINA,SC,US,STATE,338,CASES
1938,11,SOUTH CAROLINA,SC,US,STATE,242,CASES
1938,12,SOUTH CAROLINA,SC,US,STATE,314,CASES
1938,13,SOUTH CAROLINA,SC,US,STATE,218,CASES
1938,14,SOUTH CAROLINA,SC,US,STATE,170,CASES
1938,15,SOUTH CAROLINA,SC,US,STATE,181,CASES
1938,16,SOUTH CAROLINA,SC,US,STATE,154,CASES
1938,17,SOUTH CAROLINA,SC,US,STATE,125,CASES
1938,18,SOUTH CAROLINA,SC,US,STATE,108,CASES
1938,19,SOUTH CAROLINA,SC,US,STATE,94,CASES
1938,20,SOUTH CAROLINA,SC,US,STATE,47,CASES
1938,21,SOUTH CAROLINA,SC,US,STATE,59,CASES
1938,22,SOUTH CAROLINA,SC,US,STATE,77,CASES
1938,23,SOUTH CAROLINA,SC,US,STATE,72,CASES
1938,24,SOUTH CAROLINA,SC,US,STATE,50,CASES
1938,25,SOUTH CAROLINA,SC,US,STATE,128,CASES
1938,26,SOUTH CAROLINA,SC,US,STATE,231,CASES
1938,27,SOUTH CAROLINA,SC,US,STATE,250,CASES
1938,28,SOUTH CAROLINA,SC,US,STATE,192,CASES
1938,29,SOUTH CAROLINA,SC,US,STATE,189,CASES
1938,30,SOUTH CAROLINA,SC,US,STATE,184,CASES
1938,31,SOUTH CAROLINA,SC,US,STATE,175,CASES
1938,32,SOUTH CAROLINA,SC,US,STATE,197,CASES
1938,33,SOUTH CAROLINA,SC,US,STATE,106,CASES
1938,34,SOUTH CAROLINA,SC,US,STATE,311,CASES
1938,35,SOUTH CAROLINA,SC,US,STATE,286,CASES
1938,36,SOUTH CAROLINA,SC,US,STATE,498,CASES
1938,37,SOUTH CAROLINA,SC,US,STATE,137,CASES
1938,38,SOUTH CAROLINA,SC,US,STATE,212,CASES
1938,39,SOUTH CAROLINA,SC,US,STATE,240,CASES
1938,40,SOUTH CAROLINA,SC,US,STATE,654,CASES
1938,41,SOUTH CAROLINA,SC,US,STATE,210,CASES
1938,42,SOUTH CAROLINA,SC,US,STATE,712,CASES
1938,43,SOUTH CAROLINA,SC,US,STATE,358,CASES
1938,44,SOUTH CAROLINA,SC,US,STATE,818,CASES
1938,45,SOUTH CAROLINA,SC,US,STATE,229,CASES
1938,46,SOUTH CAROLINA,SC,US,STATE,790,CASES
1938,47,SOUTH CAROLINA,SC,US,STATE,762,CASES
1938,48,SOUTH CAROLINA,SC,US,STATE,815,CASES
1938,49,SOUTH CAROLINA,SC,US,STATE,1182,CASES
1938,50,SOUTH CAROLINA,SC,US,STATE,1246,CASES
1938,51,SOUTH CAROLINA,SC,US,STATE,656,CASES
1938,52,SOUTH CAROLINA,SC,US,STATE,347,CASES
1939,1,SOUTH CAROLINA,SC,US,STATE,2488,CASES
1939,2,SOUTH CAROLINA,SC,US,STATE,1355,CASES
1939,3,SOUTH CAROLINA,SC,US,STATE,2363,CASES
1939,4,SOUTH CAROLINA,SC,US,STATE,1773,CASES
1939,5,SOUTH CAROLINA,SC,US,STATE,772,CASES
1939,6,SOUTH CAROLINA,SC,US,STATE,701,CASES
1939,7,SOUTH CAROLINA,SC,US,STATE,972,CASES
1939,8,SOUTH CAROLINA,SC,US,STATE,592,CASES
1939,9,SOUTH CAROLINA,SC,US,STATE,1181,CASES
1939,10,SOUTH CAROLINA,SC,US,STATE,1142,CASES
1939,11,SOUTH CAROLINA,SC,US,STATE,872,CASES
1939,12,SOUTH CAROLINA,SC,US,STATE,1636,CASES
1939,13,SOUTH CAROLINA,SC,US,STATE,1265,CASES
1939,14,SOUTH CAROLINA,SC,US,STATE,846,CASES
1939,15,SOUTH CAROLINA,SC,US,STATE,893,CASES
1939,16,SOUTH CAROLINA,SC,US,STATE,623,CASES
1939,17,SOUTH CAROLINA,SC,US,STATE,548,CASES
1939,18,SOUTH CAROLINA,SC,US,STATE,1287,CASES
1939,19,SOUTH CAROLINA,SC,US,STATE,1063,CASES
1939,20,SOUTH CAROLINA,SC,US,STATE,1000,CASES
1939,21,SOUTH CAROLINA,SC,US,STATE,244,CASES
1939,22,SOUTH CAROLINA,SC,US,STATE,514,CASES
1939,23,SOUTH CAROLINA,SC,US,STATE,200,CASES
1939,24,SOUTH CAROLINA,SC,US,STATE,514,CASES
1939,25,SOUTH CAROLINA,SC,US,STATE,108,CASES
1939,26,SOUTH CAROLINA,SC,US,STATE,114,CASES
1939,27,SOUTH CAROLINA,SC,US,STATE,111,CASES
1939,28,SOUTH CAROLINA,SC,US,STATE,84,CASES
1939,29,SOUTH CAROLINA,SC,US,STATE,110,CASES
1939,30,SOUTH CAROLINA,SC,US,STATE,69,CASES
1939,31,SOUTH CAROLINA,SC,US,STATE,67,CASES
1939,32,SOUTH CAROLINA,SC,US,STATE,331,CASES
1939,33,SOUTH CAROLINA,SC,US,STATE,382,CASES
1939,34,SOUTH CAROLINA,SC,US,STATE,143,CASES
1939,35,SOUTH CAROLINA,SC,US,STATE,115,CASES
1939,36,SOUTH CAROLINA,SC,US,STATE,191,CASES
1939,37,SOUTH CAROLINA,SC,US,STATE,119,CASES
1939,38,SOUTH CAROLINA,SC,US,STATE,429,CASES
1939,39,SOUTH CAROLINA,SC,US,STATE,437,CASES
1939,40,SOUTH CAROLINA,SC,US,STATE,290,CASES
1939,41,SOUTH CAROLINA,SC,US,STATE,590,CASES
1939,42,SOUTH CAROLINA,SC,US,STATE,209,CASES
1939,43,SOUTH CAROLINA,SC,US,STATE,604,CASES
1939,44,SOUTH CAROLINA,SC,US,STATE,300,CASES
1939,45,SOUTH CAROLINA,SC,US,STATE,239,CASES
1939,46,SOUTH CAROLINA,SC,US,STATE,1306,CASES
1939,47,SOUTH CAROLINA,SC,US,STATE,623,CASES
1939,48,SOUTH CAROLINA,SC,US,STATE,3223,CASES
1939,49,SOUTH CAROLINA,SC,US,STATE,3679,CASES
1939,50,SOUTH CAROLINA,SC,US,STATE,6427,CASES
1939,51,SOUTH CAROLINA,SC,US,STATE,1638,CASES
1939,52,SOUTH CAROLINA,SC,US,STATE,6176,CASES
1940,1,SOUTH CAROLINA,SC,US,STATE,3154,CASES
1940,2,SOUTH CAROLINA,SC,US,STATE,3948,CASES
1940,3,SOUTH CAROLINA,SC,US,STATE,2825,CASES
1940,4,SOUTH CAROLINA,SC,US,STATE,2169,CASES
1940,5,SOUTH CAROLINA,SC,US,STATE,1674,CASES
1940,6,SOUTH CAROLINA,SC,US,STATE,1331,CASES
1940,7,SOUTH CAROLINA,SC,US,STATE,1041,CASES
1940,8,SOUTH CAROLINA,SC,US,STATE,1182,CASES
1940,9,SOUTH CAROLINA,SC,US,STATE,945,CASES
1940,10,SOUTH CAROLINA,SC,US,STATE,766,CASES
1940,11,SOUTH CAROLINA,SC,US,STATE,774,CASES
1940,12,SOUTH CAROLINA,SC,US,STATE,559,CASES
1940,13,SOUTH CAROLINA,SC,US,STATE,455,CASES
1940,14,SOUTH CAROLINA,SC,US,STATE,552,CASES
1940,15,SOUTH CAROLINA,SC,US,STATE,442,CASES
1940,16,SOUTH CAROLINA,SC,US,STATE,416,CASES
1940,17,SOUTH CAROLINA,SC,US,STATE,270,CASES
1940,18,SOUTH CAROLINA,SC,US,STATE,400,CASES
1940,19,SOUTH CAROLINA,SC,US,STATE,303,CASES
1940,20,SOUTH CAROLINA,SC,US,STATE,179,CASES
1940,21,SOUTH CAROLINA,SC,US,STATE,299,CASES
1940,22,SOUTH CAROLINA,SC,US,STATE,128,CASES
1940,23,SOUTH CAROLINA,SC,US,STATE,166,CASES
1940,24,SOUTH CAROLINA,SC,US,STATE,95,CASES
1940,25,SOUTH CAROLINA,SC,US,STATE,110,CASES
1940,26,SOUTH CAROLINA,SC,US,STATE,80,CASES
1940,27,SOUTH CAROLINA,SC,US,STATE,93,CASES
1940,28,SOUTH CAROLINA,SC,US,STATE,105,CASES
1940,29,SOUTH CAROLINA,SC,US,STATE,46,CASES
1940,30,SOUTH CAROLINA,SC,US,STATE,87,CASES
1940,31,SOUTH CAROLINA,SC,US,STATE,116,CASES
1940,32,SOUTH CAROLINA,SC,US,STATE,110,CASES
1940,33,SOUTH CAROLINA,SC,US,STATE,145,CASES
1940,34,SOUTH CAROLINA,SC,US,STATE,129,CASES
1940,35,SOUTH CAROLINA,SC,US,STATE,90,CASES
1940,36,SOUTH CAROLINA,SC,US,STATE,120,CASES
1940,37,SOUTH CAROLINA,SC,US,STATE,148,CASES
1940,38,SOUTH CAROLINA,SC,US,STATE,97,CASES
1940,39,SOUTH CAROLINA,SC,US,STATE,147,CASES
1940,40,SOUTH CAROLINA,SC,US,STATE,139,CASES
1940,41,SOUTH CAROLINA,SC,US,STATE,168,CASES
1940,42,SOUTH CAROLINA,SC,US,STATE,103,CASES
1940,43,SOUTH CAROLINA,SC,US,STATE,198,CASES
1940,44,SOUTH CAROLINA,SC,US,STATE,331,CASES
1940,45,SOUTH CAROLINA,SC,US,STATE,144,CASES
1940,46,SOUTH CAROLINA,SC,US,STATE,306,CASES
1940,47,SOUTH CAROLINA,SC,US,STATE,157,CASES
1940,48,SOUTH CAROLINA,SC,US,STATE,290,CASES
1940,49,SOUTH CAROLINA,SC,US,STATE,301,CASES
1940,50,SOUTH CAROLINA,SC,US,STATE,359,CASES
1940,51,SOUTH CAROLINA,SC,US,STATE,315,CASES
1940,52,SOUTH CAROLINA,SC,US,STATE,440,CASES
1941,1,SOUTH CAROLINA,SC,US,STATE,1581,CASES
1941,2,SOUTH CAROLINA,SC,US,STATE,3686,CASES
1941,3,SOUTH CAROLINA,SC,US,STATE,11004,CASES
1941,4,SOUTH CAROLINA,SC,US,STATE,11731,CASES
1941,5,SOUTH CAROLINA,SC,US,STATE,8645,CASES
1941,6,SOUTH CAROLINA,SC,US,STATE,3060,CASES
1941,7,SOUTH CAROLINA,SC,US,STATE,2217,CASES
1941,9,SOUTH CAROLINA,SC,US,STATE,1056,CASES
1941,10,SOUTH CAROLINA,SC,US,STATE,958,CASES
1941,11,SOUTH CAROLINA,SC,US,STATE,754,CASES
1941,12,SOUTH CAROLINA,SC,US,STATE,666,CASES
1941,13,SOUTH CAROLINA,SC,US,STATE,713,CASES
1941,14,SOUTH CAROLINA,SC,US,STATE,415,CASES
1941,15,SOUTH CAROLINA,SC,US,STATE,408,CASES
1941,16,SOUTH CAROLINA,SC,US,STATE,448,CASES
1941,17,SOUTH CAROLINA,SC,US,STATE,328,CASES
1941,18,SOUTH CAROLINA,SC,US,STATE,270,CASES
1941,19,SOUTH CAROLINA,SC,US,STATE,213,CASES
1941,20,SOUTH CAROLINA,SC,US,STATE,327,CASES
1941,21,SOUTH CAROLINA,SC,US,STATE,138,CASES
1941,22,SOUTH CAROLINA,SC,US,STATE,192,CASES
1941,23,SOUTH CAROLINA,SC,US,STATE,80,CASES
1941,24,SOUTH CAROLINA,SC,US,STATE,105,CASES
1941,25,SOUTH CAROLINA,SC,US,STATE,111,CASES
1941,26,SOUTH CAROLINA,SC,US,STATE,64,CASES
1941,27,SOUTH CAROLINA,SC,US,STATE,74,CASES
1941,28,SOUTH CAROLINA,SC,US,STATE,105,CASES
1941,29,SOUTH CAROLINA,SC,US,STATE,78,CASES
1941,30,SOUTH CAROLINA,SC,US,STATE,92,CASES
1941,31,SOUTH CAROLINA,SC,US,STATE,61,CASES
1941,32,SOUTH CAROLINA,SC,US,STATE,134,CASES
1941,33,SOUTH CAROLINA,SC,US,STATE,95,CASES
1941,34,SOUTH CAROLINA,SC,US,STATE,56,CASES
1941,35,SOUTH CAROLINA,SC,US,STATE,43,CASES
1941,36,SOUTH CAROLINA,SC,US,STATE,93,CASES
1941,37,SOUTH CAROLINA,SC,US,STATE,123,CASES
1941,38,SOUTH CAROLINA,SC,US,STATE,80,CASES
1941,39,SOUTH CAROLINA,SC,US,STATE,185,CASES
1941,40,SOUTH CAROLINA,SC,US,STATE,110,CASES
1941,41,SOUTH CAROLINA,SC,US,STATE,200,CASES
1941,42,SOUTH CAROLINA,SC,US,STATE,151,CASES
1941,43,SOUTH CAROLINA,SC,US,STATE,162,CASES
1941,44,SOUTH CAROLINA,SC,US,STATE,293,CASES
1941,45,SOUTH CAROLINA,SC,US,STATE,221,CASES
1941,46,SOUTH CAROLINA,SC,US,STATE,276,CASES
1941,47,SOUTH CAROLINA,SC,US,STATE,291,CASES
1941,48,SOUTH CAROLINA,SC,US,STATE,378,CASES
1941,49,SOUTH CAROLINA,SC,US,STATE,409,CASES
1941,50,SOUTH CAROLINA,SC,US,STATE,376,CASES
1941,51,SOUTH CAROLINA,SC,US,STATE,421,CASES
1941,52,SOUTH CAROLINA,SC,US,STATE,203,CASES
1941,53,SOUTH CAROLINA,SC,US,STATE,459,CASES
1942,1,SOUTH CAROLINA,SC,US,STATE,474,CASES
1942,2,SOUTH CAROLINA,SC,US,STATE,493,CASES
1942,3,SOUTH CAROLINA,SC,US,STATE,653,CASES
1942,4,SOUTH CAROLINA,SC,US,STATE,647,CASES
1942,5,SOUTH CAROLINA,SC,US,STATE,871,CASES
1942,6,SOUTH CAROLINA,SC,US,STATE,784,CASES
1942,7,SOUTH CAROLINA,SC,US,STATE,735,CASES
1942,8,SOUTH CAROLINA,SC,US,STATE,950,CASES
1942,9,SOUTH CAROLINA,SC,US,STATE,1028,CASES
1942,10,SOUTH CAROLINA,SC,US,STATE,705,CASES
1942,11,SOUTH CAROLINA,SC,US,STATE,505,CASES
1942,12,SOUTH CAROLINA,SC,US,STATE,435,CASES
1942,13,SOUTH CAROLINA,SC,US,STATE,605,CASES
1942,14,SOUTH CAROLINA,SC,US,STATE,402,CASES
1942,15,SOUTH CAROLINA,SC,US,STATE,411,CASES
1942,16,SOUTH CAROLINA,SC,US,STATE,265,CASES
1942,17,SOUTH CAROLINA,SC,US,STATE,291,CASES
1942,18,SOUTH CAROLINA,SC,US,STATE,167,CASES
1942,19,SOUTH CAROLINA,SC,US,STATE,161,CASES
1942,20,SOUTH CAROLINA,SC,US,STATE,188,CASES
1942,21,SOUTH CAROLINA,SC,US,STATE,146,CASES
1942,22,SOUTH CAROLINA,SC,US,STATE,154,CASES
1942,23,SOUTH CAROLINA,SC,US,STATE,89,CASES
1942,24,SOUTH CAROLINA,SC,US,STATE,118,CASES
1942,25,SOUTH CAROLINA,SC,US,STATE,81,CASES
1942,26,SOUTH CAROLINA,SC,US,STATE,37,CASES
1942,27,SOUTH CAROLINA,SC,US,STATE,122,CASES
1942,28,SOUTH CAROLINA,SC,US,STATE,67,CASES
1942,29,SOUTH CAROLINA,SC,US,STATE,92,CASES
1942,30,SOUTH CAROLINA,SC,US,STATE,63,CASES
1942,31,SOUTH CAROLINA,SC,US,STATE,70,CASES
1942,32,SOUTH CAROLINA,SC,US,STATE,98,CASES
1942,33,SOUTH CAROLINA,SC,US,STATE,104,CASES
1942,34,SOUTH CAROLINA,SC,US,STATE,117,CASES
1942,35,SOUTH CAROLINA,SC,US,STATE,58,CASES
1942,36,SOUTH CAROLINA,SC,US,STATE,227,CASES
1942,37,SOUTH CAROLINA,SC,US,STATE,169,CASES
1942,38,SOUTH CAROLINA,SC,US,STATE,210,CASES
1942,39,SOUTH CAROLINA,SC,US,STATE,171,CASES
1942,40,SOUTH CAROLINA,SC,US,STATE,195,CASES
1942,41,SOUTH CAROLINA,SC,US,STATE,263,CASES
1942,42,SOUTH CAROLINA,SC,US,STATE,272,CASES
1942,43,SOUTH CAROLINA,SC,US,STATE,201,CASES
1942,44,SOUTH CAROLINA,SC,US,STATE,285,CASES
1942,45,SOUTH CAROLINA,SC,US,STATE,293,CASES
1942,46,SOUTH CAROLINA,SC,US,STATE,439,CASES
1942,47,SOUTH CAROLINA,SC,US,STATE,435,CASES
1942,48,SOUTH CAROLINA,SC,US,STATE,322,CASES
1942,49,SOUTH CAROLINA,SC,US,STATE,517,CASES
1942,50,SOUTH CAROLINA,SC,US,STATE,460,CASES
1942,51,SOUTH CAROLINA,SC,US,STATE,204,CASES
1942,52,SOUTH CAROLINA,SC,US,STATE,674,CASES
1943,1,SOUTH CAROLINA,SC,US,STATE,651,CASES
1943,2,SOUTH CAROLINA,SC,US,STATE,854,CASES
1943,3,SOUTH CAROLINA,SC,US,STATE,681,CASES
1943,4,SOUTH CAROLINA,SC,US,STATE,678,CASES
1943,5,SOUTH CAROLINA,SC,US,STATE,659,CASES
1943,6,SOUTH CAROLINA,SC,US,STATE,733,CASES
1943,7,SOUTH CAROLINA,SC,US,STATE,643,CASES
1943,8,SOUTH CAROLINA,SC,US,STATE,986,CASES
1943,9,SOUTH CAROLINA,SC,US,STATE,705,CASES
1943,10,SOUTH CAROLINA,SC,US,STATE,1017,CASES
1943,11,SOUTH CAROLINA,SC,US,STATE,840,CASES
1943,12,SOUTH CAROLINA,SC,US,STATE,920,CASES
1943,13,SOUTH CAROLINA,SC,US,STATE,473,CASES
1943,14,SOUTH CAROLINA,SC,US,STATE,618,CASES
1943,15,SOUTH CAROLINA,SC,US,STATE,630,CASES
1943,16,SOUTH CAROLINA,SC,US,STATE,385,CASES
1943,17,SOUTH CAROLINA,SC,US,STATE,387,CASES
1943,18,SOUTH CAROLINA,SC,US,STATE,422,CASES
1943,19,SOUTH CAROLINA,SC,US,STATE,39,CASES
1943,20,SOUTH CAROLINA,SC,US,STATE,215,CASES
1943,21,SOUTH CAROLINA,SC,US,STATE,221,CASES
1943,22,SOUTH CAROLINA,SC,US,STATE,145,CASES
1943,23,SOUTH CAROLINA,SC,US,STATE,79,CASES
1943,24,SOUTH CAROLINA,SC,US,STATE,133,CASES
1943,25,SOUTH CAROLINA,SC,US,STATE,80,CASES
1943,26,SOUTH CAROLINA,SC,US,STATE,90,CASES
1943,27,SOUTH CAROLINA,SC,US,STATE,160,CASES
1943,28,SOUTH CAROLINA,SC,US,STATE,121,CASES
1943,29,SOUTH CAROLINA,SC,US,STATE,133,CASES
1943,30,SOUTH CAROLINA,SC,US,STATE,131,CASES
1943,31,SOUTH CAROLINA,SC,US,STATE,207,CASES
1943,32,SOUTH CAROLINA,SC,US,STATE,101,CASES
1943,33,SOUTH CAROLINA,SC,US,STATE,118,CASES
1943,34,SOUTH CAROLINA,SC,US,STATE,129,CASES
1943,35,SOUTH CAROLINA,SC,US,STATE,152,CASES
1943,36,SOUTH CAROLINA,SC,US,STATE,142,CASES
1943,37,SOUTH CAROLINA,SC,US,STATE,122,CASES
1943,38,SOUTH CAROLINA,SC,US,STATE,146,CASES
1943,39,SOUTH CAROLINA,SC,US,STATE,141,CASES
1943,40,SOUTH CAROLINA,SC,US,STATE,189,CASES
1943,41,SOUTH CAROLINA,SC,US,STATE,133,CASES
1943,42,SOUTH CAROLINA,SC,US,STATE,303,CASES
1943,43,SOUTH CAROLINA,SC,US,STATE,249,CASES
1943,44,SOUTH CAROLINA,SC,US,STATE,272,CASES
1943,45,SOUTH CAROLINA,SC,US,STATE,305,CASES
1943,46,SOUTH CAROLINA,SC,US,STATE,295,CASES
1943,47,SOUTH CAROLINA,SC,US,STATE,331,CASES
1943,48,SOUTH CAROLINA,SC,US,STATE,453,CASES
1943,49,SOUTH CAROLINA,SC,US,STATE,755,CASES
1943,50,SOUTH CAROLINA,SC,US,STATE,1498,CASES
1943,51,SOUTH CAROLINA,SC,US,STATE,1958,CASES
1943,52,SOUTH CAROLINA,SC,US,STATE,6155,CASES
1944,1,SOUTH CAROLINA,SC,US,STATE,6702,CASES
1944,2,SOUTH CAROLINA,SC,US,STATE,5498,CASES
1944,3,SOUTH CAROLINA,SC,US,STATE,3799,CASES
1944,4,SOUTH CAROLINA,SC,US,STATE,1878,CASES
1944,5,SOUTH CAROLINA,SC,US,STATE,1311,CASES
1944,6,SOUTH CAROLINA,SC,US,STATE,1109,CASES
1944,7,SOUTH CAROLINA,SC,US,STATE,801,CASES
1944,8,SOUTH CAROLINA,SC,US,STATE,800,CASES
1944,9,SOUTH CAROLINA,SC,US,STATE,657,CASES
1944,10,SOUTH CAROLINA,SC,US,STATE,507,CASES
1944,11,SOUTH CAROLINA,SC,US,STATE,449,CASES
1944,12,SOUTH CAROLINA,SC,US,STATE,515,CASES
1944,13,SOUTH CAROLINA,SC,US,STATE,346,CASES
1944,14,SOUTH CAROLINA,SC,US,STATE,376,CASES
1944,15,SOUTH CAROLINA,SC,US,STATE,219,CASES
1944,16,SOUTH CAROLINA,SC,US,STATE,288,CASES
1944,17,SOUTH CAROLINA,SC,US,STATE,267,CASES
1944,18,SOUTH CAROLINA,SC,US,STATE,229,CASES
1944,19,SOUTH CAROLINA,SC,US,STATE,184,CASES
1944,20,SOUTH CAROLINA,SC,US,STATE,175,CASES
1944,21,SOUTH CAROLINA,SC,US,STATE,180,CASES
1944,22,SOUTH CAROLINA,SC,US,STATE,157,CASES
1944,23,SOUTH CAROLINA,SC,US,STATE,109,CASES
1944,24,SOUTH CAROLINA,SC,US,STATE,97,CASES
1944,25,SOUTH CAROLINA,SC,US,STATE,62,CASES
1944,26,SOUTH CAROLINA,SC,US,STATE,106,CASES
1944,27,SOUTH CAROLINA,SC,US,STATE,100,CASES
1944,28,SOUTH CAROLINA,SC,US,STATE,68,CASES
1944,29,SOUTH CAROLINA,SC,US,STATE,87,CASES
1944,30,SOUTH CAROLINA,SC,US,STATE,72,CASES
1944,31,SOUTH CAROLINA,SC,US,STATE,94,CASES
1944,32,SOUTH CAROLINA,SC,US,STATE,57,CASES
1944,33,SOUTH CAROLINA,SC,US,STATE,102,CASES
1944,34,SOUTH CAROLINA,SC,US,STATE,86,CASES
1944,35,SOUTH CAROLINA,SC,US,STATE,64,CASES
1944,36,SOUTH CAROLINA,SC,US,STATE,110,CASES
1944,37,SOUTH CAROLINA,SC,US,STATE,129,CASES
1944,38,SOUTH CAROLINA,SC,US,STATE,113,CASES
1944,39,SOUTH CAROLINA,SC,US,STATE,202,CASES
1944,40,SOUTH CAROLINA,SC,US,STATE,154,CASES
1944,41,SOUTH CAROLINA,SC,US,STATE,218,CASES
1944,42,SOUTH CAROLINA,SC,US,STATE,237,CASES
1944,43,SOUTH CAROLINA,SC,US,STATE,211,CASES
1944,44,SOUTH CAROLINA,SC,US,STATE,357,CASES
1944,45,SOUTH CAROLINA,SC,US,STATE,231,CASES
1944,46,SOUTH CAROLINA,SC,US,STATE,302,CASES
1944,47,SOUTH CAROLINA,SC,US,STATE,415,CASES
1944,48,SOUTH CAROLINA,SC,US,STATE,297,CASES
1944,49,SOUTH CAROLINA,SC,US,STATE,222,CASES
1944,50,SOUTH CAROLINA,SC,US,STATE,362,CASES
1944,51,SOUTH CAROLINA,SC,US,STATE,377,CASES
1944,52,SOUTH CAROLINA,SC,US,STATE,417,CASES
1945,1,SOUTH CAROLINA,SC,US,STATE,688,CASES
1945,2,SOUTH CAROLINA,SC,US,STATE,616,CASES
1945,3,SOUTH CAROLINA,SC,US,STATE,775,CASES
1945,4,SOUTH CAROLINA,SC,US,STATE,810,CASES
1945,5,SOUTH CAROLINA,SC,US,STATE,637,CASES
1945,6,SOUTH CAROLINA,SC,US,STATE,897,CASES
1945,7,SOUTH CAROLINA,SC,US,STATE,687,CASES
1945,8,SOUTH CAROLINA,SC,US,STATE,665,CASES
1945,9,SOUTH CAROLINA,SC,US,STATE,984,CASES
1945,10,SOUTH CAROLINA,SC,US,STATE,522,CASES
1945,11,SOUTH CAROLINA,SC,US,STATE,411,CASES
1945,12,SOUTH CAROLINA,SC,US,STATE,260,CASES
1945,13,SOUTH CAROLINA,SC,US,STATE,389,CASES
1945,14,SOUTH CAROLINA,SC,US,STATE,318,CASES
1945,15,SOUTH CAROLINA,SC,US,STATE,195,CASES
1945,16,SOUTH CAROLINA,SC,US,STATE,140,CASES
1945,17,SOUTH CAROLINA,SC,US,STATE,258,CASES
1945,18,SOUTH CAROLINA,SC,US,STATE,207,CASES
1945,19,SOUTH CAROLINA,SC,US,STATE,163,CASES
1945,20,SOUTH CAROLINA,SC,US,STATE,168,CASES
1945,21,SOUTH CAROLINA,SC,US,STATE,155,CASES
1945,22,SOUTH CAROLINA,SC,US,STATE,119,CASES
1945,23,SOUTH CAROLINA,SC,US,STATE,74,CASES
1945,24,SOUTH CAROLINA,SC,US,STATE,112,CASES
1945,25,SOUTH CAROLINA,SC,US,STATE,66,CASES
1945,26,SOUTH CAROLINA,SC,US,STATE,53,CASES
1945,27,SOUTH CAROLINA,SC,US,STATE,52,CASES
1945,28,SOUTH CAROLINA,SC,US,STATE,49,CASES
1945,29,SOUTH CAROLINA,SC,US,STATE,58,CASES
1945,30,SOUTH CAROLINA,SC,US,STATE,73,CASES
1945,31,SOUTH CAROLINA,SC,US,STATE,57,CASES
1945,32,SOUTH CAROLINA,SC,US,STATE,86,CASES
1945,33,SOUTH CAROLINA,SC,US,STATE,101,CASES
1945,34,SOUTH CAROLINA,SC,US,STATE,101,CASES
1945,35,SOUTH CAROLINA,SC,US,STATE,143,CASES
1945,36,SOUTH CAROLINA,SC,US,STATE,176,CASES
1945,37,SOUTH CAROLINA,SC,US,STATE,89,CASES
1945,38,SOUTH CAROLINA,SC,US,STATE,101,CASES
1945,39,SOUTH CAROLINA,SC,US,STATE,166,CASES
1945,40,SOUTH CAROLINA,SC,US,STATE,177,CASES
1945,41,SOUTH CAROLINA,SC,US,STATE,302,CASES
1945,42,SOUTH CAROLINA,SC,US,STATE,418,CASES
1945,43,SOUTH CAROLINA,SC,US,STATE,558,CASES
1945,44,SOUTH CAROLINA,SC,US,STATE,488,CASES
1945,45,SOUTH CAROLINA,SC,US,STATE,506,CASES
1945,46,SOUTH CAROLINA,SC,US,STATE,842,CASES
1945,47,SOUTH CAROLINA,SC,US,STATE,829,CASES
1945,48,SOUTH CAROLINA,SC,US,STATE,1117,CASES
1945,49,SOUTH CAROLINA,SC,US,STATE,2459,CASES
1945,50,SOUTH CAROLINA,SC,US,STATE,2659,CASES
1945,51,SOUTH CAROLINA,SC,US,STATE,2696,CASES
1945,52,SOUTH CAROLINA,SC,US,STATE,3243,CASES
1946,1,SOUTH CAROLINA,SC,US,STATE,3017,CASES
1946,2,SOUTH CAROLINA,SC,US,STATE,2218,CASES
1946,3,SOUTH CAROLINA,SC,US,STATE,1811,CASES
1946,4,SOUTH CAROLINA,SC,US,STATE,1567,CASES
1946,5,SOUTH CAROLINA,SC,US,STATE,1767,CASES
1946,6,SOUTH CAROLINA,SC,US,STATE,1180,CASES
1946,7,SOUTH CAROLINA,SC,US,STATE,961,CASES
1946,8,SOUTH CAROLINA,SC,US,STATE,923,CASES
1946,9,SOUTH CAROLINA,SC,US,STATE,711,CASES
1946,10,SOUTH CAROLINA,SC,US,STATE,830,CASES
1946,11,SOUTH CAROLINA,SC,US,STATE,376,CASES
1946,12,SOUTH CAROLINA,SC,US,STATE,539,CASES
1946,13,SOUTH CAROLINA,SC,US,STATE,482,CASES
1946,14,SOUTH CAROLINA,SC,US,STATE,239,CASES
1946,15,SOUTH CAROLINA,SC,US,STATE,292,CASES
1946,16,SOUTH CAROLINA,SC,US,STATE,229,CASES
1946,17,SOUTH CAROLINA,SC,US,STATE,239,CASES
1946,18,SOUTH CAROLINA,SC,US,STATE,150,CASES
1946,19,SOUTH CAROLINA,SC,US,STATE,205,CASES
1946,20,SOUTH CAROLINA,SC,US,STATE,157,CASES
1946,21,SOUTH CAROLINA,SC,US,STATE,138,CASES
1946,22,SOUTH CAROLINA,SC,US,STATE,123,CASES
1946,23,SOUTH CAROLINA,SC,US,STATE,136,CASES
1946,24,SOUTH CAROLINA,SC,US,STATE,95,CASES
1946,25,SOUTH CAROLINA,SC,US,STATE,114,CASES
1946,26,SOUTH CAROLINA,SC,US,STATE,104,CASES
1946,27,SOUTH CAROLINA,SC,US,STATE,141,CASES
1946,28,SOUTH CAROLINA,SC,US,STATE,64,CASES
1946,29,SOUTH CAROLINA,SC,US,STATE,73,CASES
1946,30,SOUTH CAROLINA,SC,US,STATE,98,CASES
1946,31,SOUTH CAROLINA,SC,US,STATE,72,CASES
1946,32,SOUTH CAROLINA,SC,US,STATE,128,CASES
1946,33,SOUTH CAROLINA,SC,US,STATE,138,CASES
1946,34,SOUTH CAROLINA,SC,US,STATE,106,CASES
1946,35,SOUTH CAROLINA,SC,US,STATE,86,CASES
1946,36,SOUTH CAROLINA,SC,US,STATE,49,CASES
1946,37,SOUTH CAROLINA,SC,US,STATE,39,CASES
1946,38,SOUTH CAROLINA,SC,US,STATE,14,CASES
1946,39,SOUTH CAROLINA,SC,US,STATE,30,CASES
1946,40,SOUTH CAROLINA,SC,US,STATE,22,CASES
1946,41,SOUTH CAROLINA,SC,US,STATE,52,CASES
1946,42,SOUTH CAROLINA,SC,US,STATE,38,CASES
1946,43,SOUTH CAROLINA,SC,US,STATE,49,CASES
1946,44,SOUTH CAROLINA,SC,US,STATE,130,CASES
1946,45,SOUTH CAROLINA,SC,US,STATE,196,CASES
1946,46,SOUTH CAROLINA,SC,US,STATE,309,CASES
1946,47,SOUTH CAROLINA,SC,US,STATE,384,CASES
1946,48,SOUTH CAROLINA,SC,US,STATE,306,CASES
1946,49,SOUTH CAROLINA,SC,US,STATE,423,CASES
1946,50,SOUTH CAROLINA,SC,US,STATE,498,CASES
1946,51,SOUTH CAROLINA,SC,US,STATE,510,CASES
1946,52,SOUTH CAROLINA,SC,US,STATE,271,CASES
1947,2,SOUTH CAROLINA,SC,US,STATE,774,CASES
1947,3,SOUTH CAROLINA,SC,US,STATE,713,CASES
1947,4,SOUTH CAROLINA,SC,US,STATE,595,CASES
1947,5,SOUTH CAROLINA,SC,US,STATE,633,CASES
1947,6,SOUTH CAROLINA,SC,US,STATE,409,CASES
1947,7,SOUTH CAROLINA,SC,US,STATE,426,CASES
1947,8,SOUTH CAROLINA,SC,US,STATE,225,CASES
1947,9,SOUTH CAROLINA,SC,US,STATE,628,CASES
1947,10,SOUTH CAROLINA,SC,US,STATE,504,CASES
1947,11,SOUTH CAROLINA,SC,US,STATE,1518,CASES
1947,12,SOUTH CAROLINA,SC,US,STATE,1814,CASES
1947,13,SOUTH CAROLINA,SC,US,STATE,2305,CASES
1947,14,SOUTH CAROLINA,SC,US,STATE,3009,CASES
1947,15,SOUTH CAROLINA,SC,US,STATE,2650,CASES
1947,16,SOUTH CAROLINA,SC,US,STATE,2151,CASES
1947,17,SOUTH CAROLINA,SC,US,STATE,914,CASES
1947,18,SOUTH CAROLINA,SC,US,STATE,652,CASES
1947,19,SOUTH CAROLINA,SC,US,STATE,384,CASES
1947,20,SOUTH CAROLINA,SC,US,STATE,310,CASES
1947,21,SOUTH CAROLINA,SC,US,STATE,243,CASES
1947,22,SOUTH CAROLINA,SC,US,STATE,356,CASES
1947,23,SOUTH CAROLINA,SC,US,STATE,109,CASES
1947,24,SOUTH CAROLINA,SC,US,STATE,96,CASES
1947,25,SOUTH CAROLINA,SC,US,STATE,88,CASES
1947,26,SOUTH CAROLINA,SC,US,STATE,128,CASES
1947,27,SOUTH CAROLINA,SC,US,STATE,86,CASES
1947,28,SOUTH CAROLINA,SC,US,STATE,181,CASES
1947,29,SOUTH CAROLINA,SC,US,STATE,148,CASES
1947,30,SOUTH CAROLINA,SC,US,STATE,144,CASES
1947,31,SOUTH CAROLINA,SC,US,STATE,114,CASES
1947,32,SOUTH CAROLINA,SC,US,STATE,201,CASES
1947,33,SOUTH CAROLINA,SC,US,STATE,92,CASES
1947,34,SOUTH CAROLINA,SC,US,STATE,87,CASES
1947,35,SOUTH CAROLINA,SC,US,STATE,133,CASES
1947,36,SOUTH CAROLINA,SC,US,STATE,170,CASES
1947,37,SOUTH CAROLINA,SC,US,STATE,150,CASES
1947,38,SOUTH CAROLINA,SC,US,STATE,185,CASES
1947,39,SOUTH CAROLINA,SC,US,STATE,230,CASES
1947,40,SOUTH CAROLINA,SC,US,STATE,229,CASES
1947,41,SOUTH CAROLINA,SC,US,STATE,332,CASES
1947,42,SOUTH CAROLINA,SC,US,STATE,349,CASES
1947,43,SOUTH CAROLINA,SC,US,STATE,384,CASES
1947,44,SOUTH CAROLINA,SC,US,STATE,328,CASES
1947,45,SOUTH CAROLINA,SC,US,STATE,314,CASES
1947,46,SOUTH CAROLINA,SC,US,STATE,427,CASES
1947,47,SOUTH CAROLINA,SC,US,STATE,460,CASES
1947,48,SOUTH CAROLINA,SC,US,STATE,553,CASES
1947,49,SOUTH CAROLINA,SC,US,STATE,476,CASES
1947,50,SOUTH CAROLINA,SC,US,STATE,542,CASES
1947,51,SOUTH CAROLINA,SC,US,STATE,638,CASES
1947,52,SOUTH CAROLINA,SC,US,STATE,357,CASES
1948,1,SOUTH CAROLINA,SC,US,STATE,916,CASES
1948,2,SOUTH CAROLINA,SC,US,STATE,880,CASES
1948,3,SOUTH CAROLINA,SC,US,STATE,1218,CASES
1948,4,SOUTH CAROLINA,SC,US,STATE,1279,CASES
1948,5,SOUTH CAROLINA,SC,US,STATE,1269,CASES
1948,6,SOUTH CAROLINA,SC,US,STATE,1065,CASES
1948,7,SOUTH CAROLINA,SC,US,STATE,1059,CASES
1948,8,SOUTH CAROLINA,SC,US,STATE,943,CASES
1948,9,SOUTH CAROLINA,SC,US,STATE,804,CASES
1948,10,SOUTH CAROLINA,SC,US,STATE,841,CASES
1948,11,SOUTH CAROLINA,SC,US,STATE,745,CASES
1948,12,SOUTH CAROLINA,SC,US,STATE,435,CASES
1948,13,SOUTH CAROLINA,SC,US,STATE,482,CASES
1948,14,SOUTH CAROLINA,SC,US,STATE,449,CASES
1948,15,SOUTH CAROLINA,SC,US,STATE,283,CASES
1948,16,SOUTH CAROLINA,SC,US,STATE,272,CASES
1948,17,SOUTH CAROLINA,SC,US,STATE,319,CASES
1948,18,SOUTH CAROLINA,SC,US,STATE,239,CASES
1948,19,SOUTH CAROLINA,SC,US,STATE,206,CASES
1948,20,SOUTH CAROLINA,SC,US,STATE,113,CASES
1948,21,SOUTH CAROLINA,SC,US,STATE,220,CASES
1948,22,SOUTH CAROLINA,SC,US,STATE,170,CASES
1948,23,SOUTH CAROLINA,SC,US,STATE,123,CASES
1948,24,SOUTH CAROLINA,SC,US,STATE,131,CASES
1948,25,SOUTH CAROLINA,SC,US,STATE,138,CASES
1948,26,SOUTH CAROLINA,SC,US,STATE,92,CASES
1948,29,SOUTH CAROLINA,SC,US,STATE,92,CASES
1948,30,SOUTH CAROLINA,SC,US,STATE,118,CASES
1948,33,SOUTH CAROLINA,SC,US,STATE,3,CASES
1948,34,SOUTH CAROLINA,SC,US,STATE,9,CASES
1948,35,SOUTH CAROLINA,SC,US,STATE,95,CASES
1948,36,SOUTH CAROLINA,SC,US,STATE,162,CASES
1948,37,SOUTH CAROLINA,SC,US,STATE,174,CASES
1948,38,SOUTH CAROLINA,SC,US,STATE,174,CASES
1948,39,SOUTH CAROLINA,SC,US,STATE,158,CASES
1948,40,SOUTH CAROLINA,SC,US,STATE,246,CASES
1948,41,SOUTH CAROLINA,SC,US,STATE,354,CASES
1948,42,SOUTH CAROLINA,SC,US,STATE,252,CASES
1948,43,SOUTH CAROLINA,SC,US,STATE,279,CASES
1948,44,SOUTH CAROLINA,SC,US,STATE,363,CASES
1948,45,SOUTH CAROLINA,SC,US,STATE,278,CASES
1948,46,SOUTH CAROLINA,SC,US,STATE,314,CASES
1948,47,SOUTH CAROLINA,SC,US,STATE,223,CASES
1948,48,SOUTH CAROLINA,SC,US,STATE,152,CASES
1948,49,SOUTH CAROLINA,SC,US,STATE,191,CASES
1948,50,SOUTH CAROLINA,SC,US,STATE,271,CASES
1948,51,SOUTH CAROLINA,SC,US,STATE,131,CASES
1948,52,SOUTH CAROLINA,SC,US,STATE,413,CASES
1949,1,SOUTH CAROLINA,SC,US,STATE,505,CASES
1949,2,SOUTH CAROLINA,SC,US,STATE,502,CASES
1949,3,SOUTH CAROLINA,SC,US,STATE,601,CASES
1949,4,SOUTH CAROLINA,SC,US,STATE,625,CASES
1949,5,SOUTH CAROLINA,SC,US,STATE,663,CASES
1949,6,SOUTH CAROLINA,SC,US,STATE,652,CASES
1949,7,SOUTH CAROLINA,SC,US,STATE,920,CASES
1949,8,SOUTH CAROLINA,SC,US,STATE,493,CASES
1949,9,SOUTH CAROLINA,SC,US,STATE,736,CASES
1949,10,SOUTH CAROLINA,SC,US,STATE,549,CASES
1949,11,SOUTH CAROLINA,SC,US,STATE,754,CASES
1949,12,SOUTH CAROLINA,SC,US,STATE,558,CASES
1949,13,SOUTH CAROLINA,SC,US,STATE,418,CASES
1949,14,SOUTH CAROLINA,SC,US,STATE,471,CASES
1949,15,SOUTH CAROLINA,SC,US,STATE,304,CASES
1949,16,SOUTH CAROLINA,SC,US,STATE,623,CASES
1949,17,SOUTH CAROLINA,SC,US,STATE,296,CASES
1949,18,SOUTH CAROLINA,SC,US,STATE,355,CASES
1949,19,SOUTH CAROLINA,SC,US,STATE,218,CASES
1949,20,SOUTH CAROLINA,SC,US,STATE,242,CASES
1949,21,SOUTH CAROLINA,SC,US,STATE,187,CASES
1949,22,SOUTH CAROLINA,SC,US,STATE,214,CASES
1949,23,SOUTH CAROLINA,SC,US,STATE,140,CASES
1949,24,SOUTH CAROLINA,SC,US,STATE,123,CASES
1949,25,SOUTH CAROLINA,SC,US,STATE,114,CASES
1949,26,SOUTH CAROLINA,SC,US,STATE,95,CASES
1949,27,SOUTH CAROLINA,SC,US,STATE,88,CASES
1949,28,SOUTH CAROLINA,SC,US,STATE,13,CASES
1949,29,SOUTH CAROLINA,SC,US,STATE,19,CASES
1949,30,SOUTH CAROLINA,SC,US,STATE,41,CASES
1949,31,SOUTH CAROLINA,SC,US,STATE,38,CASES
1949,32,SOUTH CAROLINA,SC,US,STATE,2,CASES
1949,33,SOUTH CAROLINA,SC,US,STATE,2,CASES
1949,34,SOUTH CAROLINA,SC,US,STATE,9,CASES
1949,35,SOUTH CAROLINA,SC,US,STATE,4,CASES
1949,36,SOUTH CAROLINA,SC,US,STATE,4,CASES
1949,37,SOUTH CAROLINA,SC,US,STATE,7,CASES
1949,39,SOUTH CAROLINA,SC,US,STATE,7,CASES
1949,40,SOUTH CAROLINA,SC,US,STATE,13,CASES
1949,41,SOUTH CAROLINA,SC,US,STATE,12,CASES
1949,42,SOUTH CAROLINA,SC,US,STATE,8,CASES
1949,43,SOUTH CAROLINA,SC,US,STATE,10,CASES
1949,44,SOUTH CAROLINA,SC,US,STATE,13,CASES
1949,45,SOUTH CAROLINA,SC,US,STATE,6,CASES
1949,46,SOUTH CAROLINA,SC,US,STATE,12,CASES
1949,47,SOUTH CAROLINA,SC,US,STATE,11,CASES
1949,48,SOUTH CAROLINA,SC,US,STATE,20,CASES
1949,49,SOUTH CAROLINA,SC,US,STATE,25,CASES
1949,50,SOUTH CAROLINA,SC,US,STATE,37,CASES
1949,51,SOUTH CAROLINA,SC,US,STATE,22,CASES
1949,52,SOUTH CAROLINA,SC,US,STATE,8,CASES
1950,2,SOUTH CAROLINA,SC,US,STATE,19,CASES
1950,3,SOUTH CAROLINA,SC,US,STATE,43,CASES
1950,4,SOUTH CAROLINA,SC,US,STATE,26,CASES
1950,5,SOUTH CAROLINA,SC,US,STATE,36,CASES
1950,6,SOUTH CAROLINA,SC,US,STATE,64,CASES
1950,7,SOUTH CAROLINA,SC,US,STATE,34,CASES
1950,8,SOUTH CAROLINA,SC,US,STATE,93,CASES
1950,9,SOUTH CAROLINA,SC,US,STATE,88,CASES
1950,10,SOUTH CAROLINA,SC,US,STATE,389,CASES
1950,11,SOUTH CAROLINA,SC,US,STATE,407,CASES
1950,12,SOUTH CAROLINA,SC,US,STATE,369,CASES
1950,13,SOUTH CAROLINA,SC,US,STATE,286,CASES
1950,14,SOUTH CAROLINA,SC,US,STATE,220,CASES
1950,15,SOUTH CAROLINA,SC,US,STATE,89,CASES
1950,16,SOUTH CAROLINA,SC,US,STATE,56,CASES
1950,17,SOUTH CAROLINA,SC,US,STATE,33,CASES
1950,18,SOUTH CAROLINA,SC,US,STATE,59,CASES
1950,18,SOUTH CAROLINA,SC,US,STATE,12,CASES
1950,20,SOUTH CAROLINA,SC,US,STATE,3,CASES
1950,21,SOUTH CAROLINA,SC,US,STATE,3,CASES
1950,22,SOUTH CAROLINA,SC,US,STATE,22,CASES
1950,23,SOUTH CAROLINA,SC,US,STATE,5,CASES
1950,24,SOUTH CAROLINA,SC,US,STATE,4,CASES
1950,25,SOUTH CAROLINA,SC,US,STATE,12,CASES
1950,26,SOUTH CAROLINA,SC,US,STATE,18,CASES
1950,27,SOUTH CAROLINA,SC,US,STATE,1,CASES
1950,28,SOUTH CAROLINA,SC,US,STATE,21,CASES
1950,29,SOUTH CAROLINA,SC,US,STATE,6,CASES
1950,30,SOUTH CAROLINA,SC,US,STATE,11,CASES
1950,31,SOUTH CAROLINA,SC,US,STATE,7,CASES
1950,33,SOUTH CAROLINA,SC,US,STATE,17,CASES
1950,35,SOUTH CAROLINA,SC,US,STATE,8,CASES
1950,36,SOUTH CAROLINA,SC,US,STATE,11,CASES
1950,37,SOUTH CAROLINA,SC,US,STATE,1,CASES
1950,38,SOUTH CAROLINA,SC,US,STATE,24,CASES
1950,39,SOUTH CAROLINA,SC,US,STATE,16,CASES
1950,40,SOUTH CAROLINA,SC,US,STATE,17,CASES
1950,41,SOUTH CAROLINA,SC,US,STATE,22,CASES
1950,42,SOUTH CAROLINA,SC,US,STATE,13,CASES
1950,43,SOUTH CAROLINA,SC,US,STATE,4,CASES
1950,44,SOUTH CAROLINA,SC,US,STATE,24,CASES
1950,45,SOUTH CAROLINA,SC,US,STATE,13,CASES
1950,46,SOUTH CAROLINA,SC,US,STATE,21,CASES
1950,47,SOUTH CAROLINA,SC,US,STATE,7,CASES
1950,48,SOUTH CAROLINA,SC,US,STATE,26,CASES
1950,49,SOUTH CAROLINA,SC,US,STATE,37,CASES
1950,50,SOUTH CAROLINA,SC,US,STATE,44,CASES
1950,51,SOUTH CAROLINA,SC,US,STATE,48,CASES
1950,52,SOUTH CAROLINA,SC,US,STATE,80,CASES
1951,1,SOUTH CAROLINA,SC,US,STATE,35,CASES
1951,2,SOUTH CAROLINA,SC,US,STATE,15,CASES
1951,3,SOUTH CAROLINA,SC,US,STATE,67,CASES
1951,4,SOUTH CAROLINA,SC,US,STATE,96,CASES
1951,5,SOUTH CAROLINA,SC,US,STATE,35,CASES
1951,6,SOUTH CAROLINA,SC,US,STATE,97,CASES
1951,7,SOUTH CAROLINA,SC,US,STATE,212,CASES
1951,8,SOUTH CAROLINA,SC,US,STATE,348,CASES
1951,9,SOUTH CAROLINA,SC,US,STATE,302,CASES
1951,10,SOUTH CAROLINA,SC,US,STATE,318,CASES
1951,11,SOUTH CAROLINA,SC,US,STATE,189,CASES
1951,12,SOUTH CAROLINA,SC,US,STATE,427,CASES
1951,13,SOUTH CAROLINA,SC,US,STATE,231,CASES
1951,14,SOUTH CAROLINA,SC,US,STATE,124,CASES
1951,15,SOUTH CAROLINA,SC,US,STATE,92,CASES
1951,16,SOUTH CAROLINA,SC,US,STATE,139,CASES
1951,17,SOUTH CAROLINA,SC,US,STATE,67,CASES
1951,18,SOUTH CAROLINA,SC,US,STATE,19,CASES
1951,19,SOUTH CAROLINA,SC,US,STATE,42,CASES
1951,20,SOUTH CAROLINA,SC,US,STATE,10,CASES
1951,21,SOUTH CAROLINA,SC,US,STATE,2,CASES
1951,22,SOUTH CAROLINA,SC,US,STATE,9,CASES
1951,23,SOUTH CAROLINA,SC,US,STATE,6,CASES
1951,25,SOUTH CAROLINA,SC,US,STATE,8,CASES
1951,26,SOUTH CAROLINA,SC,US,STATE,2,CASES
1951,27,SOUTH CAROLINA,SC,US,STATE,3,CASES
1951,28,SOUTH CAROLINA,SC,US,STATE,1,CASES
1951,29,SOUTH CAROLINA,SC,US,STATE,2,CASES
1951,30,SOUTH CAROLINA,SC,US,STATE,8,CASES
1951,31,SOUTH CAROLINA,SC,US,STATE,5,CASES
1951,33,SOUTH CAROLINA,SC,US,STATE,4,CASES
1951,34,SOUTH CAROLINA,SC,US,STATE,1,CASES
1951,35,SOUTH CAROLINA,SC,US,STATE,1,CASES
1951,36,SOUTH CAROLINA,SC,US,STATE,5,CASES
1951,37,SOUTH CAROLINA,SC,US,STATE,2,CASES
1951,38,SOUTH CAROLINA,SC,US,STATE,4,CASES
1951,39,SOUTH CAROLINA,SC,US,STATE,5,CASES
1951,40,SOUTH CAROLINA,SC,US,STATE,4,CASES
1951,41,SOUTH CAROLINA,SC,US,STATE,10,CASES
1951,42,SOUTH CAROLINA,SC,US,STATE,2,CASES
1951,43,SOUTH CAROLINA,SC,US,STATE,2,CASES
1951,44,SOUTH CAROLINA,SC,US,STATE,2,CASES
1951,45,SOUTH CAROLINA,SC,US,STATE,3,CASES
1951,46,SOUTH CAROLINA,SC,US,STATE,5,CASES
1951,47,SOUTH CAROLINA,SC,US,STATE,8,CASES
1951,48,SOUTH CAROLINA,SC,US,STATE,5,CASES
1951,49,SOUTH CAROLINA,SC,US,STATE,44,CASES
