year,week,loc,state,country,loc_type,number,event
1968,1,SOUTH CAROLINA,SC,US,STATE,4,CASES
1968,2,SOUTH CAROLINA,SC,US,STATE,4,CASES
1968,3,SOUTH CAROLINA,SC,US,STATE,3,CASES
1968,4,SOUTH CAROLINA,SC,US,STATE,1,CASES
1968,5,SOUTH CAROLINA,SC,US,STATE,3,CASES
1968,6,SOUTH CAROLINA,SC,US,STATE,3,CASES
1968,7,SOUTH CAROLINA,SC,US,STATE,7,CASES
1968,8,SOUTH CAROLINA,SC,US,STATE,1,CASES
1968,9,SOUTH CAROLINA,SC,US,STATE,7,CASES
1968,10,SOUTH CAROLINA,SC,US,STATE,3,CASES
1968,11,SOUTH CAROLINA,SC,US,STATE,16,CASES
1968,12,SOUTH CAROLINA,SC,US,STATE,2,CASES
1968,13,SOUTH CAROLINA,SC,US,STATE,9,CASES
1968,14,SOUTH CAROLINA,SC,US,STATE,16,CASES
1968,15,SOUTH CAROLINA,SC,US,STATE,1,CASES
1968,16,SOUTH CAROLINA,SC,US,STATE,4,CASES
1968,17,SOUTH CAROLINA,SC,US,STATE,7,CASES
1968,18,SOUTH CAROLINA,SC,US,STATE,8,CASES
1968,19,SOUTH CAROLINA,SC,US,STATE,18,CASES
1968,22,SOUTH CAROLINA,SC,US,STATE,6,CASES
1968,23,SOUTH CAROLINA,SC,US,STATE,2,CASES
1968,24,SOUTH CAROLINA,SC,US,STATE,5,CASES
1968,26,SOUTH CAROLINA,SC,US,STATE,2,CASES
1968,27,SOUTH CAROLINA,SC,US,STATE,2,CASES
1968,28,SOUTH CAROLINA,SC,US,STATE,1,CASES
1968,31,SOUTH CAROLINA,SC,US,STATE,1,CASES
1968,33,SOUTH CAROLINA,SC,US,STATE,3,CASES
1968,42,SOUTH CAROLINA,SC,US,STATE,11,CASES
1968,43,SOUTH CAROLINA,SC,US,STATE,4,CASES
1968,44,SOUTH CAROLINA,SC,US,STATE,4,CASES
1968,45,SOUTH CAROLINA,SC,US,STATE,19,CASES
1968,46,SOUTH CAROLINA,SC,US,STATE,12,CASES
1968,47,SOUTH CAROLINA,SC,US,STATE,24,CASES
1968,48,SOUTH CAROLINA,SC,US,STATE,13,CASES
1968,49,SOUTH CAROLINA,SC,US,STATE,17,CASES
1968,50,SOUTH CAROLINA,SC,US,STATE,12,CASES
1968,51,SOUTH CAROLINA,SC,US,STATE,24,CASES
1968,52,SOUTH CAROLINA,SC,US,STATE,8,CASES
1969,1,SOUTH CAROLINA,SC,US,STATE,22,CASES
1969,2,SOUTH CAROLINA,SC,US,STATE,11,CASES
1969,3,SOUTH CAROLINA,SC,US,STATE,30,CASES
1969,4,SOUTH CAROLINA,SC,US,STATE,13,CASES
1969,5,SOUTH CAROLINA,SC,US,STATE,30,CASES
1969,6,SOUTH CAROLINA,SC,US,STATE,16,CASES
1969,7,SOUTH CAROLINA,SC,US,STATE,4,CASES
1969,8,SOUTH CAROLINA,SC,US,STATE,25,CASES
1969,9,SOUTH CAROLINA,SC,US,STATE,14,CASES
1969,10,SOUTH CAROLINA,SC,US,STATE,8,CASES
1969,12,SOUTH CAROLINA,SC,US,STATE,20,CASES
1969,13,SOUTH CAROLINA,SC,US,STATE,24,CASES
1969,14,SOUTH CAROLINA,SC,US,STATE,29,CASES
1969,15,SOUTH CAROLINA,SC,US,STATE,7,CASES
1969,16,SOUTH CAROLINA,SC,US,STATE,10,CASES
1969,17,SOUTH CAROLINA,SC,US,STATE,9,CASES
1969,18,SOUTH CAROLINA,SC,US,STATE,4,CASES
1969,19,SOUTH CAROLINA,SC,US,STATE,8,CASES
1969,20,SOUTH CAROLINA,SC,US,STATE,5,CASES
1969,21,SOUTH CAROLINA,SC,US,STATE,12,CASES
1969,22,SOUTH CAROLINA,SC,US,STATE,7,CASES
1969,23,SOUTH CAROLINA,SC,US,STATE,12,CASES
1969,24,SOUTH CAROLINA,SC,US,STATE,17,CASES
1969,25,SOUTH CAROLINA,SC,US,STATE,9,CASES
1969,27,SOUTH CAROLINA,SC,US,STATE,4,CASES
1969,28,SOUTH CAROLINA,SC,US,STATE,14,CASES
1969,29,SOUTH CAROLINA,SC,US,STATE,1,CASES
1969,30,SOUTH CAROLINA,SC,US,STATE,11,CASES
1969,31,SOUTH CAROLINA,SC,US,STATE,5,CASES
1969,33,SOUTH CAROLINA,SC,US,STATE,4,CASES
1969,34,SOUTH CAROLINA,SC,US,STATE,7,CASES
1969,35,SOUTH CAROLINA,SC,US,STATE,1,CASES
1969,36,SOUTH CAROLINA,SC,US,STATE,5,CASES
1969,37,SOUTH CAROLINA,SC,US,STATE,2,CASES
1969,38,SOUTH CAROLINA,SC,US,STATE,3,CASES
1969,39,SOUTH CAROLINA,SC,US,STATE,3,CASES
1969,41,SOUTH CAROLINA,SC,US,STATE,10,CASES
1969,42,SOUTH CAROLINA,SC,US,STATE,6,CASES
1969,43,SOUTH CAROLINA,SC,US,STATE,2,CASES
1969,44,SOUTH CAROLINA,SC,US,STATE,8,CASES
1969,46,SOUTH CAROLINA,SC,US,STATE,2,CASES
1969,47,SOUTH CAROLINA,SC,US,STATE,4,CASES
1969,48,SOUTH CAROLINA,SC,US,STATE,5,CASES
1969,49,SOUTH CAROLINA,SC,US,STATE,1,CASES
1969,50,SOUTH CAROLINA,SC,US,STATE,2,CASES
1969,51,SOUTH CAROLINA,SC,US,STATE,5,CASES
1969,52,SOUTH CAROLINA,SC,US,STATE,6,CASES
1970,1,SOUTH CAROLINA,SC,US,STATE,12,CASES
1970,2,SOUTH CAROLINA,SC,US,STATE,17,CASES
1970,3,SOUTH CAROLINA,SC,US,STATE,12,CASES
1970,4,SOUTH CAROLINA,SC,US,STATE,23,CASES
1970,5,SOUTH CAROLINA,SC,US,STATE,23,CASES
1970,6,SOUTH CAROLINA,SC,US,STATE,5,CASES
1970,7,SOUTH CAROLINA,SC,US,STATE,24,CASES
1970,8,SOUTH CAROLINA,SC,US,STATE,26,CASES
1970,9,SOUTH CAROLINA,SC,US,STATE,48,CASES
1970,10,SOUTH CAROLINA,SC,US,STATE,19,CASES
1970,11,SOUTH CAROLINA,SC,US,STATE,34,CASES
1970,12,SOUTH CAROLINA,SC,US,STATE,45,CASES
1970,13,SOUTH CAROLINA,SC,US,STATE,30,CASES
1970,14,SOUTH CAROLINA,SC,US,STATE,86,CASES
1970,15,SOUTH CAROLINA,SC,US,STATE,8,CASES
1970,16,SOUTH CAROLINA,SC,US,STATE,71,CASES
1970,17,SOUTH CAROLINA,SC,US,STATE,25,CASES
1970,18,SOUTH CAROLINA,SC,US,STATE,18,CASES
1970,19,SOUTH CAROLINA,SC,US,STATE,8,CASES
1970,20,SOUTH CAROLINA,SC,US,STATE,34,CASES
1970,21,SOUTH CAROLINA,SC,US,STATE,25,CASES
1970,22,SOUTH CAROLINA,SC,US,STATE,24,CASES
1970,23,SOUTH CAROLINA,SC,US,STATE,33,CASES
1970,24,SOUTH CAROLINA,SC,US,STATE,30,CASES
1970,25,SOUTH CAROLINA,SC,US,STATE,42,CASES
1970,26,SOUTH CAROLINA,SC,US,STATE,1,CASES
1970,27,SOUTH CAROLINA,SC,US,STATE,6,CASES
1970,28,SOUTH CAROLINA,SC,US,STATE,41,CASES
1970,29,SOUTH CAROLINA,SC,US,STATE,8,CASES
1970,30,SOUTH CAROLINA,SC,US,STATE,5,CASES
1970,31,SOUTH CAROLINA,SC,US,STATE,29,CASES
1970,33,SOUTH CAROLINA,SC,US,STATE,8,CASES
1970,34,SOUTH CAROLINA,SC,US,STATE,10,CASES
1970,35,SOUTH CAROLINA,SC,US,STATE,6,CASES
1970,36,SOUTH CAROLINA,SC,US,STATE,6,CASES
1970,37,SOUTH CAROLINA,SC,US,STATE,4,CASES
1970,38,SOUTH CAROLINA,SC,US,STATE,25,CASES
1970,39,SOUTH CAROLINA,SC,US,STATE,1,CASES
1970,40,SOUTH CAROLINA,SC,US,STATE,8,CASES
1970,41,SOUTH CAROLINA,SC,US,STATE,10,CASES
1970,42,SOUTH CAROLINA,SC,US,STATE,7,CASES
1970,43,SOUTH CAROLINA,SC,US,STATE,9,CASES
1970,45,SOUTH CAROLINA,SC,US,STATE,4,CASES
1970,46,SOUTH CAROLINA,SC,US,STATE,8,CASES
1970,47,SOUTH CAROLINA,SC,US,STATE,14,CASES
1970,48,SOUTH CAROLINA,SC,US,STATE,5,CASES
1970,49,SOUTH CAROLINA,SC,US,STATE,21,CASES
1970,50,SOUTH CAROLINA,SC,US,STATE,36,CASES
1970,51,SOUTH CAROLINA,SC,US,STATE,6,CASES
1970,52,SOUTH CAROLINA,SC,US,STATE,27,CASES
1971,1,SOUTH CAROLINA,SC,US,STATE,14,CASES
1971,3,SOUTH CAROLINA,SC,US,STATE,12,CASES
1971,4,SOUTH CAROLINA,SC,US,STATE,13,CASES
1971,5,SOUTH CAROLINA,SC,US,STATE,22,CASES
1971,6,SOUTH CAROLINA,SC,US,STATE,31,CASES
1971,7,SOUTH CAROLINA,SC,US,STATE,54,CASES
1971,9,SOUTH CAROLINA,SC,US,STATE,41,CASES
1971,10,SOUTH CAROLINA,SC,US,STATE,73,CASES
1971,11,SOUTH CAROLINA,SC,US,STATE,31,CASES
1971,12,SOUTH CAROLINA,SC,US,STATE,12,CASES
1971,13,SOUTH CAROLINA,SC,US,STATE,59,CASES
1971,14,SOUTH CAROLINA,SC,US,STATE,56,CASES
1971,15,SOUTH CAROLINA,SC,US,STATE,22,CASES
1971,16,SOUTH CAROLINA,SC,US,STATE,79,CASES
1971,17,SOUTH CAROLINA,SC,US,STATE,23,CASES
1971,18,SOUTH CAROLINA,SC,US,STATE,2,CASES
1971,19,SOUTH CAROLINA,SC,US,STATE,35,CASES
1971,20,SOUTH CAROLINA,SC,US,STATE,12,CASES
1971,21,SOUTH CAROLINA,SC,US,STATE,29,CASES
1971,22,SOUTH CAROLINA,SC,US,STATE,13,CASES
1971,23,SOUTH CAROLINA,SC,US,STATE,10,CASES
1971,24,SOUTH CAROLINA,SC,US,STATE,38,CASES
1971,25,SOUTH CAROLINA,SC,US,STATE,20,CASES
1971,26,SOUTH CAROLINA,SC,US,STATE,19,CASES
1971,27,SOUTH CAROLINA,SC,US,STATE,15,CASES
1971,28,SOUTH CAROLINA,SC,US,STATE,8,CASES
1971,29,SOUTH CAROLINA,SC,US,STATE,6,CASES
1971,30,SOUTH CAROLINA,SC,US,STATE,2,CASES
1971,31,SOUTH CAROLINA,SC,US,STATE,4,CASES
1971,32,SOUTH CAROLINA,SC,US,STATE,1,CASES
1971,33,SOUTH CAROLINA,SC,US,STATE,6,CASES
1971,34,SOUTH CAROLINA,SC,US,STATE,8,CASES
1971,36,SOUTH CAROLINA,SC,US,STATE,3,CASES
1971,37,SOUTH CAROLINA,SC,US,STATE,3,CASES
1971,38,SOUTH CAROLINA,SC,US,STATE,4,CASES
1971,39,SOUTH CAROLINA,SC,US,STATE,2,CASES
1971,40,SOUTH CAROLINA,SC,US,STATE,5,CASES
1971,41,SOUTH CAROLINA,SC,US,STATE,4,CASES
1971,42,SOUTH CAROLINA,SC,US,STATE,5,CASES
1971,43,SOUTH CAROLINA,SC,US,STATE,5,CASES
1971,44,SOUTH CAROLINA,SC,US,STATE,5,CASES
1971,45,SOUTH CAROLINA,SC,US,STATE,1,CASES
1971,46,SOUTH CAROLINA,SC,US,STATE,12,CASES
1971,48,SOUTH CAROLINA,SC,US,STATE,2,CASES
1971,49,SOUTH CAROLINA,SC,US,STATE,2,CASES
1971,50,SOUTH CAROLINA,SC,US,STATE,9,CASES
1971,51,SOUTH CAROLINA,SC,US,STATE,3,CASES
1972,1,SOUTH CAROLINA,SC,US,STATE,13,CASES
1972,3,SOUTH CAROLINA,SC,US,STATE,6,CASES
1972,4,SOUTH CAROLINA,SC,US,STATE,11,CASES
1972,5,SOUTH CAROLINA,SC,US,STATE,13,CASES
1972,6,SOUTH CAROLINA,SC,US,STATE,9,CASES
1972,7,SOUTH CAROLINA,SC,US,STATE,2,CASES
1972,8,SOUTH CAROLINA,SC,US,STATE,4,CASES
1972,9,SOUTH CAROLINA,SC,US,STATE,7,CASES
1972,10,SOUTH CAROLINA,SC,US,STATE,4,CASES
1972,11,SOUTH CAROLINA,SC,US,STATE,1,CASES
1972,12,SOUTH CAROLINA,SC,US,STATE,5,CASES
1972,13,SOUTH CAROLINA,SC,US,STATE,4,CASES
1972,14,SOUTH CAROLINA,SC,US,STATE,7,CASES
1972,15,SOUTH CAROLINA,SC,US,STATE,11,CASES
1972,16,SOUTH CAROLINA,SC,US,STATE,9,CASES
1972,17,SOUTH CAROLINA,SC,US,STATE,2,CASES
1972,18,SOUTH CAROLINA,SC,US,STATE,5,CASES
1972,19,SOUTH CAROLINA,SC,US,STATE,10,CASES
1972,20,SOUTH CAROLINA,SC,US,STATE,3,CASES
1972,21,SOUTH CAROLINA,SC,US,STATE,1,CASES
1972,22,SOUTH CAROLINA,SC,US,STATE,3,CASES
1972,23,SOUTH CAROLINA,SC,US,STATE,3,CASES
1972,25,SOUTH CAROLINA,SC,US,STATE,2,CASES
1972,26,SOUTH CAROLINA,SC,US,STATE,3,CASES
1972,27,SOUTH CAROLINA,SC,US,STATE,9,CASES
1972,28,SOUTH CAROLINA,SC,US,STATE,2,CASES
1972,29,SOUTH CAROLINA,SC,US,STATE,1,CASES
1972,31,SOUTH CAROLINA,SC,US,STATE,2,CASES
1972,32,SOUTH CAROLINA,SC,US,STATE,1,CASES
1972,33,SOUTH CAROLINA,SC,US,STATE,8,CASES
1972,36,SOUTH CAROLINA,SC,US,STATE,1,CASES
1972,38,SOUTH CAROLINA,SC,US,STATE,2,CASES
1972,39,SOUTH CAROLINA,SC,US,STATE,1,CASES
1972,44,SOUTH CAROLINA,SC,US,STATE,2,CASES
1972,45,SOUTH CAROLINA,SC,US,STATE,1,CASES
1972,47,SOUTH CAROLINA,SC,US,STATE,1,CASES
1972,50,SOUTH CAROLINA,SC,US,STATE,2,CASES
1973,2,SOUTH CAROLINA,SC,US,STATE,2,CASES
1973,3,SOUTH CAROLINA,SC,US,STATE,3,CASES
1973,4,SOUTH CAROLINA,SC,US,STATE,3,CASES
1973,5,SOUTH CAROLINA,SC,US,STATE,18,CASES
1973,6,SOUTH CAROLINA,SC,US,STATE,21,CASES
1973,7,SOUTH CAROLINA,SC,US,STATE,2,CASES
1973,8,SOUTH CAROLINA,SC,US,STATE,14,CASES
1973,9,SOUTH CAROLINA,SC,US,STATE,11,CASES
1973,10,SOUTH CAROLINA,SC,US,STATE,3,CASES
1973,11,SOUTH CAROLINA,SC,US,STATE,25,CASES
1973,12,SOUTH CAROLINA,SC,US,STATE,5,CASES
1973,13,SOUTH CAROLINA,SC,US,STATE,48,CASES
1973,14,SOUTH CAROLINA,SC,US,STATE,18,CASES
1973,15,SOUTH CAROLINA,SC,US,STATE,28,CASES
1973,16,SOUTH CAROLINA,SC,US,STATE,36,CASES
1973,17,SOUTH CAROLINA,SC,US,STATE,21,CASES
1973,18,SOUTH CAROLINA,SC,US,STATE,15,CASES
1973,19,SOUTH CAROLINA,SC,US,STATE,12,CASES
1973,20,SOUTH CAROLINA,SC,US,STATE,27,CASES
1973,21,SOUTH CAROLINA,SC,US,STATE,2,CASES
1973,22,SOUTH CAROLINA,SC,US,STATE,2,CASES
1973,23,SOUTH CAROLINA,SC,US,STATE,8,CASES
1973,24,SOUTH CAROLINA,SC,US,STATE,1,CASES
1973,25,SOUTH CAROLINA,SC,US,STATE,6,CASES
1973,26,SOUTH CAROLINA,SC,US,STATE,3,CASES
1973,27,SOUTH CAROLINA,SC,US,STATE,1,CASES
1973,28,SOUTH CAROLINA,SC,US,STATE,8,CASES
1973,30,SOUTH CAROLINA,SC,US,STATE,1,CASES
1973,31,SOUTH CAROLINA,SC,US,STATE,1,CASES
1973,32,SOUTH CAROLINA,SC,US,STATE,1,CASES
1973,33,SOUTH CAROLINA,SC,US,STATE,1,CASES
1973,34,SOUTH CAROLINA,SC,US,STATE,2,CASES
1973,37,SOUTH CAROLINA,SC,US,STATE,2,CASES
1973,39,SOUTH CAROLINA,SC,US,STATE,1,CASES
1973,40,SOUTH CAROLINA,SC,US,STATE,1,CASES
1973,43,SOUTH CAROLINA,SC,US,STATE,1,CASES
1973,44,SOUTH CAROLINA,SC,US,STATE,2,CASES
1973,46,SOUTH CAROLINA,SC,US,STATE,5,CASES
1973,47,SOUTH CAROLINA,SC,US,STATE,2,CASES
1973,48,SOUTH CAROLINA,SC,US,STATE,1,CASES
1973,49,SOUTH CAROLINA,SC,US,STATE,5,CASES
1973,50,SOUTH CAROLINA,SC,US,STATE,2,CASES
1973,51,SOUTH CAROLINA,SC,US,STATE,3,CASES
1974,3,SOUTH CAROLINA,SC,US,STATE,2,CASES
1974,4,SOUTH CAROLINA,SC,US,STATE,1,CASES
1974,5,SOUTH CAROLINA,SC,US,STATE,2,CASES
1974,6,SOUTH CAROLINA,SC,US,STATE,2,CASES
1974,7,SOUTH CAROLINA,SC,US,STATE,2,CASES
1974,8,SOUTH CAROLINA,SC,US,STATE,1,CASES
1974,9,SOUTH CAROLINA,SC,US,STATE,1,CASES
1974,10,SOUTH CAROLINA,SC,US,STATE,3,CASES
1974,11,SOUTH CAROLINA,SC,US,STATE,3,CASES
1974,12,SOUTH CAROLINA,SC,US,STATE,10,CASES
1974,13,SOUTH CAROLINA,SC,US,STATE,1,CASES
1974,14,SOUTH CAROLINA,SC,US,STATE,5,CASES
1974,15,SOUTH CAROLINA,SC,US,STATE,5,CASES
1974,16,SOUTH CAROLINA,SC,US,STATE,16,CASES
1974,17,SOUTH CAROLINA,SC,US,STATE,11,CASES
1974,18,SOUTH CAROLINA,SC,US,STATE,11,CASES
1974,19,SOUTH CAROLINA,SC,US,STATE,1,CASES
1974,20,SOUTH CAROLINA,SC,US,STATE,8,CASES
1974,21,SOUTH CAROLINA,SC,US,STATE,4,CASES
1974,22,SOUTH CAROLINA,SC,US,STATE,4,CASES
1974,24,SOUTH CAROLINA,SC,US,STATE,7,CASES
1974,25,SOUTH CAROLINA,SC,US,STATE,2,CASES
1974,26,SOUTH CAROLINA,SC,US,STATE,1,CASES
1974,31,SOUTH CAROLINA,SC,US,STATE,1,CASES
1974,32,SOUTH CAROLINA,SC,US,STATE,3,CASES
1974,34,SOUTH CAROLINA,SC,US,STATE,1,CASES
1974,35,SOUTH CAROLINA,SC,US,STATE,1,CASES
1974,37,SOUTH CAROLINA,SC,US,STATE,1,CASES
1974,39,SOUTH CAROLINA,SC,US,STATE,3,CASES
1974,40,SOUTH CAROLINA,SC,US,STATE,3,CASES
1974,42,SOUTH CAROLINA,SC,US,STATE,1,CASES
1974,44,SOUTH CAROLINA,SC,US,STATE,6,CASES
1974,45,SOUTH CAROLINA,SC,US,STATE,3,CASES
1974,46,SOUTH CAROLINA,SC,US,STATE,6,CASES
1974,47,SOUTH CAROLINA,SC,US,STATE,3,CASES
1974,48,SOUTH CAROLINA,SC,US,STATE,1,CASES
1974,49,SOUTH CAROLINA,SC,US,STATE,1,CASES
1974,50,SOUTH CAROLINA,SC,US,STATE,1,CASES
1974,51,SOUTH CAROLINA,SC,US,STATE,3,CASES
1974,52,SOUTH CAROLINA,SC,US,STATE,2,CASES
1975,1,SOUTH CAROLINA,SC,US,STATE,2,CASES
1975,2,SOUTH CAROLINA,SC,US,STATE,1,CASES
1975,3,SOUTH CAROLINA,SC,US,STATE,2,CASES
1975,4,SOUTH CAROLINA,SC,US,STATE,3,CASES
1975,5,SOUTH CAROLINA,SC,US,STATE,1,CASES
1975,8,SOUTH CAROLINA,SC,US,STATE,2,CASES
1975,9,SOUTH CAROLINA,SC,US,STATE,7,CASES
1975,12,SOUTH CAROLINA,SC,US,STATE,1,CASES
1975,13,SOUTH CAROLINA,SC,US,STATE,1,CASES
1975,14,SOUTH CAROLINA,SC,US,STATE,4,CASES
1975,15,SOUTH CAROLINA,SC,US,STATE,1,CASES
1975,17,SOUTH CAROLINA,SC,US,STATE,2,CASES
1975,19,SOUTH CAROLINA,SC,US,STATE,1,CASES
1975,20,SOUTH CAROLINA,SC,US,STATE,1,CASES
1975,21,SOUTH CAROLINA,SC,US,STATE,3,CASES
1975,25,SOUTH CAROLINA,SC,US,STATE,2,CASES
1975,26,SOUTH CAROLINA,SC,US,STATE,2,CASES
1975,27,SOUTH CAROLINA,SC,US,STATE,1,CASES
1975,28,SOUTH CAROLINA,SC,US,STATE,5,CASES
1975,29,SOUTH CAROLINA,SC,US,STATE,1,CASES
1975,30,SOUTH CAROLINA,SC,US,STATE,2,CASES
1975,31,SOUTH CAROLINA,SC,US,STATE,1,CASES
1975,34,SOUTH CAROLINA,SC,US,STATE,1,CASES
1975,35,SOUTH CAROLINA,SC,US,STATE,1,CASES
1975,40,SOUTH CAROLINA,SC,US,STATE,4,CASES
1975,41,SOUTH CAROLINA,SC,US,STATE,4,CASES
1975,42,SOUTH CAROLINA,SC,US,STATE,1,CASES
1975,44,SOUTH CAROLINA,SC,US,STATE,4,CASES
1975,46,SOUTH CAROLINA,SC,US,STATE,5,CASES
1975,47,SOUTH CAROLINA,SC,US,STATE,1,CASES
1975,49,SOUTH CAROLINA,SC,US,STATE,1,CASES
1975,50,SOUTH CAROLINA,SC,US,STATE,5,CASES
1975,52,SOUTH CAROLINA,SC,US,STATE,2,CASES
1976,1,SOUTH CAROLINA,SC,US,STATE,1,CASES
1976,2,SOUTH CAROLINA,SC,US,STATE,3,CASES
1976,4,SOUTH CAROLINA,SC,US,STATE,2,CASES
1976,8,SOUTH CAROLINA,SC,US,STATE,2,CASES
1976,10,SOUTH CAROLINA,SC,US,STATE,7,CASES
1976,11,SOUTH CAROLINA,SC,US,STATE,4,CASES
1976,12,SOUTH CAROLINA,SC,US,STATE,3,CASES
1976,13,SOUTH CAROLINA,SC,US,STATE,2,CASES
1976,14,SOUTH CAROLINA,SC,US,STATE,1,CASES
1976,15,SOUTH CAROLINA,SC,US,STATE,2,CASES
1976,16,SOUTH CAROLINA,SC,US,STATE,3,CASES
1976,17,SOUTH CAROLINA,SC,US,STATE,1,CASES
1976,18,SOUTH CAROLINA,SC,US,STATE,2,CASES
1976,19,SOUTH CAROLINA,SC,US,STATE,1,CASES
1976,20,SOUTH CAROLINA,SC,US,STATE,2,CASES
1976,23,SOUTH CAROLINA,SC,US,STATE,1,CASES
1976,30,SOUTH CAROLINA,SC,US,STATE,2,CASES
1976,36,SOUTH CAROLINA,SC,US,STATE,6,CASES
1976,47,SOUTH CAROLINA,SC,US,STATE,1,CASES
1977,3,SOUTH CAROLINA,SC,US,STATE,2,CASES
1977,9,SOUTH CAROLINA,SC,US,STATE,1,CASES
1977,10,SOUTH CAROLINA,SC,US,STATE,2,CASES
1977,12,SOUTH CAROLINA,SC,US,STATE,2,CASES
1977,13,SOUTH CAROLINA,SC,US,STATE,1,CASES
1977,14,SOUTH CAROLINA,SC,US,STATE,1,CASES
1977,23,SOUTH CAROLINA,SC,US,STATE,1,CASES
1977,38,SOUTH CAROLINA,SC,US,STATE,1,CASES
1977,40,SOUTH CAROLINA,SC,US,STATE,2,CASES
1977,42,SOUTH CAROLINA,SC,US,STATE,1,CASES
1977,46,SOUTH CAROLINA,SC,US,STATE,2,CASES
1977,47,SOUTH CAROLINA,SC,US,STATE,1,CASES
1977,48,SOUTH CAROLINA,SC,US,STATE,3,CASES
1977,49,SOUTH CAROLINA,SC,US,STATE,1,CASES
1978,1,SOUTH CAROLINA,SC,US,STATE,1,CASES
1978,2,SOUTH CAROLINA,SC,US,STATE,5,CASES
1978,3,SOUTH CAROLINA,SC,US,STATE,1,CASES
1978,11,SOUTH CAROLINA,SC,US,STATE,2,CASES
1978,13,SOUTH CAROLINA,SC,US,STATE,1,CASES
1978,16,SOUTH CAROLINA,SC,US,STATE,1,CASES
1978,21,SOUTH CAROLINA,SC,US,STATE,2,CASES
1978,22,SOUTH CAROLINA,SC,US,STATE,1,CASES
1978,25,SOUTH CAROLINA,SC,US,STATE,1,CASES
1978,34,SOUTH CAROLINA,SC,US,STATE,1,CASES
1978,36,SOUTH CAROLINA,SC,US,STATE,1,CASES
1978,49,SOUTH CAROLINA,SC,US,STATE,1,CASES
1979,6,SOUTH CAROLINA,SC,US,STATE,1,CASES
1979,12,SOUTH CAROLINA,SC,US,STATE,1,CASES
1979,31,SOUTH CAROLINA,SC,US,STATE,1,CASES
1980,4,SOUTH CAROLINA,SC,US,STATE,2,CASES
1980,6,SOUTH CAROLINA,SC,US,STATE,5,CASES
1980,9,SOUTH CAROLINA,SC,US,STATE,1,CASES
1980,10,SOUTH CAROLINA,SC,US,STATE,2,CASES
1980,11,SOUTH CAROLINA,SC,US,STATE,1,CASES
1980,12,SOUTH CAROLINA,SC,US,STATE,1,CASES
1980,13,SOUTH CAROLINA,SC,US,STATE,1,CASES
1980,14,SOUTH CAROLINA,SC,US,STATE,1,CASES
1980,15,SOUTH CAROLINA,SC,US,STATE,1,CASES
1980,16,SOUTH CAROLINA,SC,US,STATE,1,CASES
1980,18,SOUTH CAROLINA,SC,US,STATE,2,CASES
1980,19,SOUTH CAROLINA,SC,US,STATE,1,CASES
1980,20,SOUTH CAROLINA,SC,US,STATE,174,CASES
1980,21,SOUTH CAROLINA,SC,US,STATE,1,CASES
1980,23,SOUTH CAROLINA,SC,US,STATE,2,CASES
1980,24,SOUTH CAROLINA,SC,US,STATE,2,CASES
1980,30,SOUTH CAROLINA,SC,US,STATE,2,CASES
1980,31,SOUTH CAROLINA,SC,US,STATE,1,CASES
1980,32,SOUTH CAROLINA,SC,US,STATE,1,CASES
1980,33,SOUTH CAROLINA,SC,US,STATE,1,CASES
1980,37,SOUTH CAROLINA,SC,US,STATE,2,CASES
1980,40,SOUTH CAROLINA,SC,US,STATE,1,CASES
1980,45,SOUTH CAROLINA,SC,US,STATE,1,CASES
1980,46,SOUTH CAROLINA,SC,US,STATE,3,CASES
1980,49,SOUTH CAROLINA,SC,US,STATE,1,CASES
1981,1,SOUTH CAROLINA,SC,US,STATE,1,CASES
1981,6,SOUTH CAROLINA,SC,US,STATE,1,CASES
1981,7,SOUTH CAROLINA,SC,US,STATE,1,CASES
1981,8,SOUTH CAROLINA,SC,US,STATE,1,CASES
1981,13,SOUTH CAROLINA,SC,US,STATE,1,CASES
1981,17,SOUTH CAROLINA,SC,US,STATE,1,CASES
1981,21,SOUTH CAROLINA,SC,US,STATE,1,CASES
1981,24,SOUTH CAROLINA,SC,US,STATE,2,CASES
1981,28,SOUTH CAROLINA,SC,US,STATE,1,CASES
1981,36,SOUTH CAROLINA,SC,US,STATE,1,CASES
1981,37,SOUTH CAROLINA,SC,US,STATE,1,CASES
1981,39,SOUTH CAROLINA,SC,US,STATE,2,CASES
1981,40,SOUTH CAROLINA,SC,US,STATE,1,CASES
1981,42,SOUTH CAROLINA,SC,US,STATE,1,CASES
1981,43,SOUTH CAROLINA,SC,US,STATE,1,CASES
1981,44,SOUTH CAROLINA,SC,US,STATE,1,CASES
1982,1,SOUTH CAROLINA,SC,US,STATE,1,CASES
1982,3,SOUTH CAROLINA,SC,US,STATE,1,CASES
1982,9,SOUTH CAROLINA,SC,US,STATE,1,CASES
1982,11,SOUTH CAROLINA,SC,US,STATE,2,CASES
1982,13,SOUTH CAROLINA,SC,US,STATE,2,CASES
1982,14,SOUTH CAROLINA,SC,US,STATE,2,CASES
1982,20,SOUTH CAROLINA,SC,US,STATE,1,CASES
1982,21,SOUTH CAROLINA,SC,US,STATE,1,CASES
1982,25,SOUTH CAROLINA,SC,US,STATE,1,CASES
1982,27,SOUTH CAROLINA,SC,US,STATE,1,CASES
1982,35,SOUTH CAROLINA,SC,US,STATE,2,CASES
1982,39,SOUTH CAROLINA,SC,US,STATE,1,CASES
1982,42,SOUTH CAROLINA,SC,US,STATE,1,CASES
1982,51,SOUTH CAROLINA,SC,US,STATE,1,CASES
1983,8,SOUTH CAROLINA,SC,US,STATE,1,CASES
1983,9,SOUTH CAROLINA,SC,US,STATE,1,CASES
1983,17,SOUTH CAROLINA,SC,US,STATE,2,CASES
1983,18,SOUTH CAROLINA,SC,US,STATE,1,CASES
1983,19,SOUTH CAROLINA,SC,US,STATE,1,CASES
1983,24,SOUTH CAROLINA,SC,US,STATE,1,CASES
1983,29,SOUTH CAROLINA,SC,US,STATE,1,CASES
1983,38,SOUTH CAROLINA,SC,US,STATE,1,CASES
1983,39,SOUTH CAROLINA,SC,US,STATE,1,CASES
1983,43,SOUTH CAROLINA,SC,US,STATE,1,CASES
1983,45,SOUTH CAROLINA,SC,US,STATE,3,CASES
1984,6,SOUTH CAROLINA,SC,US,STATE,1,CASES
1984,25,SOUTH CAROLINA,SC,US,STATE,1,CASES
1984,34,SOUTH CAROLINA,SC,US,STATE,2,CASES
1984,43,SOUTH CAROLINA,SC,US,STATE,1,CASES
1985,1,SOUTH CAROLINA,SC,US,STATE,1,CASES
1985,14,SOUTH CAROLINA,SC,US,STATE,2,CASES
1985,15,SOUTH CAROLINA,SC,US,STATE,2,CASES
1985,18,SOUTH CAROLINA,SC,US,STATE,1,CASES
1985,24,SOUTH CAROLINA,SC,US,STATE,1,CASES
1985,40,SOUTH CAROLINA,SC,US,STATE,2,CASES
1985,43,SOUTH CAROLINA,SC,US,STATE,2,CASES
1986,2,SOUTH CAROLINA,SC,US,STATE,1,CASES
1986,4,SOUTH CAROLINA,SC,US,STATE,1,CASES
1986,8,SOUTH CAROLINA,SC,US,STATE,1,CASES
1986,9,SOUTH CAROLINA,SC,US,STATE,1,CASES
1986,12,SOUTH CAROLINA,SC,US,STATE,1,CASES
1986,13,SOUTH CAROLINA,SC,US,STATE,1,CASES
1986,14,SOUTH CAROLINA,SC,US,STATE,1,CASES
1986,15,SOUTH CAROLINA,SC,US,STATE,2,CASES
1986,16,SOUTH CAROLINA,SC,US,STATE,2,CASES
1986,27,SOUTH CAROLINA,SC,US,STATE,1,CASES
1986,33,SOUTH CAROLINA,SC,US,STATE,1,CASES
1986,44,SOUTH CAROLINA,SC,US,STATE,1,CASES
1986,47,SOUTH CAROLINA,SC,US,STATE,1,CASES
1986,48,SOUTH CAROLINA,SC,US,STATE,1,CASES
1986,50,SOUTH CAROLINA,SC,US,STATE,1,CASES
1987,9,SOUTH CAROLINA,SC,US,STATE,1,CASES
1987,12,SOUTH CAROLINA,SC,US,STATE,1,CASES
1987,13,SOUTH CAROLINA,SC,US,STATE,1,CASES
1987,14,SOUTH CAROLINA,SC,US,STATE,1,CASES
1987,16,SOUTH CAROLINA,SC,US,STATE,5,CASES
1987,18,SOUTH CAROLINA,SC,US,STATE,1,CASES
1987,20,SOUTH CAROLINA,SC,US,STATE,1,CASES
1987,27,SOUTH CAROLINA,SC,US,STATE,1,CASES
1987,37,SOUTH CAROLINA,SC,US,STATE,1,CASES
1987,40,SOUTH CAROLINA,SC,US,STATE,1,CASES
1987,41,SOUTH CAROLINA,SC,US,STATE,1,CASES
1987,42,SOUTH CAROLINA,SC,US,STATE,1,CASES
1987,43,SOUTH CAROLINA,SC,US,STATE,1,CASES
1987,44,SOUTH CAROLINA,SC,US,STATE,1,CASES
1987,45,SOUTH CAROLINA,SC,US,STATE,1,CASES
1987,50,SOUTH CAROLINA,SC,US,STATE,2,CASES
1988,5,SOUTH CAROLINA,SC,US,STATE,1,CASES
1988,6,SOUTH CAROLINA,SC,US,STATE,2,CASES
1988,20,SOUTH CAROLINA,SC,US,STATE,1,CASES
1988,35,SOUTH CAROLINA,SC,US,STATE,1,CASES
1988,44,SOUTH CAROLINA,SC,US,STATE,1,CASES
1988,50,SOUTH CAROLINA,SC,US,STATE,2,CASES
1988,51,SOUTH CAROLINA,SC,US,STATE,1,CASES
1989,2,SOUTH CAROLINA,SC,US,STATE,2,CASES
1989,6,SOUTH CAROLINA,SC,US,STATE,1,CASES
1989,10,SOUTH CAROLINA,SC,US,STATE,1,CASES
1989,11,SOUTH CAROLINA,SC,US,STATE,1,CASES
1989,12,SOUTH CAROLINA,SC,US,STATE,1,CASES
1989,14,SOUTH CAROLINA,SC,US,STATE,1,CASES
1989,18,SOUTH CAROLINA,SC,US,STATE,8,CASES
1989,21,SOUTH CAROLINA,SC,US,STATE,1,CASES
1989,26,SOUTH CAROLINA,SC,US,STATE,1,CASES
1989,28,SOUTH CAROLINA,SC,US,STATE,1,CASES
1989,31,SOUTH CAROLINA,SC,US,STATE,1,CASES
1989,35,SOUTH CAROLINA,SC,US,STATE,1,CASES
1989,37,SOUTH CAROLINA,SC,US,STATE,3,CASES
1989,38,SOUTH CAROLINA,SC,US,STATE,4,CASES
1989,39,SOUTH CAROLINA,SC,US,STATE,1,CASES
1989,40,SOUTH CAROLINA,SC,US,STATE,1,CASES
1989,41,SOUTH CAROLINA,SC,US,STATE,2,CASES
1989,42,SOUTH CAROLINA,SC,US,STATE,1,CASES
1989,43,SOUTH CAROLINA,SC,US,STATE,5,CASES
1989,48,SOUTH CAROLINA,SC,US,STATE,2,CASES
1989,49,SOUTH CAROLINA,SC,US,STATE,10,CASES
1989,52,SOUTH CAROLINA,SC,US,STATE,7,CASES
1990,1,SOUTH CAROLINA,SC,US,STATE,1,CASES
1990,2,SOUTH CAROLINA,SC,US,STATE,7,CASES
1990,6,SOUTH CAROLINA,SC,US,STATE,1,CASES
1990,9,SOUTH CAROLINA,SC,US,STATE,1,CASES
1990,14,SOUTH CAROLINA,SC,US,STATE,3,CASES
1990,17,SOUTH CAROLINA,SC,US,STATE,1,CASES
1990,19,SOUTH CAROLINA,SC,US,STATE,2,CASES
1990,21,SOUTH CAROLINA,SC,US,STATE,1,CASES
1990,22,SOUTH CAROLINA,SC,US,STATE,1,CASES
1990,24,SOUTH CAROLINA,SC,US,STATE,2,CASES
1990,30,SOUTH CAROLINA,SC,US,STATE,3,CASES
1990,31,SOUTH CAROLINA,SC,US,STATE,3,CASES
1990,32,SOUTH CAROLINA,SC,US,STATE,6,CASES
1990,34,SOUTH CAROLINA,SC,US,STATE,12,CASES
1990,36,SOUTH CAROLINA,SC,US,STATE,2,CASES
1990,37,SOUTH CAROLINA,SC,US,STATE,2,CASES
1990,38,SOUTH CAROLINA,SC,US,STATE,1,CASES
1990,40,SOUTH CAROLINA,SC,US,STATE,1,CASES
1990,42,SOUTH CAROLINA,SC,US,STATE,6,CASES
1990,45,SOUTH CAROLINA,SC,US,STATE,1,CASES
1990,46,SOUTH CAROLINA,SC,US,STATE,1,CASES
1990,48,SOUTH CAROLINA,SC,US,STATE,1,CASES
1990,50,SOUTH CAROLINA,SC,US,STATE,2,CASES
1990,51,SOUTH CAROLINA,SC,US,STATE,1,CASES
1990,52,SOUTH CAROLINA,SC,US,STATE,8,CASES
1991,4,SOUTH CAROLINA,SC,US,STATE,4,CASES
1991,6,SOUTH CAROLINA,SC,US,STATE,10,CASES
1991,7,SOUTH CAROLINA,SC,US,STATE,1,CASES
1991,8,SOUTH CAROLINA,SC,US,STATE,8,CASES
1991,9,SOUTH CAROLINA,SC,US,STATE,2,CASES
1991,10,SOUTH CAROLINA,SC,US,STATE,14,CASES
1991,11,SOUTH CAROLINA,SC,US,STATE,2,CASES
1991,12,SOUTH CAROLINA,SC,US,STATE,2,CASES
1991,14,SOUTH CAROLINA,SC,US,STATE,26,CASES
1991,15,SOUTH CAROLINA,SC,US,STATE,3,CASES
1991,16,SOUTH CAROLINA,SC,US,STATE,5,CASES
1991,17,SOUTH CAROLINA,SC,US,STATE,76,CASES
1991,18,SOUTH CAROLINA,SC,US,STATE,20,CASES
1991,19,SOUTH CAROLINA,SC,US,STATE,19,CASES
1991,20,SOUTH CAROLINA,SC,US,STATE,68,CASES
1991,21,SOUTH CAROLINA,SC,US,STATE,10,CASES
1991,22,SOUTH CAROLINA,SC,US,STATE,4,CASES
1991,23,SOUTH CAROLINA,SC,US,STATE,14,CASES
1991,24,SOUTH CAROLINA,SC,US,STATE,3,CASES
1991,25,SOUTH CAROLINA,SC,US,STATE,1,CASES
1991,26,SOUTH CAROLINA,SC,US,STATE,5,CASES
1991,27,SOUTH CAROLINA,SC,US,STATE,16,CASES
1991,28,SOUTH CAROLINA,SC,US,STATE,6,CASES
1991,30,SOUTH CAROLINA,SC,US,STATE,1,CASES
1991,31,SOUTH CAROLINA,SC,US,STATE,1,CASES
1991,33,SOUTH CAROLINA,SC,US,STATE,1,CASES
1991,34,SOUTH CAROLINA,SC,US,STATE,1,CASES
1991,37,SOUTH CAROLINA,SC,US,STATE,2,CASES
1991,38,SOUTH CAROLINA,SC,US,STATE,11,CASES
1991,39,SOUTH CAROLINA,SC,US,STATE,22,CASES
1991,46,SOUTH CAROLINA,SC,US,STATE,18,CASES
1991,47,SOUTH CAROLINA,SC,US,STATE,4,CASES
1992,1,SOUTH CAROLINA,SC,US,STATE,2,CASES
1992,3,SOUTH CAROLINA,SC,US,STATE,1,CASES
1992,4,SOUTH CAROLINA,SC,US,STATE,1,CASES
1992,5,SOUTH CAROLINA,SC,US,STATE,28,CASES
1992,6,SOUTH CAROLINA,SC,US,STATE,4,CASES
1992,8,SOUTH CAROLINA,SC,US,STATE,2,CASES
1992,12,SOUTH CAROLINA,SC,US,STATE,4,CASES
1992,13,SOUTH CAROLINA,SC,US,STATE,2,CASES
1992,15,SOUTH CAROLINA,SC,US,STATE,1,CASES
1992,18,SOUTH CAROLINA,SC,US,STATE,1,CASES
1992,30,SOUTH CAROLINA,SC,US,STATE,1,CASES
1992,32,SOUTH CAROLINA,SC,US,STATE,1,CASES
1992,35,SOUTH CAROLINA,SC,US,STATE,1,CASES
1992,41,SOUTH CAROLINA,SC,US,STATE,2,CASES
1993,2,SOUTH CAROLINA,SC,US,STATE,1,CASES
1993,6,SOUTH CAROLINA,SC,US,STATE,1,CASES
1993,11,SOUTH CAROLINA,SC,US,STATE,5,CASES
1993,13,SOUTH CAROLINA,SC,US,STATE,3,CASES
1993,15,SOUTH CAROLINA,SC,US,STATE,1,CASES
1993,16,SOUTH CAROLINA,SC,US,STATE,1,CASES
1993,25,SOUTH CAROLINA,SC,US,STATE,1,CASES
1993,36,SOUTH CAROLINA,SC,US,STATE,1,CASES
1993,45,SOUTH CAROLINA,SC,US,STATE,1,CASES
1994,1,SOUTH CAROLINA,SC,US,STATE,1,CASES
1994,5,SOUTH CAROLINA,SC,US,STATE,2,CASES
1994,7,SOUTH CAROLINA,SC,US,STATE,1,CASES
1994,10,SOUTH CAROLINA,SC,US,STATE,1,CASES
1994,21,SOUTH CAROLINA,SC,US,STATE,1,CASES
1994,36,SOUTH CAROLINA,SC,US,STATE,1,CASES
1994,47,SOUTH CAROLINA,SC,US,STATE,1,CASES
1996,1,SOUTH CAROLINA,SC,US,STATE,1,CASES
1996,7,SOUTH CAROLINA,SC,US,STATE,1,CASES
1996,8,SOUTH CAROLINA,SC,US,STATE,1,CASES
1996,20,SOUTH CAROLINA,SC,US,STATE,1,CASES
1996,21,SOUTH CAROLINA,SC,US,STATE,1,CASES
1996,42,SOUTH CAROLINA,SC,US,STATE,1,CASES
1996,46,SOUTH CAROLINA,SC,US,STATE,1,CASES
1997,8,SOUTH CAROLINA,SC,US,STATE,1,CASES
1997,17,SOUTH CAROLINA,SC,US,STATE,3,CASES
1997,19,SOUTH CAROLINA,SC,US,STATE,2,CASES
1997,25,SOUTH CAROLINA,SC,US,STATE,1,CASES
1997,45,SOUTH CAROLINA,SC,US,STATE,1,CASES
1998,2,SOUTH CAROLINA,SC,US,STATE,2,CASES
1998,8,SOUTH CAROLINA,SC,US,STATE,1,CASES
1998,18,SOUTH CAROLINA,SC,US,STATE,1,CASES
1998,32,SOUTH CAROLINA,SC,US,STATE,1,CASES
1998,36,SOUTH CAROLINA,SC,US,STATE,1,CASES
1998,46,SOUTH CAROLINA,SC,US,STATE,1,CASES
1999,4,SOUTH CAROLINA,SC,US,STATE,1,CASES
1999,5,SOUTH CAROLINA,SC,US,STATE,1,CASES
1999,20,SOUTH CAROLINA,SC,US,STATE,1,CASES
1999,38,SOUTH CAROLINA,SC,US,STATE,1,CASES
1999,49,SOUTH CAROLINA,SC,US,STATE,1,CASES
2000,5,SOUTH CAROLINA,SC,US,STATE,1,CASES
2000,6,SOUTH CAROLINA,SC,US,STATE,1,CASES
2000,10,SOUTH CAROLINA,SC,US,STATE,1,CASES
2000,14,SOUTH CAROLINA,SC,US,STATE,1,CASES
2000,16,SOUTH CAROLINA,SC,US,STATE,1,CASES
2000,20,SOUTH CAROLINA,SC,US,STATE,1,CASES
2000,21,SOUTH CAROLINA,SC,US,STATE,1,CASES
2000,23,SOUTH CAROLINA,SC,US,STATE,1,CASES
2000,24,SOUTH CAROLINA,SC,US,STATE,1,CASES
2000,31,SOUTH CAROLINA,SC,US,STATE,1,CASES
2000,47,SOUTH CAROLINA,SC,US,STATE,1,CASES
2001,12,SOUTH CAROLINA,SC,US,STATE,1,CASES
2001,39,SOUTH CAROLINA,SC,US,STATE,1,CASES
2001,41,SOUTH CAROLINA,SC,US,STATE,2,CASES
2013,17,SOUTH CAROLINA,SC,US,STATE,1,CASES
