year,week,loc,state,country,loc_type,number,event
1920,50,VIRGINIA,VA,US,STATE,1,CASES
1920,51,VIRGINIA,VA,US,STATE,2,CASES
1920,52,VIRGINIA,VA,US,STATE,2,CASES
1921,1,VIRGINIA,VA,US,STATE,2,CASES
1921,5,VIRGINIA,VA,US,STATE,1,CASES
1921,11,VIRGINIA,VA,US,STATE,2,CASES
1921,12,VIRGINIA,VA,US,STATE,3,CASES
1921,13,VIRGINIA,VA,US,STATE,3,CASES
1921,15,VIRGINIA,VA,US,STATE,3,CASES
1921,17,VIRGINIA,VA,US,STATE,1,CASES
1921,19,VIRGINIA,VA,US,STATE,1,CASES
1921,20,VIRGINIA,VA,US,STATE,2,CASES
1921,21,VIRGINIA,VA,US,STATE,1,CASES
1921,23,VIRGINIA,VA,US,STATE,2,CASES
1921,25,VIRGINIA,VA,US,STATE,1,CASES
1921,26,VIRGINIA,VA,US,STATE,1,CASES
1921,27,VIRGINIA,VA,US,STATE,1,CASES
1921,31,VIRGINIA,VA,US,STATE,1,CASES
1921,35,VIRGINIA,VA,US,STATE,1,CASES
1921,41,VIRGINIA,VA,US,STATE,1,CASES
1921,50,VIRGINIA,VA,US,STATE,2,CASES
1922,1,VIRGINIA,VA,US,STATE,1,CASES
1922,2,VIRGINIA,VA,US,STATE,1,CASES
1922,40,VIRGINIA,VA,US,STATE,1,CASES
1922,42,VIRGINIA,VA,US,STATE,2,CASES
1922,46,VIRGINIA,VA,US,STATE,1,CASES
1922,50,VIRGINIA,VA,US,STATE,1,CASES
1923,2,VIRGINIA,VA,US,STATE,1,CASES
1923,7,VIRGINIA,VA,US,STATE,2,CASES
1923,8,VIRGINIA,VA,US,STATE,1,CASES
1923,37,VIRGINIA,VA,US,STATE,1,CASES
1923,40,VIRGINIA,VA,US,STATE,1,CASES
1923,42,VIRGINIA,VA,US,STATE,2,CASES
1923,43,VIRGINIA,VA,US,STATE,4,CASES
1923,44,VIRGINIA,VA,US,STATE,5,CASES
1923,45,VIRGINIA,VA,US,STATE,5,CASES
1923,46,VIRGINIA,VA,US,STATE,1,CASES
1923,47,VIRGINIA,VA,US,STATE,1,CASES
1923,49,VIRGINIA,VA,US,STATE,2,CASES
1923,50,VIRGINIA,VA,US,STATE,2,CASES
1932,26,VIRGINIA,VA,US,STATE,7,CASES
1932,27,VIRGINIA,VA,US,STATE,7,CASES
1932,28,VIRGINIA,VA,US,STATE,4,CASES
1932,29,VIRGINIA,VA,US,STATE,9,CASES
1932,30,VIRGINIA,VA,US,STATE,9,CASES
1932,31,VIRGINIA,VA,US,STATE,36,CASES
1932,32,VIRGINIA,VA,US,STATE,22,CASES
1932,33,VIRGINIA,VA,US,STATE,33,CASES
1932,34,VIRGINIA,VA,US,STATE,19,CASES
1932,35,VIRGINIA,VA,US,STATE,20,CASES
1932,36,VIRGINIA,VA,US,STATE,30,CASES
1932,37,VIRGINIA,VA,US,STATE,32,CASES
1932,38,VIRGINIA,VA,US,STATE,48,CASES
1932,39,VIRGINIA,VA,US,STATE,64,CASES
1932,40,VIRGINIA,VA,US,STATE,65,CASES
1932,41,VIRGINIA,VA,US,STATE,75,CASES
1932,42,VIRGINIA,VA,US,STATE,72,CASES
1932,43,VIRGINIA,VA,US,STATE,61,CASES
1932,44,VIRGINIA,VA,US,STATE,62,CASES
1932,45,VIRGINIA,VA,US,STATE,57,CASES
1932,46,VIRGINIA,VA,US,STATE,48,CASES
1932,47,VIRGINIA,VA,US,STATE,69,CASES
1932,48,VIRGINIA,VA,US,STATE,50,CASES
1932,49,VIRGINIA,VA,US,STATE,47,CASES
1932,50,VIRGINIA,VA,US,STATE,39,CASES
1932,51,VIRGINIA,VA,US,STATE,11,CASES
1932,52,VIRGINIA,VA,US,STATE,26,CASES
1933,1,VIRGINIA,VA,US,STATE,31,CASES
1933,2,VIRGINIA,VA,US,STATE,22,CASES
1933,3,VIRGINIA,VA,US,STATE,11,CASES
1933,4,VIRGINIA,VA,US,STATE,28,CASES
1933,5,VIRGINIA,VA,US,STATE,20,CASES
1933,6,VIRGINIA,VA,US,STATE,24,CASES
1933,7,VIRGINIA,VA,US,STATE,18,CASES
1933,8,VIRGINIA,VA,US,STATE,16,CASES
1933,9,VIRGINIA,VA,US,STATE,14,CASES
1933,10,VIRGINIA,VA,US,STATE,18,CASES
1933,11,VIRGINIA,VA,US,STATE,13,CASES
1933,12,VIRGINIA,VA,US,STATE,13,CASES
1933,13,VIRGINIA,VA,US,STATE,11,CASES
1933,14,VIRGINIA,VA,US,STATE,12,CASES
1933,15,VIRGINIA,VA,US,STATE,5,CASES
1933,16,VIRGINIA,VA,US,STATE,17,CASES
1933,17,VIRGINIA,VA,US,STATE,11,CASES
1933,18,VIRGINIA,VA,US,STATE,9,CASES
1933,19,VIRGINIA,VA,US,STATE,11,CASES
1933,20,VIRGINIA,VA,US,STATE,5,CASES
1933,21,VIRGINIA,VA,US,STATE,13,CASES
1933,22,VIRGINIA,VA,US,STATE,6,CASES
1933,23,VIRGINIA,VA,US,STATE,9,CASES
1933,24,VIRGINIA,VA,US,STATE,9,CASES
1933,25,VIRGINIA,VA,US,STATE,8,CASES
1933,26,VIRGINIA,VA,US,STATE,6,CASES
1933,27,VIRGINIA,VA,US,STATE,3,CASES
1933,28,VIRGINIA,VA,US,STATE,13,CASES
1933,29,VIRGINIA,VA,US,STATE,11,CASES
1933,30,VIRGINIA,VA,US,STATE,7,CASES
1933,31,VIRGINIA,VA,US,STATE,13,CASES
1933,32,VIRGINIA,VA,US,STATE,13,CASES
1933,33,VIRGINIA,VA,US,STATE,39,CASES
1933,34,VIRGINIA,VA,US,STATE,27,CASES
1933,35,VIRGINIA,VA,US,STATE,28,CASES
1933,36,VIRGINIA,VA,US,STATE,37,CASES
1933,37,VIRGINIA,VA,US,STATE,59,CASES
1933,38,VIRGINIA,VA,US,STATE,64,CASES
1933,39,VIRGINIA,VA,US,STATE,98,CASES
1933,40,VIRGINIA,VA,US,STATE,94,CASES
1933,41,VIRGINIA,VA,US,STATE,122,CASES
1933,42,VIRGINIA,VA,US,STATE,159,CASES
1933,43,VIRGINIA,VA,US,STATE,141,CASES
1933,44,VIRGINIA,VA,US,STATE,116,CASES
1933,45,VIRGINIA,VA,US,STATE,92,CASES
1933,46,VIRGINIA,VA,US,STATE,95,CASES
1933,47,VIRGINIA,VA,US,STATE,124,CASES
1933,48,VIRGINIA,VA,US,STATE,89,CASES
1933,49,VIRGINIA,VA,US,STATE,81,CASES
1933,50,VIRGINIA,VA,US,STATE,67,CASES
1933,51,VIRGINIA,VA,US,STATE,42,CASES
1933,52,VIRGINIA,VA,US,STATE,55,CASES
1934,1,VIRGINIA,VA,US,STATE,69,CASES
1934,2,VIRGINIA,VA,US,STATE,43,CASES
1934,3,VIRGINIA,VA,US,STATE,43,CASES
1934,4,VIRGINIA,VA,US,STATE,26,CASES
1934,5,VIRGINIA,VA,US,STATE,33,CASES
1934,6,VIRGINIA,VA,US,STATE,37,CASES
1934,7,VIRGINIA,VA,US,STATE,25,CASES
1934,8,VIRGINIA,VA,US,STATE,22,CASES
1934,9,VIRGINIA,VA,US,STATE,23,CASES
1934,10,VIRGINIA,VA,US,STATE,26,CASES
1934,11,VIRGINIA,VA,US,STATE,21,CASES
1934,12,VIRGINIA,VA,US,STATE,27,CASES
1934,13,VIRGINIA,VA,US,STATE,21,CASES
1934,14,VIRGINIA,VA,US,STATE,21,CASES
1934,15,VIRGINIA,VA,US,STATE,17,CASES
1934,16,VIRGINIA,VA,US,STATE,18,CASES
1934,17,VIRGINIA,VA,US,STATE,15,CASES
1934,18,VIRGINIA,VA,US,STATE,7,CASES
1934,19,VIRGINIA,VA,US,STATE,12,CASES
1934,20,VIRGINIA,VA,US,STATE,18,CASES
1934,21,VIRGINIA,VA,US,STATE,7,CASES
1934,22,VIRGINIA,VA,US,STATE,9,CASES
1934,23,VIRGINIA,VA,US,STATE,9,CASES
1934,24,VIRGINIA,VA,US,STATE,6,CASES
1934,25,VIRGINIA,VA,US,STATE,6,CASES
1934,26,VIRGINIA,VA,US,STATE,10,CASES
1934,27,VIRGINIA,VA,US,STATE,6,CASES
1934,28,VIRGINIA,VA,US,STATE,10,CASES
1934,29,VIRGINIA,VA,US,STATE,17,CASES
1934,30,VIRGINIA,VA,US,STATE,10,CASES
1934,31,VIRGINIA,VA,US,STATE,5,CASES
1934,32,VIRGINIA,VA,US,STATE,9,CASES
1934,33,VIRGINIA,VA,US,STATE,25,CASES
1934,34,VIRGINIA,VA,US,STATE,22,CASES
1934,35,VIRGINIA,VA,US,STATE,27,CASES
1934,36,VIRGINIA,VA,US,STATE,31,CASES
1934,37,VIRGINIA,VA,US,STATE,45,CASES
1934,38,VIRGINIA,VA,US,STATE,34,CASES
1934,39,VIRGINIA,VA,US,STATE,57,CASES
1934,40,VIRGINIA,VA,US,STATE,74,CASES
1934,41,VIRGINIA,VA,US,STATE,89,CASES
1934,42,VIRGINIA,VA,US,STATE,114,CASES
1934,43,VIRGINIA,VA,US,STATE,164,CASES
1934,44,VIRGINIA,VA,US,STATE,97,CASES
1934,45,VIRGINIA,VA,US,STATE,99,CASES
1934,46,VIRGINIA,VA,US,STATE,73,CASES
1934,47,VIRGINIA,VA,US,STATE,104,CASES
1934,48,VIRGINIA,VA,US,STATE,99,CASES
1934,49,VIRGINIA,VA,US,STATE,75,CASES
1934,50,VIRGINIA,VA,US,STATE,52,CASES
1934,51,VIRGINIA,VA,US,STATE,30,CASES
1934,52,VIRGINIA,VA,US,STATE,30,CASES
1935,1,VIRGINIA,VA,US,STATE,34,CASES
1935,2,VIRGINIA,VA,US,STATE,32,CASES
1935,3,VIRGINIA,VA,US,STATE,34,CASES
1935,4,VIRGINIA,VA,US,STATE,16,CASES
1935,5,VIRGINIA,VA,US,STATE,22,CASES
1935,6,VIRGINIA,VA,US,STATE,24,CASES
1935,7,VIRGINIA,VA,US,STATE,20,CASES
1935,8,VIRGINIA,VA,US,STATE,17,CASES
1935,9,VIRGINIA,VA,US,STATE,14,CASES
1935,10,VIRGINIA,VA,US,STATE,11,CASES
1935,11,VIRGINIA,VA,US,STATE,26,CASES
1935,12,VIRGINIA,VA,US,STATE,18,CASES
1935,13,VIRGINIA,VA,US,STATE,12,CASES
1935,14,VIRGINIA,VA,US,STATE,14,CASES
1935,15,VIRGINIA,VA,US,STATE,11,CASES
1935,16,VIRGINIA,VA,US,STATE,11,CASES
1935,17,VIRGINIA,VA,US,STATE,16,CASES
1935,18,VIRGINIA,VA,US,STATE,13,CASES
1935,19,VIRGINIA,VA,US,STATE,9,CASES
1935,20,VIRGINIA,VA,US,STATE,18,CASES
1935,21,VIRGINIA,VA,US,STATE,15,CASES
1935,22,VIRGINIA,VA,US,STATE,10,CASES
1935,23,VIRGINIA,VA,US,STATE,6,CASES
1935,24,VIRGINIA,VA,US,STATE,4,CASES
1935,25,VIRGINIA,VA,US,STATE,11,CASES
1935,26,VIRGINIA,VA,US,STATE,6,CASES
1935,27,VIRGINIA,VA,US,STATE,6,CASES
1935,28,VIRGINIA,VA,US,STATE,6,CASES
1935,29,VIRGINIA,VA,US,STATE,8,CASES
1935,30,VIRGINIA,VA,US,STATE,16,CASES
1935,31,VIRGINIA,VA,US,STATE,12,CASES
1935,32,VIRGINIA,VA,US,STATE,16,CASES
1935,33,VIRGINIA,VA,US,STATE,19,CASES
1935,34,VIRGINIA,VA,US,STATE,28,CASES
1935,35,VIRGINIA,VA,US,STATE,24,CASES
1935,36,VIRGINIA,VA,US,STATE,20,CASES
1935,37,VIRGINIA,VA,US,STATE,21,CASES
1935,38,VIRGINIA,VA,US,STATE,35,CASES
1935,39,VIRGINIA,VA,US,STATE,38,CASES
1935,40,VIRGINIA,VA,US,STATE,62,CASES
1935,41,VIRGINIA,VA,US,STATE,72,CASES
1935,42,VIRGINIA,VA,US,STATE,66,CASES
1935,43,VIRGINIA,VA,US,STATE,82,CASES
1935,44,VIRGINIA,VA,US,STATE,66,CASES
1935,45,VIRGINIA,VA,US,STATE,86,CASES
1935,46,VIRGINIA,VA,US,STATE,72,CASES
1935,47,VIRGINIA,VA,US,STATE,68,CASES
1935,48,VIRGINIA,VA,US,STATE,49,CASES
1935,49,VIRGINIA,VA,US,STATE,48,CASES
1935,50,VIRGINIA,VA,US,STATE,44,CASES
1935,51,VIRGINIA,VA,US,STATE,26,CASES
1935,52,VIRGINIA,VA,US,STATE,47,CASES
1936,1,VIRGINIA,VA,US,STATE,25,CASES
1936,2,VIRGINIA,VA,US,STATE,25,CASES
1936,3,VIRGINIA,VA,US,STATE,31,CASES
1936,4,VIRGINIA,VA,US,STATE,44,CASES
1936,5,VIRGINIA,VA,US,STATE,34,CASES
1936,6,VIRGINIA,VA,US,STATE,22,CASES
1936,7,VIRGINIA,VA,US,STATE,17,CASES
1936,8,VIRGINIA,VA,US,STATE,14,CASES
1936,9,VIRGINIA,VA,US,STATE,11,CASES
1936,10,VIRGINIA,VA,US,STATE,15,CASES
1936,11,VIRGINIA,VA,US,STATE,16,CASES
1936,12,VIRGINIA,VA,US,STATE,14,CASES
1936,13,VIRGINIA,VA,US,STATE,16,CASES
1936,14,VIRGINIA,VA,US,STATE,7,CASES
1936,15,VIRGINIA,VA,US,STATE,8,CASES
1936,16,VIRGINIA,VA,US,STATE,30,CASES
1936,17,VIRGINIA,VA,US,STATE,12,CASES
1936,18,VIRGINIA,VA,US,STATE,17,CASES
1936,19,VIRGINIA,VA,US,STATE,18,CASES
1936,20,VIRGINIA,VA,US,STATE,7,CASES
1936,21,VIRGINIA,VA,US,STATE,10,CASES
1936,22,VIRGINIA,VA,US,STATE,10,CASES
1936,23,VIRGINIA,VA,US,STATE,8,CASES
1936,24,VIRGINIA,VA,US,STATE,9,CASES
1936,25,VIRGINIA,VA,US,STATE,10,CASES
1936,26,VIRGINIA,VA,US,STATE,4,CASES
1936,27,VIRGINIA,VA,US,STATE,4,CASES
1936,28,VIRGINIA,VA,US,STATE,7,CASES
1936,29,VIRGINIA,VA,US,STATE,6,CASES
1936,30,VIRGINIA,VA,US,STATE,4,CASES
1936,32,VIRGINIA,VA,US,STATE,10,CASES
1936,33,VIRGINIA,VA,US,STATE,10,CASES
1936,34,VIRGINIA,VA,US,STATE,9,CASES
1936,35,VIRGINIA,VA,US,STATE,22,CASES
1936,36,VIRGINIA,VA,US,STATE,15,CASES
1936,37,VIRGINIA,VA,US,STATE,33,CASES
1936,38,VIRGINIA,VA,US,STATE,23,CASES
1936,40,VIRGINIA,VA,US,STATE,25,CASES
1936,41,VIRGINIA,VA,US,STATE,41,CASES
1936,42,VIRGINIA,VA,US,STATE,38,CASES
1936,43,VIRGINIA,VA,US,STATE,67,CASES
1936,44,VIRGINIA,VA,US,STATE,58,CASES
1936,45,VIRGINIA,VA,US,STATE,54,CASES
1936,46,VIRGINIA,VA,US,STATE,60,CASES
1936,47,VIRGINIA,VA,US,STATE,92,CASES
1936,48,VIRGINIA,VA,US,STATE,55,CASES
1936,49,VIRGINIA,VA,US,STATE,57,CASES
1936,50,VIRGINIA,VA,US,STATE,33,CASES
1936,51,VIRGINIA,VA,US,STATE,36,CASES
1936,52,VIRGINIA,VA,US,STATE,23,CASES
1936,53,VIRGINIA,VA,US,STATE,25,CASES
1937,1,VIRGINIA,VA,US,STATE,48,CASES
1937,2,VIRGINIA,VA,US,STATE,39,CASES
1937,3,VIRGINIA,VA,US,STATE,25,CASES
1937,4,VIRGINIA,VA,US,STATE,45,CASES
1937,5,VIRGINIA,VA,US,STATE,31,CASES
1937,6,VIRGINIA,VA,US,STATE,16,CASES
1937,7,VIRGINIA,VA,US,STATE,15,CASES
1937,8,VIRGINIA,VA,US,STATE,14,CASES
1937,9,VIRGINIA,VA,US,STATE,16,CASES
1937,10,VIRGINIA,VA,US,STATE,12,CASES
1937,11,VIRGINIA,VA,US,STATE,24,CASES
1937,12,VIRGINIA,VA,US,STATE,14,CASES
1937,13,VIRGINIA,VA,US,STATE,9,CASES
1937,14,VIRGINIA,VA,US,STATE,13,CASES
1937,15,VIRGINIA,VA,US,STATE,10,CASES
1937,16,VIRGINIA,VA,US,STATE,9,CASES
1937,17,VIRGINIA,VA,US,STATE,5,CASES
1937,18,VIRGINIA,VA,US,STATE,18,CASES
1937,19,VIRGINIA,VA,US,STATE,3,CASES
1937,20,VIRGINIA,VA,US,STATE,6,CASES
1937,21,VIRGINIA,VA,US,STATE,9,CASES
1937,22,VIRGINIA,VA,US,STATE,8,CASES
1937,23,VIRGINIA,VA,US,STATE,6,CASES
1937,24,VIRGINIA,VA,US,STATE,6,CASES
1937,25,VIRGINIA,VA,US,STATE,5,CASES
1937,26,VIRGINIA,VA,US,STATE,8,CASES
1937,27,VIRGINIA,VA,US,STATE,6,CASES
1937,28,VIRGINIA,VA,US,STATE,6,CASES
1937,29,VIRGINIA,VA,US,STATE,8,CASES
1937,30,VIRGINIA,VA,US,STATE,5,CASES
1937,31,VIRGINIA,VA,US,STATE,17,CASES
1937,32,VIRGINIA,VA,US,STATE,10,CASES
1937,33,VIRGINIA,VA,US,STATE,17,CASES
1937,34,VIRGINIA,VA,US,STATE,21,CASES
1937,36,VIRGINIA,VA,US,STATE,37,CASES
1937,37,VIRGINIA,VA,US,STATE,32,CASES
1937,38,VIRGINIA,VA,US,STATE,41,CASES
1937,39,VIRGINIA,VA,US,STATE,39,CASES
1937,40,VIRGINIA,VA,US,STATE,64,CASES
1937,41,VIRGINIA,VA,US,STATE,61,CASES
1937,42,VIRGINIA,VA,US,STATE,77,CASES
1937,43,VIRGINIA,VA,US,STATE,43,CASES
1937,44,VIRGINIA,VA,US,STATE,63,CASES
1937,45,VIRGINIA,VA,US,STATE,66,CASES
1937,46,VIRGINIA,VA,US,STATE,31,CASES
1937,47,VIRGINIA,VA,US,STATE,35,CASES
1937,48,VIRGINIA,VA,US,STATE,34,CASES
1937,49,VIRGINIA,VA,US,STATE,31,CASES
1937,50,VIRGINIA,VA,US,STATE,24,CASES
1937,51,VIRGINIA,VA,US,STATE,30,CASES
1937,52,VIRGINIA,VA,US,STATE,34,CASES
1938,1,VIRGINIA,VA,US,STATE,19,CASES
1938,2,VIRGINIA,VA,US,STATE,21,CASES
1938,3,VIRGINIA,VA,US,STATE,21,CASES
1938,4,VIRGINIA,VA,US,STATE,12,CASES
1938,5,VIRGINIA,VA,US,STATE,25,CASES
1938,6,VIRGINIA,VA,US,STATE,24,CASES
1938,7,VIRGINIA,VA,US,STATE,15,CASES
1938,8,VIRGINIA,VA,US,STATE,18,CASES
1938,9,VIRGINIA,VA,US,STATE,23,CASES
1938,10,VIRGINIA,VA,US,STATE,10,CASES
1938,11,VIRGINIA,VA,US,STATE,24,CASES
1938,12,VIRGINIA,VA,US,STATE,11,CASES
1938,13,VIRGINIA,VA,US,STATE,16,CASES
1938,14,VIRGINIA,VA,US,STATE,9,CASES
1938,15,VIRGINIA,VA,US,STATE,11,CASES
1938,16,VIRGINIA,VA,US,STATE,9,CASES
1938,17,VIRGINIA,VA,US,STATE,11,CASES
1938,18,VIRGINIA,VA,US,STATE,9,CASES
1938,19,VIRGINIA,VA,US,STATE,13,CASES
1938,20,VIRGINIA,VA,US,STATE,12,CASES
1938,21,VIRGINIA,VA,US,STATE,11,CASES
1938,22,VIRGINIA,VA,US,STATE,5,CASES
1938,23,VIRGINIA,VA,US,STATE,2,CASES
1938,24,VIRGINIA,VA,US,STATE,7,CASES
1938,25,VIRGINIA,VA,US,STATE,12,CASES
1938,26,VIRGINIA,VA,US,STATE,6,CASES
1938,27,VIRGINIA,VA,US,STATE,50,CASES
1938,28,VIRGINIA,VA,US,STATE,21,CASES
1938,29,VIRGINIA,VA,US,STATE,15,CASES
1938,30,VIRGINIA,VA,US,STATE,8,CASES
1938,31,VIRGINIA,VA,US,STATE,29,CASES
1938,32,VIRGINIA,VA,US,STATE,42,CASES
1938,33,VIRGINIA,VA,US,STATE,29,CASES
1938,34,VIRGINIA,VA,US,STATE,44,CASES
1938,35,VIRGINIA,VA,US,STATE,69,CASES
1938,36,VIRGINIA,VA,US,STATE,73,CASES
1938,37,VIRGINIA,VA,US,STATE,52,CASES
1938,38,VIRGINIA,VA,US,STATE,50,CASES
1938,39,VIRGINIA,VA,US,STATE,50,CASES
1938,40,VIRGINIA,VA,US,STATE,179,CASES
1938,41,VIRGINIA,VA,US,STATE,104,CASES
1938,42,VIRGINIA,VA,US,STATE,289,CASES
1938,43,VIRGINIA,VA,US,STATE,77,CASES
1938,44,VIRGINIA,VA,US,STATE,195,CASES
1938,45,VIRGINIA,VA,US,STATE,81,CASES
1938,46,VIRGINIA,VA,US,STATE,164,CASES
1938,47,VIRGINIA,VA,US,STATE,150,CASES
1938,48,VIRGINIA,VA,US,STATE,110,CASES
1938,49,VIRGINIA,VA,US,STATE,121,CASES
1938,50,VIRGINIA,VA,US,STATE,91,CASES
1938,51,VIRGINIA,VA,US,STATE,67,CASES
1938,52,VIRGINIA,VA,US,STATE,44,CASES
1939,1,VIRGINIA,VA,US,STATE,69,CASES
1939,2,VIRGINIA,VA,US,STATE,96,CASES
1939,3,VIRGINIA,VA,US,STATE,51,CASES
1939,4,VIRGINIA,VA,US,STATE,43,CASES
1939,5,VIRGINIA,VA,US,STATE,19,CASES
1939,6,VIRGINIA,VA,US,STATE,26,CASES
1939,7,VIRGINIA,VA,US,STATE,19,CASES
1939,8,VIRGINIA,VA,US,STATE,17,CASES
1939,9,VIRGINIA,VA,US,STATE,16,CASES
1939,10,VIRGINIA,VA,US,STATE,21,CASES
1939,11,VIRGINIA,VA,US,STATE,20,CASES
1939,12,VIRGINIA,VA,US,STATE,12,CASES
1939,13,VIRGINIA,VA,US,STATE,19,CASES
1939,14,VIRGINIA,VA,US,STATE,15,CASES
1939,15,VIRGINIA,VA,US,STATE,9,CASES
1939,16,VIRGINIA,VA,US,STATE,14,CASES
1939,17,VIRGINIA,VA,US,STATE,20,CASES
1939,18,VIRGINIA,VA,US,STATE,15,CASES
1939,19,VIRGINIA,VA,US,STATE,15,CASES
1939,20,VIRGINIA,VA,US,STATE,11,CASES
1939,21,VIRGINIA,VA,US,STATE,3,CASES
1939,22,VIRGINIA,VA,US,STATE,28,CASES
1939,23,VIRGINIA,VA,US,STATE,9,CASES
1939,24,VIRGINIA,VA,US,STATE,19,CASES
1939,25,VIRGINIA,VA,US,STATE,12,CASES
1939,26,VIRGINIA,VA,US,STATE,5,CASES
1939,27,VIRGINIA,VA,US,STATE,10,CASES
1939,28,VIRGINIA,VA,US,STATE,11,CASES
1939,29,VIRGINIA,VA,US,STATE,10,CASES
1939,30,VIRGINIA,VA,US,STATE,20,CASES
1939,31,VIRGINIA,VA,US,STATE,27,CASES
1939,32,VIRGINIA,VA,US,STATE,47,CASES
1939,33,VIRGINIA,VA,US,STATE,24,CASES
1939,34,VIRGINIA,VA,US,STATE,18,CASES
1939,35,VIRGINIA,VA,US,STATE,16,CASES
1939,36,VIRGINIA,VA,US,STATE,45,CASES
1939,37,VIRGINIA,VA,US,STATE,43,CASES
1939,38,VIRGINIA,VA,US,STATE,66,CASES
1939,39,VIRGINIA,VA,US,STATE,116,CASES
1939,40,VIRGINIA,VA,US,STATE,131,CASES
1939,41,VIRGINIA,VA,US,STATE,116,CASES
1939,42,VIRGINIA,VA,US,STATE,80,CASES
1939,43,VIRGINIA,VA,US,STATE,172,CASES
1939,44,VIRGINIA,VA,US,STATE,89,CASES
1939,45,VIRGINIA,VA,US,STATE,90,CASES
1939,46,VIRGINIA,VA,US,STATE,127,CASES
1939,47,VIRGINIA,VA,US,STATE,57,CASES
1939,48,VIRGINIA,VA,US,STATE,71,CASES
1939,49,VIRGINIA,VA,US,STATE,103,CASES
1939,50,VIRGINIA,VA,US,STATE,86,CASES
1939,51,VIRGINIA,VA,US,STATE,15,CASES
1939,52,VIRGINIA,VA,US,STATE,56,CASES
1940,1,VIRGINIA,VA,US,STATE,22,CASES
1940,2,VIRGINIA,VA,US,STATE,25,CASES
1940,3,VIRGINIA,VA,US,STATE,9,CASES
1940,4,VIRGINIA,VA,US,STATE,17,CASES
1940,5,VIRGINIA,VA,US,STATE,12,CASES
1940,6,VIRGINIA,VA,US,STATE,12,CASES
1940,7,VIRGINIA,VA,US,STATE,19,CASES
1940,8,VIRGINIA,VA,US,STATE,18,CASES
1940,9,VIRGINIA,VA,US,STATE,12,CASES
1940,10,VIRGINIA,VA,US,STATE,18,CASES
1940,11,VIRGINIA,VA,US,STATE,10,CASES
1940,12,VIRGINIA,VA,US,STATE,11,CASES
1940,13,VIRGINIA,VA,US,STATE,6,CASES
1940,14,VIRGINIA,VA,US,STATE,16,CASES
1940,15,VIRGINIA,VA,US,STATE,13,CASES
1940,16,VIRGINIA,VA,US,STATE,9,CASES
1940,17,VIRGINIA,VA,US,STATE,9,CASES
1940,18,VIRGINIA,VA,US,STATE,4,CASES
1940,19,VIRGINIA,VA,US,STATE,9,CASES
1940,20,VIRGINIA,VA,US,STATE,11,CASES
1940,21,VIRGINIA,VA,US,STATE,6,CASES
1940,22,VIRGINIA,VA,US,STATE,3,CASES
1940,23,VIRGINIA,VA,US,STATE,6,CASES
1940,24,VIRGINIA,VA,US,STATE,5,CASES
1940,25,VIRGINIA,VA,US,STATE,5,CASES
1940,26,VIRGINIA,VA,US,STATE,6,CASES
1940,27,VIRGINIA,VA,US,STATE,2,CASES
1940,28,VIRGINIA,VA,US,STATE,4,CASES
1940,29,VIRGINIA,VA,US,STATE,13,CASES
1940,30,VIRGINIA,VA,US,STATE,3,CASES
1940,31,VIRGINIA,VA,US,STATE,21,CASES
1940,32,VIRGINIA,VA,US,STATE,9,CASES
1940,33,VIRGINIA,VA,US,STATE,6,CASES
1940,34,VIRGINIA,VA,US,STATE,2,CASES
1940,35,VIRGINIA,VA,US,STATE,15,CASES
1940,36,VIRGINIA,VA,US,STATE,8,CASES
1940,37,VIRGINIA,VA,US,STATE,8,CASES
1940,38,VIRGINIA,VA,US,STATE,23,CASES
1940,39,VIRGINIA,VA,US,STATE,10,CASES
1940,40,VIRGINIA,VA,US,STATE,16,CASES
1940,41,VIRGINIA,VA,US,STATE,31,CASES
1940,42,VIRGINIA,VA,US,STATE,16,CASES
1940,43,VIRGINIA,VA,US,STATE,27,CASES
1940,44,VIRGINIA,VA,US,STATE,22,CASES
1940,45,VIRGINIA,VA,US,STATE,25,CASES
1940,46,VIRGINIA,VA,US,STATE,29,CASES
1940,47,VIRGINIA,VA,US,STATE,24,CASES
1940,48,VIRGINIA,VA,US,STATE,32,CASES
1940,49,VIRGINIA,VA,US,STATE,26,CASES
1940,50,VIRGINIA,VA,US,STATE,23,CASES
1940,51,VIRGINIA,VA,US,STATE,10,CASES
1940,52,VIRGINIA,VA,US,STATE,32,CASES
1941,1,VIRGINIA,VA,US,STATE,13,CASES
1941,2,VIRGINIA,VA,US,STATE,10,CASES
1941,3,VIRGINIA,VA,US,STATE,12,CASES
1941,4,VIRGINIA,VA,US,STATE,6,CASES
1941,5,VIRGINIA,VA,US,STATE,9,CASES
1941,6,VIRGINIA,VA,US,STATE,6,CASES
1941,7,VIRGINIA,VA,US,STATE,6,CASES
1941,9,VIRGINIA,VA,US,STATE,10,CASES
1941,10,VIRGINIA,VA,US,STATE,9,CASES
1941,11,VIRGINIA,VA,US,STATE,14,CASES
1941,12,VIRGINIA,VA,US,STATE,2,CASES
1941,13,VIRGINIA,VA,US,STATE,14,CASES
1941,14,VIRGINIA,VA,US,STATE,10,CASES
1941,15,VIRGINIA,VA,US,STATE,3,CASES
1941,16,VIRGINIA,VA,US,STATE,7,CASES
1941,17,VIRGINIA,VA,US,STATE,8,CASES
1941,18,VIRGINIA,VA,US,STATE,5,CASES
1941,19,VIRGINIA,VA,US,STATE,4,CASES
1941,20,VIRGINIA,VA,US,STATE,9,CASES
1941,21,VIRGINIA,VA,US,STATE,9,CASES
1941,22,VIRGINIA,VA,US,STATE,8,CASES
1941,23,VIRGINIA,VA,US,STATE,6,CASES
1941,24,VIRGINIA,VA,US,STATE,6,CASES
1941,25,VIRGINIA,VA,US,STATE,8,CASES
1941,26,VIRGINIA,VA,US,STATE,10,CASES
1941,27,VIRGINIA,VA,US,STATE,4,CASES
1941,28,VIRGINIA,VA,US,STATE,2,CASES
1941,29,VIRGINIA,VA,US,STATE,1,CASES
1941,30,VIRGINIA,VA,US,STATE,6,CASES
1941,31,VIRGINIA,VA,US,STATE,5,CASES
1941,32,VIRGINIA,VA,US,STATE,8,CASES
1941,33,VIRGINIA,VA,US,STATE,1,CASES
1941,34,VIRGINIA,VA,US,STATE,16,CASES
1941,35,VIRGINIA,VA,US,STATE,5,CASES
1941,36,VIRGINIA,VA,US,STATE,12,CASES
1941,37,VIRGINIA,VA,US,STATE,6,CASES
1941,38,VIRGINIA,VA,US,STATE,19,CASES
1941,39,VIRGINIA,VA,US,STATE,16,CASES
1941,40,VIRGINIA,VA,US,STATE,36,CASES
1941,41,VIRGINIA,VA,US,STATE,37,CASES
1941,42,VIRGINIA,VA,US,STATE,33,CASES
1941,43,VIRGINIA,VA,US,STATE,49,CASES
1941,44,VIRGINIA,VA,US,STATE,37,CASES
1941,45,VIRGINIA,VA,US,STATE,36,CASES
1941,46,VIRGINIA,VA,US,STATE,35,CASES
1941,47,VIRGINIA,VA,US,STATE,51,CASES
1941,48,VIRGINIA,VA,US,STATE,27,CASES
1941,49,VIRGINIA,VA,US,STATE,40,CASES
1941,50,VIRGINIA,VA,US,STATE,36,CASES
1941,51,VIRGINIA,VA,US,STATE,14,CASES
1941,52,VIRGINIA,VA,US,STATE,32,CASES
1941,53,VIRGINIA,VA,US,STATE,14,CASES
1942,1,VIRGINIA,VA,US,STATE,29,CASES
1942,2,VIRGINIA,VA,US,STATE,11,CASES
1942,3,VIRGINIA,VA,US,STATE,8,CASES
1942,4,VIRGINIA,VA,US,STATE,10,CASES
1942,5,VIRGINIA,VA,US,STATE,14,CASES
1942,6,VIRGINIA,VA,US,STATE,10,CASES
1942,7,VIRGINIA,VA,US,STATE,7,CASES
1942,8,VIRGINIA,VA,US,STATE,15,CASES
1942,9,VIRGINIA,VA,US,STATE,13,CASES
1942,10,VIRGINIA,VA,US,STATE,12,CASES
1942,11,VIRGINIA,VA,US,STATE,10,CASES
1942,12,VIRGINIA,VA,US,STATE,6,CASES
1942,13,VIRGINIA,VA,US,STATE,3,CASES
1942,14,VIRGINIA,VA,US,STATE,7,CASES
1942,15,VIRGINIA,VA,US,STATE,10,CASES
1942,16,VIRGINIA,VA,US,STATE,4,CASES
1942,17,VIRGINIA,VA,US,STATE,5,CASES
1942,18,VIRGINIA,VA,US,STATE,5,CASES
1942,19,VIRGINIA,VA,US,STATE,5,CASES
1942,20,VIRGINIA,VA,US,STATE,4,CASES
1942,21,VIRGINIA,VA,US,STATE,2,CASES
1942,22,VIRGINIA,VA,US,STATE,7,CASES
1942,23,VIRGINIA,VA,US,STATE,2,CASES
1942,24,VIRGINIA,VA,US,STATE,3,CASES
1942,25,VIRGINIA,VA,US,STATE,2,CASES
1942,26,VIRGINIA,VA,US,STATE,3,CASES
1942,27,VIRGINIA,VA,US,STATE,3,CASES
1942,28,VIRGINIA,VA,US,STATE,5,CASES
1942,29,VIRGINIA,VA,US,STATE,11,CASES
1942,30,VIRGINIA,VA,US,STATE,3,CASES
1942,31,VIRGINIA,VA,US,STATE,7,CASES
1942,32,VIRGINIA,VA,US,STATE,10,CASES
1942,33,VIRGINIA,VA,US,STATE,8,CASES
1942,34,VIRGINIA,VA,US,STATE,9,CASES
1942,35,VIRGINIA,VA,US,STATE,5,CASES
1942,36,VIRGINIA,VA,US,STATE,22,CASES
1942,37,VIRGINIA,VA,US,STATE,18,CASES
1942,38,VIRGINIA,VA,US,STATE,16,CASES
1942,39,VIRGINIA,VA,US,STATE,20,CASES
1942,40,VIRGINIA,VA,US,STATE,39,CASES
1942,41,VIRGINIA,VA,US,STATE,30,CASES
1942,42,VIRGINIA,VA,US,STATE,53,CASES
1942,43,VIRGINIA,VA,US,STATE,46,CASES
1942,44,VIRGINIA,VA,US,STATE,25,CASES
1942,45,VIRGINIA,VA,US,STATE,28,CASES
1942,46,VIRGINIA,VA,US,STATE,25,CASES
1942,47,VIRGINIA,VA,US,STATE,41,CASES
1942,48,VIRGINIA,VA,US,STATE,23,CASES
1942,49,VIRGINIA,VA,US,STATE,21,CASES
1942,50,VIRGINIA,VA,US,STATE,11,CASES
1942,51,VIRGINIA,VA,US,STATE,12,CASES
1942,52,VIRGINIA,VA,US,STATE,14,CASES
1943,1,VIRGINIA,VA,US,STATE,15,CASES
1943,2,VIRGINIA,VA,US,STATE,11,CASES
1943,3,VIRGINIA,VA,US,STATE,12,CASES
1943,4,VIRGINIA,VA,US,STATE,5,CASES
1943,5,VIRGINIA,VA,US,STATE,12,CASES
1943,6,VIRGINIA,VA,US,STATE,5,CASES
1943,7,VIRGINIA,VA,US,STATE,10,CASES
1943,8,VIRGINIA,VA,US,STATE,10,CASES
1943,9,VIRGINIA,VA,US,STATE,6,CASES
1943,10,VIRGINIA,VA,US,STATE,10,CASES
1943,11,VIRGINIA,VA,US,STATE,7,CASES
1943,12,VIRGINIA,VA,US,STATE,8,CASES
1943,13,VIRGINIA,VA,US,STATE,3,CASES
1943,14,VIRGINIA,VA,US,STATE,8,CASES
1943,15,VIRGINIA,VA,US,STATE,3,CASES
1943,16,VIRGINIA,VA,US,STATE,3,CASES
1943,17,VIRGINIA,VA,US,STATE,2,CASES
1943,18,VIRGINIA,VA,US,STATE,4,CASES
1943,19,VIRGINIA,VA,US,STATE,2,CASES
1943,20,VIRGINIA,VA,US,STATE,4,CASES
1943,21,VIRGINIA,VA,US,STATE,2,CASES
1943,22,VIRGINIA,VA,US,STATE,5,CASES
1943,23,VIRGINIA,VA,US,STATE,1,CASES
1943,24,VIRGINIA,VA,US,STATE,4,CASES
1943,25,VIRGINIA,VA,US,STATE,1,CASES
1943,26,VIRGINIA,VA,US,STATE,4,CASES
1943,27,VIRGINIA,VA,US,STATE,3,CASES
1943,28,VIRGINIA,VA,US,STATE,1,CASES
1943,29,VIRGINIA,VA,US,STATE,7,CASES
1943,30,VIRGINIA,VA,US,STATE,3,CASES
1943,31,VIRGINIA,VA,US,STATE,7,CASES
1943,32,VIRGINIA,VA,US,STATE,3,CASES
1943,33,VIRGINIA,VA,US,STATE,2,CASES
1943,34,VIRGINIA,VA,US,STATE,10,CASES
1943,35,VIRGINIA,VA,US,STATE,5,CASES
1943,36,VIRGINIA,VA,US,STATE,12,CASES
1943,37,VIRGINIA,VA,US,STATE,7,CASES
1943,38,VIRGINIA,VA,US,STATE,12,CASES
1943,39,VIRGINIA,VA,US,STATE,16,CASES
1943,40,VIRGINIA,VA,US,STATE,15,CASES
1943,41,VIRGINIA,VA,US,STATE,11,CASES
1943,42,VIRGINIA,VA,US,STATE,22,CASES
1943,43,VIRGINIA,VA,US,STATE,15,CASES
1943,44,VIRGINIA,VA,US,STATE,13,CASES
1943,45,VIRGINIA,VA,US,STATE,11,CASES
1943,46,VIRGINIA,VA,US,STATE,12,CASES
1943,47,VIRGINIA,VA,US,STATE,13,CASES
1943,48,VIRGINIA,VA,US,STATE,9,CASES
1943,49,VIRGINIA,VA,US,STATE,11,CASES
1943,50,VIRGINIA,VA,US,STATE,8,CASES
1943,51,VIRGINIA,VA,US,STATE,5,CASES
1943,52,VIRGINIA,VA,US,STATE,1,CASES
1944,1,VIRGINIA,VA,US,STATE,5,CASES
1944,2,VIRGINIA,VA,US,STATE,7,CASES
1944,3,VIRGINIA,VA,US,STATE,4,CASES
1944,4,VIRGINIA,VA,US,STATE,8,CASES
1944,5,VIRGINIA,VA,US,STATE,11,CASES
1944,6,VIRGINIA,VA,US,STATE,8,CASES
1944,7,VIRGINIA,VA,US,STATE,2,CASES
1944,8,VIRGINIA,VA,US,STATE,6,CASES
1944,9,VIRGINIA,VA,US,STATE,4,CASES
1944,10,VIRGINIA,VA,US,STATE,5,CASES
1944,11,VIRGINIA,VA,US,STATE,1,CASES
1944,12,VIRGINIA,VA,US,STATE,2,CASES
1944,13,VIRGINIA,VA,US,STATE,5,CASES
1944,14,VIRGINIA,VA,US,STATE,9,CASES
1944,15,VIRGINIA,VA,US,STATE,4,CASES
1944,16,VIRGINIA,VA,US,STATE,6,CASES
1944,17,VIRGINIA,VA,US,STATE,2,CASES
1944,18,VIRGINIA,VA,US,STATE,4,CASES
1944,19,VIRGINIA,VA,US,STATE,3,CASES
1944,20,VIRGINIA,VA,US,STATE,2,CASES
1944,21,VIRGINIA,VA,US,STATE,5,CASES
1944,22,VIRGINIA,VA,US,STATE,1,CASES
1944,23,VIRGINIA,VA,US,STATE,3,CASES
1944,24,VIRGINIA,VA,US,STATE,6,CASES
1944,25,VIRGINIA,VA,US,STATE,3,CASES
1944,26,VIRGINIA,VA,US,STATE,5,CASES
1944,27,VIRGINIA,VA,US,STATE,0,CASES
1944,28,VIRGINIA,VA,US,STATE,0,CASES
1944,29,VIRGINIA,VA,US,STATE,2,CASES
1944,30,VIRGINIA,VA,US,STATE,0,CASES
1944,31,VIRGINIA,VA,US,STATE,10,CASES
1944,32,VIRGINIA,VA,US,STATE,9,CASES
1944,33,VIRGINIA,VA,US,STATE,5,CASES
1944,34,VIRGINIA,VA,US,STATE,8,CASES
1944,35,VIRGINIA,VA,US,STATE,6,CASES
1944,36,VIRGINIA,VA,US,STATE,13,CASES
1944,37,VIRGINIA,VA,US,STATE,4,CASES
1944,38,VIRGINIA,VA,US,STATE,6,CASES
1944,39,VIRGINIA,VA,US,STATE,11,CASES
1944,40,VIRGINIA,VA,US,STATE,10,CASES
1944,41,VIRGINIA,VA,US,STATE,10,CASES
1944,42,VIRGINIA,VA,US,STATE,17,CASES
1944,43,VIRGINIA,VA,US,STATE,9,CASES
1944,44,VIRGINIA,VA,US,STATE,15,CASES
1944,45,VIRGINIA,VA,US,STATE,19,CASES
1944,46,VIRGINIA,VA,US,STATE,12,CASES
1944,47,VIRGINIA,VA,US,STATE,12,CASES
1944,48,VIRGINIA,VA,US,STATE,9,CASES
1944,49,VIRGINIA,VA,US,STATE,5,CASES
1944,50,VIRGINIA,VA,US,STATE,4,CASES
1944,51,VIRGINIA,VA,US,STATE,3,CASES
1944,52,VIRGINIA,VA,US,STATE,10,CASES
1945,1,VIRGINIA,VA,US,STATE,2,CASES
1945,2,VIRGINIA,VA,US,STATE,7,CASES
1945,3,VIRGINIA,VA,US,STATE,5,CASES
1945,4,VIRGINIA,VA,US,STATE,12,CASES
1945,5,VIRGINIA,VA,US,STATE,17,CASES
1945,6,VIRGINIA,VA,US,STATE,9,CASES
1945,7,VIRGINIA,VA,US,STATE,5,CASES
1945,8,VIRGINIA,VA,US,STATE,5,CASES
1945,9,VIRGINIA,VA,US,STATE,6,CASES
1945,10,VIRGINIA,VA,US,STATE,2,CASES
1945,11,VIRGINIA,VA,US,STATE,3,CASES
1945,12,VIRGINIA,VA,US,STATE,4,CASES
1945,13,VIRGINIA,VA,US,STATE,4,CASES
1945,14,VIRGINIA,VA,US,STATE,3,CASES
1945,15,VIRGINIA,VA,US,STATE,4,CASES
1945,16,VIRGINIA,VA,US,STATE,6,CASES
1945,17,VIRGINIA,VA,US,STATE,11,CASES
1945,18,VIRGINIA,VA,US,STATE,2,CASES
1945,19,VIRGINIA,VA,US,STATE,3,CASES
1945,20,VIRGINIA,VA,US,STATE,5,CASES
1945,21,VIRGINIA,VA,US,STATE,4,CASES
1945,22,VIRGINIA,VA,US,STATE,2,CASES
1945,23,VIRGINIA,VA,US,STATE,3,CASES
1945,24,VIRGINIA,VA,US,STATE,4,CASES
1945,25,VIRGINIA,VA,US,STATE,6,CASES
1945,26,VIRGINIA,VA,US,STATE,2,CASES
1945,27,VIRGINIA,VA,US,STATE,0,CASES
1945,28,VIRGINIA,VA,US,STATE,2,CASES
1945,29,VIRGINIA,VA,US,STATE,4,CASES
1945,30,VIRGINIA,VA,US,STATE,5,CASES
1945,31,VIRGINIA,VA,US,STATE,4,CASES
1945,32,VIRGINIA,VA,US,STATE,6,CASES
1945,33,VIRGINIA,VA,US,STATE,5,CASES
1945,34,VIRGINIA,VA,US,STATE,7,CASES
1945,35,VIRGINIA,VA,US,STATE,5,CASES
1945,36,VIRGINIA,VA,US,STATE,11,CASES
1945,37,VIRGINIA,VA,US,STATE,18,CASES
1945,38,VIRGINIA,VA,US,STATE,20,CASES
1945,39,VIRGINIA,VA,US,STATE,13,CASES
1945,40,VIRGINIA,VA,US,STATE,19,CASES
1945,41,VIRGINIA,VA,US,STATE,30,CASES
1945,42,VIRGINIA,VA,US,STATE,34,CASES
1945,43,VIRGINIA,VA,US,STATE,39,CASES
1945,44,VIRGINIA,VA,US,STATE,29,CASES
1945,45,VIRGINIA,VA,US,STATE,31,CASES
1945,46,VIRGINIA,VA,US,STATE,44,CASES
1945,47,VIRGINIA,VA,US,STATE,26,CASES
1945,48,VIRGINIA,VA,US,STATE,27,CASES
1945,49,VIRGINIA,VA,US,STATE,43,CASES
1945,50,VIRGINIA,VA,US,STATE,9,CASES
1945,51,VIRGINIA,VA,US,STATE,15,CASES
1945,52,VIRGINIA,VA,US,STATE,7,CASES
1946,1,VIRGINIA,VA,US,STATE,19,CASES
1946,2,VIRGINIA,VA,US,STATE,14,CASES
1946,3,VIRGINIA,VA,US,STATE,23,CASES
1946,4,VIRGINIA,VA,US,STATE,13,CASES
1946,5,VIRGINIA,VA,US,STATE,13,CASES
1946,6,VIRGINIA,VA,US,STATE,17,CASES
1946,7,VIRGINIA,VA,US,STATE,10,CASES
1946,8,VIRGINIA,VA,US,STATE,6,CASES
1946,9,VIRGINIA,VA,US,STATE,5,CASES
1946,10,VIRGINIA,VA,US,STATE,7,CASES
1946,11,VIRGINIA,VA,US,STATE,16,CASES
1946,12,VIRGINIA,VA,US,STATE,5,CASES
1946,13,VIRGINIA,VA,US,STATE,4,CASES
1946,14,VIRGINIA,VA,US,STATE,4,CASES
1946,15,VIRGINIA,VA,US,STATE,4,CASES
1946,16,VIRGINIA,VA,US,STATE,5,CASES
1946,17,VIRGINIA,VA,US,STATE,14,CASES
1946,19,VIRGINIA,VA,US,STATE,8,CASES
1946,20,VIRGINIA,VA,US,STATE,10,CASES
1946,22,VIRGINIA,VA,US,STATE,8,CASES
1946,23,VIRGINIA,VA,US,STATE,4,CASES
1946,24,VIRGINIA,VA,US,STATE,5,CASES
1946,25,VIRGINIA,VA,US,STATE,3,CASES
1946,26,VIRGINIA,VA,US,STATE,6,CASES
1946,27,VIRGINIA,VA,US,STATE,10,CASES
1946,28,VIRGINIA,VA,US,STATE,2,CASES
1946,29,VIRGINIA,VA,US,STATE,15,CASES
1946,30,VIRGINIA,VA,US,STATE,9,CASES
1946,31,VIRGINIA,VA,US,STATE,11,CASES
1946,32,VIRGINIA,VA,US,STATE,6,CASES
1946,33,VIRGINIA,VA,US,STATE,5,CASES
1946,34,VIRGINIA,VA,US,STATE,5,CASES
1946,35,VIRGINIA,VA,US,STATE,4,CASES
1946,36,VIRGINIA,VA,US,STATE,7,CASES
1946,37,VIRGINIA,VA,US,STATE,10,CASES
1946,38,VIRGINIA,VA,US,STATE,9,CASES
1946,39,VIRGINIA,VA,US,STATE,27,CASES
1946,40,VIRGINIA,VA,US,STATE,18,CASES
1946,41,VIRGINIA,VA,US,STATE,21,CASES
1946,42,VIRGINIA,VA,US,STATE,23,CASES
1946,43,VIRGINIA,VA,US,STATE,13,CASES
1946,44,VIRGINIA,VA,US,STATE,13,CASES
1946,45,VIRGINIA,VA,US,STATE,15,CASES
1946,46,VIRGINIA,VA,US,STATE,26,CASES
1946,47,VIRGINIA,VA,US,STATE,13,CASES
1946,48,VIRGINIA,VA,US,STATE,17,CASES
1946,49,VIRGINIA,VA,US,STATE,25,CASES
1946,50,VIRGINIA,VA,US,STATE,9,CASES
1946,51,VIRGINIA,VA,US,STATE,13,CASES
1946,52,VIRGINIA,VA,US,STATE,6,CASES
1947,2,VIRGINIA,VA,US,STATE,14,CASES
1947,3,VIRGINIA,VA,US,STATE,10,CASES
1947,4,VIRGINIA,VA,US,STATE,10,CASES
1947,5,VIRGINIA,VA,US,STATE,8,CASES
1947,6,VIRGINIA,VA,US,STATE,6,CASES
1947,7,VIRGINIA,VA,US,STATE,10,CASES
1947,8,VIRGINIA,VA,US,STATE,4,CASES
1947,9,VIRGINIA,VA,US,STATE,5,CASES
1947,10,VIRGINIA,VA,US,STATE,4,CASES
1947,11,VIRGINIA,VA,US,STATE,3,CASES
1947,12,VIRGINIA,VA,US,STATE,5,CASES
1947,13,VIRGINIA,VA,US,STATE,9,CASES
1947,14,VIRGINIA,VA,US,STATE,8,CASES
1947,15,VIRGINIA,VA,US,STATE,4,CASES
1947,16,VIRGINIA,VA,US,STATE,5,CASES
1947,17,VIRGINIA,VA,US,STATE,1,CASES
1947,18,VIRGINIA,VA,US,STATE,3,CASES
1947,19,VIRGINIA,VA,US,STATE,3,CASES
1947,20,VIRGINIA,VA,US,STATE,3,CASES
1947,21,VIRGINIA,VA,US,STATE,3,CASES
1947,22,VIRGINIA,VA,US,STATE,5,CASES
1947,23,VIRGINIA,VA,US,STATE,3,CASES
1947,24,VIRGINIA,VA,US,STATE,4,CASES
1947,25,VIRGINIA,VA,US,STATE,0,CASES
1947,26,VIRGINIA,VA,US,STATE,5,CASES
1947,27,VIRGINIA,VA,US,STATE,1,CASES
1947,28,VIRGINIA,VA,US,STATE,4,CASES
1947,29,VIRGINIA,VA,US,STATE,1,CASES
1947,30,VIRGINIA,VA,US,STATE,2,CASES
1947,31,VIRGINIA,VA,US,STATE,4,CASES
1947,32,VIRGINIA,VA,US,STATE,2,CASES
1947,33,VIRGINIA,VA,US,STATE,2,CASES
1947,34,VIRGINIA,VA,US,STATE,3,CASES
1947,35,VIRGINIA,VA,US,STATE,1,CASES
1947,36,VIRGINIA,VA,US,STATE,3,CASES
1947,37,VIRGINIA,VA,US,STATE,2,CASES
1947,38,VIRGINIA,VA,US,STATE,2,CASES
1947,39,VIRGINIA,VA,US,STATE,4,CASES
1947,40,VIRGINIA,VA,US,STATE,7,CASES
1947,41,VIRGINIA,VA,US,STATE,6,CASES
1947,42,VIRGINIA,VA,US,STATE,5,CASES
1947,43,VIRGINIA,VA,US,STATE,6,CASES
1947,44,VIRGINIA,VA,US,STATE,1,CASES
1947,45,VIRGINIA,VA,US,STATE,11,CASES
1947,46,VIRGINIA,VA,US,STATE,8,CASES
1947,47,VIRGINIA,VA,US,STATE,10,CASES
1947,48,VIRGINIA,VA,US,STATE,10,CASES
1947,49,VIRGINIA,VA,US,STATE,19,CASES
1947,50,VIRGINIA,VA,US,STATE,6,CASES
1947,51,VIRGINIA,VA,US,STATE,14,CASES
1947,52,VIRGINIA,VA,US,STATE,7,CASES
1948,1,VIRGINIA,VA,US,STATE,9,CASES
1948,2,VIRGINIA,VA,US,STATE,8,CASES
1948,3,VIRGINIA,VA,US,STATE,4,CASES
1948,4,VIRGINIA,VA,US,STATE,3,CASES
1948,5,VIRGINIA,VA,US,STATE,6,CASES
1948,6,VIRGINIA,VA,US,STATE,1,CASES
1948,7,VIRGINIA,VA,US,STATE,2,CASES
1948,8,VIRGINIA,VA,US,STATE,3,CASES
1948,9,VIRGINIA,VA,US,STATE,9,CASES
1948,10,VIRGINIA,VA,US,STATE,4,CASES
1948,11,VIRGINIA,VA,US,STATE,5,CASES
1948,12,VIRGINIA,VA,US,STATE,4,CASES
1948,13,VIRGINIA,VA,US,STATE,5,CASES
1948,14,VIRGINIA,VA,US,STATE,3,CASES
1948,15,VIRGINIA,VA,US,STATE,1,CASES
1948,16,VIRGINIA,VA,US,STATE,3,CASES
1948,17,VIRGINIA,VA,US,STATE,7,CASES
1948,18,VIRGINIA,VA,US,STATE,4,CASES
1948,19,VIRGINIA,VA,US,STATE,3,CASES
1948,20,VIRGINIA,VA,US,STATE,2,CASES
1948,21,VIRGINIA,VA,US,STATE,0,CASES
1948,22,VIRGINIA,VA,US,STATE,11,CASES
1948,23,VIRGINIA,VA,US,STATE,6,CASES
1948,24,VIRGINIA,VA,US,STATE,2,CASES
1948,25,VIRGINIA,VA,US,STATE,0,CASES
1948,26,VIRGINIA,VA,US,STATE,3,CASES
1948,27,VIRGINIA,VA,US,STATE,4,CASES
1948,28,VIRGINIA,VA,US,STATE,1,CASES
1948,29,VIRGINIA,VA,US,STATE,6,CASES
1948,30,VIRGINIA,VA,US,STATE,2,CASES
1948,32,VIRGINIA,VA,US,STATE,5,CASES
1948,33,VIRGINIA,VA,US,STATE,1,CASES
1948,34,VIRGINIA,VA,US,STATE,4,CASES
1948,35,VIRGINIA,VA,US,STATE,3,CASES
1948,36,VIRGINIA,VA,US,STATE,4,CASES
1948,37,VIRGINIA,VA,US,STATE,1,CASES
1948,38,VIRGINIA,VA,US,STATE,9,CASES
1948,39,VIRGINIA,VA,US,STATE,7,CASES
1948,40,VIRGINIA,VA,US,STATE,4,CASES
1948,41,VIRGINIA,VA,US,STATE,9,CASES
1948,42,VIRGINIA,VA,US,STATE,7,CASES
1948,43,VIRGINIA,VA,US,STATE,7,CASES
1948,44,VIRGINIA,VA,US,STATE,12,CASES
1948,45,VIRGINIA,VA,US,STATE,8,CASES
1948,46,VIRGINIA,VA,US,STATE,4,CASES
1948,47,VIRGINIA,VA,US,STATE,14,CASES
1948,48,VIRGINIA,VA,US,STATE,13,CASES
1948,49,VIRGINIA,VA,US,STATE,8,CASES
1948,50,VIRGINIA,VA,US,STATE,3,CASES
1948,51,VIRGINIA,VA,US,STATE,6,CASES
1948,52,VIRGINIA,VA,US,STATE,7,CASES
1949,1,VIRGINIA,VA,US,STATE,7,CASES
1949,2,VIRGINIA,VA,US,STATE,4,CASES
1949,3,VIRGINIA,VA,US,STATE,1,CASES
1949,4,VIRGINIA,VA,US,STATE,1,CASES
1949,5,VIRGINIA,VA,US,STATE,4,CASES
1949,6,VIRGINIA,VA,US,STATE,1,CASES
1949,7,VIRGINIA,VA,US,STATE,4,CASES
1949,8,VIRGINIA,VA,US,STATE,11,CASES
1949,9,VIRGINIA,VA,US,STATE,1,CASES
1949,10,VIRGINIA,VA,US,STATE,4,CASES
1949,11,VIRGINIA,VA,US,STATE,2,CASES
1949,12,VIRGINIA,VA,US,STATE,2,CASES
1949,13,VIRGINIA,VA,US,STATE,3,CASES
1949,14,VIRGINIA,VA,US,STATE,3,CASES
1949,15,VIRGINIA,VA,US,STATE,1,CASES
1949,17,VIRGINIA,VA,US,STATE,3,CASES
1949,18,VIRGINIA,VA,US,STATE,4,CASES
1949,19,VIRGINIA,VA,US,STATE,3,CASES
1949,20,VIRGINIA,VA,US,STATE,2,CASES
1949,22,VIRGINIA,VA,US,STATE,1,CASES
1949,23,VIRGINIA,VA,US,STATE,3,CASES
1949,25,VIRGINIA,VA,US,STATE,7,CASES
1949,26,VIRGINIA,VA,US,STATE,1,CASES
1949,27,VIRGINIA,VA,US,STATE,5,CASES
1949,28,VIRGINIA,VA,US,STATE,1,CASES
1949,29,VIRGINIA,VA,US,STATE,3,CASES
1949,30,VIRGINIA,VA,US,STATE,2,CASES
1949,31,VIRGINIA,VA,US,STATE,1,CASES
1949,32,VIRGINIA,VA,US,STATE,4,CASES
1949,34,VIRGINIA,VA,US,STATE,4,CASES
1949,35,VIRGINIA,VA,US,STATE,1,CASES
1949,36,VIRGINIA,VA,US,STATE,4,CASES
1949,37,VIRGINIA,VA,US,STATE,3,CASES
1949,38,VIRGINIA,VA,US,STATE,6,CASES
1949,39,VIRGINIA,VA,US,STATE,7,CASES
1949,40,VIRGINIA,VA,US,STATE,4,CASES
1949,41,VIRGINIA,VA,US,STATE,6,CASES
1949,42,VIRGINIA,VA,US,STATE,7,CASES
1949,43,VIRGINIA,VA,US,STATE,9,CASES
1949,44,VIRGINIA,VA,US,STATE,11,CASES
1949,45,VIRGINIA,VA,US,STATE,9,CASES
1949,46,VIRGINIA,VA,US,STATE,12,CASES
1949,47,VIRGINIA,VA,US,STATE,7,CASES
1949,48,VIRGINIA,VA,US,STATE,12,CASES
1949,49,VIRGINIA,VA,US,STATE,7,CASES
1949,50,VIRGINIA,VA,US,STATE,6,CASES
1949,51,VIRGINIA,VA,US,STATE,2,CASES
1949,52,VIRGINIA,VA,US,STATE,4,CASES
1950,1,VIRGINIA,VA,US,STATE,9,CASES
1950,2,VIRGINIA,VA,US,STATE,8,CASES
1950,3,VIRGINIA,VA,US,STATE,2,CASES
1950,4,VIRGINIA,VA,US,STATE,5,CASES
1950,5,VIRGINIA,VA,US,STATE,11,CASES
1950,6,VIRGINIA,VA,US,STATE,4,CASES
1950,7,VIRGINIA,VA,US,STATE,6,CASES
1950,8,VIRGINIA,VA,US,STATE,1,CASES
1950,9,VIRGINIA,VA,US,STATE,6,CASES
1950,10,VIRGINIA,VA,US,STATE,6,CASES
1950,11,VIRGINIA,VA,US,STATE,7,CASES
1950,12,VIRGINIA,VA,US,STATE,4,CASES
1950,14,VIRGINIA,VA,US,STATE,2,CASES
1950,15,VIRGINIA,VA,US,STATE,4,CASES
1950,16,VIRGINIA,VA,US,STATE,1,CASES
1950,17,VIRGINIA,VA,US,STATE,4,CASES
1950,18,VIRGINIA,VA,US,STATE,1,CASES
1950,20,VIRGINIA,VA,US,STATE,1,CASES
1950,21,VIRGINIA,VA,US,STATE,2,CASES
1950,23,VIRGINIA,VA,US,STATE,4,CASES
1950,24,VIRGINIA,VA,US,STATE,5,CASES
1950,25,VIRGINIA,VA,US,STATE,1,CASES
1950,26,VIRGINIA,VA,US,STATE,3,CASES
1950,28,VIRGINIA,VA,US,STATE,1,CASES
1950,31,VIRGINIA,VA,US,STATE,1,CASES
1950,32,VIRGINIA,VA,US,STATE,1,CASES
1950,34,VIRGINIA,VA,US,STATE,3,CASES
1950,35,VIRGINIA,VA,US,STATE,5,CASES
1950,36,VIRGINIA,VA,US,STATE,11,CASES
1950,37,VIRGINIA,VA,US,STATE,4,CASES
1950,38,VIRGINIA,VA,US,STATE,9,CASES
1950,39,VIRGINIA,VA,US,STATE,2,CASES
1950,40,VIRGINIA,VA,US,STATE,9,CASES
1950,41,VIRGINIA,VA,US,STATE,12,CASES
1950,43,VIRGINIA,VA,US,STATE,2,CASES
1950,44,VIRGINIA,VA,US,STATE,2,CASES
1950,45,VIRGINIA,VA,US,STATE,2,CASES
1950,46,VIRGINIA,VA,US,STATE,11,CASES
1950,47,VIRGINIA,VA,US,STATE,3,CASES
1950,48,VIRGINIA,VA,US,STATE,5,CASES
1950,49,VIRGINIA,VA,US,STATE,2,CASES
1950,50,VIRGINIA,VA,US,STATE,1,CASES
1950,51,VIRGINIA,VA,US,STATE,2,CASES
1950,52,VIRGINIA,VA,US,STATE,8,CASES
1951,1,VIRGINIA,VA,US,STATE,3,CASES
1951,2,VIRGINIA,VA,US,STATE,4,CASES
1951,3,VIRGINIA,VA,US,STATE,4,CASES
1951,4,VIRGINIA,VA,US,STATE,3,CASES
1951,5,VIRGINIA,VA,US,STATE,7,CASES
1951,6,VIRGINIA,VA,US,STATE,7,CASES
1951,7,VIRGINIA,VA,US,STATE,4,CASES
1951,9,VIRGINIA,VA,US,STATE,4,CASES
1951,10,VIRGINIA,VA,US,STATE,1,CASES
1951,11,VIRGINIA,VA,US,STATE,3,CASES
1951,13,VIRGINIA,VA,US,STATE,4,CASES
1951,15,VIRGINIA,VA,US,STATE,5,CASES
1951,16,VIRGINIA,VA,US,STATE,2,CASES
1951,17,VIRGINIA,VA,US,STATE,1,CASES
1951,18,VIRGINIA,VA,US,STATE,2,CASES
1951,19,VIRGINIA,VA,US,STATE,5,CASES
1951,20,VIRGINIA,VA,US,STATE,2,CASES
1951,21,VIRGINIA,VA,US,STATE,2,CASES
1951,23,VIRGINIA,VA,US,STATE,3,CASES
1951,25,VIRGINIA,VA,US,STATE,1,CASES
1951,26,VIRGINIA,VA,US,STATE,3,CASES
1951,27,VIRGINIA,VA,US,STATE,1,CASES
1951,28,VIRGINIA,VA,US,STATE,1,CASES
1951,29,VIRGINIA,VA,US,STATE,1,CASES
1951,30,VIRGINIA,VA,US,STATE,1,CASES
1951,31,VIRGINIA,VA,US,STATE,1,CASES
1951,32,VIRGINIA,VA,US,STATE,2,CASES
1951,34,VIRGINIA,VA,US,STATE,1,CASES
1951,35,VIRGINIA,VA,US,STATE,1,CASES
1951,36,VIRGINIA,VA,US,STATE,1,CASES
1951,37,VIRGINIA,VA,US,STATE,3,CASES
1951,38,VIRGINIA,VA,US,STATE,5,CASES
1951,39,VIRGINIA,VA,US,STATE,2,CASES
1951,40,VIRGINIA,VA,US,STATE,9,CASES
1951,41,VIRGINIA,VA,US,STATE,3,CASES
1951,42,VIRGINIA,VA,US,STATE,11,CASES
1951,43,VIRGINIA,VA,US,STATE,15,CASES
1951,44,VIRGINIA,VA,US,STATE,9,CASES
1951,45,VIRGINIA,VA,US,STATE,13,CASES
1951,46,VIRGINIA,VA,US,STATE,13,CASES
1951,47,VIRGINIA,VA,US,STATE,7,CASES
1951,48,VIRGINIA,VA,US,STATE,8,CASES
1951,49,VIRGINIA,VA,US,STATE,3,CASES
1952,1,VIRGINIA,VA,US,STATE,1,CASES
1951,5,VIRGINIA,VA,US,STATE,3,CASES
1952,2,VIRGINIA,VA,US,STATE,3,CASES
1952,3,VIRGINIA,VA,US,STATE,4,CASES
1952,4,VIRGINIA,VA,US,STATE,2,CASES
1952,5,VIRGINIA,VA,US,STATE,1,CASES
1952,6,VIRGINIA,VA,US,STATE,3,CASES
1952,7,VIRGINIA,VA,US,STATE,4,CASES
1952,8,VIRGINIA,VA,US,STATE,4,CASES
1952,9,VIRGINIA,VA,US,STATE,2,CASES
1952,10,VIRGINIA,VA,US,STATE,1,CASES
1952,11,VIRGINIA,VA,US,STATE,1,CASES
1952,12,VIRGINIA,VA,US,STATE,1,CASES
1952,13,VIRGINIA,VA,US,STATE,4,CASES
1952,14,VIRGINIA,VA,US,STATE,2,CASES
1952,15,VIRGINIA,VA,US,STATE,3,CASES
1952,16,VIRGINIA,VA,US,STATE,1,CASES
1952,17,VIRGINIA,VA,US,STATE,3,CASES
1952,18,VIRGINIA,VA,US,STATE,2,CASES
1952,19,VIRGINIA,VA,US,STATE,1,CASES
1952,20,VIRGINIA,VA,US,STATE,1,CASES
1952,21,VIRGINIA,VA,US,STATE,1,CASES
1952,22,VIRGINIA,VA,US,STATE,3,CASES
1952,25,VIRGINIA,VA,US,STATE,1,CASES
1952,26,VIRGINIA,VA,US,STATE,1,CASES
1952,27,VIRGINIA,VA,US,STATE,2,CASES
1952,28,VIRGINIA,VA,US,STATE,2,CASES
1952,29,VIRGINIA,VA,US,STATE,2,CASES
1952,30,VIRGINIA,VA,US,STATE,1,CASES
1952,31,VIRGINIA,VA,US,STATE,1,CASES
1952,32,VIRGINIA,VA,US,STATE,2,CASES
1952,33,VIRGINIA,VA,US,STATE,2,CASES
1952,34,VIRGINIA,VA,US,STATE,1,CASES
1952,36,VIRGINIA,VA,US,STATE,5,CASES
1952,37,VIRGINIA,VA,US,STATE,6,CASES
1952,38,VIRGINIA,VA,US,STATE,3,CASES
1952,39,VIRGINIA,VA,US,STATE,3,CASES
1952,40,VIRGINIA,VA,US,STATE,13,CASES
1952,41,VIRGINIA,VA,US,STATE,9,CASES
1952,42,VIRGINIA,VA,US,STATE,11,CASES
1952,43,VIRGINIA,VA,US,STATE,10,CASES
1952,44,VIRGINIA,VA,US,STATE,8,CASES
1952,45,VIRGINIA,VA,US,STATE,4,CASES
1952,46,VIRGINIA,VA,US,STATE,12,CASES
1952,47,VIRGINIA,VA,US,STATE,9,CASES
1952,48,VIRGINIA,VA,US,STATE,3,CASES
1952,49,VIRGINIA,VA,US,STATE,1,CASES
1952,50,VIRGINIA,VA,US,STATE,5,CASES
1952,51,VIRGINIA,VA,US,STATE,6,CASES
1952,52,VIRGINIA,VA,US,STATE,2,CASES
1953,1,VIRGINIA,VA,US,STATE,1,CASES
1953,3,VIRGINIA,VA,US,STATE,3,CASES
1952,53,VIRGINIA,VA,US,STATE,4,CASES
1953,4,VIRGINIA,VA,US,STATE,6,CASES
1952,53,VIRGINIA,VA,US,STATE,2,CASES
1953,5,VIRGINIA,VA,US,STATE,3,CASES
1953,6,VIRGINIA,VA,US,STATE,3,CASES
1953,7,VIRGINIA,VA,US,STATE,2,CASES
1953,8,VIRGINIA,VA,US,STATE,1,CASES
1953,9,VIRGINIA,VA,US,STATE,6,CASES
1953,10,VIRGINIA,VA,US,STATE,3,CASES
1953,11,VIRGINIA,VA,US,STATE,2,CASES
1953,12,VIRGINIA,VA,US,STATE,4,CASES
1953,15,VIRGINIA,VA,US,STATE,1,CASES
1953,17,VIRGINIA,VA,US,STATE,1,CASES
1953,18,VIRGINIA,VA,US,STATE,1,CASES
1953,21,VIRGINIA,VA,US,STATE,1,CASES
1953,22,VIRGINIA,VA,US,STATE,1,CASES
1953,23,VIRGINIA,VA,US,STATE,2,CASES
1953,27,VIRGINIA,VA,US,STATE,1,CASES
1953,28,VIRGINIA,VA,US,STATE,1,CASES
1953,31,VIRGINIA,VA,US,STATE,1,CASES
1953,32,VIRGINIA,VA,US,STATE,1,CASES
1953,34,VIRGINIA,VA,US,STATE,1,CASES
1953,35,VIRGINIA,VA,US,STATE,1,CASES
1953,36,VIRGINIA,VA,US,STATE,1,CASES
1953,37,VIRGINIA,VA,US,STATE,1,CASES
1953,38,VIRGINIA,VA,US,STATE,4,CASES
1953,41,VIRGINIA,VA,US,STATE,3,CASES
1953,42,VIRGINIA,VA,US,STATE,5,CASES
1953,43,VIRGINIA,VA,US,STATE,1,CASES
1953,44,VIRGINIA,VA,US,STATE,2,CASES
1953,45,VIRGINIA,VA,US,STATE,1,CASES
1953,46,VIRGINIA,VA,US,STATE,5,CASES
1953,48,VIRGINIA,VA,US,STATE,3,CASES
1953,49,VIRGINIA,VA,US,STATE,4,CASES
1953,50,VIRGINIA,VA,US,STATE,1,CASES
1954,1,VIRGINIA,VA,US,STATE,5,CASES
1954,2,VIRGINIA,VA,US,STATE,2,CASES
1954,3,VIRGINIA,VA,US,STATE,2,CASES
1954,4,VIRGINIA,VA,US,STATE,1,CASES
1954,5,VIRGINIA,VA,US,STATE,6,CASES
1954,6,VIRGINIA,VA,US,STATE,2,CASES
1954,7,VIRGINIA,VA,US,STATE,2,CASES
1954,9,VIRGINIA,VA,US,STATE,1,CASES
1954,10,VIRGINIA,VA,US,STATE,1,CASES
1954,13,VIRGINIA,VA,US,STATE,1,CASES
1954,15,VIRGINIA,VA,US,STATE,1,CASES
1954,16,VIRGINIA,VA,US,STATE,1,CASES
1954,18,VIRGINIA,VA,US,STATE,2,CASES
1954,25,VIRGINIA,VA,US,STATE,1,CASES
1954,27,VIRGINIA,VA,US,STATE,1,CASES
1954,38,VIRGINIA,VA,US,STATE,1,CASES
1954,40,VIRGINIA,VA,US,STATE,1,CASES
1954,44,VIRGINIA,VA,US,STATE,2,CASES
1954,45,VIRGINIA,VA,US,STATE,1,CASES
1954,47,VIRGINIA,VA,US,STATE,2,CASES
1954,50,VIRGINIA,VA,US,STATE,2,CASES
1954,52,VIRGINIA,VA,US,STATE,1,CASES
1955,2,VIRGINIA,VA,US,STATE,1,CASES
1955,6,VIRGINIA,VA,US,STATE,1,CASES
1955,10,VIRGINIA,VA,US,STATE,6,CASES
1955,13,VIRGINIA,VA,US,STATE,1,CASES
1955,16,VIRGINIA,VA,US,STATE,2,CASES
1955,23,VIRGINIA,VA,US,STATE,2,CASES
1955,28,VIRGINIA,VA,US,STATE,2,CASES
1955,31,VIRGINIA,VA,US,STATE,1,CASES
1955,36,VIRGINIA,VA,US,STATE,1,CASES
1955,37,VIRGINIA,VA,US,STATE,1,CASES
1955,40,VIRGINIA,VA,US,STATE,1,CASES
1955,41,VIRGINIA,VA,US,STATE,3,CASES
1955,42,VIRGINIA,VA,US,STATE,3,CASES
1955,43,VIRGINIA,VA,US,STATE,4,CASES
1955,44,VIRGINIA,VA,US,STATE,5,CASES
1955,46,VIRGINIA,VA,US,STATE,1,CASES
1955,47,VIRGINIA,VA,US,STATE,1,CASES
1955,49,VIRGINIA,VA,US,STATE,1,CASES
1955,50,VIRGINIA,VA,US,STATE,1,CASES
1955,51,VIRGINIA,VA,US,STATE,4,CASES
1955,52,VIRGINIA,VA,US,STATE,1,CASES
1956,3,VIRGINIA,VA,US,STATE,1,CASES
1956,5,VIRGINIA,VA,US,STATE,2,CASES
1956,6,VIRGINIA,VA,US,STATE,2,CASES
1956,7,VIRGINIA,VA,US,STATE,4,CASES
1956,8,VIRGINIA,VA,US,STATE,1,CASES
1956,9,VIRGINIA,VA,US,STATE,2,CASES
1956,11,VIRGINIA,VA,US,STATE,1,CASES
1956,12,VIRGINIA,VA,US,STATE,1,CASES
1956,13,VIRGINIA,VA,US,STATE,1,CASES
1956,15,VIRGINIA,VA,US,STATE,1,CASES
1956,17,VIRGINIA,VA,US,STATE,1,CASES
1956,18,VIRGINIA,VA,US,STATE,3,CASES
1956,21,VIRGINIA,VA,US,STATE,1,CASES
1956,32,VIRGINIA,VA,US,STATE,1,CASES
1956,34,VIRGINIA,VA,US,STATE,1,CASES
1956,38,VIRGINIA,VA,US,STATE,1,CASES
1956,40,VIRGINIA,VA,US,STATE,2,CASES
1956,44,VIRGINIA,VA,US,STATE,3,CASES
1956,45,VIRGINIA,VA,US,STATE,1,CASES
1956,50,VIRGINIA,VA,US,STATE,1,CASES
1956,51,VIRGINIA,VA,US,STATE,1,CASES
1957,12,VIRGINIA,VA,US,STATE,2,CASES
1957,15,VIRGINIA,VA,US,STATE,1,CASES
1957,17,VIRGINIA,VA,US,STATE,1,CASES
1957,18,VIRGINIA,VA,US,STATE,1,CASES
1957,22,VIRGINIA,VA,US,STATE,1,CASES
1957,29,VIRGINIA,VA,US,STATE,1,CASES
1957,30,VIRGINIA,VA,US,STATE,3,CASES
1957,36,VIRGINIA,VA,US,STATE,1,CASES
1957,38,VIRGINIA,VA,US,STATE,1,CASES
1957,42,VIRGINIA,VA,US,STATE,2,CASES
1957,43,VIRGINIA,VA,US,STATE,1,CASES
1957,46,VIRGINIA,VA,US,STATE,1,CASES
1957,48,VIRGINIA,VA,US,STATE,2,CASES
1957,51,VIRGINIA,VA,US,STATE,2,CASES
1958,2,VIRGINIA,VA,US,STATE,3,CASES
1958,3,VIRGINIA,VA,US,STATE,2,CASES
1958,9,VIRGINIA,VA,US,STATE,2,CASES
1958,10,VIRGINIA,VA,US,STATE,1,CASES
1958,12,VIRGINIA,VA,US,STATE,1,CASES
1958,14,VIRGINIA,VA,US,STATE,1,CASES
1958,15,VIRGINIA,VA,US,STATE,2,CASES
1958,22,VIRGINIA,VA,US,STATE,1,CASES
1958,24,VIRGINIA,VA,US,STATE,1,CASES
1958,31,VIRGINIA,VA,US,STATE,1,CASES
1958,41,VIRGINIA,VA,US,STATE,2,CASES
1958,42,VIRGINIA,VA,US,STATE,3,CASES
1958,43,VIRGINIA,VA,US,STATE,5,CASES
1958,44,VIRGINIA,VA,US,STATE,2,CASES
1958,45,VIRGINIA,VA,US,STATE,1,CASES
1958,46,VIRGINIA,VA,US,STATE,1,CASES
1958,47,VIRGINIA,VA,US,STATE,3,CASES
1958,49,VIRGINIA,VA,US,STATE,2,CASES
1959,3,VIRGINIA,VA,US,STATE,1,CASES
1959,4,VIRGINIA,VA,US,STATE,1,CASES
1959,5,VIRGINIA,VA,US,STATE,1,CASES
1959,14,VIRGINIA,VA,US,STATE,1,CASES
1959,21,VIRGINIA,VA,US,STATE,1,CASES
1959,23,VIRGINIA,VA,US,STATE,1,CASES
1959,25,VIRGINIA,VA,US,STATE,1,CASES
1959,33,VIRGINIA,VA,US,STATE,1,CASES
1959,37,VIRGINIA,VA,US,STATE,1,CASES
1959,38,VIRGINIA,VA,US,STATE,1,CASES
1959,39,VIRGINIA,VA,US,STATE,2,CASES
1959,47,VIRGINIA,VA,US,STATE,1,CASES
1959,48,VIRGINIA,VA,US,STATE,1,CASES
1959,51,VIRGINIA,VA,US,STATE,1,CASES
1960,1,VIRGINIA,VA,US,STATE,4,CASES
1960,4,VIRGINIA,VA,US,STATE,1,CASES
1960,8,VIRGINIA,VA,US,STATE,2,CASES
1960,10,VIRGINIA,VA,US,STATE,1,CASES
1960,25,VIRGINIA,VA,US,STATE,1,CASES
1960,28,VIRGINIA,VA,US,STATE,1,CASES
1960,34,VIRGINIA,VA,US,STATE,2,CASES
1960,36,VIRGINIA,VA,US,STATE,1,CASES
1960,37,VIRGINIA,VA,US,STATE,3,CASES
1960,38,VIRGINIA,VA,US,STATE,2,CASES
1960,39,VIRGINIA,VA,US,STATE,3,CASES
1960,40,VIRGINIA,VA,US,STATE,5,CASES
1960,41,VIRGINIA,VA,US,STATE,1,CASES
1960,42,VIRGINIA,VA,US,STATE,2,CASES
1960,43,VIRGINIA,VA,US,STATE,3,CASES
1960,44,VIRGINIA,VA,US,STATE,3,CASES
1960,45,VIRGINIA,VA,US,STATE,1,CASES
1960,46,VIRGINIA,VA,US,STATE,3,CASES
1960,49,VIRGINIA,VA,US,STATE,1,CASES
1960,51,VIRGINIA,VA,US,STATE,1,CASES
1960,52,VIRGINIA,VA,US,STATE,1,CASES
1961,2,VIRGINIA,VA,US,STATE,2,CASES
1961,5,VIRGINIA,VA,US,STATE,3,CASES
1961,8,VIRGINIA,VA,US,STATE,1,CASES
1961,14,VIRGINIA,VA,US,STATE,1,CASES
1961,18,VIRGINIA,VA,US,STATE,1,CASES
1961,19,VIRGINIA,VA,US,STATE,1,CASES
1961,20,VIRGINIA,VA,US,STATE,1,CASES
1961,22,VIRGINIA,VA,US,STATE,2,CASES
1961,30,VIRGINIA,VA,US,STATE,1,CASES
1961,33,VIRGINIA,VA,US,STATE,1,CASES
1961,34,VIRGINIA,VA,US,STATE,1,CASES
1961,48,VIRGINIA,VA,US,STATE,2,CASES
1961,49,VIRGINIA,VA,US,STATE,1,CASES
1962,1,VIRGINIA,VA,US,STATE,1,CASES
1962,4,VIRGINIA,VA,US,STATE,1,CASES
1962,8,VIRGINIA,VA,US,STATE,1,CASES
1962,9,VIRGINIA,VA,US,STATE,2,CASES
1962,16,VIRGINIA,VA,US,STATE,1,CASES
1962,24,VIRGINIA,VA,US,STATE,2,CASES
1962,29,VIRGINIA,VA,US,STATE,2,CASES
1962,33,VIRGINIA,VA,US,STATE,1,CASES
1962,35,VIRGINIA,VA,US,STATE,1,CASES
1962,36,VIRGINIA,VA,US,STATE,1,CASES
1962,42,VIRGINIA,VA,US,STATE,1,CASES
1962,46,VIRGINIA,VA,US,STATE,1,CASES
1962,48,VIRGINIA,VA,US,STATE,1,CASES
1962,52,VIRGINIA,VA,US,STATE,4,CASES
1963,3,VIRGINIA,VA,US,STATE,1,CASES
1963,50,VIRGINIA,VA,US,STATE,1,CASES
1963,52,VIRGINIA,VA,US,STATE,1,CASES
1964,45,VIRGINIA,VA,US,STATE,4,CASES
1967,45,VIRGINIA,VA,US,STATE,5,CASES
1967,48,VIRGINIA,VA,US,STATE,1,CASES
1967,49,VIRGINIA,VA,US,STATE,4,CASES
1968,3,VIRGINIA,VA,US,STATE,1,CASES
1970,12,VIRGINIA,VA,US,STATE,1,CASES
1979,31,VIRGINIA,VA,US,STATE,1,CASES
1953,47,VIRGINIA,VA,US,STATE,3,CASES
