"","SNP","PVal"
"1","actn3_r577x",3.3979834359489
"2","actn3_rs540874",0.0205405784894614
"3","actn3_rs1815739",0.0210872620592711
"4","actn3_1671064",0.115417964020628
"5","ardb1_1801253",0
"6","adrb2_1042713",1.3197079138623
"7","adrb2_1042714",0.104399922452783
"8","adrb2_rs1042718",1.79592344462094
"9","adrb3_4994",0.378244203274195
"10","agrp_5030980",0.20597384329523
"11","akt1_t22932c",4.00004342727686
"12","akt1_g15129a",0.720832914675468
"13","akt1_g14803t",0.220880003512364
"14","akt1_c10744t_c12886t",0.747675912816964
"15","akt1_t10726c_t12868c",4.00004342727686
"16","akt1_t10598a_t12740a",3.5229221725572
"17","akt1_c9756a_c11898t",0.539747100519387
"18","akt1_t8407g",4.00004342727686
"19","akt1_a7699g",4.00004342727686
"20","akt1_c6148t_c8290t",0.153149883960237
"21","akt1_c6024t_c8166t",0.789457402371706
"22","akt1_c5854t_c7996t",0.407977756844616
"23","akt1_c832g_c3359g",0.0990212540287835
"24","akt1_g288c",0.896581805182158
"25","akt1_g1780a_g363a",0
"26","akt1_g2347t_g205t",3.15494538726261
"27","akt1_g2375a_g233a",4.00004342727686
"28","akt1_g4362c",4.00004342727686
"29","akt1_c15676t",0.546725087229825
"30","akt1_a15756t",0.594867881058873
"31","akt1_g20703a",0.138688267083603
"32","akt1_g22187a",1.41571220290933
"33","akt1_a22889g",0.142349169490313
"34","akt1_g23477a",0.438107663963081
"35","akt2_7254617",0.305877131343664
"36","akt2_rs892118",1.03909723154303
"37","akt2_2304186",0.600542765962252
"38","akt2_969531",0.0524626779725402
"39","ampd1_c34t",0
"40","ankrd6_a550t",0
"41","ankrd6_q122e",0.204510984566708
"42","ankrd6_m485l",0
"43","ankrd6_p636l",0.60752233734493
"44","ankrd6_t233m",2.65762074645466
"45","ankrd6_i128l",0.206602294299199
"46","ankrd6_g197805a",0
"47","ankrd6_a545t",0.871967414608147
"48","ankrd6_k710x",1.74962342496797
"49","apoe_c472t",0.445675426286775
"50","bcl6_4686467",0.578768636066516
"51","bcl6_3774298",0.609284898538145
"52","bcl6_17797517",1.43066951766182
"53","bcl6_1056932",3.09695344028492
"54","bmp2_rs15705",0.157434187666301
"55","bmp2_235768",0.213292005131301
"56","c8orf68_rs6983944",0.277080618334373
"57","carp_exon5_snp2",0
"58","carp_exon6_ag",1.33446243625891
"59","carp_exon8_ct",0
"60","carp_3utr",0
"61","carp_a8470g",0.645742864931503
"62","carp_c105t",0
"63","cast_rs754615",0.836882052299844
"64","cast_rs7724759",0.0261769774414844
"65","cav2_q130e",1.14030486107972
"66","cntf_g6a",1.64593498812946
"67","cox5b_11904110",4.00004342727686
"68","cox5b_17022045",0
"69","ctsf_572846",0.0647377369869375
"70","ddit_rs1053227",2.19386345329298
"71","esr1_rs1801132",0.0894190223876615
"72","esr1_rs1042717",0.342891925375896
"73","esr1_rs2228480",0.619289656472963
"74","esr1_rs2077647",0.0200855339361971
"75","esr1_rs9340799",0.311267772004018
"76","esr1_rs2234693",1.20485883759444
"77","esr2_1256112",1.19386345329298
"78","esr2_3020450",0.101812042763766
"79","fatso",0.447618581572777
"80","fbox32_rs6690663",0.650960258497272
"81","fbox32_rs3739287",1.13139898888204
"82","fbox32_rs4871385",0.272583506418954
"83","fbox32_rs2891770",0.443861580623951
"84","fbox32_rs6983944",0.443499718793348
"85","fst_722910",0.645550826687426
"86","fst_1423560",3.69901343161288
"87","fstl1_rs9631455",1.56707413640246
"88","galntl1_rs8005903",0.643443991551892
"89","gapd_7307229",0
"90","gapd_7971637",0.0414317695119833
"91","gdf8_t55a",0
"92","gdf8_k153r",0.564836324036115
"93","gdf8_rs1805086",0
"94","gdf8_rs1805085",4.00004342727686
"95","gnb3_rs5443",2.32794556934115
"96","gs_s287nga",1.27006914157731
"97","hsd11b1_rs4844880",2.76959450589859
"98","hsd11b1_rs846910",2.18713007063401
"99","hsd11b1_rs846907",0.644208931391927
"100","hsd11b1_rs860185",4.00004342727686
"101","hsd11b1_rs846911",2.31880218990128
"102","hsd11b1_rs3753519",3.04580091783754
"103","hsd11b1_rs846909",2.76959450589859
"104","igf1_pro",3.00004342727686
"105","igf1_2288377",0.407866669880996
"106","igf1_t1245c",4.00004342727686
"107","igf2_rs680",0.681771347065236
"108","igf2_2230949",0
"109","igf2_3213221",0.572719640919615
"110","igf2_3213220",0.733341460392775
"111","igf2_3213216",0.20800211656478
"112","igfbp3_6670",0.902786117583443
"113","igfbp3_2132570",1.33352544672198
"114","il6_g572c",4.00004342727686
"115","il6_c174g",0.930005560669108
"116","il15ra_3136618",0.114456071087207
"117","il15ra_2228059",0.0953819693613382
"118","il15_1057972",0.157996138767225
"119","il15_1589241",0.462350232909472
"120","il15_rs2296135",0.382728493978569
"121","insig2_rs7566605",0.538544900493844
"122","irs1_g972r",0.353737746992104
"123","kchj11_rs5219",0.212087303992931
"124","lep_2167270",0.319164252850052
"125","lepr_1137100",1.63643144738472
"126","lepr_1137101",0.545808531528597
"127","lepr_8179183",0.115361323070838
"128","lepr_1805096",1.8996728821593
"129","lrp5_snp2",1.92816141997074
"130","lrp5_snp3",0
"131","lrp5_snp4",0.164987325556746
"132","mgst3_4147542",2.46856451023461
"133","mgst3_7549530",1.00616651233565
"134","mlck_c49t",0.261183625204662
"135","mlck_c37885a",0.313049861012184
"136","mlck_g91689t",3.09695344028492
"137","mulk_3757470",0.980511742745607
"138","mylk_c37885a",0.254032319524937
"139","mylk_g91689t",2.88610007497003
"140","myod1_rs2249104",0.199326348994478
"141","nnmt_g5082t",0.390022402612717
"142","nos3_rs1799983",0
"143","nr3c1_rs10482616",0.0949494589489914
"144","nr3c1_rs10482614",0.849286987416554
"145","nr3c1_rs4634384",0.161320237245491
"146","nr3c1_rs4582314",0
"147","nr3c1_rs6195",4.00004342727686
"148","opg_2073618",0.856092310852899
"149","opg_3102735",1.49489344895696
"150","p2rx2_6560891",0.550719334178136
"151","p2rx2_7966242",0.0986396004516109
"152","p2ry2_2511241",0.0608737476516852
"153","p2ry2_rs1783596",0.0209961003288979
"154","pai1_4g5g",4.00004342727686
"155","pcr13_snp1",0
"156","pcr15_snp1",0
"157","pcr15_snp2",0.924131665794085
"158","pcr15_snp3",1.15062401347996
"159","pcr15_snp4",0
"160","pcr5_snp1",0.794297886334201
"161","pcr5_snp2",0.911198864549858
"162","pcr8_snp1",1.75207016091506
"163","pgc1_g76039a",0.326009426845608
"164","pgm1_2284998",4.00004342727686
"165","pik3cg_4727666",0.576306177294533
"166","pik3_rs3173908",0.0285820222522759
"167","ppara_1800206",2.01327169301062
"168","ppara_135539",0.220735599693277
"169","ppara_4252778",0
"170","ppar_gp12a",0.523501618249434
"171","pparg_c1a_rs8192678",0.874236969137336
"172","prdx6_4382766",1.47759919377054
"173","pygm_620006",4.00004342727686
"174","rankl_17458177",0.236465702810217
"175","rankl_17536280",0.422551627439637
"176","rankl_17639305",0.37329257359347
"177","rankl_4531631",0.452514850817081
"178","resistin_c30t",0
"179","resistin_c398t",0.0846963649526708
"180","resistin_g540a",0.946964983793443
"181","resistin_c980g",0.452761119313559
"182","resistin_c180g",0.388426316722527
"183","resistin_a537c",0
"184","rnf28_c16242t",0.200289460864977
"185","rs302964",1.39258840406219
"186","rs11630261",3.00004342727686
"187","runx_12526462",0.473574914807385
"188","slc35f1_rs12110370",0.148479345013374
"189","slc35f1_rs10484290",0.218288052624394
"190","syngr2_c886t",1.25968073778262
"191","tcfl72_12255372",0.752806877770099
"192","tcfl72_7903146",2.82395216822118
"193","tcfl72_rs12255372",1.18579583154494
"194","tcfl72_rs7903146",3.04580091783754
"195","tnfa_g308a",0.466652719259311
"196","tnni1_2799672",1.42140421730879
"197","tnni1_3738287",1.13375608819267
"198","tpd52l1_3778458",0.0827480263311733
"199","tpd52l1_514096",0.681980092314101
"200","tpd52l1_4896782",1.01416806996847
"201","tdp52l1_9321028",0.587750917953816
"202","tpd52l1_3799736",0.676172820736354
"203","ucp2_ct",4.00004342727686
"204","vdr_taq1",0.2896721630161
"205","vdr_fok1",0.353835815070177
"206","vdr_bsm1",0.466525565259895
"207","vdr_rs731236",0.69966536240616
"208","vim_6602186",4.00004342727686
"209","visfatin_2041681",0.103958341853578
"210","visfatin_6947766",0.693618399726175
"211","visfatin_3801272",0.57336953925549
"212","visfatin_10487820",0.381890693898343
"213","visfatin_929604",0
"214","visfatin_10953502",0.544893906097035
